cycle,t_fixed_vs_random,t_null
0,,
1,4.36444509,-0.480162286
2,14.4543811,0.0415843301
3,17.3802809,0.787345327
4,-6.0979448,0.78070798
5,-6.0979448,0.78070798
6,-20.386438,0.156822276
7,10.5729932,-0.928998284
8,,
9,-48.712316,0.607763911
10,-22.0287338,1.57237865
11,11.9727768,-0.512399414
12,1.17293658,0.273110596
13,1.17293658,0.273110596
14,-21.3079301,1.7825628
15,-37.8863948,-0.30363447
16,,
17,-44.7207992,-1.04477511
18,-32.8969519,0.641189939
19,-12.2935999,-1.31088506
20,47.8640429,-0.204901489
21,47.8640429,-0.204901489
22,12.6346232,-0.357285802
23,-10.2401362,-0.912361045
24,,
25,1.22148321,1.07751174
26,-10.6604586,0.441951554
27,15.4484748,0.206356349
28,-9.26083862,0.780612683
29,-9.26083862,0.780612683
30,-0.455390445,0.0415447371
31,-11.3583441,-0.884683098
32,,
33,-8.40137422,-2.43851386
34,12.6082193,-2.76810143
35,12.5930408,-2.20237251
36,15.4016836,-0.500034339
37,15.4016836,-0.500034339
38,11.8691039,-0.669424919
39,0.902693404,-0.32534027
40,,
41,9.32901049,-1.87184478
42,0.220768606,-1.58570797
43,-27.7526697,0.505425323
44,-0.418271986,1.30247633
45,-0.418271986,1.30247633
46,14.0258084,-1.16184963
47,13.8046894,-0.607322479
48,,
49,-7.71092837,0.0991876701
50,23.3778946,-0.859668698
51,4.67674894,-1.12832227
52,23.4060692,-0.414530009
53,23.4060692,-0.414530009
54,13.6176862,1.78373094
55,12.6573927,0.292002921
56,,
57,-15.4703752,0.0569908685
58,11.06602,0.445644845
59,5.56857276,1.2606489
60,-12.3859991,1.43630663
61,-12.3859991,1.43630663
62,-11.38268,0.0816644129
63,1.38608074,-0.0801572544
64,,
65,-12.8866817,0.636313458
66,-9.63959643,1.26535756
67,-10.6233342,-0.398135041
68,24.6471934,2.06842007
69,24.6471934,2.06842007
70,1.54823619,0.103539699
71,25.164654,-1.2365832
72,,
73,2.50060793,-1.25208543
74,-10.3401529,-0.670547211
75,4.84883519,-0.919290657
76,0.670517163,0.220852397
77,0.670517163,0.220852397
78,0.593726303,-0.143649249
79,-48.1369426,-1.82000672
80,,
81,7.97532546,-0.18812061
82,23.314798,-1.07284086
83,4.66472499,-1.33457073
84,-32.5187517,-0.0812458744
85,-32.5187517,-0.0812458744
86,2.27671678,0.102956013
87,10.7099471,1.11591703
88,,
89,9.65206788,0.78696813
90,1.55420227,0.426581201
91,-10.3277958,0.130675769
92,11.3268328,0.429884629
93,11.3268328,0.429884629
94,0.473779141,-0.997792793
95,12.8043667,-1.73406238
96,,
97,31.2135586,1.15977946
98,21.7814113,0.211332549
99,29.1026905,0.148118891
100,11.2693359,0.0792112585
101,11.2693359,0.0792112585
102,0.174900198,-0.54813173
103,-31.9211061,1.03694242
104,,
105,-32.5603236,-0.763616061
106,-22.1867789,-1.39500305
107,-10.5663342,-0.865616307
108,0.955314303,-0.310359034
109,0.955314303,-0.310359034
110,11.9122898,0.903376359
111,34.0667646,1.01390993
112,,
113,-15.5459606,0.334659704
114,2.51330069,0.817214605
115,16.5862188,0.62845813
116,20.798337,0.306332285
117,20.798337,0.306332285
118,-21.4988312,2.4483226
119,33.1124838,0.483317323
120,,
121,15.8912443,1.14810273
122,-10.933463,0.963731722
123,22.0621622,1.12485715
124,11.3178401,0.934036477
125,11.3178401,0.934036477
126,-44.7072602,-0.0820170568
127,12.1191822,1.17237862
128,,
129,-14.8195566,0.114429493
130,-0.0897314437,0.121120339
131,4.54979085,1.36820722
132,23.4352675,-0.20740968
133,23.4352675,-0.20740968
134,11.0893854,2.14054802
135,13.406332,0.871841296
136,,
137,-12.6466669,0.815531592
138,-8.04830886,1.44859764
139,-1.83756711,0.799221338
140,1.42566223,-0.181742978
141,1.42566223,-0.181742978
142,-30.9643491,0.607166378
143,1.36127172,-0.427165642
144,,
145,16.8277557,1.49528245
146,-9.87202976,1.2991971
147,-18.7579833,0.181778338
148,-10.4179304,0.930266986
149,-10.4179304,0.930266986
150,-20.238755,-0.0399061359
151,-22.8262032,-0.686612149
152,,
153,0.731766669,-1.53318478
154,-34.1292197,-0.883367198
155,-28.8516735,-0.124804961
156,-20.4967219,0.123544525
157,-20.4967219,0.123544525
158,-10.2929796,0.34326454
159,23.4928585,0.886135802
160,,
161,2.01343442,0.213137434
162,13.4623413,-0.605940301
163,22.5095254,0.0417929486
164,1.47501993,1.03794051
165,1.47501993,1.03794051
166,12.2797972,0.22915034
167,-11.0477888,0.247106643
168,,
169,1.99168693,-1.57932887
170,1.24098563,-1.8007927
171,-12.7979885,-0.862780747
172,-13.0359244,0.0202011395
173,-13.0359244,0.0202011395
174,35.4561302,-0.280477006
175,23.8837848,-0.548837418
176,,
177,33.4262733,-1.19234244
178,-0.468108343,-1.48173602
179,-4.16651009,-1.37417469
180,12.5670453,2.14201487
181,12.5670453,2.14201487
182,-10.4521294,1.00813795
183,36.1825523,0.099543842
184,,
185,16.8374137,1.62905465
186,36.4227221,-0.264110679
187,-29.6359915,0.700386523
188,-47.6635237,-0.826429739
189,-47.6635237,-0.826429739
190,1.04874827,0.419986052
191,-13.2235746,-0.0398754712
192,,
193,7.86864919,-0.878436928
194,11.4231138,-0.88931186
195,30.9561365,-0.952348819
196,-0.842210562,0.27965901
197,-0.842210562,0.27965901
198,1.32479855,-0.359723236
199,-12.5448329,0.629471686
200,,
201,-8.22095573,0.402755142
202,-23.3974683,1.35881652
203,-13.3554524,1.79998241
204,45.6646199,-0.223195841
205,45.6646199,-0.223195841
206,3.18059714,-1.4046514
207,12.886071,-0.0808912675
208,,
209,0.992816894,-1.11759879
210,24.5917572,-1.06374812
211,3.62675774,-0.824545874
212,-21.0308893,0.124416971
213,-21.0308893,0.124416971
214,-0.611577271,-0.817030009
215,11.1047804,-0.686512346
216,,
217,16.7067525,0.417934058
218,12.7102431,-0.0825078043
219,-4.51412118,0.310274318
220,36.6514471,0.810552438
221,36.6514471,0.810552438
222,45.3009893,-0.43381525
223,14.2507261,0.0842077085
224,,
225,-14.6088637,0.111530323
226,0.287625785,-0.326061088
227,5.05476635,0.772091445
228,-10.2460557,-0.201218872
229,-10.2460557,-0.201218872
230,-35.3893582,1.15773545
231,-10.6776354,0.874083459
232,,
233,10.0943071,-0.130007474
234,12.3637668,0.20635887
235,22.6725097,-0.10927038
236,1.8332112,1.60607266
237,1.8332112,1.60607266
238,0.568523542,-1.06311933
239,10.8125984,0.250329161
240,,
241,18.6312704,0.0278902578
242,25.0544744,0.861587727
243,30.4733349,0.291201491
244,25.6025745,-1.73104027
245,25.6025745,-1.73104027
246,23.6151821,-0.879523115
247,-42.8277416,1.78430817
248,,
249,-15.0634181,0.202277383
250,-10.3007102,0.0983577978
251,-27.01036,0.654552671
252,12.1677269,0.221403339
253,12.1677269,0.221403339
254,12.9911676,1.60182206
255,12.9508402,0.399593785
256,,
257,2.83781594,0.682908566
258,-22.653684,0.0417359591
259,-10.8192592,0.308378814
260,-11.8354157,-0.71778729
261,-11.8354157,-0.71778729
262,34.5209436,-0.511270423
263,-0.222646301,0.593323192
264,,
265,-13.6110166,1.29051421
266,-32.2913806,0.918480486
267,-26.9847392,-0.885481749
268,12.4683577,0.62528316
269,12.4683577,0.62528316
270,50.079636,-1.35370216
271,-20.6226884,-0.77708259
272,,
273,-14.0418644,-0.718115889
274,-22.3492481,-0.953599147
275,-3.67363154,0.24921542
276,-0.42264649,-0.472840942
277,-0.42264649,-0.472840942
278,-8.76986145,0.197176909
279,35.0686294,-1.05914417
280,,
281,18.2096811,-0.633923901
282,23.899925,0.738499092
283,-10.9902696,-0.632339403
284,-33.5899546,0.429474365
285,-33.5899546,0.429474365
286,11.5220503,-0.180980678
287,1.42663386,-0.378795277
288,,
289,0.216598166,-0.683741552
290,24.1365935,0.510532463
291,13.0703449,-1.88053455
292,-10.2956673,0.459500944
293,-10.2956673,0.459500944
294,-21.7686388,-0.606191373
295,0.647223984,0.0793800338
296,,
297,-16.1404859,-0.588633919
298,-10.8407946,-1.00466807
299,-9.6372733,-0.0731770425
300,-0.544225352,2.00664766
301,-0.544225352,2.00664766
302,11.8231176,1.24833758
303,-10.9772721,-0.512152688
304,,
305,-0.320927283,1.15973232
306,-11.044982,1.99923815
307,4.26726637,1.37886007
308,21.3754763,0.100703751
309,21.3754763,0.100703751
310,22.7272679,-0.721642084
311,35.8903831,-1.16212799
312,,
313,33.3799963,-1.03454159
314,3.45085089,-1.1611075
315,6.82570898,0.0744490928
316,-12.0386247,-0.122046115
317,-12.0386247,-0.122046115
318,11.2443258,-0.224555438
319,11.4999895,0.535268954
320,,
321,-7.89124048,-0.014213579
322,-1.48187241,0.0403398002
323,-36.2576623,1.58705132
324,2.24048384,-0.900486067
325,2.24048384,-0.900486067
326,13.0305581,-1.24037369
327,23.7963046,-0.60612191
328,,
329,-7.29249199,0.474129993
330,-24.2163893,-0.563046901
331,-11.1139684,-0.0702977334
332,1.21563884,0.248859114
333,1.21563884,0.248859114
334,0.266598319,1.55051736
335,14.9508979,-0.733668492
336,,
337,-0.715340837,1.48582457
338,10.2880849,1.27953211
339,3.3763592,0.26151085
340,12.8131374,0.119918279
341,12.8131374,0.119918279
342,-2.32696007,-0.516328561
343,-12.4790298,-0.495656078
344,,
345,34.1230452,0.211961949
346,59.625196,0.801331847
347,32.4556121,0.244476247
348,24.2653214,-0.348608675
349,24.2653214,-0.348608675
350,-11.3274076,-1.8239582
351,25.116707,0.801065745
352,,
353,-48.9144695,0.384754918
354,-32.9146735,0.927604547
355,13.3868012,1.12265579
356,-20.5173199,-0.628636624
357,-20.5173199,-0.628636624
358,0.0622400516,0.682881369
359,10.3749481,-0.0197514868
360,,
361,18.1746462,0.540898522
362,1.29700785,1.60650522
363,12.2424906,-1.02677181
364,11.6683242,1.25373669
365,11.6683242,1.25373669
366,-11.4990018,-1.33895473
367,-33.5696326,1.51131629
368,,
369,-32.1220771,1.25975839
370,-34.1568365,0.248200029
371,-27.1544724,-0.0303192056
372,-11.3165554,0.282782808
373,-11.3165554,0.282782808
374,-0.715017527,-0.177693899
375,11.8700388,0.61648713
376,,
377,-15.5517505,0.346512056
378,0.121007186,0.544955469
379,-3.55837628,-0.35589601
380,0.852280848,-0.878712173
381,0.852280848,-0.878712173
382,-22.1671207,-0.739479932
383,0.643657079,-0.529922632
384,,
385,34.746778,0.0425955987
386,34.6777591,-0.100773648
387,5.13224032,1.18617092
388,11.7479153,-1.12603866
389,11.7479153,-1.12603866
390,-21.747666,0
391,-23.2692205,0.366327191
392,,
393,-12.1766346,-0.182779178
394,-7.82833805,-0.707648909
395,-10.1263425,-0.518923426
396,-11.4415107,-1.20111386
397,-11.4415107,-1.20111386
398,-23.7510334,-0.597495462
399,-33.2374715,0.353716965
400,,
401,-8.06455742,-1.98469428
402,-9.65492083,0.0602395321
403,5.7814837,0.324234012
404,0.714647442,1.2723574
405,0.714647442,1.2723574
406,25.2954158,-0.146132567
407,13.4064313,-0.320364733
408,,
409,0.39287661,-1.11120306
410,-11.8803217,-0.67995842
411,-27.251255,-0.413372884
412,-10.9189905,0.196468899
413,-10.9189905,0.196468899
414,-25.0954796,-1.22386172
415,23.0810677,0.804213152
416,,
417,1.99232511,-0.16560277
418,25.015342,0.965209355
419,14.3341968,0.313143401
420,1.91367678,-1.60488381
421,1.91367678,-1.60488381
422,-21.503743,-1.12540021
423,11.9557435,1.31133195
424,,
425,-14.3823214,1.79482145
426,-10.9297974,1.1301083
427,-22.4667258,-0.60512309
428,-35.3079337,-0.358159951
429,-35.3079337,-0.358159951
430,12.509075,-2.3809709
431,1.61741739,-1.66585504
432,,
433,-23.1983881,0.517340402
434,-22.0251307,0.289179084
435,-2.94045547,-0.225788133
436,0,-0.854887206
437,0,-0.854887206
438,9.39956066,0.217442888
439,-46.7827517,0.524892863
440,,
441,-22.7887604,0.33244097
442,-43.9774307,0.775051344
443,-3.4652653,-1.53309088
444,-32.7643573,-0.800967507
445,-32.7643573,-0.800967507
446,-11.6818924,1.88576733
447,-1.49393126,-1.73368074
448,,
449,-31.5954764,0.55745046
450,-21.4182122,0.229965671
451,6.20858974,1.44860376
452,-21.5890861,-0.833040714
453,-21.5890861,-0.833040714
454,1.32535386,-0.807177752
455,-9.61038487,0.250050053
456,,
457,-14.3714605,1.11754451
458,1.9971184,0.589283372
459,32.8683875,0.927375212
460,35.2381677,1.2324029
461,35.2381677,1.2324029
462,-13.0174294,0.754587622
463,1.50695054,0.715247473
464,,
465,-6.25315679,0.0422512945
466,11.4198932,-0.624125987
467,12.9212776,1.12771737
468,23.7309117,-1.02518529
469,23.7309117,-1.02518529
470,11.5442688,0.974073308
471,55.2331087,-2.28306564
472,,
473,-2.02400301,0.401495119
474,9.45280504,0.763057955
475,12.2135903,0.365210618
476,11.7568653,1.16280901
477,11.7568653,1.16280901
478,21.6804363,0.937166197
479,12.993935,-0.105598036
480,,
481,-8.0856663,0.882595881
482,10.9914945,-0.731210926
483,-11.6386194,-0.755490885
484,23.5101363,-0.0819656846
485,23.5101363,-0.0819656846
486,-10.6822846,-2.2508701
487,-22.6561776,-0.38719855
488,,
489,-6.64862581,1.13292849
490,1.90677584,0.343993327
491,-10.7938126,0.421114659
492,34.3312938,0.815529388
493,34.3312938,0.815529388
494,-10.4482173,-0.88444716
495,33.057171,-0.680023861
496,,
497,-5.75217038,0.101755705
498,-9.61297985,1.42741789
499,-9.84481175,1.79591979
500,-19.7163819,-1.53648217
501,-19.7163819,-1.53648217
502,0.0598474708,-0.618922864
503,-22.5760377,-0.73409542
504,,
505,25.6841193,1.97389748
506,12.525912,2.58653066
507,29.8012239,0.844647216
508,-22.8478064,1.63732302
509,-22.8478064,1.63732302
510,23.3817639,0.575161038
511,0.329352209,-0.319753268
512,,
513,-22.2737255,0.30367176
514,-10.1830083,0.981674951
515,6.8881459,-0.288131629
516,-35.007203,1.05678221
517,-35.007203,1.05678221
518,-33.2838019,1.40710495
519,23.5604126,-1.1558854
520,,
521,-6.36542078,1.41126325
522,-9.57374141,1.2862988
523,13.0577025,-0.655647215
524,12.788373,1.62528855
525,12.788373,1.62528855
526,22.1125841,1.81330058
527,-11.8287405,0.181175414
528,,
529,-15.7891754,1.09771615
530,-10.6181959,0.673127017
531,-4.43593267,1.58015804
532,13.2374429,-0.559405437
533,13.2374429,-0.559405437
534,-12.8806712,-0.124774623
535,-0.11581112,-0.123123444
536,,
537,32.6058586,-1.16666402
538,12.7688101,-0.396913881
539,14.771643,-0.605102608
540,0.201746095,0.482263123
541,0.201746095,0.482263123
542,11.0477888,1.70230146
543,22.871573,-0.421445959
544,,
545,8.97074299,-1.15028911
546,0.308196746,-1.87667264
547,39.5165139,-0.67049055
548,0.817549635,0.105639377
549,0.817549635,0.105639377
550,-22.1476748,0.632634571
551,-12.4758164,-0.107127961
552,,
553,8.41325715,-0.0141507386
554,-0.0291365402,0.355710221
555,-4.35100519,1.579303
556,24.0064992,-0.413367433
557,24.0064992,-0.413367433
558,-0.438273254,-0.914116691
559,-22.0736038,0.805364079
560,,
561,0.662471476,-1.4559049
562,23.0891851,-2.27819822
563,-3.82817564,-1.02115686
564,11.6092365,-0.407395722
565,11.6092365,-0.407395722
566,-1.76052331,-1.77586936
567,24.0792687,1.93462319
568,,
569,-14.344533,1.38102924
570,0.901286352,2.15345898
571,31.4614881,0.225940658
572,35.3408055,-0.879355645
573,35.3408055,-0.879355645
574,-12.8265105,0.359573091
575,-11.4085899,-1.62997465
576,,
577,17.2576688,1.29430103
578,34.0026303,1.65527072
579,5.25386282,1.86635947
580,-44.1827053,1.3068843
581,-44.1827053,1.3068843
582,12.9087997,0.765876117
583,1.69737848,1.21472861
584,,
585,-30.6486396,0
586,-21.6579802,0.870638789
587,-35.840145,-0.0275118344
588,-9.73405956,0.0601575204
589,-9.73405956,0.0601575204
590,-22.633691,1.91555012
591,22.0222569,-0.886464183
592,,
593,-16.0042151,-1.32554744
594,-11.246719,-0.329228944
595,-11.1365911,-0.440152431
596,12.4658447,-0.219666075
597,12.4658447,-0.219666075
598,-22.2643669,0.395137734
599,-12.0195935,0.355894594
600,,
601,-22.2864471,0.303682883
602,-22.9795105,-0.71141849
603,5.90243412,-1.36156671
604,-10.0654597,0.185775037
605,-10.0654597,0.185775037
606,48.3186304,-0.746016209
607,33.5221517,0.519816598
608,,
609,-14.6510613,0.202053394
610,0.995691901,-0.944508908
611,13.3305565,-0.116536181
612,-10.8462861,-0.254897412
613,-10.8462861,-0.254897412
614,-33.3486559,2.0707365
615,0.495473012,-0.887757155
616,,
617,0.621380289,2.10550539
618,11.4700941,1.13650723
619,-3.61155271,-0.431373614
620,11.9402212,-0.241201138
621,11.9402212,-0.241201138
622,22.1817298,1.3245157
623,11.2395498,0.561921137
624,,
625,1.17098438,-0.507154344
626,1.29700785,0
627,30.1216053,0.38661479
628,13.3501066,-1.03871068
629,13.3501066,-1.03871068
630,0.61425056,0.584982625
631,-10.0337147,-0.795561864
632,,
633,-15.0911145,0.12003105
634,-10.8267021,-0.414831435
635,-43.0757081,-1.75147891
636,0.0568170877,-1.6305159
637,0.0568170877,-1.6305159
638,25.4576805,1.12591906
639,1.69121785,-1.13149028
640,,
641,-13.3970022,-0.563407207
642,-10.4968269,0.0214431155
643,-2.72436795,-0.277063788
644,1.66780235,0.423891963
645,1.66780235,0.423891963
646,23.3571084,0.853764336
647,-22.7071602,0.352407859
648,,
649,18.5355785,0.607256568
650,0.851543834,1.0069832
651,3.68176472,0.523036157
652,21.3106651,0.303321268
653,21.3106651,0.303321268
654,-34.5117096,-0.280739481
655,2.10026203,0.142555091
656,,
657,2.30650753,1.01295117
658,45.8344402,0.78428935
659,29.5112913,-0.441713564
660,-22.192406,0.0597498142
661,-22.192406,0.0597498142
662,10.792803,1.03344996
663,-0.847887232,-0.922798231
664,,
665,-40.2002448,0.695595274
666,-13.9483644,0.891250344
667,3.86833336,0.535855154
668,1.20188268,0.310588019
669,1.20188268,0.310588019
670,-43.4249468,-0.0194964205
671,-35.6071771,1.00025975
672,,
673,7.4134022,-0.593550938
674,-0.330673594,-1.89210291
675,-20.5115528,-1.3872993
676,-10.2167267,0.378900977
677,-10.2167267,0.378900977
678,-11.6811909,-0.307413862
679,35.6552601,1.29939331
680,,
681,-19.2241794,-0.145103978
682,-12.8984934,-1.41775115
683,-11.8137268,-1.53885899
684,-22.7413715,-0.721299147
685,-22.7413715,-0.721299147
686,36.1388082,-0.307569959
687,-20.1068414,0.349957487
688,,
689,-16.6937425,-1.53020606
690,0.318114879,-0.274891284
691,-2.75528022,0.291064275
692,10.8739213,1.58501403
693,10.8739213,1.58501403
694,-22.9818464,-0.808220429
695,-8.53289042,0.840370772
696,,
697,-5.58125765,2.23125619
698,-19.573431,0.915127974
699,14.1187212,0.874642303
700,-7.53174785,-0.232265515
701,-7.53174785,-0.232265515
702,-35.2946547,-0.72117813
703,-24.0177689,-0.439546806
704,,
705,-14.3268394,-0.749919722
706,-11.0633012,-0.987760768
707,-12.9107587,-0.300086428
708,0.29102473,0.696483336
709,0.29102473,0.696483336
710,-22.4077743,0.529932011
711,13.2798626,0.375256969
712,,
713,-31.197944,-1.53473818
714,-21.6438555,-2.48870392
715,-27.7277687,-1.56968242
716,33.320708,0.634937113
717,33.320708,0.634937113
718,11.9764492,-0.182693971
719,-45.4107151,0.429137777
720,,
721,-22.3473205,1.78045729
722,-22.2032923,0.975241439
723,-21.1858506,0.348635372
724,35.0236614,-1.95633005
725,35.0236614,-1.95633005
726,56.9797212,-0.44939329
727,-34.2753785,-0.365771367
728,,
729,8.88933337,1.12274421
730,3.4703603,0.701302128
731,-8.80042787,0.36936204
732,12.7038934,0.812139709
733,12.7038934,0.812139709
734,-9.61528128,0.0792287809
735,-11.4221163,-1.25869306
736,,
737,1.71738537,-1.2182331
738,-11.2442526,-0.565486655
739,5.76309063,-0.388162943
740,1.88078761,-0.370501316
741,1.88078761,-0.370501316
742,23.4950144,0.365041086
743,1.54887041,0.120581645
744,,
745,25.7838217,-0.391513388
746,1.03625179,-0.432807288
747,13.2421489,0.62420392
748,-22.5761407,-0.437054603
749,-22.5761407,-0.437054603
750,11.3514006,1.34387826
751,11.4850649,-0.432291804
752,,
753,-7.90740938,-0.47703268
754,-35.6697665,0
755,4.52730975,0.70142597
756,-9.04115435,1.3201738
757,-9.04115435,1.3201738
758,-25.3020471,0.146067487
759,-44.4478149,-0.169581992
760,,
761,1.37354549,-1.22438458
762,11.7879134,-1.74034907
763,5.47459911,0.0932484486
764,-10.5772189,0.0208475912
765,-10.5772189,0.0208475912
766,-22.0780664,-0.810624402
767,2.20221239,1.33505216
768,,
769,-15.9047409,1.24458093
770,11.9075722,0.864766097
771,23.4931102,-1.50161569
772,37.4080643,-0.788170379
773,37.4080643,-0.788170379
774,-0.028374044,-1.06200132
775,-10.6539038,0.0203288697
776,,
777,-7.13289254,-0.311718952
778,0.414162926,0.234513441
779,-18.3490014,0.428127349
780,12.4739708,-1.4442227
781,12.4739708,-1.4442227
782,1.89733748,-0.455471156
783,2.65557858,0.449792348
784,,
785,17.4672376,0.381712318
786,0.639156546,0.0638934666
787,30.8992454,-0.839501433
788,-21.6495549,0.54816965
789,-21.6495549,0.54816965
790,12.1921377,0.198705214
791,23.7909141,0.365137074
792,,
793,8.93948172,-0.671595022
794,0.979000021,-0.788918325
795,22.3443628,0
796,-10.4241261,-0.76112269
797,-10.4241261,-0.76112269
798,14.1168605,0.187736736
799,12.2752224,0.929425335
800,,
801,36.9706783,-0.453271064
802,26.1962229,-0.26543416
803,-4.73610086,0.523705575
804,0.712103685,0.991683196
805,0.712103685,0.991683196
806,-8.71867324,-1.3219735
807,12.2596813,0.851124687
808,,
809,24.8359802,-1.34003663
810,23.8161297,-0.523578866
811,46.4158753,0.586807583
812,-22.609637,-0.141285202
813,-22.609637,-0.141285202
814,13.3766053,-0.305799582
815,0.116796798,-0.528278843
816,,
817,17.9164591,-0.659135989
818,1.31172662,-1.11266157
819,20.4041529,-0.477180674
820,-0.210328162,0.939222593
821,-0.210328162,0.939222593
822,-21.3668434,-1.85121752
823,-13.4119651,-0.226960485
824,,
825,30.2310367,-0.330857235
826,21.6082554,-1.20264943
827,-11.930224,-0.593905011
828,-11.2539415,-0.989904432
829,-11.2539415,-0.989904432
830,10.0803137,0.445006891
831,13.2138781,0.262741682
832,,
833,-5.34863431,-0.995985635
834,1.61349639,0.14335451
835,31.0885445,0.306142263
836,22.1105641,1.24815079
837,22.1105641,1.24815079
838,-56.3964161,-1.85180833
839,35.1826431,-0.138626583
840,,
841,-15.3179612,-0.601411215
842,-11.2597782,0.458715216
843,-18.1969093,0.595515355
844,0.781122754,-0.35642352
845,0.781122754,-0.35642352
846,-10.8820397,0.361180883
847,10.6776354,1.09585438
848,,
849,-6.85691581,1.30968599
850,-0.116996971,0.0396080429
851,-11.1756191,-0.0303432809
852,13.1993683,0
853,13.1993683,0
854,-34.2002938,0.927637605
855,-11.7449932,-1.1947819
856,,
857,-6.62244736,0.311555705
858,-10.6570161,-0.291318609
859,-11.371738,-0.862654253
860,1.45256964,-0.977807837
861,1.45256964,-0.977807837
862,-10.5510363,0.878711173
863,36.6980331,-0.485291898
864,,
865,7.90198169,-1.53252399
866,45.3486968,-1.18280562
867,-5.03652195,1.17535883
868,-42.7899258,0.101014376
869,-42.7899258,0.101014376
870,3.57542436,-0.140597843
871,59.4943842,-0.0591403098
872,,
873,1.71095959,-0.549897507
874,11.1637981,-1.97455751
875,40.9167008,-1.0540134
876,0.0286058624,-2.07546112
877,0.0286058624,-2.07546112
878,-24.2838962,-1.31292743
879,-20.7735729,1.14682015
880,,
881,32.4889216,0
882,11.3373682,0.669062447
883,31.0578464,-0.0754471654
884,-10.890447,-0.923338384
885,-10.890447,-0.923338384
886,11.5684358,-0.357385159
887,2.09779296,1.156844
888,,
889,16.6050653,-0.246000518
890,13.6528424,-0.183547443
891,-1.4303622,0.0148010974
892,0.84000572,-0.0804884473
893,0.84000572,-0.0804884473
894,24.9318529,0.799747996
895,22.2372135,0.185664834
896,,
897,-13.5953735,-1.12037664
898,-20.6216216,-1.49894558
899,-11.1999231,0.765993773
900,-22.5733367,-0.259524964
901,-22.5733367,-0.259524964
902,11.005221,1.05889497
903,-10.9202531,1.41981564
904,,
905,26.9958579,-0.719751683
906,13.7516027,-0.478112842
907,-8.4259386,-0.0591059947
908,-47.74186,-0.713969789
909,-47.74186,-0.713969789
910,1.13188963,-0.098058871
911,13.0425982,-0.455336661
912,,
913,17.0219508,1.38959566
914,-11.2946556,0.591352986
915,-4.55426,-0.256076293
916,22.0221465,-1.63023246
917,22.0221465,-1.63023246
918,-10.3064626,-1.34779895
919,11.7695868,-1.98370738
920,,
921,-7.46936357,0.573360034
922,-11.4932663,-0.425894656
923,-11.1032474,-0.492521501
924,-22.2733212,1.15105298
925,-22.2733212,1.15105298
926,-20.5499555,0.166213284
927,22.5644145,2.08087912
928,,
929,17.0184991,-0.289801454
930,1.37463706,0.630832986
931,-28.1248132,-0.578894128
932,1.09541546,-0.840384878
933,1.09541546,-0.840384878
934,0.114098069,0.240663675
935,2.24663237,-1.97222577
936,,
937,0.928316249,0.997566073
938,-10.3335966,0.304703379
939,-27.7813918,-0.206210992
940,-35.0483355,0.392768456
941,-35.0483355,0.392768456
942,2.29534904,-0.826240123
943,34.7495279,-0.575409554
944,,
945,9.32679951,0.056320768
946,25.3076005,-1.11721868
947,13.6500176,0.239156411
948,25.2968674,-0.569834608
949,25.2968674,-0.569834608
950,22.2636606,-0.646283349
951,-23.4094638,-0.549857112
952,,
953,16.901973,0.851545264
954,11.2764301,0.997658376
955,6.59184918,0.188652469
956,13.6383969,-0.297264492
957,13.6383969,-0.297264492
958,10.7900664,-1.15576345
959,24.2995153,0.242429667
960,,
961,34.7333796,0.0421517518
962,12.2306874,-1.13531423
963,14.5667791,2.16856756
964,-36.4763785,2.27600997
965,-36.4763785,2.27600997
966,-11.9382005,-1.00873099
967,10.378662,-1.76569389
968,,
969,-7.19362974,-1.32040655
970,-22.6340008,-0.33585541
971,27.5582706,-0.749312694
972,-0.029567466,-2.00528497
973,-0.029567466,-2.00528497
974,-56.0091873,0.180022831
975,2.84425656,-1.58377071
976,,
977,9.41221649,-1.22231233
978,12.7976667,-1.64855364
979,-12.1170559,0.812146015
980,24.2852547,-0.281585007
981,24.2852547,-0.281585007
982,23.9315938,2.07925931
983,0.144341336,0.47084192
984,,
985,34.2918714,0.132497692
986,23.7084335,-1.66168073
987,38.531309,0.774288753
988,-11.199506,0.118141412
989,-11.199506,0.118141412
990,10.7460836,0.773511585
991,1.45143122,-1.39272931
992,,
993,18.5721902,0.979354723
994,23.791598,1.22727997
995,12.7026884,0.773912129
996,11.7935228,0.448114675
997,11.7935228,0.448114675
998,35.3024065,-1.0783667
999,57.4700772,0.139500024
1000,,
1001,8.05208025,-0.71613101
1002,10.4958417,-1.00267469
1003,29.5326793,-1.4897267
1004,-22.0602544,-0.269314386
1005,-22.0602544,-0.269314386
1006,-8.90796164,-0.851312297
1007,-1.36259563,0.328718434
1008,,
1009,18.1561541,0.956978921
1010,23.5923122,1.31797638
1011,4.51861549,1.08720723
1012,-11.2768065,-0.569503654
1013,-11.2768065,-0.569503654
1014,12.4313911,0.504154726
1015,-10.3458591,-1.12473338
1016,,
1017,17.5468885,1.15249679
1018,23.9437089,1.0699463
1019,-12.6024136,-0.275553278
1020,11.152924,-1.39679574
1021,11.152924,-1.39679574
1022,11.2872564,-0.984910131
1023,-45.1150241,0.63097314
1024,,
1025,-14.790188,-1.5969692
1026,1.14011559,-0.960441695
1027,2.63224602,0.216152537
1028,-23.3945149,0.486760585
1029,-23.3945149,0.486760585
1030,1.67706189,0.178578198
1031,22.0199233,0.332174743
1032,,
1033,-5.91489636,1.50353936
1034,0.735242188,1.13339755
1035,12.8089542,-1.51878238
1036,-22.3986652,0.239245676
1037,-22.3986652,0.239245676
1038,1.69769104,-0.449799887
1039,24.6946088,-1.71422219
1040,,
1041,-31.5524728,-0.755164931
1042,-43.1826676,-0.66174873
1043,-45.4706156,-1.03989497
1044,-13.0109906,0.675346494
1045,-13.0109906,0.675346494
1046,-34.9742154,-0.187203027
1047,1.08170605,-2.00513247
1048,,
1049,0.142326856,-0.822123339
1050,11.9506908,-0.492748575
1051,-21.3430984,1.63709284
1052,35.8374465,1.50197155
1053,35.8374465,1.50197155
1054,-24.8630235,0.304168456
1055,12.1469042,0.525172686
1056,,
1057,-15.0548579,-1.39211366
1058,1.98879117,-1.0003049
1059,12.8342682,0.474549753
1060,-0.5102815,-1.3758141
1061,-0.5102815,-1.3758141
1062,33.7196668,-1.40665464
1063,0.255800324,-1.26797472
1064,,
1065,1.96939798,0.895343216
1066,-9.19679243,0.707607506
1067,5.13551667,0.644152214
1068,-23.8575474,1.82527672
1069,-23.8575474,1.82527672
1070,-10.1208412,0.822502649
1071,-11.7092592,-1.29347958
1072,,
1073,-34.2750181,-0.146906182
1074,-25.3010092,-0.336759241
1075,-31.0506962,0.492942198
1076,13.2604274,-0.680047555
1077,13.2604274,-0.680047555
1078,0.542821606,-0.118783853
1079,0.784086722,-1.53170173
1080,,
1081,27.3899629,-1.11935496
1082,12.9517812,-0.154907687
1083,41.061114,0.583719621
1084,21.3877819,-0.0589333439
1085,21.3877819,-0.0589333439
1086,-1.24636606,0.261847323
1087,-0.553335316,-0.1985326
1088,,
1089,16.665446,1.31882448
1090,23.6133349,0.54435729
1091,11.0420613,-0.953062156
1092,24.4019655,-1.23802374
1093,24.4019655,-1.23802374
1094,36.4232245,-1.16618075
1095,-23.4254618,0.081354544
1096,,
1097,-14.6701203,1.48061742
1098,-0.0559633158,1.45864118
1099,-32.8854367,0.688227431
1100,-11.6634213,0.481963258
1101,-11.6634213,0.481963258
1102,13.2043835,0.0199811095
1103,-9.1260587,0.28446323
1104,,
1105,17.5555161,-1.93725985
1106,23.2198064,-1.83951572
1107,-29.3737465,-0.733621596
1108,12.9275674,1.87316657
1109,12.9275674,1.87316657
1110,12.5921894,-0.18302543
1111,-22.5597365,1.44082769
1112,,
1113,34.9458134,-0.998325635
1114,35.7306593,-0.214887675
1115,21.8623046,-0.0619353307
1116,23.4761564,1.35772077
1117,23.4761564,1.35772077
1118,0.346317591,-0.506596266
1119,-34.3475622,0.39061054
1120,,
1121,39.5324423,-0.482355584
1122,68.0401131,0.413908803
1123,12.1542953,0.090823014
1124,37.5001524,-0.965562547
1125,37.5001524,-0.965562547
1126,-33.3333254,0.0204762457
1127,12.0285547,-0.835290313
1128,,
1129,17.3258901,0.992293785
1130,1.52015324,0.379952715
1131,-21.5985695,-0.295011236
1132,11.4622682,-2.00857605
1133,11.4622682,-2.00857605
1134,11.2225309,0.715134283
1135,10.4432279,1.23416943
1136,,
1137,0.648895883,0.0139080689
1138,-11.6935457,-0.934311692
1139,-3.88918147,-0.207595439
1140,1.20344334,0.401486339
1141,1.20344334,0.401486339
1142,11.7451522,-0.229212674
1143,-46.721836,-0.518898348
1144,,
1145,16.8591381,-0.805901386
1146,-10.7357255,-1.1430464
1147,10.5489513,0.619442027
1148,11.0874748,0.705940385
1149,11.0874748,0.705940385
1150,-23.5141981,0.274774035
1151,35.0613743,-1.19583918
1152,,
1153,-33.2281176,-0.150768342
1154,-0.0586994515,-0.198650377
1155,-40.387413,0.0909439987
1156,-46.2652794,0.272572375
1157,-46.2652794,0.272572375
1158,59.3759185,1.06138124
1159,23.3945149,-1.08160104
1160,,
1161,-6.28927263,-0.896810147
1162,-9.78670255,-0.751387226
1163,13.0767934,-0.606295309
1164,3.10523988,1.48020411
1165,3.10523988,1.48020411
1166,-0.528021546,1.88975517
1167,1.55528414,0.567704773
1168,,
1169,-20.1937027,-0.599273074
1170,-8.73589654,0.561005932
1171,-10.7160274,0.713290369
1172,-21.3203895,-0.900720583
1173,-21.3203895,-0.900720583
1174,-0.621776676,-0.745570166
1175,-32.2942112,-0.284933868
1176,,
1177,-9.0381959,-1.69168113
1178,-2.18680269,-1.03952802
1179,29.6830057,0.575429239
1180,10.9176273,-1.69664616
1181,10.9176273,-1.69664616
1182,-21.5187345,-0.48820066
1183,-22.953319,-0.638612884
1184,,
1185,9.23145563,0.424645037
1186,0.70851396,0.0209328149
1187,28.9253992,-0.143287557
1188,13.1230315,0.517576823
1189,13.1230315,0.517576823
1190,2.55391548,-0.590702468
1191,12.0036795,-2.17974527
1192,,
1193,0.552849339,0.0565681172
1194,-0.141191532,0.690607071
1195,-5.51797957,0.598607863
1196,-0.140297154,0.489540228
1197,-0.140297154,0.489540228
1198,-24.0677214,-0.423332079
1199,0.328467801,0.900337697
1200,,
1201,-40.1915209,0.216141964
1202,-21.9738799,-0.878600834
1203,-12.6852199,-1.19820095
1204,22.0923516,-0.20170805
1205,22.0923516,-0.20170805
1206,22.3143714,2.0546213
1207,11.4466506,2.66539626
1208,,
1209,10.4173889,0.877171236
1210,1.34298782,0.787163628
1211,-29.0110329,-0.929137443
1212,-9.40479817,0.875011058
1213,-9.40479817,0.875011058
1214,12.4933371,-0.425286586
1215,-9.68046095,-0.781680755
1216,,
1217,24.638576,-0.909361278
1218,1.19065272,-1.04989297
1219,14.0248025,-1.61942463
1220,-22.5722196,0.633966778
1221,-22.5722196,0.633966778
1222,-61.0153482,0.932757288
1223,0.282743522,0.276476891
1224,,
1225,-7.48354901,0.0143105676
1226,-0.582626751,1.31616332
1227,-12.3115713,1.33916577
1228,-24.8375726,1.39922632
1229,-24.8375726,1.39922632
1230,1.31738993,-1.09816567
1231,-0.334812979,-1.29034896
1232,,
1233,16.1441031,-0.0568009193
1234,34.0224504,-0.239325799
1235,2.76153965,1.10791791
1236,-12.0247578,-0.890540867
1237,-12.0247578,-0.890540867
1238,-23.8735255,-1.03808923
1239,24.6120348,-0.199582464
1240,,
1241,9.16105075,1.38806928
1242,-0.23163392,0.69144051
1243,-46.6971653,0.432105337
1244,-20.8900485,0.490181103
1245,-20.8900485,0.490181103
1246,11.6738642,1.34139187
1247,-11.4939854,0.402285097
1248,,
1249,8.84288805,-0.500307333
1250,-11.2989927,0.530377842
1251,-22.1532659,0.338649922
1252,11.3934507,0.59031791
1253,11.3934507,0.59031791
1254,2.96978007,-0.286158056
1255,12.1748315,-0.0602909752
1256,,
1257,-15.7298281,-1.08903424
1258,-10.5657107,-1.63956552
1259,-4.95113037,-1.2514186
1260,22.9194815,-0.874855719
1261,22.9194815,-0.874855719
1262,1.18114559,-0.146945675
1263,-10.7846457,0.356332455
1264,,
1265,16.787144,-0.548837546
1266,11.4713484,0.0580788407
1267,21.2728422,-1.89166047
1268,-21.1511355,-0.0415010912
1269,-21.1511355,-0.0415010912
1270,0.191639686,-0.660172967
1271,11.8598044,0.98352094
1272,,
1273,9.01348966,0.62100636
1274,0.256842457,-0.256379075
1275,-12.7477151,-0.495430196
1276,-21.9632621,-0.157248156
1277,-21.9632621,-0.157248156
1278,-22.4973847,0.118061594
1279,-24.6658398,-1.79643706
1280,,
1281,-0.654590419,-1.11400381
1282,22.431529,-1.19537187
1283,13.1432798,0.234131655
1284,1.56535539,-1.23708029
1285,1.56535539,-1.23708029
1286,-34.883426,-0.842359835
1287,12.7754941,-0.222243904
1288,,
1289,7.48168353,0.0545107803
1290,-11.9382005,-0.791649348
1291,19.339133,0.913777374
1292,23.9151116,1.12419441
1293,23.9151116,1.12419441
1294,10.9363567,0.636414913
1295,-11.103569,1.40030431
1296,,
1297,0.624925149,1.04043094
1298,-10.6889785,0.602101212
1299,-13.3822726,1.33596985
1300,-11.8921378,-0.158757404
1301,-11.8921378,-0.158757404
1302,2.18703726,0.650736512
1303,11.2683179,1.27747061
1304,,
1305,-22.8877642,0.951579657
1306,-34.5187311,0.914378737
1307,-5.96364962,0.267058092
1308,23.1438645,0.101437584
1309,23.1438645,0.101437584
1310,-22.2248871,-1.165533
1311,47.5260087,0.72384184
1312,,
1313,-29.9025385,0.508024666
1314,0.22802137,-0.596576296
1315,20.8217746,0.798419541
1316,24.0535667,-0.0418874629
1317,24.0535667,-0.0418874629
1318,33.9475472,-0.44364915
1319,-22.5025581,-1.30181059
1320,,
1321,-24.4239471,-0.292962458
1322,-21.4968711,-0.803125185
1323,21.1718116,1.1634423
1324,13.2202638,-1.37761627
1325,13.2202638,-1.37761627
1326,-11.2971583,1.17724278
1327,23.8248942,0.406061464
1328,,
1329,-23.7699649,-0.127137982
1330,-22.1572034,-0.140703442
1331,-4.51241406,-0.873214818
1332,-24.2588466,1.0248472
1333,-24.2588466,1.0248472
1334,11.7154137,0.527991181
1335,1.55773346,0.99954317
1336,,
1337,17.1544347,-0.961341092
1338,23.8787463,-1.49689725
1339,-24.6287128,-0.733041088
1340,-11.0325782,-0.77603947
1341,-11.0325782,-0.77603947
1342,-9.39857424,1.56131922
1343,-11.4948781,1.86898618
1344,,
1345,-0.242945876,-0.939301243
1346,-1.20873274,-1.2289948
1347,3.34785994,-1.70457607
1348,-10.768447,-0.24785374
1349,-10.768447,-0.24785374
1350,12.4285714,1.27139289
1351,-1.37147323,-0.916610438
1352,,
1353,1.26429614,1.01548903
1354,1.10499469,-0.481454485
1355,4.66407362,0.280092639
1356,-9.20964542,-0.755402813
1357,-9.20964542,-0.755402813
1358,26.1386773,1.24694317
1359,-34.4486604,-2.44692214
1360,,
1361,8.45686662,-1.50370955
1362,21.8004543,-1.22901066
1363,-23.0003334,-1.55876607
1364,12.5485646,-1.25051143
1365,12.5485646,-1.25051143
1366,-22.6353606,-0.394096875
1367,-12.155298,0.659090455
1368,,
1369,-16.4117175,1.4572323
1370,0.832371301,0.505072914
1371,-30.0538065,0.486479448
1372,-23.4180456,-0.596594844
1373,-23.4180456,-0.596594844
1374,0.708239404,1.12754264
1375,-33.7005743,1.33176509
1376,,
1377,-38.2473078,1.16069621
1378,-33.1906841,0.218938173
1379,-13.2368231,-0.273918812
1380,21.9482493,0.516724235
1381,21.9482493,0.516724235
1382,47.9520097,0.730529599
1383,-21.1127297,-1.97566943
1384,,
1385,8.75528483,0.914980841
1386,35.035486,0.973654142
1387,-29.4443799,0.39288954
1388,-9.86248735,-1.82130233
1389,-9.86248735,-1.82130233
1390,0.870646757,-0.439293734
1391,-0.475634519,-0.329412475
1392,,
1393,-0.539782791,-1.58280451
1394,-11.69745,-2.79980339
1395,4.67236708,-1.56543168
1396,-23.3807506,1.53778856
1397,-23.3807506,1.53778856
1398,23.2675021,-0.740277981
1399,-11.8622272,-2.5881475
1400,,
1401,8.06132547,0.610311085
1402,-0.339307183,0.562797917
1403,4.47335552,1.19287492
1404,12.5352352,1.10685115
1405,12.5352352,1.10685115
1406,11.1402016,-0.36313332
1407,13.6319526,-2.01883249
1408,,
1409,-9.38497636,-0.836588913
1410,-11.7077876,-1.28363148
1411,3.75423436,-1.32715929
1412,23.1636001,-0.815190055
1413,23.1636001,-0.815190055
1414,-36.4472177,1.50075797
1415,21.3438067,0.391546699
1416,,
1417,-8.18051351,0.915840145
1418,11.1766434,1.50133977
1419,-4.74034562,0.842063208
1420,23.7578466,-0.0420010655
1421,23.7578466,-0.0420010655
1422,-20.7924041,-0.529059649
1423,12.221665,0.716587186
1424,,
1425,29.2262507,-1.25005331
1426,26.3373403,0.840184962
1427,22.3336052,-0.531198323
1428,12.2302225,-0.328493553
1429,12.2302225,-0.328493553
1430,-45.3333219,-1.95360408
1431,11.6153008,1.47292167
1432,,
1433,48.9053529,-0.568044792
1434,36.2449318,0.172793756
1435,22.2651538,-0.290961093
1436,13.8304246,0.560938212
1437,13.8304246,0.560938212
1438,-34.9627122,0.791855442
1439,-21.8031007,0.12014269
1440,,
1441,-14.8416416,-0.518243787
1442,-22.0546441,1.57462926
1443,-39.6829049,-0.317811659
1444,-0.085607862,-0.972579363
1445,-0.085607862,-0.972579363
1446,11.625663,0.200194971
1447,46.2311304,1.30861022
1448,,
1449,-14.5890177,2.11411363
1450,-21.8420387,2.15275005
1451,3.12623752,0.280997881
1452,-22.567475,0.22924361
1453,-22.567475,0.22924361
1454,-22.3208337,0.219141047
1455,0.659919204,0.387773722
1456,,
1457,17.8027465,0.216941361
1458,12.4617405,0.280563098
1459,3.69503268,-0.252376351
1460,-10.2347172,0.519895771
1461,-10.2347172,0.519895771
1462,-20.2246231,-2.31882609
1463,-21.9670258,-0.649142618
1464,,
1465,-32.2009756,0.227061251
1466,-12.396556,-0.655454163
1467,-3.26162791,0.98632295
1468,1.69514461,-1.27981398
1469,1.69514461,-1.27981398
1470,11.3506267,-1.26737225
1471,-14.1179395,0.893916527
1472,,
1473,-38.7498041,-0.524757159
1474,-33.0421794,1.03803118
1475,2.51478555,0.615188862
1476,11.7977509,-0.167629296
1477,11.7977509,-0.167629296
1478,24.6597633,-0.886394441
1479,12.4615759,2.24865541
1480,,
1481,16.5497331,1.25836393
1482,0.311900581,0.523424946
1483,-12.5252089,-0.122200589
1484,0.691453841,0.310996243
1485,0.691453841,0.310996243
1486,1.25344395,0.185384269
1487,-34.2113026,-0.240908592
1488,,
1489,8.36698418,0.869803526
1490,2.03318568,0.154812428
1491,13.0222989,-1.08443795
1492,-11.6013178,0.840387375
1493,-11.6013178,0.840387375
1494,13.547169,-1.06019611
1495,-22.1288573,0.761855919
1496,,
1497,0.0820281209,-0.610149662
1498,11.5823779,0.747137853
1499,-3.35738354,-0.510866326
1500,-0.200580287,-1.37742087
1501,-0.200580287,-1.37742087
1502,-35.0215562,1.02911787
1503,24.1567096,-0.470784491
1504,,
1505,9.39236436,-0.839855178
1506,12.2830445,-0.59595054
1507,20.6577492,0.17104233
1508,-10.2356405,-0.174210996
1509,-10.2356405,-0.174210996
1510,-35.4289265,-0.664574492
1511,-13.0776126,0.446774384
1512,,
1513,10.3194219,-2.47935767
1514,24.0937548,-2.3003964
1515,-4.56615485,-0.68693871
1516,0.0290378554,0.320549986
1517,0.0290378554,0.320549986
1518,0.516832007,-0.83642044
1519,25.4944826,0.142863406
1520,,
1521,-1.20367768,-0.903978028
1522,11.0951467,-0.738004221
1523,40.4735858,1.03274991
1524,-10.1430859,-0.818242421
1525,-10.1430859,-0.818242421
1526,-44.5055765,-0.11802392
1527,14.4026439,-1.96091136
1528,,
1529,19.2149249,-0.95095864
1530,23.6514617,-0.121695416
1531,-22.9858977,-0.643397814
1532,-34.8802923,-0.913811549
1533,-34.8802923,-0.913811549
1534,-11.495219,-2.63329947
1535,13.9533683,-0.576755302
1536,,
1537,2.61872188,0.969958616
1538,13.8637536,0.876311522
1539,-6.4952803,0.82372136
1540,24.3920356,-0.0204254832
1541,24.3920356,-0.0204254832
1542,13.6819806,-1.46749936
1543,-32.3023545,-0.710870164
1544,,
1545,-46.7209759,0.0989430117
1546,-32.2029213,-0.206719908
1547,17.2257942,-0.591556501
1548,-12.8980448,1.62512785
1549,-12.8980448,1.62512785
1550,-45.8591725,-0.905672505
1551,-1.03501942,0.52347513
1552,,
1553,41.3034595,-1.00451226
1554,35.8415835,-0.920657202
1555,-14.1114779,-2.62782211
1556,-20.0369509,1.41867427
1557,-20.0369509,1.41867427
1558,23.8120678,-0.302280325
1559,-12.2447968,1.10824006
1560,,
1561,15.5562496,-0.371236067
1562,-10.2275846,0.760652267
1563,41.1166201,0.0575219667
1564,13.5688187,2.02790988
1565,13.5688187,2.02790988
1566,11.5807218,0.0813231863
1567,-11.6431591,-0.985485157
1568,,
1569,2.99120267,-0.236322094
1570,13.5997146,-0.0815207875
1571,23.5176011,-1.53430411
1572,1.47266799,-0.660070881
1573,1.47266799,-0.660070881
1574,-23.6368165,-0.268151651
1575,-31.038752,2.04614286
1576,,
1577,2.61504384,-1.01629758
1578,1.25651447,-0.221012775
1579,17.5667854,-0.431671543
1580,-9.7248014,0.020868287
1581,-9.7248014,0.020868287
1582,-8.22041536,-0.879004799
1583,-18.8710427,-0.538050633
1584,,
1585,0.27594874,-0.887682908
1586,-0.0589032715,-0.246312145
1587,16.9284498,-0.527228707
1588,11.2740782,-0.539302381
1589,11.2740782,-0.539302381
1590,-34.1305704,1.08324402
1591,-11.2283167,-0.485919389
1592,,
1593,-5.96596435,-0.800761354
1594,1.08818724,0.875161602
1595,9.08035372,-1.32538163
1596,-8.75795817,-0.22328848
1597,-8.75795817,-0.22328848
1598,14.0772379,0.422556415
1599,0.614978904,-2.13577012
1600,,
1601,10.8152134,-1.66828413
1602,13.1449643,-0.65556435
1603,18.2131078,0.67891508
1604,0.692369302,-0.399150583
1605,0.692369302,-0.399150583
1606,-23.4152761,-0.227168539
1607,-0.62783904,2.24388904
1608,,
1609,0.834688285,1.75042149
1610,1.395383,0.919363663
1611,16.7905083,1.62768545
1612,-42.9616651,-1.1869481
1613,-42.9616651,-1.1869481
1614,11.7297147,0.0405835537
1615,-7.41113451,1.52059392
1616,,
1617,32.1936679,-3.12111917
1618,36.259852,-3.26254525
1619,-7.28310144,0.0829588532
1620,-10.8101164,-0.161429004
1621,-10.8101164,-0.161429004
1622,11.8370158,-0.390026148
1623,-24.4029312,-0.344099277
1624,,
1625,-34.8543056,0.568564371
1626,-60.7006689,1.13087199
1627,-47.303862,-0.838218257
1628,-46.5870337,1.98850346
1629,-46.5870337,1.98850346
1630,-22.5055704,-0.335975475
1631,-11.6718909,0.521016386
1632,,
1633,-14.2292442,-0.0992522192
1634,-8.76502168,0.406640512
1635,-41.4878609,-0.0135652582
1636,23.5368626,-1.45903231
1637,23.5368626,-1.45903231
1638,-11.3094942,-0.89298103
1639,11.9266923,-0.674991513
1640,,
1641,-22.48303,-0.303488634
1642,-10.7944824,-0.749832176
1643,25.8208057,-0.372658117
1644,-10.7929702,-1.18188507
1645,-10.7929702,-1.18188507
1646,-8.92421757,-2.35068663
1647,-22.4431436,-0.370988142
1648,,
1649,0.428490926,0.100193003
1650,12.1482359,0.039114413
1651,-21.7561181,0.654830092
1652,-10.2011257,1.35615964
1653,-10.2011257,1.35615964
1654,-35.8423447,1.25733595
1655,21.6825748,0.125748819
1656,,
1657,-6.46714159,-0.531901768
1658,0.915972947,-1.101147
1659,8.87024669,-0.647694907
1660,0.548231483,-0.365815285
1661,0.548231483,-0.365815285
1662,-8.08397313,-0.687044309
1663,-23.2108236,-0.956240684
1664,,
1665,1.22837605,1.44973439
1666,1.44605086,-0.224417656
1667,-7.08385067,1.33291257
1668,12.5832174,-1.71350516
1669,12.5832174,-1.71350516
1670,1.15001092,0.0980428057
1671,-11.0094275,-0.0203262593
1672,,
1673,1.86492433,-0.539454485
1674,12.7850861,-0.838378057
1675,0.252910949,1.18812516
1676,22.6303817,2.08336914
1677,22.6303817,2.08336914
1678,11.3433703,0.0983227122
1679,13.3247372,-3.47787109
1680,,
1681,42.338405,-1.24842809
1682,33.3413912,0.222467062
1683,10.1479835,-1.57305236
1684,-10.6641944,-1.67609812
1685,-10.6641944,-1.67609812
1686,13.0243161,-0.597451517
1687,1.82423039,0.929063705
1688,,
1689,-0.774638619,-0.577404507
1690,-10.3460694,0.496310172
1691,-6.48459499,-0.498058146
1692,3.02296558,0.809494508
1693,3.02296558,0.809494508
1694,-21.0131624,-0.718223501
1695,-0.601983709,0.143125419
1696,,
1697,18.4507082,0.620141602
1698,25.128736,-0.452366369
1699,26.8782802,1.48515454
1700,14.1379429,0.81960775
1701,14.1379429,0.81960775
1702,-34.9281986,1.69069495
1703,11.8101799,-0.0423315219
1704,,
1705,1.45158813,0.725903988
1706,35.8884064,0.66119998
1707,10.088296,-0.895045888
1708,-22.2214294,-0.635386195
1709,-22.2214294,-0.635386195
1710,-11.3964027,0.991012402
1711,0.559834439,-0.848552637
1712,,
1713,-5.57433,1.45271146
1714,-9.60312252,1.39223905
1715,-23.2519527,-0.385546285
1716,-11.3215661,0.14038679
1717,-11.3215661,0.14038679
1718,-22.3175214,-0.602439459
1719,-0.147197552,-0.0413144787
1720,,
1721,-17.0181079,0.918744928
1722,-10.4502348,1.48840139
1723,12.2719673,0.0149305089
1724,0.985630611,1.42896896
1725,0.985630611,1.42896896
1726,-22.6285754,0.19215458
1727,-10.6548591,-0.319533613
1728,,
1729,32.9224272,-0.0741796023
1730,12.6307498,0.61536748
1731,-14.0538854,-1.48776269
1732,10.8978298,-1.04057391
1733,10.8978298,-1.04057391
1734,22.4136472,0.851984081
1735,-21.2952612,-0.390881605
1736,,
1737,18.0439221,0.436739594
1738,36.3006859,-0.020764118
1739,-15.1321399,1.42860796
1740,10.8380429,1.40482381
1741,10.8380429,1.40482381
1742,13.4380706,-1.09786961
1743,-20.6268032,-1.41763909
1744,,
1745,29.0448894,0.216324181
1746,25.7827447,-0.327635252
1747,11.7761474,0.790331788
1748,-13.5713819,-0.334949041
1749,-13.5713819,-0.334949041
1750,12.4017042,1.62828143
1751,-31.9257004,0.837935605
1752,,
1753,-39.6431586,-0.980084072
1754,-22.0822181,-1.61386693
1755,0.710889273,-0.338787083
1756,24.4459027,0
1757,24.4459027,0
1758,-36.4620703,0.218423083
1759,-22.9909537,1.11181799
1760,,
1761,0.57035288,0.0284519978
1762,0.240053431,0.438700119
1763,-6.53954851,0.625676797
1764,-11.8775801,1.17917765
1765,-11.8775801,1.17917765
1766,12.4836182,-1.65643772
1767,-32.4395932,2.8086222
1768,,
1769,24.0936831,1.63379266
1770,23.0655008,1.77348783
1771,17.126557,0.101126338
1772,-10.7793228,0.670698501
1773,-10.7793228,0.670698501
1774,50.2146608,-1.14691192
1775,-10.9096687,0.0387526401
1776,,
1777,0.998399839,-0.0566921496
1778,-21.8677833,0.43671011
1779,-5.42108143,0.997826146
1780,25.2965188,1.25686505
1781,25.2965188,1.25686505
1782,-24.4425345,1.81384035
1783,10.7020344,0.848531401
1784,,
1785,18.1375252,0.855345115
1786,24.3877961,0.218656134
1787,10.4895997,0.186154173
1788,-1.38586122,0.149413965
1789,-1.38586122,0.149413965
1790,12.3435106,0.813328032
1791,12.4735634,-1.00854934
1792,,
1793,1.30453616,0.417527837
1794,13.4607688,2.32307416
1795,-25.223228,1.28326443
1796,22.5079543,0.846462236
1797,22.5079543,0.846462236
1798,-21.2005227,-2.20661563
1799,0.855884385,0.325881028
1800,,
1801,17.5721738,1.55448685
1802,0.0858182911,1.21003811
1803,33.1828984,2.32014455
1804,-22.5298864,-0.516558339
1805,-22.5298864,-0.516558339
1806,-0.550071041,-1.04353224
1807,-11.9122828,0.375067325
1808,,
1809,-22.4916499,1.12383645
1810,-34.0664146,0.483045892
1811,1.97520769,-1.07639059
1812,1.15809174,-0.49665959
1813,1.15809174,-0.49665959
1814,-31.8707582,0.577402467
1815,-11.0599372,-0.543298949
1816,,
1817,-21.8256191,-0.436706575
1818,-21.1699674,0.68669547
1819,-14.9854108,0.382496718
1820,-33.9391263,1.12450226
1821,-33.9391263,1.12450226
1822,-32.7997549,0.104900736
1823,11.3781205,-0.402058489
1824,,
1825,-48.8853488,-0.784636457
1826,-22.6686734,0.254591576
1827,9.55654585,-1.22850713
1828,-33.9334529,-0.283668032
1829,-33.9334529,-0.283668032
1830,0.631860985,1.26146085
1831,13.3112913,-1.5192128
1832,,
1833,41.947481,-0.347173798
1834,35.6392983,0.961371913
1835,0.438679531,-1.40511784
1836,-10.1913711,0.997723868
1837,-10.1913711,0.997723868
1838,-11.1458615,-0.234229324
1839,0.431834779,-0.379158045
1840,,
1841,-30.0166077,1.29592032
1842,-32.9086957,1.58270778
1843,10.5640261,0.0300344295
1844,-0.220264698,0.561209239
1845,-0.220264698,0.561209239
1846,24.6864722,1.29493562
1847,22.3886307,-0.751971934
1848,,
1849,2.92313226,-0.385427062
1850,0.26994348,-1.15980868
1851,1.49068892,0.650383794
1852,23.5368975,-0.577229724
1853,23.5368975,-0.577229724
1854,-34.4897723,-0.082772312
1855,-9.41486984,-0.321993982
1856,,
1857,24.7393112,0.104644723
1858,22.8006515,1.04357781
1859,10.1939973,1.45439525
1860,0.821555283,0.924729134
1861,0.821555283,0.924729134
1862,35.2358793,0.817521687
1863,-34.0252489,1.31185301
1864,,
1865,-5.98859742,1.26592546
1866,1.7917403,-0.260954656
1867,34.4412508,0.956824283
1868,-23.5747501,1.56858018
1869,-23.5747501,1.56858018
1870,-9.34552805,-1.14341471
1871,-21.4671995,0.309405751
1872,,
1873,7.85246362,1.18681626
1874,-23.0151937,0.400518701
1875,25.9988255,0.0285789138
1876,13.8231608,-1.7239033
1877,13.8231608,-1.7239033
1878,-25.6737887,0.618124072
1879,-11.0191403,-2.93074232
1880,,
1881,-6.0178319,-0.376816395
1882,0.292268166,-0.252005651
1883,2.47593629,-0.634283334
1884,1.47513448,-0.715615096
1885,1.47513448,-0.715615096
1886,-1.188552,0.142384107
1887,0.91196739,-0.406548972
1888,,
1889,16.2662561,1.84959902
1890,10.8825533,1.53942104
1891,2.25069349,-0.544389914
1892,-31.2511459,-0.833058802
1893,-31.2511459,-0.833058802
1894,-24.7209745,-0.169803388
1895,12.1561929,0.924248802
1896,,
1897,-13.1888038,1.52952186
1898,-21.7610526,1.70897794
1899,-15.9507662,-0.236160101
1900,-21.3807037,-2.24096219
1901,-21.3807037,-2.24096219
1902,11.5104268,-0.830452899
1903,-10.8208269,-1.68237978
1904,,
1905,1.2738462,-0.661180572
1906,-10.937646,-0.52501354
1907,10.634152,-0.171941794
1908,23.0337522,-0.858707976
1909,23.0337522,-0.858707976
1910,13.1158367,-2.54489088
1911,21.9696876,-0.202575213
1912,,
1913,-15.9504531,-0.305091284
1914,0,0.0817224864
1915,1.28676777,-0.93375078
1916,14.4552129,-1.17543624
1917,14.4552129,-1.17543624
1918,0,-1.07454471
1919,-20.643631,0.484035479
1920,,
1921,19.051752,1.25868466
1922,47.1860196,1.21080155
1923,1.41981569,-0.279522158
1924,1.66382707,0.944356116
1925,1.66382707,0.944356116
1926,2.72620456,-0.64377432
1927,-11.3165554,-1.52658279
1928,,
1929,-45.5218416,-0.589206196
1930,-9.11602421,-0.53787026
1931,-23.3657993,-0.747323516
1932,0.600904296,0.0419495364
1933,0.600904296,0.0419495364
1934,11.9172714,-1.16479347
1935,10.9123596,-0.793408876
1936,,
1937,25.4699519,1.04542077
1938,1.11031481,1.32816536
1939,26.9618045,0.0437689394
1940,23.5747501,1.46572141
1941,23.5747501,1.46572141
1942,-10.7282478,0.766608747
1943,11.2300171,-0.100625009
1944,,
1945,16.9458176,-0.479815253
1946,1.04049055,0.581400838
1947,1.02378713,0.700475748
1948,-45.5960631,0.521947634
1949,-45.5960631,0.521947634
1950,-32.5154907,-1.02489576
1951,-10.6491978,-0.419170321
1952,,
1953,-6.49449527,-0.697182257
1954,0.641145094,-0.682880735
1955,10.996036,-0.898208746
1956,36.9927179,-0.378870013
1957,36.9927179,-0.378870013
1958,34.0184483,0.530839202
1959,-0.920797509,0.234180223
1960,,
1961,33.9101462,0.988763688
1962,36.1059409,0.907029874
1963,-23.0287835,0.431749644
1964,1.73868832,1.74418345
1965,1.73868832,1.74418345
1966,12.9615271,1.38021405
1967,0.46400504,0.4128742
1968,,
1969,10.3381154,1.03300334
1970,2.15429313,-1.03627446
1971,34.1698402,0.740976165
1972,-24.2175422,0.122172999
1973,-24.2175422,0.122172999
1974,22.8446365,0.986956965
1975,-10.4900408,-0.346406917
1976,,
1977,-0.925999703,0.405990457
1978,-11.2974637,-0.311426773
1979,-13.1589035,-1.39994371
1980,-10.0501199,0.25586133
1981,-10.0501199,0.25586133
1982,-9.32972558,-0.300463176
1983,-35.2358793,0.0202317876
1984,,
1985,9.08107839,0.548574995
1986,23.4575268,-0.263931635
1987,0.292222206,-0.197962613
1988,-10.4392049,0.772359867
1989,-10.4392049,0.772359867
1990,11.0472711,0.10240146
1991,-8.40009452,-0.393381024
1992,,
1993,15.9273326,0.270862597
1994,11.4174273,-0.336911696
1995,10.2470551,-1.86931206
1996,-23.1621212,0.0200778558
1997,-23.1621212,0.0200778558
1998,-11.6962465,0.32802157
1999,22.5522686,-2.19138074
2000,,
2001,-14.604778,-1.44319744
2002,0.374406403,-0.39811862
2003,17.9597846,-0.0731283793
2004,24.8137028,-0.684763577
2005,24.8137028,-0.684763577
2006,22.7121147,0.147707852
2007,-35.2970528,0.14361136
2008,,
2009,1.86651623,0.332234719
2010,12.1298915,-1.4720338
2011,-15.5194224,0.770245166
2012,-0.220432283,-1.03928655
2013,-0.220432283,-1.03928655
2014,0.86575422,-0.693074613
2015,-11.2740782,-2.74505495
2016,,
2017,-25.3961097,-0.410537104
2018,-22.7230156,-0.742837135
2019,35.4905765,1.21719766
2020,1.4861385,0.658871928
2021,1.4861385,0.658871928
2022,0.759715091,0.0405830092
2023,-11.7680695,-0.304399428
2024,,
2025,-40.5564538,0.344072545
2026,-34.8744644,-0.480679938
2027,-23.7657525,-1.76560505
2028,-35.6419451,0.0208762634
2029,-35.6419451,0.0208762634
2030,-2.06570783,-0.685712283
2031,-34.3412377,-1.74137788
2032,,
2033,0.353511862,-1.1736046
2034,1.2536498,-0.0816166806
2035,8.34831259,0.472731043
2036,0.25497569,-1.90968595
2037,0.25497569,-1.90968595
2038,1.93770975,0.186347827
2039,10.9265767,-0.168408683
2040,,
2041,-24.0575962,0.366567114
2042,-10.3816372,-0.370139903
2043,-24.2548245,-0.392891413
2044,-43.318731,-0.196056802
2045,-43.318731,-0.196056802
2046,-24.1317082,0.700872539
2047,-11.5029312,-0.653760741
2048,,
2049,9.35217829,0.723300746
2050,-9.94222964,-0.708494702
2051,-21.9879479,-1.15382531
2052,24.6323261,0.583462796
2053,24.6323261,0.583462796
2054,-1.0215635,-0.273904625
2055,23.1064563,0.969649279
2056,,
2057,1.92038916,1.84428216
2058,-20.7755189,1.17838028
2059,-7.27540632,-0.346890719
2060,0.889118838,-1.72610401
2061,0.889118838,-1.72610401
2062,1.80234338,-1.22514062
2063,-10.76806,0.458870888
2064,,
2065,19.0352539,-2.15228134
2066,13.1554766,-1.87097576
2067,15.0442597,-0.565220962
2068,-12.2054464,1.61686609
2069,-12.2054464,1.61686609
2070,11.1144472,0.616499465
2071,-11.4064056,0.0417986416
2072,,
2073,9.65247678,0.579781571
2074,-11.9962034,0.296962988
2075,25.3250635,0.78741772
2076,-1.81684636,-1.2556738
2077,-1.81684636,-1.2556738
2078,-10.4139382,0.332841655
2079,11.207424,-0.974100572
2080,,
2081,-37.9556749,0.267924184
2082,-35.1549398,1.63235695
2083,-18.1817247,1.74360478
2084,1.79945889,0.739455077
2085,1.79945889,0.739455077
2086,-12.571072,0.314825419
2087,2.45756987,-2.33492894
2088,,
2089,2.74966753,-1.04281024
2090,13.3707876,-0.460278097
2091,15.2935616,-1.14322388
2092,24.7590633,0.222017337
2093,24.7590633,0.222017337
2094,-38.5409718,1.04790214
2095,0.706050756,0.711143725
2096,,
2097,-16.6642255,1.21254296
2098,11.9506908,0.3258564
2099,7.98424783,-0.746897568
2100,32.8165142,1.33305655
2101,32.8165142,1.33305655
2102,22.87532,-0.0800574051
2103,-0.905152942,-1.70827197
2104,,
2105,-20.8465712,-0.576914914
2106,-30.3951097,-2.37193014
2107,0.369498261,0.0594986552
2108,-10.2745526,-0.357285275
2109,-10.2745526,-0.357285275
2110,34.0306623,-0.783775667
2111,-10.8438852,0.160880111
2112,,
2113,-6.36248476,-0.588633683
2114,-19.3034361,0.322998786
2115,26.0912319,-0.481155539
2116,11.8912287,0.222867234
2117,11.8912287,0.222867234
2118,-22.7990593,0.0629892414
2119,22.8966087,-0.621559256
2120,,
2121,-8.09518839,-0.736807669
2122,-24.0441847,0.118325517
2123,-8.92452546,0.234740167
2124,34.7535286,-0.563308816
2125,34.7535286,-0.563308816
2126,1.38574149,0.122012211
2127,-0.0293623115,-0.245358503
2128,,
2129,-8.27652425,0.154698398
2130,-11.7103697,-1.1914946
2131,23.8225285,-0.556713327
2132,22.9331,-1.6160889
2133,22.9331,-1.6160889
2134,-11.9382005,0.291135738
2135,47.6010799,-0.326347902
2136,,
2137,23.6991866,-1.95308521
2138,11.769072,-1.25517523
2139,14.9148937,0.152077146
2140,-21.9559123,-0.942065364
2141,-21.9559123,-0.942065364
2142,1.06340983,-0.44610615
2143,-10.4786738,0.258693236
2144,,
2145,27.1455388,-0.315803037
2146,36.2989783,-0.143644094
2147,23.3479305,-1.1752852
2148,-23.4169072,0.683434194
2149,-23.4169072,0.683434194
2150,12.0030702,-0.520782069
2151,-10.5211054,0.553700611
2152,,
2153,-13.9428791,-0.549514196
2154,0.242250079,-1.15574701
2155,-8.69555368,0.890687404
2156,-10.9610666,1.93010762
2157,-10.9610666,1.93010762
2158,1.30116257,-1.37406269
2159,-11.3658682,1.1956201
2160,,
2161,-15.0713122,-0.0288615013
2162,22.7515596,-0.530659054
2163,7.84982748,-0.183429649
2164,-35.0061553,0.299849814
2165,-35.0061553,0.299849814
2166,-48.8532032,-1.0312719
2167,-25.675644,0.512286337
2168,,
2169,-0.0816503402,-1.70504867
2170,46.8317979,0.550344095
2171,58.6942528,-0.605546397
2172,22.5537731,0.203514895
2173,22.5537731,0.203514895
2174,11.9878283,0.954188745
2175,2.18612822,-0.69287837
2176,,
2177,1.53490282,-1.35215504
2178,24.718441,0.0421058186
2179,15.9628704,-0.327379513
2180,-22.7676908,0.643311826
2181,-22.7676908,0.643311826
2182,-22.924629,0.263688218
2183,-10.579903,1.96361242
2184,,
2185,17.6653243,0.0143940273
2186,24.0979064,1.1092478
2187,33.7687307,-0.409726604
2188,24.5332626,-1.64079016
2189,24.5332626,-1.64079016
2190,23.5545199,1.72387276
2191,23.8248942,0.317790004
2192,,
2193,-8.52049991,0.464531576
2194,-13.0669895,-1.61008835
2195,15.5809703,0.109132505
2196,-20.6264583,0.136720028
2197,-20.6264583,0.136720028
2198,23.0773778,1.776401
2199,-9.98771074,2.12342336
2200,,
2201,-6.38876018,-0.0285631316
2202,-1.29084972,-0.988690342
2203,24.5766033,-0.231572029
2204,-23.1150998,-0.677181055
2205,-23.1150998,-0.677181055
2206,-10.0293969,-1.79124832
2207,34.0747841,-0.607762521
2208,,
2209,-23.265294,0.233497818
2210,-35.1295566,0.081927757
2211,-16.7552604,-0.587159186
2212,23.8634177,1.9046151
2213,23.8634177,1.9046151
2214,-0.113912386,0.782005879
2215,1.83851402,0.913383077
2216,,
2217,8.76059977,-0.688392785
2218,-0.484065168,0.96877053
2219,5.40190571,-0.299822545
2220,-11.6081291,0.214486782
2221,-11.6081291,0.214486782
2222,12.0529391,-0.856628408
2223,10.8837191,0.589784064
2224,,
2225,-15.6208424,-0.542606033
2226,-42.1496098,-0.729567217
2227,-10.4024789,0.884685344
2228,-10.713474,-1.16875837
2229,-10.713474,-1.16875837
2230,-11.0834586,0.0833612673
2231,23.803113,0.742431706
2232,,
2233,-6.70693362,0.543527827
2234,-33.3360505,0.203640923
2235,-8.50188916,0.694308109
2236,22.6114826,1.75651263
2237,22.6114826,1.75651263
2238,-11.1820847,-0.124223143
2239,11.5087021,2.08639722
2240,,
2241,-8.55293252,0.0709296179
2242,11.9543968,-0.105070568
2243,-0.100952021,-2.41476749
2244,0.116006259,-0.393949927
2245,0.116006259,-0.393949927
2246,-21.4138329,0.14322119
2247,11.8358249,-1.10885905
2248,,
2249,-41.9410777,-0.365293403
2250,-36.1685116,0.162272266
2251,-24.8601033,-1.43983869
2252,0.0283511708,0.184930561
2253,0.0283511708,0.184930561
2254,-0.637811277,0.45549809
2255,1.37670144,-0.248299882
2256,,
2257,0.53157723,0.0292255965
2258,23.9923581,0.836697737
2259,31.7868084,0.246234561
2260,-22.2267456,-1.06186547
2261,-22.2267456,-1.06186547
2262,0.160505654,0.193555426
2263,-1.55384951,1.66914892
2264,,
2265,-17.2715983,1.14985923
2266,-36.0734122,1.95361321
2267,-26.3572155,1.25042088
2268,1.93750818,0.609508672
2269,1.93750818,0.609508672
2270,0.769661078,0.768523177
2271,13.222405,2.17179101
2272,,
2273,33.6802011,-0.0276774018
2274,12.2478954,-0.598442178
2275,-27.1634958,0.581445845
2276,-9.70043763,-0.058866768
2277,-9.70043763,-0.058866768
2278,-33.7816361,-0.246790015
2279,13.2539098,0.205073977
2280,,
2281,-16.4840466,-0.120498883
2282,12.91962,-0.513937267
2283,1.02660943,-1.52712459
2284,1.38333251,0.783388204
2285,1.38333251,0.783388204
2286,24.4049091,-0.659187007
2287,0.198467792,-1.58224847
2288,,
2289,-7.02035617,1.40774781
2290,2.09616927,2.60065811
2291,-0.391074667,-0.0757937141
2292,-9.22840401,-0.894588413
2293,-9.22840401,-0.894588413
2294,-9.71760064,0.572157868
2295,24.4007803,-1.11329577
2296,,
2297,-23.3227196,0.494692166
2298,0.49296062,-0.121887591
2299,32.3667392,-1.21315434
2300,-10.5150831,0.0205449271
2301,-10.5150831,0.0205449271
2302,-0.0879358175,-0.993518206
2303,0.942677795,-0.559274282
2304,,
2305,16.6398534,1.05157619
2306,-0.413531309,1.06533685
2307,-17.336773,0.339979205
2308,25.4622651,-1.02051243
2309,25.4622651,-1.02051243
2310,12.037374,-0.743915866
2311,13.553929,0.747134948
2312,,
2313,14.2577792,1.20615238
2314,-1.12759009,-0.50309387
2315,8.65037241,0.260293225
2316,10.8725633,-1.46036005
2317,10.8725633,-1.46036005
2318,12.8933136,-0.983153759
2319,0.853953024,-0.493581599
2320,,
2321,16.3250395,0.338295167
2322,10.7700125,0.505507409
2323,9.03762181,2.19497269
2324,24.7579588,-0.0200347873
2325,24.7579588,-0.0200347873
2326,-0.454652588,0.706638901
2327,33.1747763,-0.432088459
2328,,
2329,40.8776314,1.7463593
2330,25.8433218,0.524458044
2331,-19.861033,-1.66955154
2332,-11.6629851,-0.374255727
2333,-11.6629851,-0.374255727
2334,2.74620503,-0.178577493
2335,-10.3600368,0.851041469
2336,,
2337,-14.6866688,1.32351775
2338,-9.74774309,0.716945897
2339,25.6382279,0.724462979
2340,-23.1423955,0.344244942
2341,-23.1423955,0.344244942
2342,24.1996336,-0.808246893
2343,-11.4850649,0.284706962
2344,,
2345,8.96739326,-0.802274097
2346,12.2996392,-0.817963671
2347,-18.6756255,1.1999924
2348,1.35161064,-0.164911537
2349,1.35161064,-0.164911537
2350,48.9958779,-0.88818951
2351,-60.4274006,-0.627408344
2352,,
2353,-6.35964701,0.416616114
2354,14.0656709,1.13317324
2355,25.4366349,-0.451594695
2356,-0.197357587,1.40089073
2357,-0.197357587,1.40089073
2358,34.9655687,-0.200567014
2359,35.2453996,0.886027145
2360,,
2361,32.2409839,1.18478433
2362,-0.170872053,-0.210020185
2363,0.560361579,0.138789599
2364,-22.7685137,-0.596422626
2365,-22.7685137,-0.596422626
2366,-11.3672318,0.494792052
2367,-11.29128,1.23416405
2368,,
2369,18.2566695,2.49875334
2370,-12.0642472,0.54646465
2371,24.5747502,0.302360753
2372,-9.73695759,-1.5065348
2373,-9.73695759,-1.5065348
2374,13.2179956,1.68398551
2375,26.5244158,0.0197559687
2376,,
2377,10.5983474,-2.07343761
2378,14.012179,-0.600906713
2379,-7.64133343,0.0159949658
2380,-1.48420061,-0.9770419
2381,-1.48420061,-0.9770419
2382,-10.3510006,0.83610654
2383,-23.5384801,0.605221279
2384,,
2385,0.529750816,1.15914414
2386,12.2540721,0.490550503
2387,-0.135567449,-0.185468848
2388,-1.18950736,0.492389337
2389,-1.18950736,0.492389337
2390,1.6925226,-1.52487024
2391,-11.3618902,-1.85521365
2392,,
2393,17.7442769,-0.0589175224
2394,34.7544189,-0.325948812
2395,0.567968763,0.942712176
2396,24.6526983,0.230883524
2397,24.6526983,0.230883524
2398,1.60833681,1.42054242
2399,13.3437308,-2.63881146
2400,,
2401,-0.400220734,0.0898497287
2402,21.3739864,0.123778338
2403,-35.0565708,0.63519777
2404,-9.69723588,-0.0589021332
2405,-9.69723588,-0.0589021332
2406,23.1130929,0.548216677
2407,11.7695868,1.28055434
2408,,
2409,-48.3040483,-0.0575193135
2410,-45.4655842,-0.230089202
2411,-18.8076647,0.645032288
2412,9.7328169,-0.514042071
2413,9.7328169,-0.514042071
2414,0.861449635,-0.684547527
2415,-10.7147301,-0.881306882
2416,,
2417,-15.5745304,0.254444318
2418,-9.77716573,-0.746193108
2419,-0.807776353,0.373819938
2420,11.8085473,-0.804345936
2421,11.8085473,-0.804345936
2422,-0.265433414,-0.637020793
2423,-23.5922787,-0.581321499
2424,,
2425,8.553353,0
2426,1.65854631,-0.535719499
2427,1.66333796,0.0466742755
2428,24.4588626,-0.68853931
2429,24.4588626,-0.68853931
2430,-11.1954478,1.39716792
2431,-23.4298249,-0.919439052
2432,,
2433,-0.39181703,1.64587629
2434,10.8144392,2.32560921
2435,0.575946995,1.52393689
2436,24.4159419,-1.65816332
2437,24.4159419,-1.65816332
2438,23.8733315,-0.345947851
2439,-10.764535,0.776375644
2440,,
2441,-9.89467395,-2.25607588
2442,-13.4027942,-2.31829712
2443,18.5004214,2.47848559
2444,1.16849116,-0.243353199
2445,1.16849116,-0.243353199
2446,1.42804703,0.0617100319
2447,-0.644670172,-1.50636586
2448,,
2449,46.8334974,-1.4564702
2450,32.7541976,-1.77801399
2451,0.683841367,-1.45934404
2452,11.5842176,0
2453,11.5842176,0
2454,-10.2427232,-0.709341465
2455,-33.2967731,2.65674864
2456,,
2457,-54.1087581,1.47158385
2458,-32.7188711,0.698365393
2459,8.19639581,-0.264355127
2460,-32.923943,1.3183727
2461,-32.923943,1.3183727
2462,0.115327548,1.83502491
2463,-32.2614911,-0.886496337
2464,,
2465,-15.5945766,2.1518186
2466,-11.4997534,0.963607116
2467,18.7640723,0.815937817
2468,-33.7635735,0.128264714
2469,-33.7635735,0.128264714
2470,2.14549248,0.801934522
2471,-11.4388004,0.990766869
2472,,
2473,14.922229,-0.49930942
2474,22.0586801,0.128328225
2475,-10.2147526,0.176179524
2476,33.4729266,-1.60055368
2477,33.4729266,-1.60055368
2478,-9.4719026,0.824118491
2479,24.3403892,-0.948582729
2480,,
2481,-25.2313434,-1.62832322
2482,-44.7547921,-2.77542554
2483,-20.427052,0.0617181359
2484,-9.6551458,-1.02281161
2485,-9.6551458,-1.02281161
2486,-33.3327306,0.322984601
2487,-32.9726345,-0.245780945
2488,,
2489,-15.2094904,-0.267995781
2490,-22.908618,0.263076939
2491,18.3097057,0.647184045
2492,1.21451905,1.06854956
2493,1.21451905,1.06854956
2494,-10.0978341,-0.144637263
2495,10.1901798,0.728783467
2496,,
2497,1.0994939,0.0837964952
2498,12.0422615,-0.0597197799
2499,35.0258812,-0.804191994
2500,-21.2206055,0.883112982
2501,-21.2206055,0.883112982
2502,-0.17954886,-0.257513669
2503,0.693973547,-0.219784727
2504,,
2505,-24.4948803,1.66735916
2506,-33.5158058,1.14025666
2507,6.67814462,-1.07530939
2508,-10.0650724,1.24692694
2509,-10.0650724,1.24692694
2510,-10.1122305,1.40667649
2511,14.1984502,0.444351033
2512,,
2513,24.6179448,0.11534966
2514,36.418859,-0.347622356
2515,8.09983726,0.88978195
2516,14.6601176,-0.825005028
2517,14.6601176,-0.825005028
2518,-22.8841216,0.221109439
2519,1.02429054,-1.20955087
2520,,
2521,9.76628851,1.88218478
2522,12.5802934,1.68582348
2523,-0.0221834886,0.616119546
2524,11.2268333,-0.0621367762
2525,11.2268333,-0.0621367762
2526,22.396253,-0.319650534
2527,59.2735276,-0.440625492
2528,,
2529,-6.45192377,1.69346646
2530,-20.225601,1.62693065
2531,19.7822555,0
2532,24.8496597,2.66139042
2533,24.8496597,2.66139042
2534,0.502252593,1.66176432
2535,1.11737159,-0.38998916
2536,,
2537,-6.75255847,-0.226143622
2538,0.447115555,0.529693817
2539,-0.513180774,2.05271709
2540,49.5796367,0.0201532524
2541,49.5796367,0.0201532524
2542,-10.7261024,0.207040573
2543,-33.750655,-0.444977232
2544,,
2545,33.972356,-0.804256878
2546,36.5107864,-0.592884803
2547,-7.73660414,-0.824458623
2548,12.2794842,1.11781572
2549,12.2794842,1.11781572
2550,-35.762155,-1.2298668
2551,21.231212,-0.944277635
2552,,
2553,31.8093675,1.46570653
2554,44.7013345,1.58088127
2555,17.2828672,0.977469649
2556,0.675663925,-0.249814022
2557,0.675663925,-0.249814022
2558,24.9494734,0.867749528
2559,23.1521828,1.49492678
2560,,
2561,-24.1916699,0.263277763
2562,-32.7408042,0.35178025
2563,7.46605661,-1.09454872
2564,0.28480528,-0.168105187
2565,0.28480528,-0.168105187
2566,22.1378741,0.927352534
2567,2.07632743,1.80925654
2568,,
2569,-7.21044834,-2.04787272
2570,0.416413007,-2.11560717
2571,-19.9250436,0.300265248
2572,-21.4655001,-0.657262822
2573,-21.4655001,-0.657262822
2574,1.3066134,-0.207181292
2575,24.0737469,-0.452633795
2576,,
2577,-14.8338307,-1.2279654
2578,-20.1361673,-1.29061663
2579,6.06042449,-1.33192217
2580,0.350438322,-1.22750267
2581,0.350438322,-1.22750267
2582,-10.8287487,-0.377993341
2583,-11.4959133,-0.15875239
2584,,
2585,-13.5336621,-0.377060286
2586,0.818270094,-0.722010677
2587,5.47697761,0
2588,-9.54164484,-1.50571364
2589,-9.54164484,-1.50571364
2590,-12.3468229,-0.525862588
2591,22.9691667,0.327058326
2592,,
2593,18.3321947,0.681915966
2594,-11.4990018,1.33894604
2595,22.2772544,-0.343296047
2596,24.3750852,-1.41271717
2597,24.3750852,-1.41271717
2598,11.0444519,0.0595135005
2599,-11.6267641,-0.362573869
2600,,
2601,-14.6400639,-0.117871711
2602,-23.3130356,0.0406252896
2603,38.2409475,-0.0908944489
2604,0.6767402,2.98469203
2605,0.6767402,2.98469203
2606,34.9820943,-1.074718
2607,-11.8326416,-1.06824852
2608,,
2609,-42.217576,0.237189936
2610,-21.5137357,0.435076065
2611,-19.0689449,0.195625512
2612,23.4604869,-0.0399781633
2613,23.4604869,-0.0399781633
2614,-23.1869958,1.25366722
2615,12.928285,0.409146528
2616,,
2617,-8.01836783,0.456794015
2618,10.0426905,1.26672135
2619,4.57045036,-2.31904657
2620,12.7316255,-0.393142851
2621,12.7316255,-0.393142851
2622,-22.2569964,-0.413694575
2623,13.7719437,0.785484465
2624,,
2625,-15.7577896,-0.962332032
2626,0.410981348,-0.605769997
2627,12.2244924,-0.263776782
2628,-10.7859445,0.756970591
2629,-10.7859445,0.756970591
2630,-22.5498912,0.438727516
2631,-9.10784579,0.167197312
2632,,
2633,7.43952531,-0.937340311
2634,0.72364157,-0.206475035
2635,-3.85034994,0.216524723
2636,12.2509855,-0.435223268
2637,12.2509855,-0.435223268
2638,-22.5028523,0.719358452
2639,-22.5250228,-1.44705298
2640,,
2641,-15.3063548,0.0698124467
2642,0.355408578,-0.0999161457
2643,-4.0853603,-0.26574411
2644,-21.4517542,-1.98820049
2645,-21.4517542,-1.98820049
2646,13.5131576,0.0203976478
2647,13.6130482,-2.37266023
2648,,
2649,-6.77390536,-1.07827732
2650,-8.84795573,-0.326871822
2651,7.72768322,-1.21646473
2652,-32.0701824,-1.17590765
2653,-32.0701824,-1.17590765
2654,-0.058149674,-0.281439232
2655,-35.6376475,0.202461968
2656,,
2657,-15.3293341,0.476136178
2658,0.552865431,1.45939734
2659,-2.20059219,-1.09985758
2660,-1.90817404,-0.35548384
2661,-1.90817404,-0.35548384
2662,-12.2094432,0.823086335
2663,-22.516693,-0.992071761
2664,,
2665,-16.1038795,0.603995677
2666,-0.171011153,1.16164401
2667,-30.3910059,-1.10587487
2668,45.8730431,0.51484535
2669,45.8730431,0.51484535
2670,-24.7693518,2.20791547
2671,12.7591939,0.165890545
2672,,
2673,-5.62958778,-1.3741993
2674,1.59439924,-0.356770948
2675,-4.73695922,0.733252126
2676,-10.4702213,-1.69626603
2677,-10.4702213,-1.69626603
2678,10.3659636,-0.839534703
2679,-11.3247517,1.66361384
2680,,
2681,9.24657614,1.52953903
2682,0.335826028,1.62757345
2683,-28.6784207,0.245146705
2684,12.6080673,-1.62572522
2685,12.6080673,-1.62572522
2686,3.24566883,0.343377932
2687,-0.582626751,-0.411634037
2688,,
2689,-16.8503912,0.581420679
2690,-23.9388385,-0.490494934
2691,-11.7656466,0.248119842
2692,11.9369417,-1.44396307
2693,11.9369417,-1.44396307
2694,0.446765934,-1.90627098
2695,-11.3249406,-0.70985077
2696,,
2697,-16.5990182,-0.583428545
2698,-0.502365218,-0.0420402562
2699,-12.3767045,0.973313481
2700,-12.095331,1.95633609
2701,-12.095331,1.95633609
2702,-22.5500629,-0.704867348
2703,-0.089570919,0.779286664
2704,,
2705,1.17603299,0.127647176
2706,1.58030644,0.607475779
2707,-11.1933819,0.522325818
2708,-11.9609549,2.08837847
2709,-11.9609549,2.08837847
2710,12.788373,2.22431913
2711,0.859835865,1.4611589
2712,,
2713,16.8964376,0.628717356
2714,23.2500067,0.792281226
2715,-3.96258938,0.119671914
2716,-22.3537299,0.0397099329
2717,-22.3537299,0.0397099329
2718,12.0827458,0.379505918
2719,2.13199303,0.860057986
2720,,
2721,-23.4087175,1.23663364
2722,0.65137397,0.708184043
2723,-11.4431153,-0.287966914
2724,12.4332348,-0.266357044
2725,12.4332348,-0.266357044
2726,-10.0742116,-0.165615201
2727,13.5401968,1.60894473
2728,,
2729,28.8810692,0.776952328
2730,-10.5623568,1.03388511
2731,-11.6606102,-1.21485665
2732,-20.9273718,-1.89332769
2733,-20.9273718,-1.89332769
2734,22.8424261,-1.61001015
2735,35.870713,-0.166629151
2736,,
2737,16.248235,0.744353369
2738,0.289553351,1.05426863
2739,-2.75467853,1.01561939
2740,24.5896324,0.23894522
2741,24.5896324,0.23894522
2742,-10.685245,1.96892394
2743,-54.5755027,1.1284645
2744,,
2745,-33.4533281,-1.06949233
2746,-47.1660208,-1.27328652
2747,-53.3506712,-1.36637583
2748,-10.7309897,0.614150892
2749,-10.7309897,0.614150892
2750,11.4805702,1.01513948
2751,0.148101058,0.518543883
2752,,
2753,8.24905743,2.45459356
2754,1.35724179,1.72942964
2755,-40.7214075,1.16869992
2756,25.3436463,0.935682999
2757,25.3436463,0.935682999
2758,-10.1033362,0.856502564
2759,-46.4460923,-1.03551161
2760,,
2761,8.87036896,-1.01956754
2762,-0.468510546,-0.700198743
2763,-29.5478125,1.05832918
2764,-9.56440545,-0.0197654448
2765,-9.56440545,-0.0197654448
2766,22.2572291,-0.982468077
2767,0.511933984,0.0621315658
2768,,
2769,8.65878678,-0.102590489
2770,0.11317862,-0.962863257
2771,31.7752912,0.121540323
2772,2.12950579,-0.207388439
2773,2.12950579,-0.207388439
2774,11.7384376,-0.833195473
2775,-23.3031827,0.0392135892
2776,,
2777,-39.8318574,0.533365603
2778,-11.2919614,0.265993932
2779,-10.7555845,-0.891391551
2780,-22.9001262,-0.0587428685
2781,-22.9001262,-0.0587428685
2782,25.0866138,0.888586838
2783,0.0623005675,-1.83593141
2784,,
2785,-16.8209254,0.555497497
2786,-11.7898172,0.428265761
2787,-13.0281182,0.431744288
2788,-23.2629422,0.43684077
2789,-23.2629422,0.43684077
2790,-10.1351406,-0.717170485
2791,13.0198875,1.20342859
2792,,
2793,17.1178508,0.0441847664
2794,-11.0615653,0.476549015
2795,14.5642091,-0.594199771
2796,9.56909541,1.63968278
2797,9.56909541,1.63968278
2798,-21.1683863,-0.268662086
2799,-21.6083493,0.9363113
2800,,
2801,-15.6521088,-0.427757209
2802,-12.1800425,-0.184179022
2803,-29.6761803,1.23024399
2804,10.5918111,-1.11942896
2805,10.5918111,-1.11942896
2806,34.3252608,-0.679923662
2807,12.5310978,0.698813143
2808,,
2809,9.47136019,-0.480291365
2810,-11.6794562,1.56213128
2811,-4.73634874,-0.274054917
2812,14.3633285,-0.304668721
2813,14.3633285,-0.304668721
2814,-10.6717556,-0.787845104
2815,12.6298954,-0.221343567
2816,,
2817,-39.8544326,0.0282038178
2818,-33.2501566,0.720036093
2819,31.5245076,0.937908844
2820,-10.993484,-0.509488595
2821,-10.993484,-0.509488595
2822,0.925137181,-1.06839103
2823,-11.49362,0.573926575
2824,,
2825,-7.0258264,2.45480535
2826,-12.1124722,1.36400762
2827,-30.4725891,-0.15058829
2828,-0.684374839,2.40107949
2829,-0.684374839,2.40107949
2830,-22.7149396,2.05012617
2831,32.0818188,0.179129454
2832,,
2833,10.4283155,0.375587059
2834,0.378199309,0.439088435
2835,-16.0942224,-0.333223159
2836,0.118427605,1.34947123
2837,0.118427605,1.34947123
2838,32.5355654,-0.338104452
2839,-34.2347909,0.605672834
2840,,
2841,1.20172389,-0.245931089
2842,0.793929877,-0.144387811
2843,32.0362319,0.213890366
2844,11.0045397,-1.18066598
2845,11.0045397,-1.18066598
2846,-21.8302819,-1.15424253
2847,0.399816354,2.27854539
2848,,
2849,15.7509995,0.0283501428
2850,36.1401511,0.0198318489
2851,10.1640193,-0.0163095119
2852,38.2589115,-0.731261262
2853,38.2589115,-0.731261262
2854,-22.771148,-1.12157198
2855,-22.5162519,0.228843406
2856,,
2857,-33.9243333,-0.277362541
2858,-10.4350802,-0.661582061
2859,41.4105129,1.25614755
2860,46.4408619,0.718470332
2861,46.4408619,0.718470332
2862,46.0010732,-0.324123675
2863,1.12503377,-0.913868593
2864,,
2865,0.28561036,0.142758675
2866,23.7600211,0.158541608
2867,12.3073578,0.782407857
2868,58.9235793,-0.0595136179
2869,58.9235793,-0.0595136179
2870,24.780746,-1.62246956
2871,1.29226208,0.194896169
2872,,
2873,-22.1700192,-0.475454067
2874,-20.210275,0.212463769
2875,-37.8883314,2.04707671
2876,22.2077854,-1.7596908
2877,22.2077854,-1.7596908
2878,23.3807506,-0.26002985
2879,-10.1098168,-0.628191559
2880,,
2881,0.611893383,-0.0553267417
2882,-0.114098069,-0.261957086
2883,-8.1371061,-0.871317758
2884,11.2174056,-0.734605316
2885,11.2174056,-0.734605316
2886,-21.7321671,-0.441756201
2887,3.11391141,-0.0785878637
2888,,
2889,9.19607252,0.309029369
2890,-10.8363744,-0.679141998
2891,12.5632094,0.129420149
2892,-10.3890081,-0.327877576
2893,-10.3890081,-0.327877576
2894,-12.3996373,-1.63106252
2895,1.21161553,-0.478072425
2896,,
2897,17.6414382,0.154193089
2898,12.242725,0.417703396
2899,-7.74595863,2.33268472
2900,11.3478353,0.12040906
2901,11.3478353,0.12040906
2902,0.899565394,-1.11451057
2903,11.3414357,-0.165515673
2904,,
2905,-24.5319149,1.28144806
2906,-22.5540321,0.260784054
2907,-17.2075473,0.846109434
2908,33.1843979,-0.9097904
2909,33.1843979,-0.9097904
2910,-0.0853989733,-0.962310743
2911,-10.8441771,1.90880958
2912,,
2913,8.32788296,0.6496898
2914,-11.5774553,1.73291247
2915,-46.4339641,0.799252396
2916,46.0357815,-1.7149513
2917,46.0357815,-1.7149513
2918,22.4351088,-0.684916957
2919,-35.6614457,1.9124965
2920,,
2921,26.1884603,-0.495693358
2922,23.7203773,-0.922059128
2923,10.7754548,0.930843656
2924,-10.8939194,1.26072054
2925,-10.8939194,1.26072054
2926,-10.7282478,-1.16628109
2927,55.0137827,0.186363847
2928,,
2929,-15.1575409,1.41805551
2930,-10.7998502,-0.279703769
2931,29.7855306,-0.631612856
2932,-0.337955507,2.13504964
2933,-0.337955507,2.13504964
2934,-23.5955784,0.233566757
2935,24.2017442,0.3837824
2936,,
2937,-5.91508673,-1.54696647
2938,25.0838392,-1.93575412
2939,28.3692794,-1.32818285
2940,10.1203083,-0.429417557
2941,10.1203083,-0.429417557
2942,-0.203103668,-0.832226903
2943,-10.692454,0.283920844
2944,,
2945,18.227476,0.90689342
2946,35.306286,0.0592314154
2947,-17.0887704,0.412841632
2948,38.5876566,0.0607824733
2949,38.5876566,0.0607824733
2950,-21.2803683,0.219136687
2951,36.8764399,0
2952,,
2953,2.13545455,-0.171836574
2954,0.848779329,0.731763462
2955,49.5153224,0.775604904
2956,-10.0359134,-1.06355281
2957,-10.0359134,-1.06355281
2958,-9.60456549,-1.27779091
2959,-11.8882825,-0.162021349
2960,,
2961,-6.84354607,-0.20467296
2962,0.983094183,-0.144049051
2963,12.1505298,-0.337377735
2964,-22.6098528,-0.121105373
2965,-22.6098528,-0.121105373
2966,-9.94125363,1.27396541
2967,-33.5828814,1.45069531
2968,,
2969,15.3370163,0.225527941
2970,22.3983303,0.351394321
2971,-16.6615463,1.20724194
2972,12.3809739,-0.339347474
2973,12.3809739,-0.339347474
2974,11.4001191,-0.525964699
2975,-24.0159278,-1.0213814
2976,,
2977,-7.80509749,-0.880615738
2978,-11.4310406,-0.497738988
2979,20.6254445,-0.0656077392
2980,13.8409559,0.0206516853
2981,13.8409559,0.0206516853
2982,-22.6609078,0.95564794
2983,1.51685945,0.126174993
2984,,
2985,-47.000222,-0.774255621
2986,-55.0507799,0.702144168
2987,-36.4661976,0.857800651
2988,0.883427519,1.3023682
2989,0.883427519,1.3023682
2990,-35.7069006,0.713185584
2991,-12.7532594,-1.3800588
2992,,
2993,-22.9589501,2.75306311
2994,-9.18875951,1.791839
2995,11.6466902,0.0832770285
2996,0.462584095,0.546810847
2997,0.462584095,0.546810847
2998,-21.6595538,-2.09395183
2999,-22.0748254,0.410232711
3000,,
3001,-5.88705531,0.499529207
3002,-20.5044951,0.254136124
3003,2.15949491,-0.309879899
3004,37.594713,1.20392581
3005,37.594713,1.20392581
3006,33.5446707,0.179926511
3007,-35.4343676,-0.107276171
3008,,
3009,35.3768582,-0.508544423
3010,2.25198166,-1.18443304
3011,-16.6323979,-2.3760044
3012,-0.110632903,0
3013,-0.110632903,0
3014,22.7285521,0.325672517
3015,-10.5357027,-1.37638125
3016,,
3017,35.2400964,0.0144116243
3018,12.9417324,0.409852577
3019,-8.69466178,1.25776123
3020,-30.7984998,0.0809111735
3021,-30.7984998,0.0809111735
3022,32.7156984,0.0401759918
3023,1.12982306,0.823320522
3024,,
3025,8.96828901,-1.47082121
3026,-9.88445363,-1.66175779
3027,-8.51261798,-0.848142397
3028,2.15857398,-0.519166907
3029,2.15857398,-0.519166907
3030,12.9497583,-0.359048119
3031,25.8067513,0.183855881
3032,,
3033,0.019493598,-0.216386452
3034,-12.3743157,-0.21735478
3035,-8.41816356,-1.13302248
3036,-10.5057167,-1.40570432
3037,-10.5057167,-1.40570432
3038,22.5863387,0.207772899
3039,-12.1051951,0.439636541
3040,,
3041,27.5172609,-0.14360974
3042,11.8045528,0.683938537
3043,-16.8393383,0.809394785
3044,-34.785083,0.236541081
3045,-34.785083,0.236541081
3046,25.6528072,-0.119948905
3047,45.6484998,1.17354377
3048,,
3049,2.45559728,1.43689779
3050,-8.79033864,1.42838045
3051,-6.88716085,0.0490452059
3052,11.4056418,-0.573393027
3053,11.4056418,-0.573393027
3054,27.3745163,0.89287337
3055,-22.0862436,0.529790115
3056,,
3057,2.22782929,-2.835855
3058,-10.696388,-1.93637573
3059,-26.0166446,-0.525598125
3060,0.801937557,0.662650924
3061,0.801937557,0.662650924
3062,-0.368330822,1.35601674
3063,12.7093331,0.530914088
3064,,
3065,-22.1006505,-0.326565267
3066,-11.4908256,-0.162383657
3067,1.71262463,1.24212334
3068,-19.7804,0.23010752
3069,-19.7804,0.23010752
3070,35.3348769,0.181602348
3071,22.3810527,-1.12664963
3072,,
3073,23.7454328,-0.750359871
3074,12.1183584,-1.4027929
3075,4.26088488,0.72056261
3076,-21.5197992,0.774528919
3077,-21.5197992,0.774528919
3078,-21.9577516,-0.666087375
3079,-21.754698,1.02674619
3080,,
3081,-6.20073328,0.851250584
3082,-8.89326962,1.13834078
3083,-3.49051436,0.0306554145
3084,-10.6384672,0.705773457
3085,-10.6384672,0.705773457
3086,-24.3507707,-1.28835557
3087,22.2327009,0.976725506
3088,,
3089,1.0183134,-0.0421736677
3090,25.1510441,-0.905180172
3091,-3.02461542,-0.544993634
3092,1.3442109,0.897759737
3093,1.3442109,0.897759737
3094,0.567917015,0.195208626
3095,22.7956639,-0.453395794
3096,,
3097,-47.6417975,1.63410186
3098,-45.4551567,1.58370549
3099,-20.4323833,-1.02975691
3100,12.9907987,0.430663295
3101,12.9907987,0.430663295
3102,-33.9701395,0.38406055
3103,9.23620054,-1.26867638
3104,,
3105,25.0730742,-0.939054937
3106,13.1545814,-0.398236889
3107,-29.9885286,0
3108,36.2313887,0.730088898
3109,36.2313887,0.730088898
3110,-10.3031731,0.749733369
3111,12.2897424,-0.978096159
3112,,
3113,0.270343405,0.902157993
3114,-32.0689071,0.474291682
3115,-11.7561759,-0.76281218
3116,12.1586108,0.0848276881
3117,12.1586108,0.0848276881
3118,13.4118231,2.2206915
3119,10.7411996,-2.56878356
3120,,
3121,-14.7365487,-0.794666469
3122,2.00352735,-1.87495496
3123,-11.5304589,-0.960526448
3124,-21.1696964,1.15767191
3125,-21.1696964,1.15767191
3126,-36.4556978,0.889010634
3127,-33.6210367,0.244403656
3128,,
3129,-1.41169996,-0.489453632
3130,-13.5510644,-0.608161135
3131,-46.3398845,1.52103594
3132,35.5623701,-2.09144727
3133,35.5623701,-2.09144727
3134,-9.61972526,0.401002655
3135,1.90662429,0.588325849
3136,,
3137,31.4804502,0.753661078
3138,31.9385766,-0.441309083
3139,31.1857184,-0.171627813
3140,24.0190498,-0.296063375
3141,24.0190498,-0.296063375
3142,-12.1344373,0.486127517
3143,-33.5705861,-0.203114686
3144,,
3145,10.9728085,-0.552325265
3146,-7.70116202,-1.4438108
3147,-11.2759733,1.51507459
3148,-21.5411794,2.62201863
3149,-21.5411794,2.62201863
3150,23.7709356,0.929613274
3151,12.0441274,-0.486292057
3152,,
3153,24.7627242,0.0149483921
3154,2.10026203,0.772969853
3155,5.54383614,-1.61979211
3156,2.80898921,3.43026263
3157,2.80898921,3.43026263
3158,-12.7433478,-0.269966934
3159,-22.6003545,-0.504727104
3160,,
3161,1.50926302,-0.715986788
3162,1.42095645,0
3163,-13.3307263,1.55812753
3164,-21.8865947,0.756471206
3165,-21.8865947,0.756471206
3166,-11.2781026,-0.789359394
3167,11.6584816,0.469879473
3168,,
3169,0.691431851,0.0290087356
3170,-0.172136322,0.750783734
3171,30.2347314,0.560552447
3172,12.7279618,0.0204637773
3173,12.7279618,0.0204637773
3174,-22.308826,-0.673428618
3175,-11.9743155,-0.354102153
3176,,
3177,32.8472375,-1.18909006
3178,32.8578014,-0.50063266
3179,11.2150877,-0.575124241
3180,-1.16016845,0.670865208
3181,-1.16016845,0.670865208
3182,-31.1945264,0.0819036487
3183,-9.83139505,-0.367080538
3184,,
3185,-32.6876518,0.756741407
3186,-10.9128774,1.38292496
3187,48.3957706,0.484301663
3188,0.258323076,-0.146331212
3189,0.258323076,-0.146331212
3190,-12.9285639,0.945592932
3191,-10.2316324,0.956307097
3192,,
3193,24.2257703,-0.596777718
3194,-0.609221944,-0.98766587
3195,-19.7853114,0.0900393924
3196,34.8881056,-0.663745325
3197,34.8881056,-0.663745325
3198,2.02393204,-1.3663888
3199,-9.75595346,-1.17095184
3200,,
3201,-28.3843407,1.28322652
3202,-9.61019306,0.143827576
3203,6.6311103,2.01237579
3204,-13.3815361,0.596785267
3205,-13.3815361,0.596785267
3206,34.0529818,-0.125311452
3207,-0.143861371,1.45337061
3208,,
3209,-22.6836172,-0.0841527237
3210,1.30017718,-0.569983449
3211,-3.18124563,-0.248312941
3212,12.2797967,0.257773892
3213,12.2797967,0.257773892
3214,-35.007203,0.388057403
3215,0.0586994515,0.655938522
3216,,
3217,-6.87179742,1.52432867
3218,-12.300758,0.671785411
3219,-3.43576548,0.45789972
3220,-23.1351557,1.44913389
3221,-23.1351557,1.44913389
3222,-10.9002554,0.322916701
3223,-10.9224976,-2.02427369
3224,,
3225,-14.3635153,0.539678741
3226,-22.4438996,0.249103342
3227,-30.0842798,1.5492654
3228,-0.378520613,-1.17794665
3229,-0.378520613,-1.17794665
3230,-22.1009165,1.53895445
3231,-33.5023593,1.62840865
3232,,
3233,9.18715659,-1.60523737
3234,0.925137181,-1.63512945
3235,5.43607608,-1.90028561
3236,22.8530029,-0.518599722
3237,22.8530029,-0.518599722
3238,-10.309094,-0.26756738
3239,12.2550498,0.183860111
3240,,
3241,-23.3246835,-0.124494153
3242,-21.7204702,-0.429663571
3243,-11.429748,-0.637434406
3244,-11.1557344,1.26509198
3245,-11.1557344,1.26509198
3246,-21.3395109,-0.475789932
3247,-20.7022063,-1.57594276
3248,,
3249,24.3407702,0.588083454
3250,11.9426033,0.0792655769
3251,-11.9190498,1.01348029
3252,-46.3624019,-1.44518881
3253,-46.3624019,-1.44518881
3254,-21.7780972,-0.983066332
3255,-12.2895324,0.84166915
3256,,
3257,0.709423785,0.745893287
3258,-20.8763379,1.01696765
3259,-10.8422942,1.24494917
3260,11.8350803,-0.861528666
3261,11.8350803,-0.861528666
3262,10.877733,-0.64791971
3263,-10.5530109,-0.43015959
3264,,
3265,-6.63908157,0.558022296
3266,-11.0855078,0.535432476
3267,-2.66109877,-0.751784185
3268,11.3470267,-0.731481468
3269,11.3470267,-0.731481468
3270,-12.2302225,-0.376335784
3271,-10.5780983,1.82197355
3272,,
3273,33.2731957,-1.22089499
3274,24.4850892,0.22563501
3275,6.28540731,-1.33880364
3276,22.2277882,0.185140698
3277,22.2277882,0.185140698
3278,0.905702715,0
3279,12.3460895,-0.79799135
3280,,
3281,8.93046241,1.08332486
3282,1.63083971,0.821754869
3283,-19.5725172,1.29039862
3284,-10.1677983,-0.715058617
3285,-10.1677983,-0.715058617
3286,0.740927657,-0.551972193
3287,-23.7389972,-1.30043294
3288,,
3289,2.41870922,0.835801842
3290,-33.7138684,-0.195800436
3291,13.3277245,-0.353554543
3292,1.33332182,-0.556125909
3293,1.33332182,-0.556125909
3294,-12.6096991,-0.455518687
3295,0.822880483,-0.326571351
3296,,
3297,0.431681092,1.20896596
3298,0.685539688,2.14579707
3299,-4.15227293,2.27142401
3300,1.33360157,-0.514028161
3301,1.33360157,-0.514028161
3302,10.7532138,1.51301366
3303,0.503038474,-0.657673086
3304,,
3305,-40.3687788,-0.440012498
3306,-22.2786598,-0.353338386
3307,-38.3668874,0.486265655
3308,36.093523,-1.79677476
3309,36.093523,-1.79677476
3310,-20.9430925,0.987966052
3311,-32.6008648,-0.524417937
3312,,
3313,-6.35488909,-0.633875099
3314,14.6253194,-1.20949736
3315,31.2705756,-0.789092864
3316,-0.270848802,-0.16196059
3317,-0.270848802,-0.16196059
3318,22.6415186,-2.00491579
3319,-11.4349504,-0.483580356
3320,,
3321,10.6063011,0.168573856
3322,0.255387009,-0.749299057
3323,-2.6762066,0.0599363121
3324,12.7794691,-0.554130652
3325,12.7794691,-0.554130652
3326,-44.8973585,-0.900885047
3327,0.809970253,0.476497749
3328,,
3329,10.9531446,1.54335454
3330,2.66715461,1.90958319
3331,-10.9147722,-0.0819811293
3332,9.5105455,0.95912774
3333,9.5105455,0.95912774
3334,-21.9166978,0.479345941
3335,0.698812483,1.67375157
3336,,
3337,-24.6999174,-0.763042586
3338,-11.5244241,-1.21470941
3339,1.6667182,-0.433379906
3340,-46.0993931,0.10468339
3341,-46.0993931,0.10468339
3342,-34.7859519,-0.244159841
3343,2.11569963,2.25690806
3344,,
3345,-23.9969737,2.95423843
3346,-11.4908508,2.08173961
3347,10.9763694,0.804940914
3348,-21.6297168,1.00450545
3349,-21.6297168,1.00450545
3350,35.0683431,-1.0251538
3351,-22.6294743,-1.52729343
3352,,
3353,-13.0887819,0.9625302
3354,-8.54072255,0.745349093
3355,-14.0679403,1.48067398
3356,22.5437257,0.183461405
3357,22.5437257,0.183461405
3358,-12.0919963,2.80188489
3359,3.2108797,-0.0416326696
3360,,
3361,-15.5897333,0.310574202
3362,-35.8164979,0.0627168111
3363,2.29430866,-1.03872715
3364,-8.7114418,0.70712378
3365,-8.7114418,0.70712378
3366,1.22863494,-0.0396501575
3367,13.5806998,-1.00663115
3368,,
3369,11.0274556,0.362172448
3370,24.1079913,-0.180004782
3371,20.0062182,0.262077232
3372,24.1406988,0.862570817
3373,24.1406988,0.862570817
3374,11.3583441,-1.04208102
3375,1.61673741,1.12076092
3376,,
3377,42.7920591,0.332460815
3378,10.6371638,-1.16633493
3379,19.7991183,-0.309099074
3380,-13.4523659,1.76680139
3381,-13.4523659,1.76680139
3382,12.8872443,2.25158391
3383,-21.8874152,0.0814813554
3384,,
3385,-15.1601643,0.638012691
3386,-21.7493559,0.796031382
3387,-14.7869312,-1.73507696
3388,22.1944271,0.264327877
3389,22.1944271,0.264327877
3390,33.9111755,-1.43663275
3391,-33.852797,0.511121842
3392,,
3393,-7.39052697,0.686349992
3394,11.0915584,0.163302045
3395,39.3395963,-0.597835547
3396,26.2903065,0.269335139
3397,26.2903065,0.269335139
3398,-44.1251868,0.502187962
3399,-8.312081,0.40539483
3400,,
3401,17.9738915,0.933318357
3402,12.5994634,0.0201650381
3403,22.5744973,-0.18436669
3404,12.5912351,1.83281057
3405,12.5912351,1.83281057
3406,13.6044663,-1.82727358
3407,-20.4873377,-0.653823126
3408,,
3409,-23.1581358,0.837691447
3410,-9.28495331,0.434873212
3411,-7.07563699,-0.625062614
3412,-23.0018831,0.333258301
3413,-23.0018831,0.333258301
3414,-34.2227733,-0.687039387
3415,32.7609305,0.845442815
3416,,
3417,9.27619765,1.0416918
3418,0.797560032,-1.61825002
3419,19.7557488,-2.07555456
3420,23.0650319,-1.88696487
3421,23.0650319,-1.88696487
3422,-0.120020216,0.88068938
3423,-32.6143488,-0.409243119
3424,,
3425,-32.1505456,1.39020634
3426,-10.7948982,0.985344305
3427,-7.02764399,-1.46653568
3428,24.9408404,-1.03477225
3429,24.9408404,-1.03477225
3430,34.6849932,-1.12366705
3431,-0.259180727,-0.101788041
3432,,
3433,-48.9561155,0.505837665
3434,-31.7240292,0.892239884
3435,-35.0125868,-0.864101266
3436,12.250633,0.757328287
3437,12.250633,0.757328287
3438,-24.4029312,-0.948485651
3439,22.6240322,-0.350776575
3440,,
3441,-5.70221186,0.0431608405
3442,-21.6662972,0.849580862
3443,37.8690201,-0.425498217
3444,-10.0889704,0.378519366
3445,-10.0889704,0.378519366
3446,9.76421944,0.447467157
3447,35.7449545,-0.609457498
3448,,
3449,-23.8328361,0.0586360641
3450,-21.9498871,-0.801801758
3451,-27.240743,-0.557390226
3452,13.7756654,0.488333869
3453,13.7756654,0.488333869
3454,2.52640594,2.25236307
3455,-21.9472328,0.777333585
3456,,
3457,27.8190462,-0.769826875
3458,13.7926638,-0.887786141
3459,-40.9979539,0.206344516
3460,-13.2070406,-1.50908331
3461,-13.2070406,-1.50908331
3462,-34.8426597,-0.597171407
3463,-9.23119621,1.09350421
3464,,
3465,40.1764928,0.267731626
3466,22.6317339,-0.857675428
3467,11.0826503,1.48788532
3468,21.2206898,0.608451358
3469,21.2206898,0.608451358
3470,-37.6708394,-0.727383664
3471,12.7978391,-1.47616179
3472,,
3473,-22.6867992,-1.19566901
3474,-19.9937525,-2.37785229
3475,-24.3243533,-0.512036702
3476,-10.0129396,0.394405319
3477,-10.0129396,0.394405319
3478,34.9341594,-0.120611927
3479,0.855808816,0.350055654
3480,,
3481,18.5034651,-0.185113319
3482,-11.2749299,-1.75152579
3483,-30.7237463,-0.837102222
3484,1.21343651,-0.264220032
3485,1.21343651,-0.264220032
3486,-19.7579676,0.645070556
3487,10.9311602,0.10167131
3488,,
3489,32.9490092,-2.05567476
3490,35.2946547,-0.992455752
3491,-16.1354029,1.49496006
3492,12.4813249,-0.687313486
3493,12.4813249,-0.687313486
3494,-21.4275204,1.31364813
3495,-1.07323098,1.24630305
3496,,
3497,34.2514054,0.0841980244
3498,13.4964987,-0.835196053
3499,-4.66407362,-0.700035147
3500,-0.257052416,-0.0200605546
3501,-0.257052416,-0.0200605546
3502,12.1030342,1.48065431
3503,-10.7624088,1.13338657
3504,,
3505,0.405673574,-0.767592419
3506,0.657390953,-0.284513575
3507,-14.0612338,-1.957933
3508,0.867435076,0.865817925
3509,0.867435076,0.865817925
3510,-10.6854643,0.560096025
3511,14.4656027,-0.0792028518
3512,,
3513,-14.1589993,0.813798569
3514,0.540614282,0.453355145
3515,1.35957427,2.19342784
3516,2.05914247,-0.0813663547
3517,2.05914247,-0.0813663547
3518,-23.1477893,1.25948297
3519,35.5596815,0.0808438841
3520,,
3521,-5.90657533,-2.62532291
3522,-21.4182874,-2.59837246
3523,-6.24914147,-1.17474475
3524,22.4481873,-0.0205151295
3525,22.4481873,-0.0205151295
3526,11.562883,0.927154823
3527,35.0595706,1.95071128
3528,,
3529,-22.8883595,1.02586014
3530,-22.0740949,1.43557944
3531,-8.05290649,1.62431635
3532,-8.99057469,0.208914551
3533,-8.99057469,0.208914551
3534,22.2070492,-2.07001126
3535,-32.0844037,1.16697279
3536,,
3537,25.2989806,2.27079275
3538,22.6480178,0.842803021
3539,11.154032,1.34741163
3540,-9.17834129,1.44205985
3541,-9.17834129,1.44205985
3542,-0.78969391,1.24430818
3543,23.9374128,-1.26382483
3544,,
3545,-16.537597,0.842173593
3546,-31.3878721,-0.394505453
3547,29.027957,-0.111064833
3548,22.9637926,-0.339279181
3549,22.9637926,-0.339279181
3550,-10.4163011,0.699884044
3551,23.0661897,-0.158809608
3552,,
3553,8.70544203,1.20914005
3554,-0.141417812,1.69114144
3555,0.488012577,0.283951649
3556,-33.9066558,1.18291578
3557,-33.9066558,1.18291578
3558,-24.7681455,0.953498232
3559,11.0251194,-0.171636954
3560,,
3561,7.37635981,-1.18166739
3562,-0.726861581,-1.51220774
3563,-32.3414575,-0.392199387
3564,0.817369576,-2.28361372
3565,0.817369576,-2.28361372
3566,-33.1521506,-0.261896859
3567,0.810759605,1.79093247
3568,,
3569,26.8049138,-0.281409414
3570,13.0362222,0.164279581
3571,-7.29534047,-0.0807243848
3572,0.469054959,0.169477433
3573,0.469054959,0.169477433
3574,-8.63373752,2.2490414
3575,-9.54299869,1.00935162
3576,,
3577,9.26767776,0.54422181
3578,0.569321286,0.676063521
3579,-25.0705136,2.3013754
3580,11.97722,-1.87129403
3581,11.97722,-1.87129403
3582,-8.94703679,0.722731617
3583,0.827279324,0.720103117
3584,,
3585,-7.30274775,-0.461996018
3586,12.4008743,0.432306854
3587,2.53910175,-1.76282331
3588,-0.31972737,1.2879419
3589,-0.31972737,1.2879419
3590,11.6231861,-0.0204252697
3591,-9.96596275,0.995011985
3592,,
3593,23.4120474,0.556459421
3594,11.1457906,0.452087354
3595,-18.7407462,2.32640966
3596,0.379814066,0.926306422
3597,0.379814066,0.926306422
3598,-1.34418859,-0.503069898
3599,-9.7185017,-1.82159036
3600,,
3601,-31.9329034,1.59948452
3602,-32.1769185,0.853030262
3603,-1.17749625,0.0591430641
3604,0.890640532,-1.81812168
3605,0.890640532,-1.81812168
3606,-23.5811882,0.860208947
3607,-21.2110672,-0.617980092
3608,,
3609,7.98016619,1.20289489
3610,11.2995575,0.0407673967
3611,7.76530685,-0.747002108
3612,-43.7103838,-0.401999861
3613,-43.7103838,-0.401999861
3614,-47.062055,0.294765378
3615,-23.6354025,0.265556829
3616,,
3617,-15.6288867,0.761906068
3618,-36.6477363,0.79585085
3619,16.5367154,1.60451474
3620,1.29908023,-1.48514251
3621,1.29908023,-1.48514251
3622,1.23852417,1.75488093
3623,-9.87504682,-1.58636427
3624,,
3625,-4.53142147,1.73765919
3626,-9.13889054,0.643236903
3627,40.6686875,-0.370080642
3628,0.582234876,0.0812169917
3629,0.582234876,0.0812169917
3630,-9.6508201,0.702876594
3631,33.2922462,-0.665223879
3632,,
3633,-6.30752795,-0.829329799
3634,-21.0078917,-1.34365891
3635,-26.5095289,-0.408093405
3636,-10.354275,-0.402911764
3637,-10.354275,-0.402911764
3638,-10.6512071,-0.864653918
3639,1.14833043,-1.13570723
3640,,
3641,24.1374358,-0.54208749
3642,21.9487212,-0.969197893
3643,6.82867178,-1.75154368
3644,-12.1204014,-0.899427774
3645,-12.1204014,-0.899427774
3646,34.5689034,1.24534286
3647,-21.7803055,-0.916515139
3648,,
3649,-32.3504011,-1.35238698
3650,-35.60522,-1.37733506
3651,5.66735699,0.259675417
3652,25.6097719,1.441975
3653,25.6097719,1.441975
3654,9.08207265,1.96765577
3655,9.73405956,-0.570735827
3656,,
3657,8.2310619,-0.663443437
3658,0.628352278,0.0842163148
3659,-17.9017213,0.776964587
3660,12.5948257,0.595937814
3661,12.5948257,0.595937814
3662,-9.78885785,-0.200972664
3663,1.81422278,-0.716223186
3664,,
3665,-14.6325353,0.41974576
3666,-10.6968973,-0.803592984
3667,-1.75932638,-0.279594597
3668,-10.7458029,1.64574209
3669,-10.7458029,1.64574209
3670,0,1.43718199
3671,-23.3638462,-0.159197971
3672,,
3673,26.6506643,-1.43411087
3674,23.0848978,-0.224971724
3675,-37.4645716,0.72818883
3676,-24.0419247,-0.203879449
3677,-24.0419247,-0.203879449
3678,2.58872813,-0.165729701
3679,1.52273781,0.10101851
3680,,
3681,-6.02193348,-0.643736324
3682,-10.3129873,0.530871926
3683,-2.74469456,1.83593141
3684,-10.0975829,-0.454813512
3685,-10.0975829,-0.454813512
3686,-11.3806094,-2.0373681
3687,33.2284847,0.655515106
3688,,
3689,10.7971347,-0.568118308
3690,13.6159694,-1.64703458
3691,-18.5526208,0.108646607
3692,20.9845874,-0.569295921
3693,20.9845874,-0.569295921
3694,-9.08215942,-1.30883743
3695,-22.9844381,-0.319815058
3696,,
3697,8.64520493,-1.50338336
3698,11.6385726,-0.600901063
3699,25.2987734,-1.0040136
3700,-11.1930548,0.419901719
3701,-11.1930548,0.419901719
3702,34.7240291,0.724908791
3703,-10.263075,0.121470193
3704,,
3705,-6.07429587,1.25485877
3706,1.10185973,0.786925816
3707,8.37215593,-0.661636589
3708,-12.6039838,-0.143951305
3709,-12.6039838,-0.143951305
3710,-12.8292759,0.82281808
3711,-34.2768085,-0.401472148
3712,,
3713,-47.1494113,-0.196658216
3714,-34.4677649,-0.661975602
3715,6.29771499,1.20879191
3716,1.11702726,0.142217856
3717,1.11702726,0.142217856
3718,13.6949708,0.162173964
3719,11.435907,-0.302663167
3720,,
3721,17.215236,-0.609169315
3722,24.2599773,-0.141210251
3723,27.3361654,0.61962115
3724,-21.8757696,-0.903916075
3725,-21.8757696,-0.903916075
3726,-22.3923035,1.51593224
3727,-22.9176515,-0.100997021
3728,,
3729,-7.24391971,0.604227112
3730,-33.689298,1.20242098
3731,1.35655282,0.623897396
3732,-22.282632,-0.428321126
3733,-22.282632,-0.428321126
3734,12.0446131,0.269552819
3735,-11.9301496,0.911407097
3736,,
3737,-15.754301,1.270148
3738,-12.3142612,0.511958867
3739,2.71641463,-0.400742054
3740,24.7392664,-0.461623745
3741,24.7392664,-0.461623745
3742,14.8267118,0.759935632
3743,0.351340631,1.44396458
3744,,
3745,1.79734594,-0.575430562
3746,0.506821752,-0.546639732
3747,-8.61770309,-1.76988813
3748,1.28301137,0.451813564
3749,1.28301137,0.451813564
3750,-35.5077868,-0.730211543
3751,-10.8348353,-0.143911653
3752,,
3753,10.8614461,0.0719387648
3754,13.9480332,-0.26410904
3755,-40.0211224,0.0452859273
3756,-34.8445334,0.0622822596
3757,-34.8445334,0.0622822596
3758,23.4402361,-1.17105837
3759,13.0073978,-0.0399251031
3760,,
3761,-22.5059095,0.0141952914
3762,-23.4536684,-0.200803615
3763,-15.786328,0.210228293
3764,13.2458036,-0.730336667
3765,13.2458036,-0.730336667
3766,-32.7861848,1.03325101
3767,0.760677232,1.27987311
3768,,
3769,16.5646978,-0.984401267
3770,12.6058817,0.1783057
3771,-5.04862165,0.619450964
3772,-21.2189535,0.0203107021
3773,-21.2189535,0.0203107021
3774,1.66884964,0.54470711
3775,-12.0068574,-0.422899864
3776,,
3777,-15.3883389,0
3778,10.949501,-0.0977334409
3779,3.43771862,0.489893615
3780,-0.167501225,-0.229880072
3781,-0.167501225,-0.229880072
3782,12.0458021,-0.576680234
3783,23.0121165,2.43444191
3784,,
3785,-0.235242328,0.576820464
3786,-21.7920641,-0.0197985828
3787,-30.7489418,1.7561776
3788,0.526660301,-0.752765647
3789,0.526660301,-0.752765647
3790,2.06395707,1.08464141
3791,-11.3596695,-1.46395184
3792,,
3793,10.4736478,-0.557500645
3794,-9.37851383,-1.67202094
3795,-30.6344362,-0.380419501
3796,0.737929904,0.157940797
3797,0.737929904,0.157940797
3798,11.7023547,-1.40852067
3799,-20.6029654,-1.07677983
3800,,
3801,-6.39951269,2.03261753
3802,-21.034908,2.66898532
3803,-5.62011466,-0.0297757907
3804,38.2221127,-0.0830696232
3805,38.2221127,-0.0830696232
3806,12.7420312,1.10067667
3807,-0.260046977,0.654697623
3808,,
3809,-6.64822155,0.332009084
3810,1.41687901,-0.58407938
3811,10.6697074,-1.83469448
3812,-34.8209941,0.820102304
3813,-34.8209941,0.820102304
3814,1.21112599,-1.29074595
3815,-9.60856508,0.330306416
3816,,
3817,-23.0698266,-0.174237995
3818,-45.5340398,-0.369491627
3819,3.36620224,0.994221699
3820,-33.3929046,0.138367598
3821,-33.3929046,0.138367598
3822,24.4139072,0.477771968
3823,-0.391016642,-0.312267236
3824,,
3825,-0.720794739,-1.93084653
3826,-0.355020847,-1.13100068
3827,8.48206293,-1.08670076
3828,-22.5404985,-1.54039052
3829,-22.5404985,-1.54039052
3830,-22.1883526,-1.75539383
3831,-11.37401,-0.186486537
3832,,
3833,33.0317944,0.0271148332
3834,24.6305117,-1.06053151
3835,-6.70630344,0.565152113
3836,2.4203379,0.0409142236
3837,2.4203379,0.0409142236
3838,-9.88987317,1.9643988
3839,1.18192832,0.0206002237
3840,,
3841,10.2947426,-1.18206734
3842,23.3431826,-0.519762449
3843,-14.2242465,0.0720038696
3844,12.7980455,0.0404715683
3845,12.7980455,0.0404715683
3846,1.14503119,-1.13213604
3847,-34.3547027,-0.804016101
3848,,
3849,25.8467602,-0.592334957
3850,23.7194236,0.121565009
3851,3.9288423,-0.680892109
3852,-8.45710157,1.59129879
3853,-8.45710157,1.59129879
3854,-22.5114479,0.169295487
3855,-11.3549103,0.711628381
3856,,
3857,16.6939852,-0.508411392
3858,23.1919399,-0.235299673
3859,5.08893928,-0.015208627
3860,24.8825497,2.05171217
3861,24.8825497,2.05171217
3862,24.3199265,-0.245323548
3863,1.56427194,-0.0613060723
3864,,
3865,-23.3322526,0.381591476
3866,-22.6594961,0.526324881
3867,-28.4681565,-0.0920990936
3868,12.7072943,-1.50708851
3869,12.7072943,-1.50708851
3870,1.65332326,0.0799159222
3871,12.1444619,-0.415570977
3872,,
3873,-31.2736274,0.0566522338
3874,-21.0544426,1.45897147
3875,-12.7549207,0.0940069528
3876,-12.1344373,1.14849692
3877,-12.1344373,1.14849692
3878,13.3323207,1.51246629
3879,-8.95634975,1.0775819
3880,,
3881,-6.32299325,1.07062201
3882,-10.2847426,0.0626608296
3883,4.57562738,2.23331703
3884,-10.4130775,0.207696509
3885,-10.4130775,0.207696509
3886,-12.0486182,0.251200199
3887,0.766043544,1.13868977
3888,,
3889,8.15985892,-0.0878786401
3890,10.3964417,-0.616196926
3891,12.7787137,0.378060399
3892,-0.200580287,0.138642119
3893,-0.200580287,0.138642119
3894,23.116531,0.44693365
3895,-0.234206961,-1.89486893
3896,,
3897,-7.51291925,0.22970673
3898,12.9636259,0.407915951
3899,-14.142092,0.575964398
3900,-0.176104438,-1.16152875
3901,-0.176104438,-1.16152875
3902,-1.60924885,-0.37699693
3903,-0.139202722,1.05292762
3904,,
3905,1.33129715,0.728480705
3906,-10.2528823,0.993221935
3907,4.26162678,-1.15205121
3908,-11.2042945,1.71363709
3909,-11.2042945,1.71363709
3910,25.1548722,1.22039534
3911,-10.1869175,0.491147409
3912,,
3913,23.6533106,-0.0693204371
3914,23.181323,-0.318127049
3915,50.0491768,-0.513802887
3916,11.3874021,1.09032975
3917,11.3874021,1.09032975
3918,0.90185224,0.42811228
3919,22.3972214,-0.456349023
3920,,
3921,-39.1204261,-0.737550364
3922,-11.3259571,0.452800325
3923,-5.76205734,0.355584691
3924,35.0628332,-0.233180732
3925,35.0628332,-0.233180732
3926,73.2565602,-1.3664395
3927,-21.7859431,-0.122365281
3928,,
3929,24.7021338,0.82113587
3930,0.116300826,1.65383469
3931,-4.58133552,0.347364346
3932,0.699693184,-0.0202264763
3933,0.699693184,-0.0202264763
3934,-11.6104529,1.34490581
3935,-10.2619309,-1.74192291
3936,,
3937,1.29652914,1.41980604
3938,13.147639,0.324150347
3939,-11.03906,0.948654166
3940,23.4796792,-0.299571657
3941,23.4796792,-0.299571657
3942,-21.5003987,1.70077632
3943,13.4593121,1.01828556
3944,,
3945,-31.4505187,-0.624534132
3946,-22.3312391,0.181572335
3947,-12.835256,1.12816212
3948,-31.9624221,1.55056664
3949,-31.9624221,1.55056664
3950,11.4466325,1.12191175
3951,0.520708987,-0.239750645
3952,,
3953,7.4010666,1.50186021
3954,-1.31387047,1.62070856
3955,4.56247096,-0.486307601
3956,-10.3299885,1.79255676
3957,-10.3299885,1.79255676
3958,-11.4447159,-0.161523976
3959,11.9278332,-0.265846134
3960,,
3961,0.909497886,1.38380661
3962,-21.4830321,1.12128616
3963,4.87662352,0.890804273
3964,-10.0491207,-0.0404880264
3965,-10.0491207,-0.0404880264
3966,23.1811003,-0.0786341295
3967,13.7502523,1.2831329
3968,,
3969,-7.89949324,1.49401399
3970,-11.1107927,0.359004804
3971,7.95274197,0.0889314522
3972,0.0286765235,0.554505514
3973,0.0286765235,0.554505514
3974,-22.5750119,1.12946017
3975,-34.4054275,-0.884068566
3976,,
3977,-23.2801788,-0.35326355
3978,-45.0378114,-0.199103606
3979,-17.0064453,0.180998794
3980,-22.27588,2.64825929
3981,-22.27588,2.64825929
3982,-12.6527431,0.704288343
3983,-24.7049539,-0.100912232
3984,,
3985,0.335595551,-0.499047971
3986,-0.0615858078,-0.875311758
3987,10.6753246,0.35980419
3988,1.08370888,-0.612162033
3989,1.08370888,-0.612162033
3990,11.6453183,-1.17486478
3991,-10.0644714,0.832263939
3992,,
3993,-40.2085438,-1.11140368
3994,-12.1640247,-0.573561844
3995,42.4505524,-0.22152877
3996,12.1437083,-1.81108978
3997,12.1437083,-1.81108978
3998,13.4207881,1.83602755
3999,12.1723644,1.62454943
4000,,
4001,-15.8987306,0.129572085
4002,-45.8356021,-0.249555196
4003,-25.535727,-0.931223739
4004,1.27286327,-0.0402586068
4005,1.27286327,-0.0402586068
4006,22.6472411,0.377621192
4007,-10.4017419,0.363010082
4008,,
4009,-32.6451182,1.8077474
4010,-21.9335895,0.717040899
4011,20.1210653,1.3044709
4012,1.41352488,-1.09961259
4013,1.41352488,-1.09961259
4014,-22.0204076,0.427176242
4015,12.3084311,0.681340091
4016,,
4017,16.4117184,-1.06637508
4018,23.104338,-0.0626974476
4019,-8.28233974,0.494695791
4020,-0.941955656,-0.548732309
4021,-0.941955656,-0.548732309
4022,-11.3789824,-2.97510324
4023,-10.1749432,-0.295142673
4024,,
4025,-8.00923904,-0.115361201
4026,0.769116602,0.0784883045
4027,15.4832634,-0.874404164
4028,1.80578081,1.51755259
4029,1.80578081,1.51755259
4030,0.690070135,0
4031,39.6480565,0.875603122
4032,,
4033,-8.24462266,-3.088363
4034,11.2578186,-1.57466572
4035,9.68486841,1.13447664
4036,-22.7249703,-0.347475274
4037,-22.7249703,-0.347475274
4038,-10.2972752,0.828283993
4039,11.2021701,-0.561684482
4040,,
4041,34.1011372,-2.03679878
4042,14.3442934,-0.893389678
4043,-5.10977802,0.907706416
4044,-10.2379934,-1.33058914
4045,-10.2379934,-1.33058914
4046,-0.283883391,0.19566512
4047,0.277886352,0.795865201
4048,,
4049,1.27879903,-1.94653186
4050,-11.1149139,-0.57565953
4051,2.51883365,0.846694352
4052,-20.890014,-0.263669187
4053,-20.890014,-0.263669187
4054,32.5379019,-1.93087598
4055,47.4521343,0.201053071
4056,,
4057,-15.3097242,0.850854585
4058,-10.5092044,0.952960134
4059,-16.5718255,1.0735944
4060,23.7116799,-0.0416391819
4061,23.7116799,-0.0416391819
4062,-22.315768,-0.278253667
4063,13.5968967,-1.27145379
4064,,
4065,-24.7299556,0.699781148
4066,-21.1950328,1.62964241
4067,-39.7715377,0.637445708
4068,-21.8231628,0.71824165
4069,-21.8231628,0.71824165
4070,-21.3078332,1.19666052
4071,1.42285492,-1.36837861
4072,,
4073,0.798892652,-0.343088684
4074,0.147841217,0.310039501
4075,-25.4330156,-0.700347025
4076,1.08651599,-0.0824656933
4077,1.08651599,-0.0824656933
4078,22.0251307,0.465962529
4079,-30.1769706,0.887327241
4080,,
4081,9.02308015,1.13203154
4082,11.7836444,0.385306252
4083,-20.6208915,-0.670357139
4084,11.698502,-0.87337825
4085,11.698502,-0.87337825
4086,-0.20483981,0.292171166
4087,1.67725285,-1.05683529
4088,,
4089,-15.4840619,-0.831209931
4090,-9.53997116,0.100026326
4091,9.85092652,1.20082597
4092,22.2754161,0.663167396
4093,22.2754161,0.663167396
4094,-21.8120883,-0.203950852
4095,-22.0740949,-0.725423095
4096,,
4097,-32.7349458,0.0706421053
4098,-22.9898452,0.827353619
4099,-13.941044,0.152816344
4100,47.5965305,-0.411295764
4101,47.5965305,-0.411295764
4102,-21.0801743,0.0206347088
4103,-32.5233437,-0.534726713
4104,,
4105,-24.779487,1.51390631
4106,13.2807752,0.69614128
4107,24.1841412,0.887635736
4108,-44.9565895,-0.48690955
4109,-44.9565895,-0.48690955
4110,11.92279,-0.789550515
4111,21.8241799,-0.834433077
4112,,
4113,-31.9513547,-0.566546288
4114,-22.1343302,-0.671671915
4115,-25.8396714,1.21011728
4116,-10.5134449,1.06924185
4117,-10.5134449,1.06924185
4118,11.9123485,-1.6125176
4119,-23.6136306,-1.91315176
4120,,
4121,1.18550822,-0.921688404
4122,12.4154559,-1.39256606
4123,5.44400595,0.392915977
4124,-11.2410988,0.361335515
4125,-11.2410988,0.361335515
4126,23.8323205,1.03557737
4127,0.481334232,-0.54672174
4128,,
4129,-7.09699917,-0.980377845
4130,-10.5105074,-1.22057638
4131,15.7639547,-0.989255789
4132,12.0665675,-0.158636575
4133,12.0665675,-0.158636575
4134,11.7964766,-1.59345527
4135,35.8233137,-0.181120236
4136,,
4137,-13.9219862,0.400765323
4138,-45.2541058,-0.643229084
4139,-52.7053186,0.529405086
4140,11.5784154,-0.0398069999
4141,11.5784154,-0.0398069999
4142,12.0050048,-0.861624077
4143,1.5034739,1.18553792
4144,,
4145,-14.6899514,-1.46215844
4146,0.0589032715,0.309976797
4147,-24.4834579,-1.22109934
4148,0.839528818,0.578958996
4149,0.839528818,0.578958996
4150,12.0481448,0.458537084
4151,-44.6274585,-1.71104205
4152,,
4153,-23.4734725,-0.764224491
4154,-11.4412647,-0.235728702
4155,4.78496737,-0.245332878
4156,-19.541121,-0.493251171
4157,-19.541121,-0.493251171
4158,23.8334399,-1.0559431
4159,0.892110488,-0.752277048
4160,,
4161,0.844440865,-0.909587233
4162,-12.9154205,-0.718900113
4163,-28.8436126,-2.18983418
4164,10.1343673,-0.119964287
4165,10.1343673,-0.119964287
4166,-20.4047569,-0.394737545
4167,13.5803885,-1.0022014
4168,,
4169,-6.60483128,0.543021594
4170,-10.8502383,0.304121447
4171,3.84586441,0.3442146
4172,0.860499781,-1.09734249
4173,0.860499781,-1.09734249
4174,12.4797417,1.14365428
4175,23.8975903,0.586810942
4176,,
4177,25.5208899,0.772630877
4178,11.92279,-0.873262686
4179,4.32988466,1.99197039
4180,-10.8528233,-0.742083739
4181,-10.8528233,-0.742083739
4182,12.9673303,-1.18440442
4183,1.30217672,2.73600305
4184,,
4185,18.0202199,-1.12412562
4186,1.19233601,-1.0024684
4187,-3.76742354,0.0443131185
4188,-22.3072128,0.184411438
4189,-22.3072128,0.184411438
4190,12.2903141,-0.133573598
4191,-1.10117952,1.14928967
4192,,
4193,-7.82915167,0.0720027469
4194,-11.246719,-1.3006682
4195,-12.6968969,-2.3898843
4196,-23.7704554,-0.169462185
4197,-23.7704554,-0.169462185
4198,-22.1646509,2.00790758
4199,-11.5856594,-1.81616737
4200,,
4201,19.0117659,0.298265957
4202,-22.5962817,-0.241051563
4203,-11.6618731,-0.800925394
4204,-33.1286881,-0.562617537
4205,-33.1286881,-0.562617537
4206,2.89573212,0.974825516
4207,12.9497583,-0.520125158
4208,,
4209,-16.284505,-0.681725081
4210,0.357221788,0.157027985
4211,12.3844126,-0.660255712
4212,-23.5137524,0.220458522
4213,-23.5137524,0.220458522
4214,-10.2822292,0.29758903
4215,12.3493781,-0.160575076
4216,,
4217,17.8938064,0.192214484
4218,-9.66085947,0.415686143
4219,31.4883848,-0.373822459
4220,10.4006735,-0.420452309
4221,10.4006735,-0.420452309
4222,12.5686611,0.484905826
4223,21.3843176,2.79561454
4224,,
4225,1.27239377,-1.68020172
4226,11.7059776,-0.272339625
4227,10.1481998,0.60763553
4228,-1.08729374,-0.743669366
4229,-1.08729374,-0.743669366
4230,-23.8916287,-1.38043523
4231,-20.437057,0.869517162
4232,,
4233,-14.9429677,0.354829612
4234,-10.5552747,-0.363393677
4235,-28.4587306,-0.0709578964
4236,-22.9514893,-0.503469384
4237,-22.9514893,-0.503469384
4238,0.86927306,-0.281384233
4239,15.1695426,2.63216211
4240,,
4241,35.2741165,-2.36468404
4242,13.0948866,-1.70153262
4243,33.8135332,1.46664191
4244,23.5195616,-1.31533788
4245,23.5195616,-1.31533788
4246,-10.1645093,-0.699448022
4247,22.7791047,0.0793850487
4248,,
4249,-16.4457797,0.761236808
4250,-33.3880387,0.359223719
4251,8.00642228,0.254585321
4252,24.8507648,-0.890633837
4253,24.8507648,-0.890633837
4254,-20.878459,-0.806369588
4255,-0.310651172,-0.437956872
4256,,
4257,-6.53674796,-0.116478214
4258,-11.2544402,0.604389969
4259,33.1217367,-1.09033659
4260,-9.97021832,0.878903706
4261,-9.97021832,0.878903706
4262,11.5229641,0.814193206
4263,11.9988825,-0.43563149
4264,,
4265,-8.06854004,0.395224738
4266,0.603977207,1.18084858
4267,-25.7282122,-0.312533059
4268,11.4047893,-1.94033565
4269,11.4047893,-1.94033565
4270,-22.4417661,-1.55162285
4271,-11.6145581,-1.6678307
4272,,
4273,6.99031868,0.202384039
4274,31.6518016,-0.101723399
4275,-36.2529884,0.511760395
4276,-10.8969596,1.63852773
4277,-10.8969596,1.63852773
4278,20.7832228,-0.266262271
4279,1.86062775,-0.454899294
4280,,
4281,8.70793289,-0.792418098
4282,-10.7813562,-0.302216351
4283,8.7451746,-0.37591117
4284,13.2682302,1.25023394
4285,13.2682302,1.25023394
4286,35.8230029,-1.48141235
4287,-10.1022389,0.593107272
4288,,
4289,-25.0170809,1.41413794
4290,-12.2338871,0.709439019
4291,-10.4313851,-0.552445807
4292,-20.9963586,0.159735993
4293,-20.9963586,0.159735993
4294,-11.9791972,-0.743370508
4295,-0.699407187,0.67479423
4296,,
4297,-15.9396584,0.174191981
4298,-12.4064644,0.274137469
4299,22.4118459,1.70369871
4300,1.86958669,-0.526644231
4301,1.86958669,-0.526644231
4302,-48.1730813,0.159287316
4303,-12.6369741,0.230432096
4304,,
4305,-15.2852839,1.54662327
4306,1.37670144,1.0109761
4307,-10.3108874,1.1127756
4308,-23.8515649,-1.2226082
4309,-23.8515649,-1.2226082
4310,24.9981181,0.447266868
4311,12.8226229,0.264767187
4312,,
4313,-15.3827793,0.706279202
4314,11.7676873,0.709245615
4315,-11.2383166,-0.221602416
4316,12.3634797,1.11091594
4317,12.3634797,1.11091594
4318,1.1298107,-0.404955139
4319,0.392801989,-0.560149955
4320,,
4321,26.0656213,2.00007407
4322,37.8956013,0.740285408
4323,-1.92496374,0.0590711257
4324,36.029761,0.496026079
4325,36.029761,0.496026079
4326,-20.2504233,-2.64762678
4327,0.59468016,0.160452155
4328,,
4329,-8.44605904,0.801706843
4330,-11.238077,-0.542180992
4331,-46.692651,0.0620199082
4332,-0.20716481,-1.3465724
4333,-0.20716481,-1.3465724
4334,0.274948432,0.105576794
4335,13.0314349,-0.735650154
4336,,
4337,-0.479345941,-1.0742123
4338,-12.1710025,-0.893341795
4339,-29.5370701,0.170733681
4340,-0.396515206,-0.592884803
4341,-0.396515206,-0.592884803
4342,-11.3903948,0.569126127
4343,1.19570198,-2.94044055
4344,,
4345,1.79906008,1.23902488
4346,-19.6929119,1.07341613
4347,-8.96537117,1.24096464
4348,33.4613378,0.576970674
4349,33.4613378,0.576970674
4350,1.64204682,0.161902059
4351,-22.860304,1.51035973
4352,,
4353,-6.73580144,-0.360811376
4354,0.213840777,1.19436672
4355,-8.19130012,1.37348959
4356,-0.134772434,0.856579291
4357,-0.134772434,0.856579291
4358,12.2389424,-0.916129681
4359,-22.1047039,0.188191253
4360,,
4361,-6.31380534,-2.09975749
4362,-21.6253939,-1.7444765
4363,-16.6077648,1.20071633
4364,-10.9418388,0.371518535
4365,-10.9418388,0.371518535
4366,0.604134561,-1.55677064
4367,-33.7154558,-1.05725681
4368,,
4369,1.39275833,1.16913264
4370,11.5439528,0.290011381
4371,-20.2095665,-1.70110008
4372,-10.3531659,0.312285787
4373,-10.3531659,0.312285787
4374,12.4108219,-1.04713592
4375,-0.289242094,-0.992637075
4376,,
4377,35.1392244,0.703819667
4378,36.1586902,0.188946431
4379,-28.953391,-0.101241
4380,-33.8645673,0.883302954
4381,-33.8645673,0.883302954
4382,22.2248825,-0.234566354
4383,11.6833975,-1.97011689
4384,,
4385,0.558402372,0.200275542
4386,0.59089204,1.1105739
4387,-0.110321994,-0.556263639
4388,-0.350139094,0.0201154889
4389,-0.350139094,0.0201154889
4390,-0.857911113,1.94137477
4391,-22.9409989,0.530729983
4392,,
4393,1.17954279,0.418186642
4394,0.899856237,0.406226012
4395,-8.28524304,-1.03285419
4396,-24.4093424,-1.75351243
4397,-24.4093424,-1.75351243
4398,-22.5017066,0.776752218
4399,-22.0372365,0.103910005
4400,,
4401,-14.9305615,-0.651078683
4402,13.8483938,-1.94450982
4403,40.7620547,-0.458672368
4404,-20.987764,2.19411054
4405,-20.987764,2.19411054
4406,24.0938255,-0.373335813
4407,-23.7568273,2.73557488
4408,,
4409,0.171527036,-1.18588025
4410,-10.811168,-2.12815311
4411,4.85953366,0.0876493999
4412,9.31980976,-0.227279346
4413,9.31980976,-0.227279346
4414,45.7568267,0.288845701
4415,22.8710843,-1.10200981
4416,,
4417,0.757427496,-0.78338953
4418,-12.5023944,-0.861038698
4419,51.6663726,0.684806768
4420,-9.38227777,-1.82270648
4421,-9.38227777,-1.82270648
4422,-32.1697742,1.45634885
4423,12.7551559,-1.41165266
4424,,
4425,-15.0757328,-0.339715859
4426,-10.8449851,-0.424993996
4427,-33.5564227,0.140252189
4428,1.17908605,0.416098211
4429,1.17908605,0.416098211
4430,0.342868735,0.612431435
4431,25.4630365,1.01682744
4432,,
4433,44.4430958,-1.55007915
4434,23.8197687,-0.923577438
4435,8.74736466,-0.666163515
4436,2.4896497,1.21889159
4437,2.4896497,1.21889159
4438,10.3644757,-0.0208108096
4439,62.8469942,0.910090846
4440,,
4441,1.31679344,-0.279684841
4442,11.9077276,0.0608962294
4443,-4.47556725,0.10811188
4444,23.6459742,-1.2434878
4445,23.6459742,-1.2434878
4446,1.43932314,-0.832400311
4447,0.647223984,-1.41478519
4448,,
4449,-15.8436536,-0.916874246
4450,-10.2670892,-0.0606350547
4451,-14.2378297,0.388486031
4452,0.855111477,-0.7494096
4453,0.855111477,-0.7494096
4454,-10.5654626,-0.437193006
4455,24.5104893,0.840011699
4456,,
4457,-23.863842,-1.5010496
4458,-0.440160846,-0.52216064
4459,-14.6436996,-1.6488783
4460,0.966752885,0.2788351
4461,0.966752885,0.2788351
4462,-9.33348286,-0.0608183999
4463,24.800473,0.178052956
4464,,
4465,-7.51531207,0.844440135
4466,-44.6305688,-0.696038409
4467,-44.5237559,-0.974833953
4468,38.0733911,-0.0416066961
4469,38.0733911,-0.0416066961
4470,-0.351340631,-0.524306754
4471,-20.5666878,1.38785862
4472,,
4473,0.413905982,-1.18220993
4474,1.22038927,-0.709583331
4475,26.5775575,-0.416940075
4476,-33.8452712,-0.886990617
4477,-33.8452712,-0.886990617
4478,36.3878808,-0.543963976
4479,0.698436738,-0.46970263
4480,,
4481,22.4062381,-1.82842178
4482,-1.35083417,-0.892612528
4483,-17.0880174,-1.02089039
4484,-33.449995,-0.571976032
4485,-33.449995,-0.571976032
4486,-0.455021068,0.849282967
4487,-44.2037617,0.989590692
4488,,
4489,-24.8646719,-1.23821527
4490,-12.3289434,-0.445061661
4491,5.19249359,0.936243443
4492,-11.3137961,1.02407734
4493,-11.3137961,1.02407734
4494,-24.1798259,-0.081507213
4495,10.4699047,0.699998947
4496,,
4497,-40.540051,-0.458276413
4498,-35.6885519,-0.467611491
4499,15.1656639,-1.45644214
4500,1.08707282,-0.316063572
4501,1.08707282,-0.316063572
4502,11.6599344,0.371791741
4503,1.27191265,0.0825269029
4504,,
4505,41.6716707,2.199361
4506,34.954058,3.28642947
4507,-15.0829472,1.23258868
4508,0.622309133,0.501441043
4509,0.622309133,0.501441043
4510,-0.0263651885,1.23509226
4511,12.0260323,-2.13560379
4512,,
4513,-7.31108799,-0.102405428
4514,0.787187019,-0.202628571
4515,-5.58351363,-0.60434926
4516,0.96842074,0
4517,0.96842074,0
4518,-22.6394901,-2.563008
4519,31.8980641,-0.456321467
4520,,
4521,9.65905396,-1.71607197
4522,23.6017004,-0.562453646
4523,6.1500738,-0.561889521
4524,0.755782837,0.646356808
4525,0.755782837,0.646356808
4526,12.2035703,-1.18154383
4527,-46.9441146,-0.535046593
4528,,
4529,-5.76010582,-0.893268331
4530,-9.6038706,0.374572078
4531,32.3660918,1.01697206
4532,1.15299919,-0.141996213
4533,1.15299919,-0.141996213
4534,0.0281031633,0.50722978
4535,11.5740791,-0.973633598
4536,,
4537,40.897105,1.05816249
4538,23.4148004,0.396686836
4539,-26.6519352,-1.1435089
4540,23.679424,-1.72717056
4541,23.679424,-1.72717056
4542,10.4549667,1.0403649
4543,23.2018265,0.964246882
4544,,
4545,-37.960258,-0.897784427
4546,-32.5321651,-0.565654758
4547,-22.2765365,-0.206280994
4548,-10.6192724,-0.627330642
4549,-10.6192724,-0.627330642
4550,2.06542562,0.48147272
4551,-33.7988571,-1.40544011
4552,,
4553,43.5828943,-0.476916225
4554,38.080904,-0.141390913
4555,-16.9246512,-0.0446774502
4556,-9.69118076,0.328998604
4557,-9.69118076,0.328998604
4558,-32.8228213,0.102771396
4559,2.02932459,1.00363897
4560,,
4561,25.4199046,-0.761955382
4562,47.9771149,-0.632727038
4563,15.3273557,-2.00374505
4564,-22.0379847,-0.492257973
4565,-22.0379847,-0.492257973
4566,0.555503993,1.32210682
4567,12.4612724,-0.0611998359
4568,,
4569,-17.6072356,-0.824917162
4570,-12.0342105,-1.47652671
4571,9.46883132,-0.729901296
4572,0.0887031754,0.279288336
4573,0.0887031754,0.279288336
4574,-11.4772751,-0.518349583
4575,-21.6783559,0.997963453
4576,,
4577,-8.42260823,-1.62344934
4578,-12.2453637,-1.57589852
4579,-26.3111125,-1.85539262
4580,0.319441913,0.473716478
4581,0.319441913,0.473716478
4582,-23.3351931,0.0610369521
4583,-9.67846186,-0.235213272
4584,,
4585,25.115487,0.301490629
4586,10.658424,0.519580858
4587,58.1342985,-0.193956229
4588,-11.3253119,0.704182094
4589,-11.3253119,0.704182094
4590,47.4692723,-0.409560852
4591,23.4555714,-0.869522752
4592,,
4593,-32.7940073,1.09459431
4594,1.15691079,1.50273671
4595,-25.9205974,-1.00045701
4596,-21.7106534,1.96176752
4597,-21.7106534,1.96176752
4598,12.9937687,-0.513266662
4599,24.5488991,-1.09825565
4600,,
4601,1.41251676,1.54331858
4602,-32.360268,1.65853711
4603,-8.51785537,2.00006014
4604,25.4706134,-1.1189365
4605,25.4706134,-1.1189365
4606,-11.2731578,-1.4325353
4607,-21.4871183,-0.456409742
4608,,
4609,-7.33111462,1.46641983
4610,-10.3955499,1.93925286
4611,6.72607964,-1.26674296
4612,-10.9411232,1.25439447
4613,-10.9411232,1.25439447
4614,-23.2643233,-0.440937357
4615,-10.0972896,-1.54172042
4616,,
4617,-22.2345294,0.940366762
4618,-22.7413715,0.730922717
4619,1.23275236,-0.0600608141
4620,-34.2446781,0.942769091
4621,-34.2446781,0.942769091
4622,0.948471609,-0.464999742
4623,0.919758163,0.201091579
4624,,
4625,24.1817112,-1.24620116
4626,-1.22505763,-1.00939164
4627,10.0702982,0.418340545
4628,-9.28498602,-0.213313515
4629,-9.28498602,-0.213313515
4630,-10.4290276,1.44786422
4631,10.6107109,-1.98472157
4632,,
4633,-16.9106826,0.0708978003
4634,-1.30545982,-0.778973278
4635,12.1570644,-0.0598702156
4636,-10.573861,0.588913245
4637,-10.573861,0.588913245
4638,-21.1271215,0.539581736
4639,-10.3033665,-0.665774735
4640,,
4641,9.21371495,-0.42902223
4642,-9.87231544,-1.56295041
4643,-4.77775579,1.30050811
4644,12.7336679,-0.302070103
4645,12.7336679,-0.302070103
4646,-10.9618543,-1.04274469
4647,23.9600874,0.522169086
4648,,
4649,32.5912795,-0.996857434
4650,22.3529127,-1.85687248
4651,-23.04879,-0.102908078
4652,12.1713459,-1.16238233
4653,12.1713459,-1.16238233
4654,34.3040583,-1.11160782
4655,14.0261816,0.861805901
4656,,
4657,9.20273629,0.801333124
4658,-11.3401511,0.307585517
4659,1.52500699,-0.206593281
4660,34.4365897,-0.705083488
4661,34.4365897,-0.705083488
4662,-0.192948937,-0.543340855
4663,12.6239205,1.55461331
4664,,
4665,10.7262634,0.60192173
4666,1.81139565,-0.348236724
4667,1.95091438,-0.870604108
4668,0.254362422,-1.12980935
4669,0.254362422,-1.12980935
4670,23.4613124,-0.498959523
4671,3.17014347,-1.00829763
4672,,
4673,-6.48742203,-0.731114719
4674,-9.93355646,-0.530851958
4675,-15.9291641,-0.448905064
4676,13.2851865,1.02988991
4677,13.2851865,1.02988991
4678,0.299808454,0.164147789
4679,1.06518068,-0.451803705
4680,,
4681,0.323813425,0.424110496
4682,12.0951043,0.0209777869
4683,34.0942553,-0.868588873
4684,-22.4275834,1.50060245
4685,-22.4275834,1.50060245
4686,13.2374429,-1.39971449
4687,-0.375972862,0.39931764
4688,,
4689,-37.0242046,-1.05796831
4690,-24.5088488,0.168937313
4691,-7.93495939,-0.678769908
4692,24.505916,2.62517635
4693,24.505916,2.62517635
4694,10.8820397,-0.161644251
4695,0.292770022,0.786072116
4696,,
4697,-0.06099596,-0.561368231
4698,-0.145935046,-0.234944192
4699,0.796217629,0.485551321
4700,10.1804885,-0.84091353
4701,10.1804885,-0.84091353
4702,-20.6015026,-1.04979115
4703,9.88433507,-1.95936741
4704,,
4705,8.61648813,-1.61713691
4706,24.5282171,-0.802063722
4707,25.6117451,1.09757315
4708,0.39181703,-0.590837535
4709,0.39181703,-0.590837535
4710,1.2923083,-0.595847421
4711,-23.8346775,-1.18404424
4712,,
4713,-25.5896275,-0.470324361
4714,-11.5901882,-0.844327243
4715,7.83518926,-0.399610322
4716,13.6383969,-0.799116262
4717,13.6383969,-0.799116262
4718,-22.6663187,0.800578297
4719,0.0564980136,-0.798049463
4720,,
4721,23.5555379,0.307560937
4722,21.5644178,0.545908914
4723,25.8029391,-1.0424547
4724,1.40421923,-0.146781709
4725,1.40421923,-0.146781709
4726,12.8650684,0.500148549
4727,0.641606871,1.36790285
4728,,
4729,24.3361755,-0.264475764
4730,-23.613136,-0.99462198
4731,7.43010232,0.787070416
4732,-32.3506937,0.97961486
4733,-32.3506937,0.97961486
4734,-10.7770695,0.164100698
4735,-22.5778789,-2.25940435
4736,,
4737,-48.201757,2.15729454
4738,-34.1688609,1.02270114
4739,-26.9424837,-0.844682494
4740,12.4565913,1.25123951
4741,12.4565913,1.25123951
4742,21.2330281,-2.63873152
4743,-9.75740102,-0.424997486
4744,,
4745,-40.4846931,1.79764992
4746,-23.6331432,1.41308659
4747,-4.28604313,1.17127207
4748,-10.248593,0.494235872
4749,-10.248593,0.494235872
4750,0.964752778,-2.26767992
4751,-9.47200956,0.250245113
4752,,
4753,-6.13167835,0.246831226
4754,-22.6661119,0.904276759
4755,-4.31266903,-0.553408891
4756,-9.35192329,-0.100114331
4757,-9.35192329,-0.100114331
4758,-11.5063459,0.126002082
4759,0.416718649,-0.39898493
4760,,
4761,8.81098656,0.4623246
4762,12.4857983,0.363224155
4763,11.7740549,-0.191768441
4764,-22.7990858,-1.37987301
4765,-22.7990858,-1.37987301
4766,11.5784154,0.905942163
4767,-33.2693713,-0.319785279
4768,,
4769,-39.2140858,-2.74978758
4770,-24.5203877,-2.77923563
4771,12.9344027,-1.95790813
4772,-10.3023265,-1.17908605
4773,-10.3023265,-1.17908605
4774,-11.4218771,-2.16573652
4775,0.534150452,0.190065417
4776,,
4777,18.6504675,-1.12898294
4778,12.8541967,-1.66883573
4779,29.0802473,-0.746059071
4780,12.845546,-1.76864098
4781,12.845546,-1.76864098
4782,-0.141191532,0.517225103
4783,-35.449601,0.305456146
4784,,
4785,52.485688,-1.24716785
4786,24.1549724,-1.34315509
4787,-12.3644007,-0.400698189
4788,-9.30967452,-0.526340018
4789,-9.30967452,-0.526340018
4790,11.6799327,1.57725504
4791,23.0964097,0.101226044
4792,,
4793,1.32656999,-0.202857175
4794,0.396834459,1.25433673
4795,-13.9182858,-0.159274346
4796,23.6013486,-0.3539935
4797,23.6013486,-0.3539935
4798,-10.1686123,-1.14254852
4799,14.2264545,-0.664299056
4800,,
4801,27.4564924,1.50432753
4802,2.32903903,1.6869055
4803,-22.4812572,2.53673211
4804,0.231439488,-0.669413481
4805,0.231439488,-0.669413481
4806,1.10342681,0.538083553
4807,-22.9607588,-1.47533805
4808,,
4809,-24.0937985,-0.207144452
4810,-12.7244622,-0.340144102
4811,13.8648624,-0.960516244
4812,2.47147184,-0.4413164
4813,2.47147184,-0.4413164
4814,-47.5144584,0.760467629
4815,1.16270259,1.19709439
4816,,
4817,41.9840557,0.881634399
4818,36.5795243,1.38887464
4819,5.70250454,0.605106572
4820,-11.1685679,-1.12656638
4821,-11.1685679,-1.12656638
4822,20.6364281,0.477492166
4823,0.480645148,-1.39730046
4824,,
4825,1.0426857,-1.71716438
4826,-10.8198973,-0.476751162
4827,-21.0227757,0.117961085
4828,1.84297657,0.674653713
4829,1.84297657,0.674653713
4830,11.7257013,0.855894322
4831,12.5107489,0.993354063
4832,,
4833,8.06029153,-0.558462056
4834,35.7357187,0.98259548
4835,-0.30840733,0.307864246
4836,-11.0161256,0.764416375
4837,-11.0161256,0.764416375
4838,-11.5902732,-2.21758193
4839,-32.1376774,-0.344850792
4840,,
4841,8.64385309,-0.639424596
4842,-22.3311052,-0.459316176
4843,6.42918614,-0.662412487
4844,11.7714688,0.0795794794
4845,11.7714688,0.0795794794
4846,-11.7700821,0.625668614
4847,-21.3849926,-0.123790354
4848,,
4849,15.6046793,-0.458867644
4850,12.1632068,-0.281818261
4851,24.6801535,-0.741386074
4852,-32.4795176,-1.80096346
4853,-32.4795176,-1.80096346
4854,1.84810958,-0.020209409
4855,24.381566,2.48895505
4856,,
4857,31.7942378,0.646383336
4858,12.4324606,0.609216199
4859,-0.337865968,-0.221644872
4860,-8.99517756,-1.82894426
4861,-8.99517756,-1.82894426
4862,2.03472338,0.332680047
4863,0.577350269,0.585394941
4864,,
4865,-7.50297754,-1.57442947
4866,22.1624198,-0.597608361
4867,-18.8253344,0.830681181
4868,11.6615795,1.59086336
4869,11.6615795,1.59086336
4870,-10.6976957,0.239608778
4871,-32.3498683,0.0610310006
4872,,
4873,-14.0319155,-1.45663632
4874,11.3061508,-1.38008647
4875,-12.6637832,-0.737965923
4876,-33.7862175,0.753331116
4877,-33.7862175,0.753331116
4878,22.0160913,-0.765426718
4879,11.9272562,-1.32020632
4880,,
4881,-25.9408478,0.773505025
4882,-25.2305753,0.39181703
4883,-22.2557713,0.547909002
4884,1.24367748,-1.18772772
4885,1.24367748,-1.18772772
4886,1.32239241,-0.0626823537
4887,1.46267228,0.779211813
4888,,
4889,-22.448002,1.43871313
4890,-10.0804216,1.96176847
4891,37.2629324,1.53792782
4892,12.6562921,1.41683577
4893,12.6562921,1.41683577
4894,1.08462638,0.68844991
4895,-9.49213669,-0.0582212068
4896,,
4897,-5.86004042,-0.213564509
4898,-10.6689389,0.348425118
4899,19.4291268,-0.343141022
4900,-42.6691619,1.28044297
4901,-42.6691619,1.28044297
4902,-22.0967825,0.980590498
4903,-44.938531,-1.27328661
4904,,
4905,-0.55031086,-0.144705693
4906,0.438273254,1.16803705
4907,6.06350555,1.54141358
4908,-24.1558174,0.610283745
4909,-24.1558174,0.610283745
4910,11.4877879,0.218350596
4911,1.52668022,-0.73090686
4912,,
4913,8.97066643,0.692018635
4914,12.4678947,0
4915,11.2989193,-0.969765913
4916,34.3750883,1.00173987
4917,34.3750883,1.00173987
4918,-21.4694106,1.11803231
4919,-67.8179551,1.78024363
4920,,
4921,-6.33535435,-0.258686402
4922,-9.42411553,-0.999157641
4923,-27.5892888,0.67566073
4924,-10.0480242,-0.142643486
4925,-10.0480242,-0.142643486
4926,-10.2782644,1.01952048
4927,-9.99322915,-1.80584235
4928,,
4929,-37.4024768,1.43659805
4930,-20.7059652,0.456323154
4931,-21.5524568,-0.803566442
4932,13.7034144,0.491485419
4933,13.7034144,0.491485419
4934,0,-0.333679426
4935,-23.2423316,-3.11440353
4936,,
4937,-24.1300555,0.7238868
4938,-24.5964462,0.972956322
4939,18.7967215,1.22491486
4940,-22.4854321,0.355111915
4941,-22.4854321,0.355111915
4942,12.4088691,0.717767561
4943,24.2167377,-0.599022544
4944,,
4945,16.203934,1.63763978
4946,22.4935483,0.928542795
4947,24.9692668,1.49646386
4948,-34.7765338,0.326108612
4949,-34.7765338,0.326108612
4950,21.8082759,0.518610064
4951,13.9477579,1.72290975
4952,,
4953,-6.85665288,-0.146610849
4954,0.440945122,-0.917022853
4955,11.3795913,-0.518893163
4956,0.742743941,1.40942908
4957,0.742743941,1.40942908
4958,12.959188,0.715233018
4959,26.1253024,0.155336999
4960,,
4961,-23.1525764,-0.431928378
4962,12.6114956,-1.02288197
4963,2.79564761,-1.72289246
4964,-0.832630343,0.575002337
4965,-0.832630343,0.575002337
4966,-35.5917328,-1.32532205
4967,-32.2204432,-1.09053672
4968,,
4969,2.54771099,0.100406252
4970,13.5279786,-0.652078741
4971,-5.37916149,0.610986597
4972,-12.0647494,-1.26619806
4973,-12.0647494,-1.26619806
4974,-10.6568206,-1.53685299
4975,1.42784926,1.01589532
4976,,
4977,-0.859586464,-0.983238311
4978,-0.882873734,-0.66745045
4979,-15.3571291,2.02731919
4980,24.9550109,-0.416125641
4981,24.9550109,-0.416125641
4982,-22.9311222,0.191969564
4983,-9.87434627,0.656707578
4984,,
4985,-6.89606585,0.440968835
4986,-34.1637144,0.311312405
4987,-32.5195888,0.624671107
4988,-11.5316072,0.802551301
4989,-11.5316072,0.802551301
4990,0.808646052,0.119662661
4991,-8.83929631,-0.867699935
4992,,
4993,-30.9365666,0.165522519
4994,-21.9832601,-1.16216476
4995,-14.0615243,-0.768811994
4996,-11.0946569,1.30199174
4997,-11.0946569,1.30199174
4998,10.5069209,-0.364176847
4999,45.6121175,0.901158703
5000,,
5001,10.3761571,-0.215374927
5002,12.8778172,0.542503525
5003,17.2173586,-0.650176461
5004,-44.4759118,-0.103057693
5005,-44.4759118,-0.103057693
5006,-11.8662251,-0.633634036
5007,26.4465268,0.420476811
5008,,
5009,34.1557144,-1.34551421
5010,14.6382927,-1.90772079
5011,27.8326012,-0.708606833
5012,-9.60232206,0.331083558
5013,-9.60232206,0.331083558
5014,0.993868546,-1.65754842
5015,-11.6087214,0.258266563
5016,,
5017,0.373877134,-1.43214567
5018,-0.0282828819,-1.49734579
5019,-7.81368106,0.138192919
5020,0.695861553,0.268879761
5021,0.695861553,0.268879761
5022,12.4132224,-0.622711669
5023,23.7708567,-0.471956566
5024,,
5025,-0.427131948,-0.990808395
5026,-12.1468038,-1.40539082
5027,-26.8217938,0.163370958
5028,24.0938255,-0.119361286
5029,24.0938255,-0.119361286
5030,11.8717075,1.08457958
5031,1.29961503,1.03045838
5032,,
5033,-22.5597794,0.424326606
5034,1.48330729,-0.415019422
5035,1.60470545,0.0293560959
5036,25.3169282,1.89975504
5037,25.3169282,1.89975504
5038,-32.0560895,-1.72377403
5039,-13.099541,-0.125566487
5040,,
5041,-21.4993996,-0.0857690522
5042,-32.2236321,-0.319008537
5043,-8.39503843,0.741126743
5044,21.7873755,0.264343216
5045,21.7873755,0.264343216
5046,34.4785663,0.22703559
5047,11.6781918,-1.30879431
5048,,
5049,-8.7681262,0.603795738
5050,-23.899925,1.66346981
5051,-7.32072523,0.297409499
5052,-10.2725367,1.82988979
5053,-10.2725367,1.82988979
5054,23.9674707,-0.343704229
5055,-10.796325,1.02301763
5056,,
5057,-31.6792079,0.227027398
5058,-11.0588495,0.0204745676
5059,-63.0335116,-1.39199568
5060,-10.7374756,0.355617351
5061,-10.7374756,0.355617351
5062,0.259612768,0.387436548
5063,50.5840327,0.0409018702
5064,,
5065,-7.83002852,0.136135153
5066,0.402049713,0.722297095
5067,18.2299522,0.13296437
5068,11.7969567,-0.832453092
5069,11.7969567,-0.832453092
5070,1.14470294,1.00465486
5071,13.2393486,2.03121126
5072,,
5073,-8.37492667,-0.772948208
5074,-36.9656833,-0.784921675
5075,-24.1266478,-0.690354697
5076,0.344595521,1.87482199
5077,0.344595521,1.87482199
5078,35.7304086,-0.212766766
5079,0.674592768,-0.95430511
5080,,
5081,-8.64880882,-0.429481854
5082,-12.4572934,-1.22794425
5083,10.6780435,0.605533155
5084,1.58183682,-0.943730219
5085,1.58183682,-0.943730219
5086,-20.7285392,1.93722515
5087,-9.55515245,1.43935082
5088,,
5089,-5.95304244,-0.281046226
5090,1.39426352,-0.698892016
5091,17.0993692,-0.217890032
5092,-10.1953374,0.286214403
5093,-10.1953374,0.286214403
5094,2.07449847,0.971377457
5095,-0.02961943,0.80924115
5096,,
5097,0.652184631,-2.40144541
5098,12.2154979,-1.99338941
5099,3.00623008,-0.0589494243
5100,23.9012345,1.29634872
5101,23.9012345,1.29634872
5102,11.4605106,-1.34761556
5103,2.61942856,0.946322354
5104,,
5105,-33.7518213,0.93501761
5106,-22.9570168,0.253463608
5107,28.9702121,1.93692885
5108,-1.06360761,0.121251179
5109,-1.06360761,0.121251179
5110,-10.8418111,1.01077313
5111,1.0581658,1.29567939
5112,,
5113,-24.045015,1.00560681
5114,-21.518459,0.793462267
5115,-16.7211564,0.697993315
5116,-12.4065552,-0.4256271
5117,-12.4065552,-0.4256271
5118,10.279577,1.30070237
5119,1.10000691,-0.404024355
5120,,
5121,-6.59283944,0.129086831
5122,-46.888153,-1.86366477
5123,-32.8160784,-0.300454125
5124,0.169771336,0.735710984
5125,0.169771336,0.735710984
5126,0.169907763,0.576043688
5127,10.2506443,0.569432403
5128,,
5129,0.139800358,1.10699247
5130,-0.112997383,1.10052204
5131,1.51354619,-0.623807576
5132,11.3839558,0.56888761
5133,11.3839558,0.56888761
5134,-21.417818,-0.041290419
5135,13.7084544,1.37123585
5136,,
5137,-14.0695496,-1.37391287
5138,13.8355297,-0.384657101
5139,-18.2175308,-0.573885187
5140,0.193836827,-0.241508234
5141,0.193836827,-0.241508234
5142,-10.782619,0.778956234
5143,11.6815577,0.371760339
5144,,
5145,-16.3545283,-0.519043781
5146,1.02707802,-0.884839239
5147,-0.631014471,1.04520573
5148,-31.4782314,-0.715426228
5149,-31.4782314,-0.715426228
5150,11.8207387,-0.944184038
5151,13.0600955,-1.70100188
5152,,
5153,-15.0270133,-0.710298423
5154,-21.7396808,-0.100022715
5155,-48.4408712,-0.984365664
5156,12.4895583,0.222327168
5157,12.4895583,0.222327168
5158,11.7887674,0.533590678
5159,-10.4006735,0.146068763
5160,,
5161,2.93809932,-0.793060706
5162,-10.2822292,-0.180768655
5163,-9.37739475,-0.992550451
5164,-11.1866786,-2.58177128
5165,-11.1866786,-2.58177128
5166,0,-0.0405487117
5167,-34.9772072,1.12934276
5168,,
5169,19.0748972,2.21705266
5170,13.734765,1.40732017
5171,-9.67102686,-0.449175972
5172,-24.2295976,-0.0989557845
5173,-24.2295976,-0.0989557845
5174,36.2229831,-0.573359604
5175,25.7417811,-1.05402764
5176,,
5177,-0.359200405,0.353139866
5178,-24.154243,-0.0396039945
5179,-0.450876297,-0.800448896
5180,12.2877703,-0.224499639
5181,12.2877703,-0.224499639
5182,-12.1527342,-0.226699409
5183,12.5000329,1.26509023
5184,,
5185,0.848230565,1.21941796
5186,22.9670782,-0.123841098
5187,-4.50675075,-1.00336004
5188,-10.624253,-2.17234431
5189,-10.624253,-2.17234431
5190,-23.3559329,0.724045634
5191,-11.588571,-0.202033816
5192,,
5193,25.0532134,-0.518588666
5194,34.4873281,-0.554003172
5195,-21.9491705,1.76556024
5196,0.958540969,0.72408968
5197,0.958540969,0.72408968
5198,0.843560871,1.51215077
5199,1.81261347,-0.77840536
5200,,
5201,-8.09997061,-0.237430541
5202,-22.1033683,-0.365935005
5203,-15.8924886,-0.0144315152
5204,21.7319897,0.178385386
5205,21.7319897,0.178385386
5206,-20.3210587,0.956257255
5207,0.876122298,0.590263868
5208,,
5209,9.32657959,-1.46493748
5210,26.1142211,0.218483112
5211,-22.5536691,0.268656208
5212,11.9637228,0.47017727
5213,11.9637228,0.47017727
5214,1.49311486,-0.309276435
5215,-10.6770783,-1.62088177
5216,,
5217,-7.7689087,0.827072382
5218,-23.3560342,0.101620354
5219,2.57274358,1.01446315
5220,10.9668355,0.334906032
5221,10.9668355,0.334906032
5222,0.247896004,1.21075213
5223,0.640515507,-0.274587433
5224,,
5225,17.0454722,-0.708094776
5226,36.854882,-0.24661858
5227,-12.4785717,-0.360974249
5228,22.779617,0.723689828
5229,22.779617,0.723689828
5230,12.3655149,0.421133201
5231,0.751059572,-0.679658486
5232,,
5233,-6.7557331,0.325018414
5234,-20.3434886,-0.760302885
5235,25.3027437,-1.1739964
5236,34.1915174,-1.85519256
5237,34.1915174,-1.85519256
5238,-22.5422295,0.289142912
5239,15.4977622,1.02342484
5240,,
5241,0.853415811,-0.336388381
5242,11.4256139,-0.753369238
5243,-38.3438592,0.215131765
5244,-20.5083261,0.256238457
5245,-20.5083261,0.256238457
5246,12.401799,0.318689597
5247,-22.0051119,0.473836392
5248,,
5249,1.60129443,0.865626041
5250,12.9219019,0.325323752
5251,-2.60018837,-0.0442673917
5252,-10.3574797,-0.521226259
5253,-10.3574797,-0.521226259
5254,-22.0460099,1.88162754
5255,23.4211267,1.13197257
5256,,
5257,-7.44255131,-0.0427285779
5258,-12.2464874,-0.14557489
5259,10.5464649,-1.0359112
5260,1.31048087,-0.467661327
5261,1.31048087,-0.467661327
5262,2.31644187,0.368540087
5263,-8.76319311,-0.201923332
5264,,
5265,-21.0736236,1.14748554
5266,14.3519822,0.779438864
5267,9.69856118,0.945435355
5268,-0.0894112527,0.40326768
5269,-0.0894112527,0.40326768
5270,-22.2578556,-0.142671404
5271,22.5421054,0.490447808
5272,,
5273,-8.16146329,2.30460361
5274,-11.9333179,1.9061761
5275,-10.4652776,0.241314113
5276,25.9443184,0.361888562
5277,25.9443184,0.361888562
5278,25.2622337,-0.280204575
5279,-22.9838138,0.485732604
5280,,
5281,-29.3643558,-1.62228325
5282,-21.0992907,-2.01729408
5283,-11.5475828,0.236357377
5284,-0.2602649,-1.74273851
5285,-0.2602649,-1.74273851
5286,-10.9441649,0.938089683
5287,0.918997366,-1.17852702
5288,,
5289,34.2582632,-1.24381743
5290,14.5659355,-0.671811885
5291,-14.6232128,-0.0186723935
5292,-0.227650856,-0.180469288
5293,-0.227650856,-0.180469288
5294,-46.1487433,-1.00062689
5295,-10.2436035,-0.339313055
5296,,
5297,9.28376954,0.904542913
5298,1.89800673,0.451667661
5299,5.27343781,1.02093313
5300,13.9460049,-1.29231957
5301,13.9460049,-1.29231957
5302,12.6074277,0.0607352523
5303,-0.0564980136,-0.27866228
5304,,
5305,-16.9856572,0.49006736
5306,20.7994553,-0.784964519
5307,4.93462241,1.17743646
5308,0.0573768801,0.975676984
5309,0.0573768801,0.975676984
5310,-11.0102494,-3.85166232
5311,34.7135933,-1.15179745
5312,,
5313,-40.4319061,2.65781475
5314,-35.5110833,3.59876995
5315,5.08591523,-0.177424526
5316,-45.131557,1.17915686
5317,-45.131557,1.17915686
5318,-0.877614285,-1.11062536
5319,-11.2114861,-0.653105198
5320,,
5321,32.6206344,-0.0740887623
5322,22.6183058,-0.223765017
5323,3.92644868,0.717291674
5324,12.70831,-0.0207618746
5325,12.70831,-0.0207618746
5326,-22.9380163,-0.793429344
5327,-9.71842551,-0.257785069
5328,,
5329,-22.4211827,0.271525875
5330,-22.7925806,-0.551314804
5331,20.1988277,0.0437873974
5332,-1.30959322,-0.181942051
5333,-1.30959322,-0.181942051
5334,-33.6143623,1.91113519
5335,0.389077038,-1.74510633
5336,,
5337,-7.33452633,0.0962511453
5338,0.94582637,-0.274680441
5339,-18.615318,-1.88366774
5340,23.408768,-1.01185567
5341,23.408768,-1.01185567
5342,-21.6283296,1.2867553
5343,24.5664561,-1.96985118
5344,,
5345,-29.8742379,0.739820868
5346,-20.5569917,-1.3869491
5347,-12.2074923,1.47891926
5348,1.50959548,-1.18847866
5349,1.50959548,-1.18847866
5350,35.2478756,-0.320261774
5351,-23.1498627,-1.13703683
5352,,
5353,-30.5506581,0.903275029
5354,-11.1539581,0.702695135
5355,-48.0706184,0.821526767
5356,-0.511519358,0.304792912
5357,-0.511519358,0.304792912
5358,27.2408184,0.2824581
5359,0.374095454,-0.180249994
5360,,
5361,-16.1622722,1.9646891
5362,-11.9430249,1.43737494
5363,31.9048783,1.59097713
5364,24.0935288,-3.17798439
5365,24.0935288,-3.17798439
5366,0.0283055901,0.0623133657
5367,-9.84458536,-0.395889536
5368,,
5369,32.6436045,-0.158602518
5370,24.3159761,0.639028462
5371,-11.1978691,0.963458282
5372,-8.21358509,-0.994704024
5373,-8.21358509,-0.994704024
5374,12.8405078,0.456901515
5375,25.9918911,1.27287756
5376,,
5377,10.2449594,0.716609712
5378,2.12993834,-0.334102151
5379,6.34138091,0.927992041
5380,-11.1089016,0.458260061
5381,-11.1089016,0.458260061
5382,12.0432954,-1.05233314
5383,2.02499762,1.64613509
5384,,
5385,17.5958586,0.324172283
5386,1.36948572,-0.180790592
5387,10.1698019,2.14369195
5388,35.4276793,-2.95344766
5389,35.4276793,-2.95344766
5390,0.598055223,-0.46360315
5391,-35.8901166,0.0775033842
5392,,
5393,17.5337978,-0.112738879
5394,43.8730055,-0.847712792
5395,-18.5229937,-1.06720551
5396,-22.7775595,-0.0586488263
5397,-22.7775595,-0.0586488263
5398,13.2033978,-1.35065795
5399,0.365982081,-1.11227602
5400,,
5401,1.93432142,-0.175769282
5402,26.4753336,1.24286716
5403,-8.82099728,0.408851271
5404,-0.265433414,-0.567938877
5405,-0.265433414,-0.567938877
5406,-0.058954559,1.39209717
5407,0.544159049,-0.41847175
5408,,
5409,-15.4071429,0.308601221
5410,-21.7372457,0.564930032
5411,-28.5660954,-0.541137242
5412,2.2969617,0.890509401
5413,2.2969617,0.890509401
5414,-11.6388709,1.01087242
5415,34.0281731,-0.384529429
5416,,
5417,7.61032821,0.922463286
5418,0.197200502,-0.162658
5419,18.9277716,-1.16728468
5420,0.915148874,-0.262811107
5421,0.915148874,-0.262811107
5422,0.636474971,0.40941625
5423,12.1437083,0.976360819
5424,,
5425,24.9209104,1.01517947
5426,0.809909664,0.209927378
5427,-17.9879015,0.163748702
5428,-20.7442486,0.908088295
5429,-20.7442486,0.908088295
5430,-23.2794173,0.279375569
5431,-24.5273844,-0.951604868
5432,,
5433,9.29884414,-1.22556619
5434,-0.260702394,-1.13507397
5435,-3.75113535,0.34771765
5436,-22.2440765,-1.48182232
5437,-22.2440765,-1.48182232
5438,23.9724369,0.0580599737
5439,-24.3224445,-0.660599352
5440,,
5441,-33.1352438,0.549093773
5442,-12.4236504,-0.104476763
5443,-53.5785153,1.34434871
5444,-10.2670892,0.288611788
5445,-10.2670892,0.288611788
5446,-0.984746291,-0.0204442607
5447,23.6527042,-0.080668744
5448,,
5449,15.7416637,-0.182244711
5450,32.7100706,0.444097023
5451,12.6645448,-0.419718435
5452,12.6504144,-0.197577758
5453,12.6504144,-0.197577758
5454,1.76929127,0.474781103
5455,0.97707998,1.96495458
5456,,
5457,-39.9875006,-0.0288197908
5458,-45.4976958,0.0201985367
5459,-12.5704773,0.0732651968
5460,-8.50625087,-1.32640341
5461,-8.50625087,-1.32640341
5462,-10.8094834,-2.41757303
5463,-10.0045002,-0.365144606
5464,,
5465,32.9508231,1.19606423
5466,56.1032262,0.410993988
5467,-15.0036816,2.56958133
5468,0.390309289,0.316099055
5469,0.390309289,0.316099055
5470,-34.7845646,1.62622957
5471,23.0650319,0.371526468
5472,,
5473,1.42040194,2.18522192
5474,1.48303514,1.76998123
5475,29.0013783,0.498853381
5476,-18.5149256,-1.097621
5477,-18.5149256,-1.097621
5478,12.9652261,0.333624153
5479,-30.7459016,0.230457444
5480,,
5481,7.7408575,0.390602173
5482,11.1492786,-0.364572022
5483,20.2984966,-0.380331801
5484,0.266130519,-0.424792591
5485,0.266130519,-0.424792591
5486,-32.6689734,1.20740341
5487,23.4174578,0.227631798
5488,,
5489,0.779196524,-0.812805346
5490,1.26674673,0.780471556
5491,11.8550003,0.193472086
5492,-21.9001881,0.723603413
5493,-21.9001881,0.723603413
5494,-8.33977791,1.2389826
5495,-38.0299362,0.139094407
5496,,
5497,-4.94575163,-1.09911024
5498,14.4936688,0.249916554
5499,11.3632607,-1.72291467
5500,-0.440541299,-0.576753818
5501,-0.440541299,-0.576753818
5502,13.5382007,-0.226110478
5503,-9.51325435,-0.238230177
5504,,
5505,-0.363955459,0.130690271
5506,-12.7783128,0.483215176
5507,-13.2095648,0.830265551
5508,44.7320935,1.15572686
5509,44.7320935,1.15572686
5510,-21.002529,-0.721653559
5511,-32.4880718,1.34301169
5512,,
5513,0.557838599,-0.717650049
5514,0.311649493,-0.37800159
5515,18.7155141,-0.476270331
5516,9.6551458,1.16658656
5517,9.6551458,1.16658656
5518,23.5735679,0.971831487
5519,20.960763,3.11589233
5520,,
5521,-16.2769941,1.37983966
5522,0.170733291,0.4508478
5523,9.47857171,0.415610505
5524,10.8259024,-1.36504588
5525,10.8259024,-1.36504588
5526,-9.26178506,-1.09160057
5527,-1.0465626,-1.05441503
5528,,
5529,-14.6100256,-1.59729529
5530,-22.5273625,-1.48509903
5531,-22.1999226,-0.366486947
5532,-22.1996016,0.58829915
5533,-22.1996016,0.58829915
5534,11.4836552,-1.21750104
5535,-22.8551467,0.404963045
5536,,
5537,57.5346221,0.385176048
5538,59.454963,-0.0205994788
5539,-2.28225336,-1.37415008
5540,35.4516672,0.478172392
5541,35.4516672,0.478172392
5542,22.7512331,1.00978693
5543,11.7539864,0.155865752
5544,,
5545,-14.3874195,-1.27274013
5546,-9.70181631,-0.159008708
5547,15.1896743,1.48935095
5548,-10.2093017,-0.403414044
5549,-10.2093017,-0.403414044
5550,-8.95126733,-1.1024834
5551,12.1359509,0.264195416
5552,,
5553,-14.5785854,-0.360816884
5554,-11.8856459,-0.778011438
5555,-27.7024285,-1.06838845
5556,-12.6296659,-0.395896015
5557,-12.6296659,-0.395896015
5558,22.8320421,0.103313437
5559,-10.3389187,-0.528314549
5560,,
5561,-0.76235144,-1.74372338
5562,31.9784071,-1.51948992
5563,44.7815559,-0.707724062
5564,-1.17703724,1.09253007
5565,-1.17703724,1.09253007
5566,12.8915775,0.974308977
5567,0.172136322,-0.243145779
5568,,
5569,0.220578019,1.78223877
5570,46.6538802,1.28727663
5571,-24.824384,1.06778845
5572,22.3123398,0.524127983
5573,22.3123398,0.524127983
5574,-9.67415893,0.445211012
5575,-0.0596869484,2.23806604
5576,,
5577,-5.48979655,0.392282744
5578,13.3660073,-0.30820847
5579,3.71909203,0.271231103
5580,-22.8971696,0.0411706602
5581,-22.8971696,0.0411706602
5582,-23.2214076,1.33507826
5583,-9.95614684,-1.0622412
5584,,
5585,-22.3498969,1.37152889
5586,-60.0432907,1.54856453
5587,-42.950888,1.91561569
5588,12.3126873,1.83991785
5589,12.3126873,1.83991785
5590,-33.9770308,0.843825555
5591,-32.7708922,0.0397033824
5592,,
5593,-38.2525035,-0.623761325
5594,-34.3008332,-0.678217967
5595,12.4908654,1.51829171
5596,11.1605516,-1.87686979
5597,11.1605516,-1.87686979
5598,12.5120627,1.04558614
5599,34.90129,0.0778365947
5600,,
5601,-24.2142412,-0.570809661
5602,-0.442294241,-1.88596366
5603,5.89320321,0.773821154
5604,-55.3080256,0.0603157686
5605,-55.3080256,0.0603157686
5606,0.429892756,-0.597539964
5607,-22.8215424,0.0606196646
5608,,
5609,-8.5373208,-0.129159438
5610,-23.0843702,0.34464825
5611,29.5080665,-2.07570247
5612,-24.5971391,-1.31639842
5613,-24.5971391,-1.31639842
5614,-21.7854183,0.981825644
5615,-35.1286296,-0.509257677
5616,,
5617,1.06845569,-0.244415349
5618,-10.1569068,-0.261290518
5619,-3.33300104,0.651182625
5620,11.5674844,1.10172037
5621,11.5674844,1.10172037
5622,22.01375,-0.0831342584
5623,13.3687048,-0.525469108
5624,,
5625,-15.8971099,-0.534283552
5626,-34.460105,-2.44969696
5627,-3.07189331,-1.57559957
5628,-7.53604967,0.650140493
5629,-7.53604967,0.650140493
5630,-12.3920067,1.71296931
5631,0.516562433,-0.17680995
5632,,
5633,-0.334769947,2.22370204
5634,11.0742751,1.70699594
5635,3.35696244,1.41303491
5636,34.0015592,-0.769355538
5637,34.0015592,-0.769355538
5638,-34.5266182,1.69470499
5639,-11.8104105,0.417689315
5640,,
5641,0.464586437,-0.31744948
5642,-10.3148122,0.286368029
5643,15.3809739,0.42173674
5644,-12.5968972,0.465642674
5645,-12.5968972,0.465642674
5646,36.4434867,-0.20135275
5647,1.06784044,-2.07033413
5648,,
5649,16.4924198,-0.50877017
5650,11.6770165,-0.519381394
5651,12.6359226,0.573840541
5652,0.360764655,-0.0828193434
5653,0.360764655,-0.0828193434
5654,14.3247788,-1.90694353
5655,11.4761411,0.0409282634
5656,,
5657,1.18832305,-0.355581894
5658,13.1753733,-0.26305642
5659,28.6750818,-1.19598527
5660,-0.514443089,0.952008042
5661,-0.514443089,0.952008042
5662,23.8115334,0.487985628
5663,23.4808066,-1.0230754
5664,,
5665,26.3307576,-1.54672913
5666,12.4373535,-1.07979189
5667,-18.9549716,-0.30117204
5668,11.1895228,0.161755347
5669,11.1895228,0.161755347
5670,-10.3944471,1.74428909
5671,33.8383334,-1.60069178
5672,,
5673,-14.497601,1.45760144
5674,-19.8457685,1.11435693
5675,-1.21959294,0.362883959
5676,-21.6614363,-1.13371947
5677,-21.6614363,-1.13371947
5678,23.5133887,-0.916565296
5679,22.3265549,-0.498890172
5680,,
5681,8.26962563,-1.48128239
5682,-35.4858632,-0.0810283353
5683,-25.9856654,-1.44238543
5684,12.1000167,1.99773835
5685,12.1000167,1.99773835
5686,9.9745578,-1.23666628
5687,1.42566223,0.35895077
5688,,
5689,9.10679464,-0.996203417
5690,0.234206961,0.0392758876
5691,-28.0180052,0.46197678
5692,11.0033647,0.996112016
5693,11.0033647,0.996112016
5694,-10.3780129,-1.11830793
5695,-22.1011024,-0.239647096
5696,,
5697,25.8346323,-1.04885388
5698,33.8079629,-1.21849561
5699,23.7623954,0.988517756
5700,-0.227466275,0.146781709
5701,-0.227466275,0.146781709
5702,-33.3847124,-0.533245307
5703,-21.3478771,-1.5626576
5704,,
5705,6.96669058,-0.365824248
5706,-22.4638213,-1.00686914
5707,10.5777554,0.561280319
5708,45.8232693,1.25032872
5709,45.8232693,1.25032872
5710,12.6380368,-0.79736125
5711,11.7203387,0.865303057
5712,,
5713,-35.6473448,-1.07135428
5714,-12.9455966,-2.41808027
5715,10.004193,-0.502156446
5716,12.1288447,0.121643128
5717,12.1288447,0.121643128
5718,-0.164943628,0.695928088
5719,35.6072009,2.31593199
5720,,
5721,-7.36046346,0.191776393
5722,10.7247844,-0.287820409
5723,18.8357969,1.79958973
5724,0.0567253725,-0.545726938
5725,0.0567253725,-0.545726938
5726,0.836495141,0.566378214
5727,14.0879697,0.552785448
5728,,
5729,-0.0979931476,0.998800672
5730,22.2864495,-0.147178958
5731,2.23133277,0.863287748
5732,11.9929583,0.218914701
5733,11.9929583,0.218914701
5734,-22.7051862,0.402593836
5735,-10.0980102,1.01667306
5736,,
5737,9.89230086,1.15204671
5738,-21.6618123,0.0583065785
5739,-30.2253055,0.432216184
5740,37.0795724,-1.11109676
5741,37.0795724,-1.11109676
5742,-21.1809956,0.459340263
5743,-11.110831,-0.623189711
5744,,
5745,3.16263901,0.937259221
5746,12.3118812,0.199040335
5747,-4.02150654,1.67741405
5748,-31.975601,0.160388781
5749,-31.975601,0.160388781
5750,-0.501861031,0.41777051
5751,12.1030308,0.345521365
5752,,
5753,-31.7279238,1.18897519
5754,-34.5436545,0.476975593
5755,-39.9994235,-0.450825256
5756,-33.8079629,-0.763412539
5757,-33.8079629,-0.763412539
5758,22.0301135,1.24371971
5759,1.06064222,-0.341587318
5760,,
5761,1.74304904,0.014700294
5762,0.975478144,1.39509198
5763,4.88656187,0.0470993006
5764,-0.558536007,-0.693512056
5765,-0.558536007,-0.693512056
5766,11.1691269,0.477419575
5767,12.6439017,0.265094242
5768,,
5769,8.8854256,-1.50533255
5770,-0.111059578,-0.864326387
5771,30.9688697,1.31035299
5772,-1.53331949,-0.529105708
5773,-1.53331949,-0.529105708
5774,1.21549154,-1.69934626
5775,-33.7236272,-0.542534409
5776,,
5777,15.6745377,1.55512476
5778,23.7238693,-0.205774641
5779,1.86011853,1.54070304
5780,10.8742393,-0.556462959
5781,10.8742393,-0.556462959
5782,-11.3798555,0
5783,1.09632915,-0.578897785
5784,,
5785,-16.9410743,-0.385444974
5786,12.2766127,0
5787,2.15797579,-0.0156031378
5788,2.3397453,1.5269475
5789,2.3397453,1.5269475
5790,11.0283006,-0.433557331
5791,-21.4837171,-1.67975692
5792,,
5793,34.6026906,-0.205904786
5794,34.6007229,-1.61898499
5795,0.625974314,1.41077322
5796,3.55937153,-0.256664396
5797,3.55937153,-0.256664396
5798,12.4270315,0.572893952
5799,-22.7779315,1.04206802
5800,,
5801,16.4270763,0.918796104
5802,12.4339243,0.1599511
5803,3.57450601,-0.135778866
5804,0.786626336,-2.51892212
5805,0.786626336,-2.51892212
5806,-10.8071869,-0.678669303
5807,-11.0927268,1.07179227
5808,,
5809,1.77325327,1.51272667
5810,-10.523802,1.91187477
5811,30.8825727,-0.139610799
5812,13.6075915,-1.25979109
5813,13.6075915,-1.25979109
5814,24.6455074,-0.242364969
5815,-34.4131347,0.870310307
5816,,
5817,32.9524602,-0.164636758
5818,44.5204209,-0.585634267
5819,-24.2443928,0.114751926
5820,1.83242339,-0.0196995884
5821,1.83242339,-0.0196995884
5822,1.91017849,1.47857873
5823,-20.2599261,-0.410901803
5824,,
5825,-16.3108366,-0.930387392
5826,-10.2202873,-1.09117838
5827,-18.2137913,-0.973677931
5828,-12.0400494,0.505101611
5829,-12.0400494,0.505101611
5830,1.05903392,0.206338391
5831,12.9455993,-1.62358202
5832,,
5833,-0.690505404,0.376399917
5834,23.3459362,0.570005037
5835,9.63556479,0.278610823
5836,0.0599552081,-1.19457731
5837,0.0599552081,-1.19457731
5838,-24.1126681,-0.0410243094
5839,13.3110863,1.19207389
5840,,
5841,2.04647691,1.53384735
5842,1.08908295,1.0451009
5843,0.0651207788,0.588540203
5844,0.544607065,-1.48677276
5845,0.544607065,-1.48677276
5846,-23.925306,1.31526011
5847,0.1774894,0.757869377
5848,,
5849,-8.99398198,-1.49286844
5850,-1.89500821,-0.740885422
5851,2.11103768,0.0296589757
5852,-33.4136682,0.869054251
5853,-33.4136682,0.869054251
5854,1.74968028,0.561293895
5855,-34.3131132,-0.510672324
5856,,
5857,-14.6478929,-0.808848982
5858,-11.7110154,-1.50107807
5859,17.0038359,1.63074263
5860,-22.0067906,-0.740661522
5861,-22.0067906,-0.740661522
5862,23.6314995,1.076621
5863,23.4602301,0.538690642
5864,,
5865,25.163274,-0.180880501
5866,13.6783035,0.548018529
5867,26.2183422,0.872170504
5868,-20.0404349,0.835228908
5869,-20.0404349,0.835228908
5870,13.9823066,-1.00702207
5871,-11.1633553,1.62190757
5872,,
5873,-31.2244465,-0.391856263
5874,-22.0977146,-0.940739802
5875,-13.9593283,0.36611502
5876,-10.3946981,-0.745312331
5877,-10.3946981,-0.745312331
5878,0.112369844,-1.59698474
5879,0.995428662,1.88587022
5880,,
5881,-14.4411806,1.25985659
5882,-21.9813851,0.226206317
5883,-8.49599416,-0.612781477
5884,-12.5917324,-0.454208195
5885,-12.5917324,-0.454208195
5886,-20.6967135,-0.426735434
5887,-33.5914447,0.119105442
5888,,
5889,1.94331075,0.222553003
5890,2.30358918,0.406953758
5891,12.5735488,1.43420113
5892,24.0997174,-0.122691593
5893,24.0997174,-0.122691593
5894,14.7442835,1.21326953
5895,1.3451007,0.082432244
5896,,
5897,35.3490145,0.950803529
5898,37.3499852,1.0983467
5899,29.4595687,1.09270897
5900,23.3482925,-0.335904702
5901,23.3482925,-0.335904702
5902,11.7601684,0.949797338
5903,11.4334945,-0.0588633599
5904,,
5905,-5.92452492,0.341160878
5906,-22.1131193,0.560771275
5907,3.26050224,-0.168960709
5908,35.1545186,1.42710777
5909,35.1545186,1.42710777
5910,12.191239,-0.228573313
5911,3.15232824,-0.443857747
5912,,
5913,-23.4397483,0.879034037
5914,-10.6989869,0.138517159
5915,-5.25989776,-0.564607896
5916,-21.3970553,0
5917,-21.3970553,0
5918,10.7904995,0.254988954
5919,-12.1926551,-3.30464062
5920,,
5921,10.2664973,-0.127656702
5922,25.3776519,0.0403556449
5923,-14.0374653,-0.155655
5924,11.6003073,-0.392992169
5925,11.6003073,-0.392992169
5926,1.05299741,-1.12634976
5927,-11.4753287,1.44592016
5928,,
5929,-0.569615882,0.545753122
5930,10.0829864,-0.0202602825
5931,-13.6682334,-1.70885077
5932,24.8648075,-0.86287542
5933,24.8648075,-0.86287542
5934,-43.8744341,0.156423168
5935,-33.8661937,0.217286326
5936,,
5937,-12.9740777,-1.08519617
5938,-19.8863682,-0.183108957
5939,12.7029619,-1.79695403
5940,-32.9221179,-2.61822465
5941,-32.9221179,-2.61822465
5942,12.1111157,0.669295731
5943,0.403385974,0.372463612
5944,,
5945,-40.6271881,-1.38528885
5946,-46.064792,-1.39348957
5947,-28.5845182,-1.09270965
5948,-0.59468016,0.266080494
5949,-0.59468016,0.266080494
5950,33.5083937,0.817488289
5951,-24.1974238,0.307899122
5952,,
5953,9.01163775,0.186917282
5954,-0.193391353,-1.08113647
5955,-11.4619293,-0.305758155
5956,-34.3274918,0.878209467
5957,-34.3274918,0.878209467
5958,22.1476988,1.9105801
5959,-11.1047804,-0.314893327
5960,,
5961,-39.8252997,0.261659397
5962,-23.0301584,-0.637011934
5963,4.49526139,-0.886639911
5964,12.9247358,-0.660806676
5965,12.9247358,-0.660806676
5966,-10.3440141,0.945409687
5967,-32.3223176,-1.97442199
5968,,
5969,17.9669241,-0.908020251
5970,47.1158172,-0.553527038
5971,-19.1256832,-1.08370562
5972,-11.6309169,1.06786805
5973,-11.6309169,1.06786805
5974,-0.248653636,0.711424735
5975,-0.285736209,0.221978812
5976,,
5977,26.7816291,0.597912728
5978,36.4995073,1.64195505
5979,22.6120303,1.38655735
5980,-23.7510334,0.0201792742
5981,-23.7510334,0.0201792742
5982,-9.87202976,0.0400914202
5983,2.07867902,-0.287024921
5984,,
5985,24.2479959,0.267032186
5986,24.3801918,-0.485758487
5987,-2.12873469,1.11266089
5988,-23.4489269,-0.833454159
5989,-23.4489269,-0.833454159
5990,13.799587,1.14027817
5991,-11.6244833,-1.06030017
5992,,
5993,-14.4422496,0.575497727
5994,13.3594424,0.666761728
5995,19.9992406,-1.01071111
5996,12.9359703,-0.295466321
5997,12.9359703,-0.295466321
5998,-21.0241481,0.774105884
5999,-32.1881179,-1.70484762
6000,,
6001,0.125999854,1.0050604
6002,-10.8974929,1.4838957
6003,6.66329795,0.476751412
6004,36.689585,-1.15848882
6005,36.689585,-1.15848882
6006,25.0703872,-0.293369993
6007,44.1425442,0.363759495
6008,,
6009,-46.2780551,1.07817614
6010,-11.1186347,1.86664868
6011,-17.3458435,0.993279684
6012,-32.2373992,-0.220792178
6013,-32.2373992,-0.220792178
6014,11.6746506,0.40344243
6015,-0.142218445,-1.12292498
6016,,
6017,-22.4164758,2.49971018
6018,-10.8643727,2.69829661
6019,-25.4392844,0.827069182
6020,-10.9159241,0.23118749
6021,-10.9159241,0.23118749
6022,-9.42930012,-0.356207747
6023,-10.1686172,0.140498439
6024,,
6025,19.1252412,0.848964434
6026,-9.77345867,0.607510741
6027,-25.4433407,0.117708833
6028,-26.9292294,0.532575219
6029,-26.9292294,0.532575219
6030,23.3044873,0.840745929
6031,1.05326455,2.44147951
6032,,
6033,-0.789272336,-0.0280920443
6034,-1.12249476,0.789769239
6035,7.23491606,0.152704844
6036,11.2664937,-0.499457534
6037,11.2664937,-0.499457534
6038,-0.866307927,0.923308701
6039,-33.6334162,0.328587986
6040,,
6041,-23.7031846,-2.12075035
6042,-10.6940804,-1.11270883
6043,6.7845781,1.70430162
6044,34.9906338,-0.455075455
6045,34.9906338,-0.455075455
6046,25.11679,-0.8312533
6047,22.7242279,-1.54612076
6048,,
6049,-42.3139464,1.36119324
6050,-22.330664,1.52680556
6051,-18.5667462,-0.663867544
6052,-11.0862052,1.24299415
6053,-11.0862052,1.24299415
6054,23.4819949,0.506473115
6055,12.3567461,0.498005234
6056,,
6057,9.11692427,-0.102662913
6058,22.3689342,0.18461825
6059,-1.43073785,1.89656498
6060,10.3174103,-1.06450715
6061,10.3174103,-1.06450715
6062,0.455772258,0.311905626
6063,-10.969129,-1.6013198
6064,,
6065,-21.3112759,0.0836710997
6066,-20.9613743,-0.0995466109
6067,-9.71432416,-0.220681134
6068,10.9116621,1.14547572
6069,10.9116621,1.14547572
6070,24.8550406,0.2014748
6071,2.09984226,-1.31784565
6072,,
6073,-15.3102102,-1.65674184
6074,-34.233065,-1.00247204
6075,-19.4918355,-1.33225012
6076,20.8183752,-0.428961164
6077,20.8183752,-0.428961164
6078,14.527423,0.183308745
6079,-20.2892805,0.30129672
6080,,
6081,9.90190798,0.300788196
6082,11.9229056,-0.23996993
6083,-12.7338089,1.67459403
6084,-22.4275834,-1.64982065
6085,-22.4275834,-1.64982065
6086,-10.8171044,-1.04843721
6087,12.7426237,0.26859884
6088,,
6089,-21.4310165,-0.480108782
6090,-11.3176803,0.0788968293
6091,-7.16409643,0.504664252
6092,24.5555874,-0.449988029
6093,24.5555874,-0.449988029
6094,-9.99521278,0.403261106
6095,22.0736038,-0.185369682
6096,,
6097,-7.74465787,0.423978113
6098,-31.8461186,0.408103843
6099,30.8899821,1.78912444
6100,42.3863097,0.245678679
6101,42.3863097,0.245678679
6102,1.18548352,1.87268238
6103,10.901831,0.1230715
6104,,
6105,9.0230599,-0.194395767
6106,11.5823424,0.332349079
6107,-7.22172585,1.38956026
6108,-10.9077337,-0.781472721
6109,-10.9077337,-0.781472721
6110,1.74975944,-0.928436611
6111,12.2810851,1.57309824
6112,,
6113,9.78325451,-1.43789615
6114,13.435219,-0.787430391
6115,-8.77147561,-0.5202363
6116,44.8451354,-0.284016885
6117,44.8451354,-0.284016885
6118,12.626556,-0.405927287
6119,12.3809914,-1.19092727
6120,,
6121,32.6115543,1.09224047
6122,33.509318,0.597236275
6123,-22.1403602,0.65133031
6124,2.79028543,-1.38037715
6125,2.79028543,-1.38037715
6126,21.8371359,0.568097023
6127,-0.471765939,1.28821786
6128,,
6129,0.406977636,0.42514746
6130,11.4466732,0
6131,-4.44696058,-0.680483202
6132,-12.6740178,-0.126160592
6133,-12.6740178,-0.126160592
6134,-23.5759954,1.52422122
6135,-0.248273953,-0.520283821
6136,,
6137,-15.0849264,-0.987472742
6138,10.9918164,-1.06943247
6139,24.3534475,-1.54137955
6140,-11.8376534,-0.357262864
6141,-11.8376534,-0.357262864
6142,-9.97753988,0.467955792
6143,24.7192665,0.18439708
6144,,
6145,-15.6751692,-1.71080851
6146,-33.6414722,-0.199874004
6147,30.7421539,1.35896594
6148,22.7629074,-0.467458371
6149,22.7629074,-0.467458371
6150,12.5634637,0.143906775
6151,-0.457250921,1.0157625
6152,,
6153,-8.33907566,-0.528889955
6154,-23.7709356,0.803615591
6155,-10.7128237,0.105418878
6156,-22.5206478,-0.122457225
6157,-22.5206478,-0.122457225
6158,-31.8109763,-0.831308113
6159,-0.67108919,0.0204199326
6160,,
6161,-7.1896641,-0.710363761
6162,11.8207387,-0.944184038
6163,13.9016246,-0.164104724
6164,21.9670258,1.23670959
6165,21.9670258,1.23670959
6166,-33.9593907,-0.598191071
6167,24.5688525,-0.280125839
6168,,
6169,-21.4335515,0.100550183
6170,2.38494523,0.103206811
6171,-4.65500595,-0.584674349
6172,1.46812963,1.72168835
6173,1.46812963,1.72168835
6174,-9.63304183,-0.0839989743
6175,-21.4655001,0.174428
6176,,
6177,-23.3784524,-2.54218248
6178,-22.2125913,-2.30995975
6179,47.4934516,-1.38510161
6180,25.6262353,-0.320467791
6181,25.6262353,-0.320467791
6182,-1.25344395,-0.334857932
6183,34.9629769,2.64771116
6184,,
6185,-15.1648115,-1.92069889
6186,-10.8614155,-1.16481537
6187,-4.48791083,-0.227716067
6188,45.5638223,1.83859009
6189,45.5638223,1.83859009
6190,-22.9210719,-0.020322556
6191,0.113819884,-1.12391659
6192,,
6193,-8.41131133,-0.195812077
6194,-12.1527342,-0.226699409
6195,12.995331,-0.136044222
6196,1.8483161,-0.265547942
6197,1.8483161,-0.265547942
6198,-44.4895235,0.356385519
6199,1.96663565,-0.305376177
6200,,
6201,8.65903579,0.661237716
6202,24.3407984,0.189231767
6203,-14.109498,-0.434179873
6204,-9.67164585,0.188013738
6205,-9.67164585,0.188013738
6206,22.1655433,-0.749442323
6207,-11.0648716,2.40375139
6208,,
6209,-0.835375479,-1.32621912
6210,-11.6720628,-0.87743784
6211,-31.9626803,0.851731591
6212,11.2079754,1.20621456
6213,11.2079754,1.20621456
6214,-10.9752811,0.298676034
6215,11.1254207,0
6216,,
6217,-7.23491606,-0.614045533
6218,-22.2489882,1.09717569
6219,-11.1250633,2.7312328
6220,-10.0852473,-1.29650911
6221,-10.0852473,-1.29650911
6222,2.04018724,0.484342373
6223,24.214368,-0.0432868809
6224,,
6225,1.6226797,0.827410542
6226,1.49311486,-0.309276435
6227,15.9207696,0.567019049
6228,-12.9561302,1.12156397
6229,-12.9561302,1.12156397
6230,-10.3298466,-0.181596789
6231,0.800621869,1.57361807
6232,,
6233,9.9432153,0.162896523
6234,12.875105,0.10561811
6235,13.1423061,1.06454734
6236,-0.469723405,-0.816148569
6237,-0.469723405,-0.816148569
6238,23.1593625,-0.311615353
6239,0.978187309,-1.2884272
6240,,
6241,17.1402954,0.73217125
6242,11.6699471,1.36233662
6243,-4.46725931,0.450859061
6244,-23.6104508,-1.16499002
6245,-23.6104508,-1.16499002
6246,-10.8275042,0.953353988
6247,11.1910557,0.0841415655
6248,,
6249,-25.4884028,1.08316452
6250,-23.4261921,0.988036523
6251,34.0996856,2.41170486
6252,-20.9214576,2.08623444
6253,-20.9214576,2.08623444
6254,23.0317294,0.644944374
6255,11.495219,1.03980656
6256,,
6257,17.4469527,0.518313174
6258,12.401799,0.318689597
6259,14.6537937,0.0629472996
6260,11.0942613,1.99161988
6261,11.0942613,1.99161988
6262,0.835103183,-0.566724814
6263,0.175952546,-0.856668208
6264,,
6265,-16.3394448,-0.0140873229
6266,12.216241,-0.54886925
6267,-6.93146126,0.660310068
6268,13.381765,-1.03917598
6269,13.381765,-1.03917598
6270,10.5706911,-1.64570803
6271,-33.443366,1.05636767
6272,,
6273,8.93777583,0.768324115
6274,-10.0568025,-0.348827854
6275,-43.8864572,0.561951568
6276,1.17908605,-0.24751919
6277,1.17908605,-0.24751919
6278,22.1120479,-0.78622178
6279,-12.8917635,1.06222343
6280,,
6281,1.00792531,-1.27937818
6282,-24.3453166,-2.48389511
6283,-19.2763116,-0.937789563
6284,34.6308183,-1.80794464
6285,34.6308183,-1.80794464
6286,-10.2436233,0.0405774823
6287,-10.9606546,-0.445259001
6288,,
6289,20.1645562,0.0565703857
6290,25.2622337,-0.280204575
6291,30.1742438,0.563003219
6292,35.0972889,-0.887741637
6293,35.0972889,-0.887741637
6294,-10.4179304,0
6295,-11.2541256,0.259311626
6296,,
6297,-22.7695605,0.710948082
6298,1.55127629,-0.413617049
6299,-1.11101915,-0.882772662
6300,-9.96048961,2.13901514
6301,-9.96048961,2.13901514
6302,0.821555283,0.293259958
6303,13.126169,-0.837835409
6304,,
6305,-33.9052925,-1.32877075
6306,-59.6217993,-0.646187681
6307,27.1585686,1.0772539
6308,12.7831659,1.02546609
6309,12.7831659,1.02546609
6310,-10.1193327,-0.382066449
6311,11.7683914,0.209101965
6312,,
6313,-38.5728508,-0.258196227
6314,-35.3031222,-0.41166944
6315,3.09934938,-1.14014326
6316,-34.1453115,0.508427159
6317,-34.1453115,0.508427159
6318,-0.285970371,-1.25420418
6319,-0.387173041,-0.270343405
6320,,
6321,-39.7060803,-3.44740309
6322,-11.0102494,-3.85166232
6323,11.3926958,-1.79797931
6324,-0.141078799,-0.452229256
6325,-0.141078799,-0.452229256
6326,11.6431123,1.76805218
6327,11.5950341,0.949516573
6328,,
6329,-6.67114181,-0.154769762
6330,-21.5750266,-0.0608949718
6331,0.116832753,-0.501033912
6332,-10.8949454,1.08781785
6333,-10.8949454,1.08781785
6334,12.1102462,0.141644311
6335,-33.935219,0.352557336
6336,,
6337,14.4557344,0.356503126
6338,34.3675556,0.121817055
6339,-21.6363031,0.07711379
6340,11.8809551,-1.32241791
6341,11.8809551,-1.32241791
6342,21.4089384,-1.22726008
6343,-10.8456208,-0.608684841
6344,,
6345,-25.3486694,1.61891287
6346,-24.5114493,0.564555198
6347,-14.997397,1.16760837
6348,23.0467326,-2.60956984
6349,23.0467326,-2.60956984
6350,1.1653492,1.30127386
6351,12.8512643,-0.930379849
6352,,
6353,-33.0637994,0.352137538
6354,-21.6283296,1.2867553
6355,-19.0257888,-0.603959796
6356,0.983244888,1.63980128
6357,0.983244888,1.63980128
6358,-44.3601933,1.19265713
6359,1.30959322,0.59773678
6360,,
6361,-4.86964408,0.223003732
6362,26.0660789,0.558049258
6363,39.6230262,-1.69475476
6364,24.547266,-0.720753369
6365,24.547266,-0.720753369
6366,12.6439678,0.607812539
6367,12.2643868,0.910894054
6368,,
6369,8.51710078,1.28641279
6370,33.9641884,1.3885462
6371,12.6726451,0.576095113
6372,12.4128913,-0.306670978
6373,12.4128913,-0.306670978
6374,23.066662,-0.691551896
6375,-10.7357255,0.329883859
6376,,
6377,-1.38849665,0.744652947
6378,-0.940420622,0.316645921
6379,-30.8852522,-0.478827842
6380,-35.338871,0.968032997
6381,-35.338871,0.968032997
6382,-10.0095086,-1.1758468
6383,1.27903481,-0.617074976
6384,,
6385,29.082298,0.515747985
6386,12.8405078,0.456901515
6387,3.54211411,1.53576848
6388,1.14900977,-0.242095088
6389,1.14900977,-0.242095088
6390,-34.5704279,-0.22773937
6391,35.7083678,-0.259683756
6392,,
6393,8.36092646,-0.300700737
6394,-11.6480824,-1.19460655
6395,-0.704531608,-0.867642591
6396,48.3496988,-0.936648615
6397,48.3496988,-0.936648615
6398,24.0262462,-0.656397256
6399,-22.6862648,0.851207316
6400,,
6401,-14.8439646,-0.780509283
6402,-9.6722113,-0.586455402
6403,-20.6531153,-0.1084839
6404,-11.3692877,-0.0827726673
6405,-11.3692877,-0.0827726673
6406,22.4061108,-0.311405916
6407,-9.42053876,-0.930606381
6408,,
6409,-30.9552537,1.03574278
6410,-22.1757713,0.953986818
6411,-18.7581298,0.387825085
6412,13.484902,-1.5614721
6413,13.484902,-1.5614721
6414,25.3204769,-0.419930364
6415,-9.79444227,0.576523312
6416,,
6417,0.376962712,0.647898115
6418,-0.058954559,1.39209717
6419,21.0379612,1.37984399
6420,12.0763306,-1.44426398
6421,12.0763306,-1.44426398
6422,-22.822643,1.49691303
6423,13.5244663,-0.773045965
6424,,
6425,-25.4837945,0.621106542
6426,-25.427518,0.207349775
6427,20.6064407,-0.91861201
6428,2.52390602,-0.120383788
6429,2.52390602,-0.120383788
6430,-21.6440112,1.47286107
6431,11.5408905,0.297957442
6432,,
6433,25.6630942,-0.233993956
6434,12.9132181,-0.714224583
6435,-4.337693,1.3106139
6436,10.5164268,-0.405421549
6437,10.5164268,-0.405421549
6438,11.9928466,0.941315425
6439,23.2204477,-0.602930709
6440,,
6441,8.56673837,-1.48908193
6442,21.8214508,0.101242686
6443,36.7036392,-0.102260614
6444,12.3305653,1.11151221
6445,12.3305653,1.11151221
6446,-11.7206196,-1.6312084
6447,10.786124,-1.72682778
6448,,
6449,17.310853,0.340311242
6450,23.9724369,0.0580599737
6451,-3.38485025,-1.24953551
6452,0.815670129,-2.03180538
6453,0.815670129,-2.03180538
6454,0.292018204,0.479857147
6455,-22.4279554,-0.987893372
6456,,
6457,27.4056693,0.742366343
6458,51.1948464,-0.0203323237
6459,4.85134362,0.0853691577
6460,-11.7487556,-1.4657042
6461,-11.7487556,-1.4657042
6462,0.630937484,0.903149198
6463,11.1658886,-2.6200825
6464,,
6465,-6.6438419,-1.11123832
6466,-11.0518776,-1.55728604
6467,-19.5247656,-1.10569657
6468,-11.2890348,-0.942888213
6469,-11.2890348,-0.942888213
6470,1.41900798,1.00362868
6471,-11.9542019,-0.204049579
6472,,
6473,-1.07250839,-1.15508666
6474,22.2815418,0.0410928756
6475,12.5229992,-1.74890082
6476,51.7824553,-0.0606077577
6477,51.7824553,-0.0606077577
6478,1.0159214,0.137936299
6479,24.2670558,-0.377540468
6480,,
6481,-23.3980008,1.47503218
6482,-34.7845646,1.62622957
6483,21.9589434,1.4624987
6484,13.8323085,-0.223477343
6485,13.8323085,-0.223477343
6486,23.4960166,-1.6984317
6487,-11.7098868,0.836413461
6488,,
6489,8.93435691,-1.67719502
6490,34.8041476,-1.15561707
6491,-14.6541542,1.07005602
6492,11.2962324,0.116471167
6493,11.2962324,0.116471167
6494,1.33879176,-0.674613964
6495,-42.238505,0.608914192
6496,,
6497,-16.5747557,0.947699301
6498,-22.6614149,-0.146298208
6499,-7.85562441,-0.219941453
6500,0.764504305,-0.219153691
6501,0.764504305,-0.219153691
6502,-9.58309155,-1.30892434
6503,-0.610367938,-0.574809806
6504,,
6505,-32.0607031,0.223097273
6506,-21.8034812,-0.445855812
6507,6.34657057,-1.87687423
6508,-1.5506205,-0.4080221
6509,-1.5506205,-0.4080221
6510,-20.9998009,-1.30409234
6511,-0.0906300242,-0.85435204
6512,,
6513,-15.3137478,0.683775978
6514,13.5382007,-0.226110478
6515,-21.085068,-0.331111806
6516,-1.95147258,-0.444567599
6517,-1.95147258,-0.444567599
6518,12.3924084,-0.70149142
6519,-21.0035866,-0.562305221
6520,,
6521,-6.50082648,-0.27737617
6522,1.15229641,0.477818477
6523,10.5832499,0.369232378
6524,13.0910971,0.87213018
6525,13.0910971,0.87213018
6526,-10.8942924,-0.947618864
6527,1.21450345,-0.5660631
6528,,
6529,0.200753768,-1.0591368
6530,25.9159851,-0.888327173
6531,-21.4930341,0.476586093
6532,21.5245219,0.645626418
6533,21.5245219,0.645626418
6534,37.4016032,0.788738876
6535,25.2221837,-0.46522422
6536,,
6537,18.336159,0.510113221
6538,-9.57782942,0.32351202
6539,-7.77882772,1.08742471
6540,35.6229502,0.3043699
6541,35.6229502,0.3043699
6542,23.6277975,0.912056193
6543,-22.3402977,0.241889634
6544,,
6545,24.5613974,-0.166029351
6546,11.4836552,-1.21750104
6547,-2.4938804,-0.127763043
6548,-22.8851731,-0.540086254
6549,-22.8851731,-0.540086254
6550,12.6060834,-0.664784094
6551,-23.1147176,-1.12894437
6552,,
6553,-6.25862504,-0.0436191987
6554,-10.2029422,-0.424803918
6555,13.0083844,-0.371578049
6556,-11.5727788,1.35457127
6557,-11.5727788,1.35457127
6558,23.7816012,2.1450122
6559,23.316771,0.143098433
6560,,
6561,7.66916507,-0.189170944
6562,9.77281829,-0.342582973
6563,-4.97129438,-1.46343286
6564,-34.3498903,-1.69795023
6565,-34.3498903,-1.69795023
6566,1.63791518,-1.16048021
6567,-10.1895484,-2.18565276
6568,,
6569,-14.8335403,1.16384217
6570,-23.4671861,-0.220761864
6571,-20.4645782,-0.453226868
6572,-21.4271266,0.391802832
6573,-21.4271266,0.391802832
6574,-47.657022,0.201538166
6575,-0.48644334,0.725586149
6576,,
6577,2.41007977,-0.0698125149
6578,12.8915775,0.974308977
6579,4.67351779,-0.116061626
6580,-33.7954336,0.332031304
6581,-33.7954336,0.332031304
6582,-11.64418,-0.429509484
6583,-0.553793431,1.5074877
6584,,
6585,9.63762995,1.07875612
6586,11.5659292,0.647923466
6587,12.933666,0.0152319562
6588,1.99363696,0.662352673
6589,1.99363696,0.662352673
6590,-9.87998365,1.6304761
6591,35.6445438,-1.61966072
6592,,
6593,-0.730773997,-0.0290762693
6594,-12.9144937,-0.282762889
6595,-12.2293411,-1.02327113
6596,-21.6215886,-0.412766202
6597,-21.6215886,-0.412766202
6598,-9.45265716,-0.743272762
6599,-22.4947502,-0.711349841
6600,,
6601,-16.0762188,-0.634294025
6602,-0.313419959,-0.122212501
6603,4.57521972,-0.315065241
6604,9.84918707,-0.292913885
6605,9.84918707,-0.292913885
6606,22.8610626,-2.07430485
6607,-10.4300784,-0.433176366
6608,,
6609,-7.93189801,1.68793393
6610,12.5120627,1.04558614
6611,-28.3869661,0.342804289
6612,-12.4325913,0.44654814
6613,-12.4325913,0.44654814
6614,12.2543038,0.282020253
6615,1.76335253,0.851487858
6616,,
6617,43.2463463,0.0556469939
6618,24.5903872,0.780726394
6619,5.62315303,-1.38228214
6620,-12.4143714,-0.706204917
6621,-12.4143714,-0.706204917
6622,-11.5119639,-1.68455563
6623,-10.2245047,0.461675952
6624,,
6625,-6.49567438,-1.76583116
6626,-9.79491622,-0.934682293
6627,12.2287569,-0.196407792
6628,-11.2298587,-0.835899693
6629,-11.2298587,-0.835899693
6630,-21.3438067,-1.03335946
6631,35.1210122,0.169147661
6632,,
6633,-16.3055479,-0.972158437
6634,-21.8434618,0.465319279
6635,-8.41453088,-0.148527656
6636,-23.7532999,-0.576942927
6637,-23.7532999,-0.576942927
6638,-22.4992226,-2.63437588
6639,-9.65885481,-0.584233831
6640,,
6641,-24.67606,1.8892971
6642,-12.3920067,1.71296931
6643,22.1016211,0.076193638
6644,-10.8050746,0.789662115
6645,-10.8050746,0.789662115
6646,-33.1093117,-1.99781747
6647,12.526159,-1.61125625
6648,,
6649,-16.4442841,-2.20694114
6650,10.117374,-2.03417389
6651,3.70176043,-0.921431782
6652,2.06255533,-1.18550822
6653,2.06255533,-1.18550822
6654,22.7955289,0.401038214
6655,-1.28888254,0.167824424
6656,,
6657,9.08146125,-0.654446126
6658,22.5916593,-0.946402137
6659,-0.0441174677,-1.6032637
6660,2.21106519,0.383742377
6661,2.21106519,0.383742377
6662,24.4363689,-0.504629167
6663,1.01021028,-0.122018281
6664,,
6665,-6.27208184,0.230707013
6666,-33.5401741,-0.27743498
6667,-2.29312728,0.645349399
6668,0.878310066,-0.0585804096
6669,0.878310066,-0.0585804096
6670,24.864215,-0.180594177
6671,-21.068695,0.0593088792
6672,,
6673,42.0090085,0.20179809
6674,23.8115334,0.487985628
6675,51.1872952,0.773922428
6676,1.50002901,-0.198571835
6677,1.50002901,-0.198571835
6678,-20.2732032,0.872584675
6679,12.2785102,-0.956920901
6680,,
6681,-8.22711125,0.857033887
6682,0.612153953,-0.327849973
6683,7.58690914,2.18361627
6684,23.6157322,0.860057902
6685,23.6157322,0.860057902
6686,33.3439461,-0.450908553
6687,-0.78285682,0.632515745
6688,,
6689,17.4021842,-0.0995585893
6690,-11.0305011,0.33389897
6691,2.37536746,-0.496037205
6692,1.55127629,-0.0615570772
6693,1.55127629,-0.0615570772
6694,11.3433703,-1.53254274
6695,22.0961162,-0.487798231
6696,,
6697,1.26546663,-1.43727638
6698,-10.0436662,-1.98459485
6699,-20.4713416,-1.03524642
6700,-23.8544666,1.56259269
6701,-23.8544666,1.56259269
6702,23.8108938,2.4219021
6703,0.610078668,2.07047928
6704,,
6705,9.58174918,-1.46879632
6706,-10.3780129,-1.11830793
6707,-5.16537338,-1.50457745
6708,34.9788144,-2.19451642
6709,34.9788144,-2.19451642
6710,-9.50614451,-1.34357345
6711,-0.874807254,-1.12272147
6712,,
6713,-39.4603731,-0.558652041
6714,-10.9792398,-0.33834623
6715,-23.1063405,0.0939332975
6716,-23.5770259,-1.4134106
6717,-23.5770259,-1.4134106
6718,1.75718645,-1.12265813
6719,2.51110936,-0.903824999
6720,,
6721,1.16501882,-0.291121715
6722,-9.34323823,-0.681982167
6723,-4.11521625,-0.839381567
6724,14.6870626,-0.228798241
6725,14.6870626,-0.228798241
6726,0.529393401,-1.13694773
6727,12.5608324,1.00862815
6728,,
6729,17.9669241,-1.41172431
6730,-10.5285211,-0.855515734
6731,33.8550191,-0.609089027
6732,-23.5228691,-0.0412228358
6733,-23.5228691,-0.0412228358
6734,0.733918248,0.888827864
6735,-11.5758366,0.610993693
6736,,
6737,9.36201327,-0.159954182
6738,0.836495141,0.566378214
6739,-12.6182395,-1.7726386
6740,22.8048097,-0.959677134
6741,22.8048097,-0.959677134
6742,-0.400726644,1.67244371
6743,-10.0890219,0.158492318
6744,,
6745,27.9296617,0.327282398
6746,37.4628016,0.417137944
6747,3.84481169,0.743850144
6748,-22.0635516,1.02991477
6749,-22.0635516,1.02991477
6750,-11.7381357,-0.940051363
6751,22.0166731,0.104059696
6752,,
6753,19.597176,-1.00583243
6754,25.2770197,-0.694664093
6755,20.7693876,-1.66490909
6756,12.3718269,1.54382188
6757,12.3718269,1.54382188
6758,-24.0329281,-2.32529184
6759,-24.1958978,1.21392932
6760,,
6761,-14.3347403,0.707905103
6762,-33.6442916,0.397901739
6763,-50.5393132,1.10189338
6764,-47.0894547,-0.948338785
6765,-47.0894547,-0.948338785
6766,24.4086922,-0.905132749
6767,23.4333892,1.37057952
6768,,
6769,0.525708674,1.18901051
6770,22.0301135,1.24371971
6771,21.6961405,-1.28874972
6772,12.992206,0.839723423
6773,12.992206,0.839723423
6774,-11.5373947,-0.995213506
6775,11.7210627,0.473287952
6776,,
6777,-8.23293965,1.43462022
6778,0.789321558,1.75040371
6779,4.21406725,0.654361846
6780,0.269216063,-1.35109636
6781,0.269216063,-1.35109636
6782,1.06784044,0.4994288
6783,24.4869773,0.646043141
6784,,
6785,-17.2112542,-1.92268576
6786,-1.00081938,-2.67826875
6787,21.9543244,0.395946677
6788,-31.2556802,-0.0198782634
6789,-31.2556802,-0.0198782634
6790,10.8560008,0.160188
6791,13.9884911,0.938265741
6792,,
6793,-29.7410854,-0.085049058
6794,-32.1822349,-0.654797237
6795,9.55423218,-0.800366849
6796,-34.2669362,0.347149739
6797,-34.2669362,0.347149739
6798,0.325856722,-0.304876212
6799,46.2101941,1.48515546
6800,,
6801,8.77531349,-1.46965037
6802,11.0283006,-0.433557331
6803,1.74522249,-0.235996499
6804,47.4015203,0.759276063
6805,47.4015203,0.759276063
6806,-35.9371493,0.521507887
6807,35.0774798,0.621036324
6808,,
6809,16.5078138,1.06223629
6810,12.3428301,1.1629837
6811,-58.0337849,1.41212569
6812,22.1305138,0.12084616
6813,22.1305138,0.12084616
6814,-11.2349044,1.3571667
6815,11.6502144,0.399200123
6816,,
6817,0.144746651,-1.29063708
6818,11.5327567,-2.01573141
6819,31.62889,-0.452192686
6820,21.7181887,-0.450821429
6821,21.7181887,-0.450821429
6822,-32.1684597,1.65079855
6823,2.00931795,0.0397291323
6824,,
6825,-14.4532605,-0.0692733325
6826,-9.37220951,-0.762296078
6827,-12.1878306,-1.67832359
6828,-12.6551491,0.0388206061
6829,-12.6551491,0.0388206061
6830,-10.8293074,0.204713739
6831,1.56155579,-0.0409458443
6832,,
6833,-6.86184615,0.568452429
6834,1.91017849,1.47857873
6835,-30.5253286,-0.859291914
6836,-11.58802,-0.380893044
6837,-11.58802,-0.380893044
6838,-2.25069349,0.675967608
6839,-45.146726,2.06097648
6840,,
6841,17.6778466,-0.0557536476
6842,25.1944537,1.25194808
6843,9.5927837,0.598891837
6844,-10.6258045,-0.441115809
6845,-10.6258045,-0.441115809
6846,-44.4065505,-0.0201496428
6847,23.1711129,1.82967055
6848,,
6849,-5.8382965,0.229846284
6850,1.76173679,0.71377437
6851,21.1801402,-1.60543547
6852,2.07913983,-0.101272869
6853,2.07913983,-0.101272869
6854,24.5106696,-0.264324042
6855,-23.0517299,-0.914240322
6856,,
6857,-23.6508706,-1.0334198
6858,-22.2290432,0.307914079
6859,-3.2094335,-0.246025524
6860,31.0657507,-1.25217034
6861,31.0657507,-1.25217034
6862,-31.6493229,-0.655288676
6863,0.979767228,0.18302543
6864,,
6865,-15.4074179,0.36920614
6866,1.74968028,0.561293895
6867,7.29084254,0.0889965008
6868,10.8309818,-0.783683729
6869,10.8309818,-0.783683729
6870,-0.303457518,1.22305748
6871,37.0391476,0.299840278
6872,,
6873,15.9732284,-1.52398387
6874,10.2989023,-0.88378155
6875,19.7666356,0.197315634
6876,-9.84727455,-0.868903199
6877,-9.84727455,-0.868903199
6878,12.6930153,-0.402520262
6879,11.6475814,-0.897361274
6880,,
6881,25.6943278,0.0702669669
6882,45.3600302,-0.265779287
6883,-4.95466142,-1.2431445
6884,-21.4844338,1.36034616
6885,-21.4844338,1.36034616
6886,-0.0858182911,-2.42857992
6887,-11.478651,0.998147123
6888,,
6889,26.0808712,1.64391924
6890,24.238338,1.54068403
6891,-18.5207566,1.15587944
6892,-36.8251679,-1.52727166
6893,-36.8251679,-1.52727166
6894,25.4098187,-1.8805272
6895,24.135661,-1.05269968
6896,,
6897,-4.68266802,-0.988906116
6898,-20.6967135,-0.426735434
6899,-8.81741673,-0.602764944
6900,-10.294939,0.326220373
6901,-10.294939,0.326220373
6902,-0.0599552081,-0.117444495
6903,-11.5641914,-0.0812815165
6904,,
6905,-37.3001667,-0.636644587
6906,-54.5278907,-1.43629274
6907,-40.2462093,-0.517724681
6908,12.2681805,-0.059234309
6909,12.2681805,-0.059234309
6910,12.2987101,-1.17991389
6911,-11.2121865,1.62515493
6912,,
6913,-29.7492565,1.99977084
6914,-20.3054015,2.66715674
6915,5.88769001,-0.7663396
6916,0.466907919,-1.60556537
6917,0.466907919,-1.60556537
6918,-0.0278615524,1.59994393
6919,23.35668,0.737533716
6920,,
6921,17.3075726,-1.83069428
6922,35.3995508,-1.90656192
6923,-5.96758091,-1.00626117
6924,0.0304050858,-0.536235545
6925,0.0304050858,-0.536235545
6926,-9.77901184,-1.63053845
6927,11.8830075,0.502021466
6928,,
6929,15.8414241,0.853054076
6930,10.7904995,0.254988954
6931,2.18410392,-0.122502194
6932,-23.9539887,-0.566018458
6933,-23.9539887,-0.566018458
6934,0.360579111,1.17188204
6935,-0.0594222576,1.27593245
6936,,
6937,-31.2610502,-0.465347733
6938,-22.008772,0.0618338257
6939,9.3754831,0.339472434
6940,10.8259024,-0.718275051
6941,10.8259024,-0.718275051
6942,-10.6257293,1.73072117
6943,-44.4179099,-0.749442586
6944,,
6945,0.560417027,-0.371038589
6946,-12.4437666,0.17750878
6947,-28.1630967,0.0290441167
6948,12.2978644,-0.696741524
6949,12.2978644,-0.696741524
6950,11.3407858,-0.899103
6951,-10.6469713,-2.31753438
6952,,
6953,-16.6257795,0.995544798
6954,-11.70599,1.21374942
6955,31.4775465,0.134900623
6956,0.979000021,-1.05862461
6957,0.979000021,-1.05862461
6958,-10.8339879,1.40874571
6959,23.0151937,-1.64042584
6960,,
6961,-8.06469356,0.685764114
6962,33.5083937,0.817488289
6963,1.3399025,0.521830142
6964,23.0758289,-1.08610454
6965,23.0758289,-1.08610454
6966,-11.6286066,1.74455051
6967,12.9725169,0.856018172
6968,,
6969,16.8009574,-0.32162618
6970,35.396992,0.814799996
6971,19.1380017,-0.240460443
6972,-0.541748638,-0.244026192
6973,-0.541748638,-0.244026192
6974,-44.9658438,0.772988118
6975,-12.0386247,-1.47779849
6976,,
6977,-7.74596669,-0.552445898
6978,-11.3878554,-1.07598463
6979,-35.5281136,0.434073455
6980,-10.7242558,0.300303769
6981,-10.7242558,0.300303769
6982,-9.70999307,1.32391153
6983,-35.7319102,-1.4284489
6984,,
6985,9.09120519,0.523386156
6986,-11.2018198,0.303677509
6987,-26.0312543,1.36739883
6988,-22.5028431,-0.606580182
6989,-22.5028431,-0.606580182
6990,-22.2267694,0.323394077
6991,-10.9521457,-0.171382557
6992,,
6993,-14.2684841,0.723157773
6994,-9.87202976,0.0400914202
6995,5.64851591,0.462576585
6996,-22.4607617,-1.44714311
6997,-22.4607617,-1.44714311
6998,-22.2396923,0.659755768
6999,-23.084603,0.89640229
7000,,
7001,-21.35658,-2.51772642
7002,-10.5464225,-3.34240445
7003,-8.30669418,-0.906668396
7004,-36.3765768,0.139074866
7005,-36.3765768,0.139074866
7006,-10.8146463,1.11068105
7007,58.7714795,0.918434058
7008,,
7009,10.5676376,-1.40591108
7010,-12.4457136,-0.0211386148
7011,-13.6929904,0.750455095
7012,21.5998639,-0.804753003
7013,21.5998639,-0.804753003
7014,11.4285839,0.994875104
7015,13.4875299,1.16905854
7016,,
7017,1.03996889,0.282704582
7018,-12.0922902,0.36337252
7019,-25.3393216,-0.0869231022
7020,10.859677,0.7168264
7021,10.859677,0.7168264
7022,0.798660423,1.42700155
7023,13.9474596,0.348562391
7024,,
7025,-7.24922199,0.82279083
7026,11.6746506,0.40344243
7027,36.4074018,-0.479068254
7028,12.6297819,-0.564874709
7029,12.6297819,-0.564874709
7030,-22.8129446,-0.163923779
7031,-10.3337588,0.118184599
7032,,
7033,-15.6940053,0.23896092
7034,-10.9495351,0.686792501
7035,4.43214535,0.809305112
7036,20.8921473,-0.647728591
7037,20.8921473,-0.647728591
7038,-35.4119785,1.03581732
7039,-0.39181703,1.5980119
7040,,
7041,-15.4561443,-0.38022914
7042,0.148756702,-0.0203834967
7043,-40.7363615,0.273803623
7044,0.415115801,0.184640061
7045,0.415115801,0.184640061
7046,23.5923122,1.24434675
7047,-10.775789,-0.0597485074
7048,,
7049,3.9921632,-1.65695121
7050,14.3047389,-1.60774681
7051,-14.7673148,-0.0304231188
7052,0.116399515,0.122196365
7053,0.116399515,0.122196365
7054,12.038696,-0.781885461
7055,-10.4250437,1.40970355
7056,,
7057,35.789743,0.0283686638
7058,25.11679,-0.8312533
7059,1.09134998,0.457129968
7060,0.089570919,1.20332537
7061,0.089570919,1.20332537
7062,1.14801124,0.355056295
7063,21.9296948,0.490942812
7064,,
7065,-30.9549892,0.31875275
7066,-21.2912543,0.558418514
7067,-17.159197,-0.619575231
7068,-21.5738597,2.35416472
7069,-21.5738597,2.35416472
7070,-22.4231852,-0.364176847
7071,-21.5217069,0.331898073
7072,,
7073,26.8260782,1.05164223
7074,2.67699549,0.715618547
7075,19.6287217,0.238103574
7076,-32.0963966,-1.13409897
7077,-32.0963966,-1.13409897
7078,22.8460683,-0.303466229
7079,15.9961894,0.579356445
7080,,
7081,1.3254214,-0.854419668
7082,11.7926572,-0.187487866
7083,17.2816774,0.310061304
7084,-10.0608766,0.287718327
7085,-10.0608766,0.287718327
7086,35.5624747,0.119416613
7087,-9.92944816,-0.594819556
7088,,
7089,10.6426139,0.343652378
7090,14.527423,0.183308745
7091,-3.39885882,-0.560463064
7092,24.2263988,1.8047755
7093,24.2263988,1.8047755
7094,34.991157,-0.760274434
7095,-10.1669728,-0.232800762
7096,,
7097,18.5177713,0.203297535
7098,12.376603,-1.08439129
7099,1.18648904,-1.70821931
7100,24.9459935,0.933381296
7101,24.9459935,0.933381296
7102,36.1731782,-1.8060526
7103,12.3269384,-0.428294334
7104,,
7105,25.0381281,-0.515488103
7106,12.0442752,0.973813361
7107,12.2385244,-1.06433433
7108,-32.3827795,0.850817228
7109,-32.3827795,0.850817228
7110,-11.3071127,0.199994988
7111,21.3939976,-0.638339493
7112,,
7113,7.92920106,-0.789742344
7114,10.1107057,-1.36548672
7115,-16.1536441,-1.15171075
7116,-19.7176405,0.291723157
7117,-19.7176405,0.291723157
7118,0.427784457,0.467451692
7119,13.3022761,0.31238941
7120,,
7121,-6.01660607,-0.369790264
7122,1.74975944,-0.928436611
7123,-5.28296338,-1.35478645
7124,-47.0366134,1.31968166
7125,-47.0366134,1.31968166
7126,-11.2657612,-0.75245445
7127,1.50322995,-0.890552743
7128,,
7129,-16.4060587,-1.7606698
7130,-10.7928218,-0.708223945
7131,-30.2949128,0.0151751295
7132,1.6226464,1.64841504
7133,1.6226464,1.64841504
7134,-11.8868075,0.745266858
7135,22.6672781,-0.769880834
7136,,
7137,-7.15565897,-0.272278934
7138,-21.6474801,-0.201939842
7139,-6.95410753,0.582842113
7140,-10.8262396,0.0606077577
7141,-10.8262396,0.0606077577
7142,-0.924510161,0.459075508
7143,-10.1193363,1.51686607
7144,,
7145,0.567845059,-1.09662942
7146,-11.0960685,-0.547707588
7147,-40.469087,0.437049698
7148,12.2783991,0.358427803
7149,12.2783991,0.358427803
7150,-0.0572824317,1.1934903
7151,22.4452979,-0.202922794
7152,,
7153,9.11026445,0.731151511
7154,-9.97753988,0.467955792
7155,-14.2341415,-1.26844569
7156,2.92380948,-0.692197864
7157,2.92380948,-0.692197864
7158,1.7458888,0.533210887
7159,-10.3419879,0.444528647
7160,,
7161,24.0647242,-0.157462318
7162,34.3283651,-0.201397162
7163,39.6876418,0.0153179197
7164,13.2818875,-0.691366249
7165,13.2818875,-0.691366249
7166,-19.8336698,-1.20116563
7167,23.0114246,0.513641369
7168,,
7169,-0.801131087,-0.630962746
7170,-0.730629891,-0.545055347
7171,-1.7969145,-0.403754042
7172,2.36434395,-0.506108387
7173,2.36434395,-0.506108387
7174,0.0443955414,1.65269665
7175,-1.71841542,-1.03112325
7176,,
7177,-0.290418296,0.677968366
7178,-0.491350771,1.06006855
7179,0.397053766,0.344749635
7180,-0.570447803,-0.833797383
7181,-0.570447803,-0.833797383
7182,1.00842469,0.492392227
7183,-1.59872964,-0.20135275
7184,,
7185,-0.43411403,0.0291117747
7186,-0.633786689,0.615021368
7187,-0.282900717,1.94538355
7188,-1.24478493,1.01432397
7189,-1.24478493,1.01432397
7190,-1.06449639,0.651479666
7191,1.28159927,-0.450921372
7192,,
7193,-0.516421748,0.89050744
7194,0.744810939,0.677465352
7195,-0.383849248,-0.852916451
7196,0.226108084,0.411821058
7197,0.226108084,0.411821058
7198,1.69906208,-1.04996614
7199,1.8970463,1.30261377
7200,,
7201,1.01555309,1.95622306
7202,0.260335455,1.41037964
7203,1.7319579,1.30298768
7204,0.741394785,0.359008025
7205,0.741394785,0.359008025
7206,0.162634916,-2.04626834
7207,-0.591978876,-1.24139125
7208,,
7209,0.533582402,1.30320836
7210,-0.837513122,1.67906957
7211,-1.30726184,0.943285784
7212,-0.60462373,1.05572491
7213,-0.60462373,1.05572491
7214,0.833756588,0.24306076
7215,1.40661891,-1.01881885
7216,,
7217,-1.01702901,-0.0569248458
7218,0.399213952,1.08660654
7219,0.544782025,0.446626688
7220,2.5582729,-0.681051577
7221,2.5582729,-0.681051577
7222,-0.984900158,-0.0996525957
7223,-1.54443436,0.536349916
7224,,
7225,0.834716721,-0.0835479301
7226,1.16651856,0.196035651
7227,0.0157073372,-1.06779976
7228,0.599408995,0.8039065
7229,0.599408995,0.8039065
7230,-0.898027437,1.0704142
7231,1.07874117,0.328007749
7232,,
7233,1.59886988,-0.884538758
7234,2.03813352,-0.825448695
7235,0,-0.936291006
7236,2.07058815,0.508490414
7237,2.07058815,0.508490414
7238,0.333604107,1.04073084
7239,1.32537887,-1.41375663
7240,,
7241,1.14752801,0.335362981
7242,1.4114027,-1.58946509
7243,2.32963495,-0.399589073
7244,-1.43224502,0.685298836
7245,-1.43224502,0.685298836
7246,-0.244144642,-0.0200408365
7247,1.32705794,-0.559607764
7248,,
7249,-1.05439258,1.00354337
7250,-0.488862205,1.08690843
7251,0.548875164,0.824836458
7252,0.856746248,-0.942535295
7253,0.856746248,-0.942535295
7254,1.27549825,-0.501873384
7255,0.501498045,0.532824053
7256,,
7257,1.01235929,-0.72194728
7258,0,-0.975446322
7259,-0.617109108,0.610874671
7260,-0.0209143566,-0.182070026
7261,-0.0209143566,-0.182070026
7262,-0.122022961,-1.2989928
7263,-1.06313945,-1.88101879
7264,,
7265,0.290220928,-0.715076964
7266,0.690222701,-0.695543783
7267,0.959538479,-0.104132723
7268,1.31913227,1.52501275
7269,1.31913227,1.52501275
7270,-1.46286748,1.00996539
7271,-1.14828001,-0.502808703
7272,,
7273,-0.943534902,-2.60229037
7274,-1.00693322,-2.14355927
7275,-0.0718593984,-0.838222666
7276,0.0196294175,-0.587544273
7277,0.0196294175,-0.587544273
7278,-0.176279092,-0.163576277
7279,-0.898089969,0.0602525632
7280,,
7281,-1.85222105,1.32685961
7282,-1.87495496,1.86318902
7283,-0.480920607,0.858077744
7284,-0.610033236,-1.11192048
7285,-0.610033236,-1.11192048
7286,0.201372598,0.337740548
7287,0.101833533,1.00279034
7288,,
7289,2.059406,-1.58677826
7290,0.496244719,-1.45565495
7291,1.24460868,-0.235819029
7292,-0.773704442,-1.31032551
7293,-0.773704442,-1.31032551
7294,0.0202327839,0.180575956
7295,0.800438255,0.143786809
7296,,
7297,-0.113365524,-0.145191348
7298,0.0834197655,-0.458592819
7299,-0.215628656,-0.0141599088
7300,0.801326601,2.08438863
7301,0.801326601,2.08438863
7302,-1.47265874,0.304172218
7303,1.47033157,0.190128332
7304,,
7305,0.0441231599,-0.111896553
7306,-0.999065812,0.856603402
7307,0.682440617,-0.256182352
7308,-0.509082994,-1.75953386
7309,-0.509082994,-1.75953386
7310,-1.53490896,-2.22977489
7311,0,-1.23504898
7312,,
7313,-0.230044385,0.0145151284
7314,0.367664851,0.835525691
7315,0.730562895,1.61723692
7316,0.261959218,0.471962493
7317,0.261959218,0.471962493
7318,0.27881736,-0.0840752988
7319,-0.888919882,0.570892196
7320,,
7321,1.11370731,-0.172885099
7322,1.25524612,0.525358652
7323,1.41688494,0.0440510946
7324,0.894744394,-1.32113959
7325,0.894744394,-1.32113959
7326,-0.482112777,-0.439378043
7327,-1.07311881,2.07165748
7328,,
7329,-0.664121011,-0.0888398814
7330,-0.183629771,-0.0429007933
7331,0.467479072,0.396457025
7332,0.240417327,0.140803282
7333,0.240417327,0.140803282
7334,0.889615724,-0.716937545
7335,-1.07608011,-0.644883154
7336,,
7337,-0.786793732,0.642359398
7338,-0.906250336,1.12110671
7339,-0.528728981,0.646551092
7340,0.642981711,-0.548698789
7341,0.642981711,-0.548698789
7342,0.121147438,-0.507604484
7343,-0.373182436,-0.600612063
7344,,
7345,-1.18781979,0.268895614
7346,0.671713168,0.98999759
7347,0.240111958,0.80238734
7348,0.552251956,1.03229147
7349,0.552251956,1.03229147
7350,-0.607385239,0.0809616678
7351,-0.798147293,0.315482747
7352,,
7353,-0.906820345,1.1185603
7354,-0.494266805,1.54621732
7355,0.437288727,0.601994867
7356,-1.23986141,0.413442916
7357,-1.23986141,0.413442916
7358,-0.656874004,1.02859563
7359,-0.468553957,-0.249666987
7360,,
7361,1.99441341,1.70943994
7362,0.809850946,2.62852786
7363,-0.444678808,0.888016884
7364,1.7078687,0.748124996
7365,1.7078687,0.748124996
7366,-0.908516969,0.523177902
7367,-0.155674962,-0.276593708
7368,,
7369,-1.63762852,0.642281348
7370,-1.34007053,1.71925234
7371,0.246922567,2.21602612
7372,-0.487816333,0.655820342
7373,-0.487816333,0.655820342
7374,-0.566980857,-0.728818314
7375,-0.512130064,-0.139154183
7376,,
7377,0.41813159,-0.460421682
7378,1.55050361,0.165879105
7379,0.499323278,0.889981728
7380,-0.963314288,-0.182802745
7381,-0.963314288,-0.182802745
7382,-1.17391325,-0.0618496324
7383,-0.54310278,0.385664172
7384,,
7385,0,-0.0990405582
7386,-0.551442753,1.32203598
7387,-2.07506178,0.517941237
7388,-0.492410327,-1.41600178
7389,-0.492410327,-1.41600178
7390,-0.24378073,0.244099317
7391,0.298990532,-1.73021546
7392,,
7393,-0.154527983,-0.707861171
7394,-0.720848897,0.342963668
7395,0.310614028,0.427171883
7396,-0.647895603,-0.770635937
7397,-0.647895603,-0.770635937
7398,0.980796049,-2.29861077
7399,-0.896194596,-0.538296237
7400,,
7401,0.315341523,-0.218050248
7402,-0.059728916,-0.167535118
7403,0.276699789,-0.326665962
7404,1.22384739,0.384549957
7405,1.22384739,0.384549957
7406,0.124053205,1.7552064
7407,-0.786903359,-1.0257548
7408,,
7409,1.03934985,0.145186132
7410,0.465089894,0.24337954
7411,0.0150403166,0.246954953
7412,-0.991290963,-0.243185818
7413,-0.991290963,-0.243185818
7414,-0.687283598,-0.123580248
7415,-0.941005567,1.08699673
7416,,
7417,-0.797495334,-1.18270311
7418,-0.611620712,-0.977528245
7419,0.489555455,-0.598536846
7420,-1.28839608,0.515330232
7421,-1.28839608,0.515330232
7422,0.698348394,2.17386585
7423,-0.361136791,-0.0394532236
7424,,
7425,-0.575875333,-0.0450565722
7426,-1.41969813,-1.10869915
7427,-0.439908389,0.0436019681
7428,0.223665294,-0.846675119
7429,0.223665294,-0.846675119
7430,0.638643231,-0.786895581
7431,0.36997487,-0.389905926
7432,,
7433,0.730503972,0.374156284
7434,1.23033317,0.0608137647
7435,0.552816272,-1.1217968
7436,-0.634297216,-0.715838633
7437,-0.634297216,-0.715838633
7438,-1.35206657,1.14175227
7439,-0.907327986,-0.847646534
7440,,
7441,0.159761769,-3.11894062
7442,2.00377901,-1.56955782
7443,0.676012395,-0.37292077
7444,2.01563982,0.20581833
7445,2.01563982,0.20581833
7446,-0.020290531,-1.45080915
7447,-0.135627413,0.658601559
7448,,
7449,-2.0755032,0.346147109
7450,-0.868027763,0.119564369
7451,0.846513638,0.445866308
7452,-0.120319831,0.0411671626
7453,-0.120319831,0.0411671626
7454,0.20042158,0.859241016
7455,0.740824811,0.106912183
7456,,
7457,0.538645781,-0.71900856
7458,0.675865977,-1.47498544
7459,1.84131799,-1.23890312
7460,0.0586436586,-0.286825568
7461,0.0586436586,-0.286825568
7462,-0.320872622,-0.0831235504
7463,-0.141230419,-1.23536911
7464,,
7465,0.274463093,-0.800754925
7466,2.32521573,-1.87256059
7467,0.672407547,-0.807763597
7468,0.103124914,1.37805335
7469,0.103124914,1.37805335
7470,-0.837808188,0.739147231
7471,1.50295699,0.849181639
7472,,
7473,1.95589995,0.127762139
7474,0.286197915,0.360265557
7475,1.32355777,1.3907038
7476,2.22084392,-0.96487392
7477,2.22084392,-0.96487392
7478,1.0823689,1.28577334
7479,-1.11633073,-0.915835566
7480,,
7481,0.0137461778,0.394274821
7482,0.649330828,-0.596594844
7483,-0.917677285,-0.230568766
7484,0.322976354,-0.222088547
7485,0.322976354,-0.222088547
7486,-1.12267352,0.577217831
7487,-0.0605091759,-1.16460102
7488,,
7489,-0.929283958,0.987174826
7490,-0.179913536,-0.0804217988
7491,-0.699832677,-2.87069807
7492,-0.384779147,0.298778182
7493,-0.384779147,0.298778182
7494,1.69632642,-0.824118491
7495,-0.605826022,-0.377332454
7496,,
7497,0.286226999,-1.17042727
7498,0.0205892774,-0.209845809
7499,1.65204369,0.411013015
7500,-0.472592321,0.159591266
7501,-0.472592321,0.159591266
7502,-0.658978467,-0.321880304
7503,0.460680555,0.785277495
7504,,
7505,1.24381084,0.76214493
7506,1.63251759,0.199084025
7507,1.03470857,1.25232719
7508,-1.09660441,0.698214028
7509,-1.09660441,0.698214028
7510,1.19656478,0.540156248
7511,1.46424307,1.40961249
7512,,
7513,-1.01789622,-0.118507364
7514,-2.82015684,-0.508593782
7515,-0.0438891706,-0.180976093
7516,0.798759782,1.5839614
7517,0.798759782,1.5839614
7518,-1.09117838,-0.177578045
7519,0.120757182,0.491863412
7520,,
7521,-0.75782012,0.0568746362
7522,0.572468985,-0.921572454
7523,1.35317165,-0.307691669
7524,-0.0409121639,-0.233149116
7525,-0.0409121639,-0.233149116
7526,0.802455104,0.582730185
7527,0.793014855,-0.255343251
7528,,
7529,0.957242988,-2.01298304
7530,0.474612485,-1.32834635
7531,-0.196093934,0.0860017023
7532,1.10782926,-0.199103013
7533,1.10782926,-0.199103013
7534,1.07010422,-0.119350278
7535,-0.322526472,-0.853188426
7536,,
7537,1.36831281,1.14543415
7538,0.736965589,0.894462958
7539,0.546962319,-0.662474787
7540,-0.438243952,-0.865812864
7541,-0.438243952,-0.865812864
7542,-0.875465809,1.29360258
7543,-1.9979187,0.795777167
7544,,
7545,-0.843866488,0.175791592
7546,-1.4721138,0.0428842296
7547,-0.304616387,0
7548,-0.0407568725,-0.946507489
7549,-0.0407568725,-0.946507489
7550,1.38559523,-0.472466354
7551,-0.123871389,-0.0405684849
7552,,
7553,0.418579054,0.43907628
7554,0.277273471,0.259740909
7555,0.044425299,-0.257513899
7556,0.68185017,-0.532291503
7557,0.68185017,-0.532291503
7558,-0.731206916,0.842445161
7559,0.919400575,-0.630643207
7560,,
7561,0.616090579,-0.437983244
7562,1.04300698,-1.6361777
7563,0.313956677,0.368490169
7564,-0.390922245,-0.615820029
7565,-0.390922245,-0.615820029
7566,-1.57494069,-0.90378894
7567,1.02649486,-1.06405735
7568,,
7569,0.591232419,2.49376662
7570,1.43290996,0.888104828
7571,0.452640913,2.08552153
7572,-0.883713024,-0.662677712
7573,-0.883713024,-0.662677712
7574,1.90712056,-1.25243969
7575,-0.519768366,-1.50019026
7576,,
7577,0.896329197,-2.34162697
7578,-0.124436283,-2.24892321
7579,-0.963314288,-0.475510301
7580,0.637422299,-0.575039309
7581,0.637422299,-0.575039309
7582,0.431036012,1.51743331
7583,-0.694464615,0.118564288
7584,,
7585,0.569779701,1.04795155
7586,0.740890718,1.30288742
7587,1.31789409,1.56969864
7588,-0.127518663,1.18387844
7589,-0.127518663,1.18387844
7590,1.19226995,-0.123630076
7591,0.165266753,-0.887786527
7592,,
7593,-3.37240959,-0.103518486
7594,-1.98608698,1.02089335
7595,-0.954640333,-0.535022898
7596,0.100467061,-1.01970311
7597,0.100467061,-1.01970311
7598,0.26184253,-0.684906328
7599,0.353406141,-0.708230107
7600,,
7601,-0.591719856,0.775370771
7602,-0.587035081,0.117996918
7603,-1.43914536,-0.682861109
7604,-0.639266626,-0.26665787
7605,-0.639266626,-0.26665787
7606,0.613728804,0.161019384
7607,0.634603915,-0.119249565
7608,,
7609,-1.58703886,0.784974467
7610,-2.50741554,1.26719582
7611,-0.632881713,1.68468404
7612,0.61373846,-0.164606961
7613,0.61373846,-0.164606961
7614,-0.347714194,1.95411749
7615,-0.500318028,1.39217479
7616,,
7617,-1.04817028,-0.139269292
7618,-0.581476677,-0.300665819
7619,-1.17129748,-0.768259121
7620,-1.77242981,0.409587966
7621,-1.77242981,0.409587966
7622,-0.127226332,0.806682691
7623,-0.0611914119,-1.41631449
7624,,
7625,0.0286366975,-1.29639256
7626,1.68755265,-1.87163202
7627,-0.870577931,-1.26753628
7628,-0.558962609,-0.0792412484
7629,-0.558962609,-0.0792412484
7630,-2.18920604,-1.19482228
7631,-0.860449963,-1.82458677
7632,,
7633,0.526172824,-1.32426843
7634,1.27541302,-1.36790285
7635,0.500115489,0.497572771
7636,0.980897723,-0.854853674
7637,0.980897723,-0.854853674
7638,-0.372477802,-0.41275078
7639,-0.260749868,-1.13973071
7640,,
7641,-0.812998685,-1.19570308
7642,-1.12410703,-1.60599077
7643,-0.693907299,0.861605262
7644,-0.244403656,-0.159491557
7645,-0.244403656,-0.159491557
7646,-0.535654261,-0.345535675
7647,-1.05998991,0.873535983
7648,,
7649,-0.206415815,-0.920924465
7650,0.0415803657,-1.17702529
7651,-0.175296831,-1.21587326
7652,0,3.43269547
7653,0,3.43269547
7654,-0.161504177,0.569432403
7655,-0.401326266,-0.577734549
7656,,
7657,0.028809163,-0.585683996
7658,-0.939511899,0.156995396
7659,1.24177649,1.17207263
7660,-1.54942635,0.176953788
7661,-1.54942635,0.176953788
7662,0.477431315,0.83677821
7663,-1.87210408,-0.247980774
7664,,
7665,-0.680522014,0.966541245
7666,-0.539964545,-0.203640923
7667,-0.530754318,-0.884422125
7668,-1.77586986,-0.080465587
7669,-1.77586986,-0.080465587
7670,0.394334206,-0.249611479
7671,0.100485366,0.461268092
7672,,
7673,-1.57073492,-0.057483576
7674,-1.13827627,0.0405206692
7675,-2.19339928,0.36975671
7676,-1.49431377,1.62948477
7677,-1.49431377,1.62948477
7678,-1.79568861,-0.728454589
7679,-1.2826359,-0.491022875
7680,,
7681,-0.973724551,-0.743413019
7682,-0.310625774,-0.570239035
7683,0.862980336,-0.727225768
7684,1.32265393,0.430880444
7685,1.32265393,0.430880444
7686,0.559143024,1.63278579
7687,0.540816075,1.68206671
7688,,
7689,0.95070359,-0.618341753
7690,-0.847709149,-0.0394238207
7691,0.100338497,-0.326988817
7692,-0.722293434,-0.0199395335
7693,-0.722293434,-0.0199395335
7694,-0.361116754,1.94562964
7695,0.566113936,-0.465585285
7696,,
7697,1.40463521,0.476781847
7698,1.67958259,1.09405669
7699,-0.645287304,1.41702114
7700,1.07999024,2.05274397
7701,1.07999024,2.05274397
7702,1.44271332,0.807712092
7703,0.898020236,0.257902519
7704,,
7705,2.20166434,-2.27412003
7706,2.22463561,-2.14296693
7707,0.283512135,-0.0144759985
7708,-1.3102973,0.995448792
7709,-1.3102973,0.995448792
7710,0.0585146866,0.421981301
7711,0.104230236,2.82591544
7712,,
7713,-1.48661979,-0.77374853
7714,-1.84192215,0.897551256
7715,-0.0879143806,2.0243226
7716,-1.04193718,0.0204414772
7717,-1.04193718,0.0204414772
7718,-0.202889295,0.811670132
7719,-0.379732283,-0.176666805
7720,,
7721,-0.792457854,0.0147289601
7722,0.361692218,-0.817244042
7723,-0.870554033,0.0137199273
7724,0.766478086,-1.8131791
7725,0.766478086,-1.8131791
7726,-0.426696831,-0.141394962
7727,-0.160249203,1.11983723
7728,,
7729,1.08469767,0.558426936
7730,0.979898231,0.595812622
7731,0.145258669,-0.299859122
7732,0.0198066012,2.73018765
7733,0.0198066012,2.73018765
7734,0.481265567,0.891297022
7735,1.68786115,-0.684805348
7736,,
7737,-0.0445313995,2.58130892
7738,0.775659858,1.43071388
7739,0.0595805157,1.26326051
7740,0.121655284,1.0202809
7741,0.121655284,1.0202809
7742,-1.72280541,-0.18593872
7743,-0.1982256,-0.234001524
7744,,
7745,-0.268427915,-0.314044222
7746,0.541923644,-0.752345867
7747,-0.159823124,1.63040279
7748,-0.170974976,0.0840521285
7749,-0.170974976,0.0840521285
7750,-1.29011736,0.185559967
7751,-0.460244776,-0.841779957
7752,,
7753,-1.12524117,-0.565030629
7754,0.121817055,-0.619235244
7755,0.729697967,0.508822719
7756,-0.103260414,-0.951936757
7757,-0.103260414,-0.951936757
7758,0.425853393,1.0764227
7759,-0.342525804,-0.306272105
7760,,
7761,0.536333582,1.53992046
7762,0.498409873,0.794243749
7763,1.85717673,1.88919004
7764,-0.211883496,-0.329331356
7765,-0.211883496,-0.329331356
7766,-0.424215251,-0.420477656
7767,-1.43697866,1.09509504
7768,,
7769,-2.09244147,-0.0575426981
7770,-1.88258246,-0.041254518
7771,-0.534880794,1.19571301
7772,-0.42951849,-0.493960845
7773,-0.42951849,-0.493960845
7774,-1.326617,-1.52997489
7775,-2.23894244,0.360707645
7776,,
7777,0.359085142,0.417050146
7778,0.669527206,-0.290627157
7779,-0.66348833,0.103375911
7780,0.185853646,0.020758511
7781,0.185853646,0.020758511
7782,-0.310062429,0.672192172
7783,-0.140649047,-1.15937907
7784,,
7785,0.52640652,-0.87044986
7786,1.04849704,-0.202730401
7787,0.650791576,1.19231906
7788,0.595462823,1.64254352
7789,0.595462823,1.64254352
7790,-1.20475085,1.53032154
7791,-0.336369107,-1.78728766
7792,,
7793,1.09299037,-0.270923837
7794,0.98198122,-0.601564284
7795,-0.0592267177,-0.893589783
7796,1.19960921,-2.98776637
7797,1.19960921,-2.98776637
7798,2.29942116,0.472651341
7799,2.14754292,-0.322860314
7800,,
7801,0.424932654,1.33875438
7802,0.775316689,-0.101592381
7803,0.984824207,-0.981174231
7804,-1.08604246,0.734791677
7805,-1.08604246,0.734791677
7806,-0.453453209,1.2930343
7807,0.0408885,-1.2784654
7808,,
7809,0.326585398,-0.448865822
7810,-0.282222392,-1.07747027
7811,0.206941431,-0.635235565
7812,-0.387654762,0.0203695445
7813,-0.387654762,0.0203695445
7814,-0.0601302575,-0.833297253
7815,0.488535418,1.10984875
7816,,
7817,-1.56706797,0.28312726
7818,-0.331682093,0.194477276
7819,-0.420007332,-0.225167054
7820,-0.0199891917,-0.0571685623
7821,-0.0199891917,-0.0571685623
7822,-0.723398345,-1.7240171
7823,-0.810494346,-0.245625014
7824,,
7825,0.314044222,0.214170559
7826,0.120382331,0.281709565
7827,1.31225061,-1.7079073
7828,-1.35135201,-1.41437775
7829,-1.35135201,-1.41437775
7830,-1.00376654,0.24468848
7831,-1.45994014,1.6496204
7832,,
7833,-0.958825749,0.17570552
7834,-1.26843539,0.160380864
7835,1.0449141,-0.76114156
7836,0.79700897,-1.71393655
7837,0.79700897,-1.71393655
7838,0.141640241,0.43871411
7839,0.323185344,0
7840,,
7841,0.95845685,0.0583272757
7842,0.655170675,-1.28363642
7843,0.550254116,0.517080831
7844,0.678733775,-0.601779347
7845,0.678733775,-0.601779347
7846,0.164379503,-0.669846073
7847,0.327913815,1.22181379
7848,,
7849,-1.22984235,-1.08055513
7850,-2.83383336,-1.36138298
7851,-0.687516614,-1.07685758
7852,-0.520702051,1.90194058
7853,-0.520702051,1.90194058
7854,1.1019574,-1.11118306
7855,-0.180776698,-0.519849089
7856,,
7857,-0.0696203825,-0.783806729
7858,-0.803775976,-1.01705246
7859,0.790257166,-1.01970927
7860,0.643102825,-1.39568532
7861,0.643102825,-1.39568532
7862,0.55561659,-0.87471766
7863,0.139119741,-0.310462314
7864,,
7865,-0.952353266,-0.386801117
7866,-1.19675327,-0.468922761
7867,-0.376271138,-2.03115358
7868,1.39205456,1.4972549
7869,1.39205456,1.4972549
7870,-0.977643266,-0.0197669545
7871,-0.0406540973,0.020659902
7872,,
7873,-1.17139687,0.644050257
7874,-1.132664,0.220284289
7875,-1.85499768,-0.0608361834
7876,2.79051152,0.423255355
7877,2.79051152,0.423255355
7878,-1.48586774,1.39466102
7879,0.772921057,0.07927494
7880,,
7881,0.287403748,-0.995835322
7882,-0.272594602,-1.36701843
7883,0.672520245,-0.256984486
7884,1.00507173,1.08565139
7885,1.00507173,1.08565139
7886,0.348781638,0.14197718
7887,0.90537287,0.621085904
7888,,
7889,1.41594221,-1.98275444
7890,1.36119455,-1.57867194
7891,2.53605073,-0.33495551
7892,-1.06925741,-0.852771364
7893,-1.06925741,-0.852771364
7894,1.05861699,0.0201523498
7895,-1.31965748,-0.247663158
7896,,
7897,-1.07382894,1.16485641
7898,-0.745489438,1.84162282
7899,-0.356876378,1.29546804
7900,2.50669494,0.0783513482
7901,2.50669494,0.0783513482
7902,0.335550286,-2.32772084
7903,-0.336885096,-0.231566697
7904,,
7905,-0.929626971,0.103500447
7906,-2.10538386,1.2019899
7907,-1.11945891,0.0299660315
7908,-2.41398273,0.576151263
7909,-2.41398273,0.576151263
7910,-0.902005159,-0.126269074
7911,1.4963612,-0.666279966
7912,,
7913,-1.39101246,0.58674099
7914,-0.656122733,-1.3221918
7915,-1.83162142,0.200562343
7916,0.618929047,0.587549803
7917,0.618929047,0.587549803
7918,-0.0196525849,1.58500609
7919,2.63042911,-1.82089044
7920,,
7921,-0.352413041,0
7922,-0.731675293,-0.256649909
7923,-0.130887003,-1.25572536
7924,-0.732534295,-0.517258398
7925,-0.732534295,-0.517258398
7926,-0.143398831,-0.336210136
7927,1.11253833,-0.65486815
7928,,
7929,-0.199628169,-1.17896333
7930,-0.199826992,-1.00169363
7931,-1.1053884,-0.0886856883
7932,-0.266133032,0.737988675
7933,-0.266133032,0.737988675
7934,1.15346282,0.930955251
7935,-0.196329917,-0.239188734
7936,,
7937,-0.042164271,0.715629113
7938,0.0395292835,0.60772603
7939,0.315219278,0.20375345
7940,0.0790883062,1.3582514
7941,0.0790883062,1.3582514
7942,-0.281472018,-0.441176285
7943,-0.138718787,-0.342503502
7944,,
7945,-1.48376247,0.431659352
7946,-1.25483234,-1.27326499
7947,0.175055353,-0.38066032
7948,-0.29339421,-0.708057363
7949,-0.29339421,-0.708057363
7950,-2.11073255,-0.223911365
7951,1.38718099,1.84160177
7952,,
7953,-0.027839882,0.252072094
7954,0.312680099,-0.990128827
7955,1.45200299,-0.907003747
7956,1.85072915,0.700407233
7957,1.85072915,0.700407233
7958,0.084679779,0.3615938
7959,1.647848,0.867637955
7960,,
7961,-0.358698092,0.5042235
7962,-2.28578192,-0.985299307
7963,-1.0788348,-0.223804958
7964,0.464906109,0.999599239
7965,0.464906109,0.999599239
7966,1.77520263,1.72763544
7967,1.63847934,-0.167387994
7968,,
7969,-1.61239724,-0.982203954
7970,-0.184723478,-0.325564358
7971,-1.57850338,-1.06584053
7972,-0.893269973,0.538014761
7973,-0.893269973,0.538014761
7974,0.564395664,-0.0418126959
7975,0.958008383,2.83188703
7976,,
7977,0.158300931,-1.22476836
7978,1.19770393,-1.32685349
7979,0.508325377,-0.810288679
7980,-0.609909008,-0.811559915
7981,-0.609909008,-0.811559915
7982,-0.877472823,0.677728308
7983,1.14463102,0.662418005
7984,,
7985,1.27547851,-0.602794744
7986,0.165915401,-0.843654988
7987,-0.296667435,-0.843441437
7988,0.202129991,-0.557366068
7989,0.202129991,-0.557366068
7990,0.53653249,0.159575351
7991,0.529584273,-0.571952106
7992,,
7993,-0.584168327,0.0146121766
7994,-0.64745323,1.21462582
7995,1.29488668,0.672549827
7996,-0.605364325,1.29181082
7997,-0.605364325,1.29181082
7998,-0.360671347,1.33443897
7999,0.411222546,1.68716985
8000,,
8001,-0.293900349,1.31351077
8002,0.718540556,1.5214541
8003,-0.088669522,1.55080262
8004,1.32073894,0.612615182
8005,1.32073894,0.612615182
8006,0.605201296,-0.209125112
8007,-0.122225847,-0.49071872
8008,,
8009,-1.73812687,-0.0144564382
8010,-1.29097787,-0.226400283
8011,-1.51779405,0.90310814
8012,0.651776643,2.07847347
8013,0.651776643,2.07847347
8014,0.0202487869,1.09528126
8015,0.690101593,-0.261526288
8016,,
8017,-0.245213169,0.0864903005
8018,0,-0.0202987012
8019,-0.38283007,1.92725883
8020,-0.098005036,0.573872571
8021,-0.098005036,0.573872571
8022,0.630936507,1.68737459
8023,-0.312648487,0.143365963
8024,,
8025,-0.837403656,-1.87121087
8026,-0.649338199,-0.14439089
8027,0.759468676,-0.637576816
8028,-1.53292453,0.121938933
8029,-1.53292453,0.121938933
8030,0.413284765,0.390694329
8031,0.0624709559,-1.75535948
8032,,
8033,0.394444346,0.482711488
8034,-0.427804034,0.940891953
8035,-0.454036589,0.646840089
8036,-0.0612597979,-0.357602645
8037,-0.0612597979,-0.357602645
8038,-0.319163751,-1.01434207
8039,-1.01410233,-0.954865638
8040,,
8041,-1.11633859,-0.11648069
8042,0.482041218,1.1870739
8043,1.04664909,1.07618916
8044,0.701757981,-0.506264414
8045,0.701757981,-0.506264414
8046,-0.975086119,-1.13708016
8047,-0.731029481,-1.75512163
8048,,
8049,0.81632064,-0.945874798
8050,0.516535937,-1.35914586
8051,-0.0699187721,-0.55114851
8052,1.03532571,1.03090573
8053,1.03532571,1.03090573
8054,0.0825194203,0.345235537
8055,-1.64915696,-0.383097465
8056,,
8057,0.123799116,-0.129436736
8058,0.937532976,-0.740388096
8059,-0.234248362,-0.351159612
8060,0.0614463023,1.52784702
8061,0.0614463023,1.52784702
8062,0.139185066,0.502453277
8063,0.380036767,0.718184335
8064,,
8065,1.11502735,-0.0145880589
8066,0.316756943,1.09786961
8067,0.914074281,0.073198658
8068,0.0207984871,0.312044297
8069,0.0207984871,0.312044297
8070,-0.253181678,0.136685533
8071,0.590801579,1.73659543
8072,,
8073,-0.956488256,-1.18540662
8074,-1.30132872,-1.22793426
8075,-0.424416821,-0.667973955
8076,-1.33837776,-0.692584318
8077,-1.33837776,-0.692584318
8078,0.477216974,-0.141030854
8079,0.263075319,-2.08665025
8080,,
8081,-0.184294909,-1.80518959
8082,0.185207496,-1.01278959
8083,0.107622233,-0.694106292
8084,1.00645046,1.39029706
8085,1.00645046,1.39029706
8086,0.141619607,1.03518243
8087,-0.499457776,0.80970065
8088,,
8089,0.309065062,-0.639235912
8090,0.286478601,0.409153394
8091,-0.149197474,1.14506824
8092,-0.662091104,2.06198111
8093,-0.662091104,2.06198111
8094,0.70098911,0.100384816
8095,0.31384875,-1.07754296
8096,,
8097,-1.1602116,0.723140801
8098,-0.574243452,-0.157611041
8099,-0.879017725,-1.05051337
8100,0.689059484,-0.185488048
8101,0.689059484,-0.185488048
8102,1.13499643,-0.572407222
8103,-0.683263621,-0.325534633
8104,,
8105,0.223877427,0.201783065
8106,-0.0807056077,0.985899442
8107,0.0432509957,0.631078738
8108,1.48463801,-0.14008745
8109,1.48463801,-0.14008745
8110,-1.20369219,-0.0398054191
8111,2.14373355,-0.705832444
8112,,
8113,-0.223730477,-0.439609339
8114,-0.725120871,-1.85920923
8115,-0.947397943,-0.746280148
8116,-1.01716152,-0.580460186
8117,-1.01716152,-0.580460186
8118,0.144297979,1.4022276
8119,1.77497835,-1.02504901
8120,,
8121,0.232793596,1.53234929
8122,0.411272661,1.19082922
8123,0.0605989135,0.368676507
8124,1.12131186,-1.30704986
8125,1.12131186,-1.30704986
8126,0.899933692,-1.11290229
8127,0.576847064,-0.937814204
8128,,
8129,-0.375161141,0.290297893
8130,-0.952984735,-0.49421066
8131,-0.66699884,0.3030634
8132,-2.17679391,1.66898334
8133,-2.17679391,1.66898334
8134,1.17599898,-0.103250922
8135,-2.22695523,0.288685594
8136,,
8137,-1.69667291,0.409625448
8138,-0.0413535493,-0.388832991
8139,0.63653107,0.450815522
8140,-0.82058657,0.666916374
8141,-0.82058657,0.666916374
8142,1.25980957,-1.29471941
8143,1.5922403,-1.21514969
8144,,
8145,-0.700165027,0.177729281
8146,-1.12506279,0
8147,-0.217423125,-2.16743836
8148,-0.485812407,-0.643430917
8149,-0.485812407,-0.643430917
8150,0.144931593,-0.917831053
8151,0.762106883,-0.237310263
8152,,
8153,-1.69176402,-0.0282898021
8154,-1.07574105,-1.32533592
8155,-0.600727419,-0.285559186
8156,2.86554331,-0.462302055
8157,2.86554331,-0.462302055
8158,-1.61898902,-1.34610229
8159,1.01497126,-1.67879076
8160,,
8161,1.0447315,-1.38862946
8162,0.838259739,-0.887536873
8163,0.70464391,-0.697281338
8164,1.63806381,-0.566030632
8165,1.63806381,-0.566030632
8166,0.35351373,-0.391509847
8167,-0.197665771,0.580349479
8168,,
8169,-0.13299391,-0.806715908
8170,-0.991915385,-0.822041578
8171,0.0744911584,0.611692972
8172,-0.102471503,-1.1346916
8173,-0.102471503,-1.1346916
8174,0.383226343,1.62795521
8175,-1.04090826,0.779892503
8176,,
8177,-1.42329257,0.666156067
8178,-1.39194524,1.41776988
8179,-1.71943198,0.952594355
8180,1.43362123,1.50937321
8181,1.43362123,1.50937321
8182,1.12225672,0.594727674
8183,-1.76200078,0.42615682
8184,,
8185,0.6933572,0.749289076
8186,1.99201967,1.86254782
8187,0.460557779,0.502175939
8188,-0.196182335,1.23048407
8189,-0.196182335,1.23048407
8190,0.269317153,1.88170301
8191,0.521520508,0.124317335
8192,,
8193,0.0972308014,0.0998427582
8194,0.122124277,-0.538117635
8195,-0.988553185,0.898229498
8196,-1.02797703,-0.580104498
8197,-1.02797703,-0.580104498
8198,-0.214152379,0.121547003
8199,-0.819490569,-2.03701228
8200,,
8201,-0.739786089,-0.0431675591
8202,-0.918692197,-0.0604226191
8203,0.251499377,-0.967293324
8204,-1.3256149,0.680231216
8205,-1.3256149,0.680231216
8206,0.185212214,0.146773945
8207,-0.714437228,0.159821772
8208,,
8209,-1.00261844,-1.00794148
8210,-1.35993865,-1.65274364
8211,-0.924252032,-1.60889723
8212,0.957269796,-1.05060859
8213,0.957269796,-1.05060859
8214,-0.0980738094,0.764327735
8215,0.0396262371,1.21375022
8216,,
8217,-0.0555475265,-2.22525642
8218,0.0396504309,-2.15282867
8219,-0.577710015,-0.766194054
8220,1.09345977,0.719546068
8221,1.09345977,0.719546068
8222,-0.0214378787,0.0415839696
8223,1.44995058,-1.08493097
8224,,
8225,1.27532976,-1.53151355
8226,1.10064812,-0.627797555
8227,-0.508128961,1.30884921
8228,-0.346834523,0.212513847
8229,-0.346834523,0.212513847
8230,0.280392402,-0.374059215
8231,-0.430612462,-1.47098164
8232,,
8233,-0.862669895,-0.154026003
8234,-1.12253247,-0.840145756
8235,-0.350612946,-2.41956764
8236,1.77977406,-0.320777239
8237,1.77977406,-0.320777239
8238,1.59574845,0.340120237
8239,-0.647967505,0.771527144
8240,,
8241,-0.666661227,0.304107141
8242,-0.568848603,0.119943258
8243,1.30520691,0.299493144
8244,-1.90293652,-0.702761874
8245,-1.90293652,-0.702761874
8246,-0.330769921,0.90625084
8247,-0.719343409,0.306524587
8248,,
8249,-0.290336068,1.64415755
8250,-0.478873153,0.349141159
8251,0.0761193362,-0.458493634
8252,1.98120498,1.74830443
8253,1.98120498,1.74830443
8254,1.49538204,0.485872286
8255,0.472549321,0.309063495
8256,,
8257,0.496948651,-1.34999201
8258,0.728496957,-0.785700167
8259,-0.287270938,0.433993641
8260,-1.44155219,-0.798998534
8261,-1.44155219,-0.798998534
8262,0.0814799996,-0.702382991
8263,-0.900167682,-1.78208645
8264,,
8265,-0.412394295,-0.754292731
8266,0.145632361,-0.602211758
8267,-0.375210198,-0.0759494128
8268,-1.16954159,0.119856858
8269,-1.16954159,0.119856858
8270,0.0824192615,2.41045771
8271,-0.404738945,-0.123109283
8272,,
8273,-0.279958338,2.28507931
8274,-0.997452377,2.04791336
8275,-0.852760356,1.59387791
8276,-0.564055995,1.51401119
8277,-0.564055995,1.51401119
8278,-0.23980055,1.26965232
8279,-1.21289122,0.965449971
8280,,
8281,1.09317512,-0.357295761
8282,0,-0.147497975
8283,1.42466873,-0.984227498
8284,-1.80042242,-1.40112416
8285,-1.80042242,-1.40112416
8286,0.162470919,1.88927109
8287,0.184226209,0.863718359
8288,,
8289,-0.890435033,-1.20729427
8290,-0.0629161539,-0.840269864
8291,1.60632361,-0.989025439
8292,1.64691822,0.270338805
8293,1.64691822,0.270338805
8294,-0.827308027,-2.35744024
8295,0.234785979,-1.53796999
8296,,
8297,1.51849868,0.625640922
8298,0.537469459,-0.735373146
8299,0.567355469,1.19883447
8300,-0.509439962,-1.25057693
8301,-0.509439962,-1.25057693
8302,-2.50624251,-1.89841437
8303,-0.802701138,-1.01021042
8304,,
8305,2.26249499,-0.361917059
8306,1.57511934,-0.53458761
8307,-0.981089762,-0.834204215
8308,-1.07540567,-1.28672586
8309,-1.07540567,-1.28672586
8310,0.0987900874,0.648482166
8311,0.988653276,-2.36831864
8312,,
8313,0.642707956,1.50437331
8314,1.04000385,2.20144772
8315,0.752627716,0.674842391
8316,-1.13189888,1.13018861
8317,-1.13189888,1.13018861
8318,1.27726797,0.423410635
8319,-0.0202733012,1.27942295
8320,,
8321,1.24442123,-0.262128491
8322,0.062222602,0.079687693
8323,-1.86120828,-0.711485555
8324,1.27401501,1.76030999
8325,1.27401501,1.76030999
8326,0.144435872,2.74352234
8327,1.29043302,-0.232874386
8328,,
8329,1.67167784,2.13919878
8330,-0.301778855,1.44174295
8331,-0.353808797,1.5181341
8332,-1.98851259,0.28094313
8333,-1.98851259,0.28094313
8334,-0.212101975,0.218481384
8335,0.119871245,-0.637391306
8336,,
8337,-1.1906808,-2.5221395
8338,-1.61731875,-1.3715574
8339,0.275763668,-1.18128327
8340,1.29062492,0.743648918
8341,1.29062492,0.743648918
8342,-0.141363163,1.79318108
8343,-0.340708625,0.101583553
8344,,
8345,-0.0434707557,0.0909035993
8346,0.181442818,-0.25278378
8347,0.254791056,-0.0472218627
8348,-0.736390377,-2.68115473
8349,-0.736390377,-2.68115473
8350,-0.946466928,0.106202871
8351,-1.34707588,0
8352,,
8353,-0.827289108,-1.00383127
8354,-0.731454928,-0.71564059
8355,-0.396156541,0.955960438
8356,-0.102373914,-0.125648576
8357,-0.102373914,-0.125648576
8358,-0.56783408,-0.120053329
8359,1.1303775,-0.846520193
8360,,
8361,-0.240202386,0.156173762
8362,0,-1.1124091
8363,2.78385259,-0.929779455
8364,-0.624290904,-0.805554828
8365,-0.624290904,-0.805554828
8366,0.122182522,-1.19942259
8367,-0.159084332,0.365626472
8368,,
8369,-1.38690638,0.732550356
8370,-1.87667264,0.139352243
8371,0.701362214,1.15220286
8372,-1.53368405,-0.176077744
8373,-1.53368405,-0.176077744
8374,0.978615929,1.83291309
8375,2.3365184,-0.637092266
8376,,
8377,-1.59149342,-0.173244615
8378,0.163508617,0.158582198
8379,-0.326226723,0.18271894
8380,2.24320011,0.857649521
8381,2.24320011,0.857649521
8382,-1.89407317,1.37595395
8383,-0.292846744,0.371704706
8384,,
8385,-0.333806196,1.10002166
8386,-1.01803268,0.207177503
8387,-0.174441353,-0.933504208
8388,-0.567581401,1.55330305
8389,-0.567581401,1.55330305
8390,-0.279995228,-0.328564718
8391,-1.76639004,-0.268840563
8392,,
8393,0.726055151,0.372903956
8394,-0.0812777315,1.32509564
8395,-1.66178808,-0.377501753
8396,1.12379067,0.952329343
8397,1.12379067,0.952329343
8398,-0.288958653,-0.885049357
8399,0.30133411,-0.809187015
8400,,
8401,0.703850843,1.42126687
8402,1.22795617,0.454560395
8403,2.25827702,0.808409203
8404,0.308595324,0.946776981
8405,0.308595324,0.946776981
8406,1.55680694,0.102173793
8407,-0.1477943,-0.237086583
8408,,
8409,0.443926183,-2.60207506
8410,0.0399669983,-0.42353055
8411,0.799298976,1.24244335
8412,-0.951838211,0.0587801597
8413,-0.951838211,0.0587801597
8414,-1.35881236,1.47793702
8415,2.41680998,1.41419985
8416,,
8417,-0.414328207,-0.527808654
8418,0.0414396021,-0.935104802
8419,1.41155754,-1.14014109
8420,1.85427076,0.687058372
8421,1.85427076,0.687058372
8422,0.200286127,0.97985512
8423,0.330544819,0
8424,,
8425,0.239865368,0.300955985
8426,0.3167221,0.76338122
8427,-0.58524994,1.61647313
8428,-0.973577129,1.11157547
8429,-0.973577129,1.11157547
8430,0.939569773,-0.718127033
8431,-0.455382615,0.08349525
8432,,
8433,-0.390391315,-0.56139664
8434,-0.349870546,-2.00891416
8435,-0.708024638,-0.406448261
8436,-0.139899687,-0.611976977
8437,-0.139899687,-0.611976977
8438,-2.21328619,0.482528483
8439,0.221495564,0.403473292
8440,,
8441,-0.551997831,-1.76406202
8442,-0.722142457,-1.75368579
8443,0.335640085,-0.467623197
8444,-0.308988896,-1.98638361
8445,-0.308988896,-1.98638361
8446,-0.51573455,-0.0403885875
8447,-1.52867332,-0.604340791
8448,,
8449,0.0866192761,1.9188312
8450,-1.84225827,2.08996515
8451,-1.48399118,0.921915963
8452,-0.466558024,-0.537787893
8453,-0.466558024,-0.537787893
8454,1.00061309,1.59767286
8455,0.100759288,-0.487110733
8456,,
8457,-0.73526941,-0.0719631117
8458,-0.810613869,0.605132173
8459,-0.356493456,0.582361369
8460,0.440920373,-0.262955516
8461,0.440920373,-0.262955516
8462,0.0204808088,1.56662129
8463,1.18529725,0.770471249
8464,,
8465,-0.52934664,-1.10374177
8466,-0.445518866,0.609801356
8467,-0.906251109,-0.489813079
8468,-1.48693036,0.704018268
8469,-1.48693036,0.704018268
8470,0.140361041,0.391221211
8471,0.144775822,1.56053514
8472,,
8473,1.55653243,1.66134083
8474,0.0191260826,0.991004066
8475,-0.71219354,1.84586811
8476,-1.29401228,-0.795080571
8477,-1.29401228,-0.795080571
8478,-0.525908606,-1.01000411
8479,1.28806246,0.563335546
8480,,
8481,1.10005557,-0.615583836
8482,0.861950344,0.461160239
8483,0.341520875,-0.294390387
8484,0.882147192,1.36325847
8485,0.882147192,1.36325847
8486,-0.727015995,-0.0411336313
8487,2.31981937,-0.721788215
8488,,
8489,-0.728606607,0.0140367837
8490,-0.179011481,0.123703284
8491,2.28493518,-0.262664594
8492,0.669034649,-2.32881071
8493,0.669034649,-2.32881071
8494,-0.100923566,-0.298904823
8495,0.689556689,-1.31924677
8496,,
8497,0.57388054,-0.987732835
8498,0.0809099289,-0.434608979
8499,0.917534294,1.22437138
8500,1.55185731,-0.157948821
8501,1.55185731,-0.157948821
8502,0.346659534,1.52050671
8503,-0.14011727,0.433377911
8504,,
8505,-0.0453941617,-0.367114125
8506,0.959635563,-0.965025562
8507,-1.36912844,-0.70615222
8508,-0.485541235,0.656778004
8509,-0.485541235,0.656778004
8510,-0.473742799,0.265990583
8511,-0.546918483,1.2169155
8512,,
8513,-1.43706505,-0.181606265
8514,-1.96706879,-1.14178439
8515,1.25422501,0.712283415
8516,-0.230101819,2.46691367
8517,-0.230101819,2.46691367
8518,0.0402991011,-0.0201928801
8519,0.941614163,-0.579030973
8520,,
8521,-0.961643369,1.02104328
8522,-1.12701885,1.1510325
8523,-1.65616424,-0.0619492168
8524,-0.187956185,0.547302083
8525,-0.187956185,0.547302083
8526,1.13338119,-2.11402029
8527,-0.55090196,-2.06395561
8528,,
8529,0.96274451,1.19101764
8530,0.0813145103,1.2243818
8531,0.978302368,-0.179504952
8532,2.01001524,2.3728517
8533,2.01001524,2.3728517
8534,1.10520669,-1.07653118
8535,-1.63423775,-1.05466865
8536,,
8537,-0.268352751,0.554593041
8538,-1.41517269,-0.561199633
8539,-0.930785305,-0.273027793
8540,-0.366334708,-0.0623712579
8541,-0.366334708,-0.0623712579
8542,1.40486879,-1.13442727
8543,-1.07519536,0.392387001
8544,,
8545,0.389711047,0.862905982
8546,1.59338183,1.88668475
8547,1.36782534,0.572415155
8548,1.27747954,-0.577624236
8549,1.27747954,-0.577624236
8550,0.323926503,-0.0815486365
8551,-0.138716057,-0.259253205
8552,,
8553,0.316313934,-0.172527275
8554,-0.100143315,-0.268495444
8555,1.41043929,0.238017697
8556,-0.101848358,2.01785582
8557,-0.101848358,2.01785582
8558,0.063591421,-0.177617562
8559,-0.0412228358,0.962681873
8560,,
8561,0,-1.16964937
8562,-0.433108015,-0.97055792
8563,0.45426614,1.86609247
8564,0.210431873,1.29002788
8565,0.210431873,1.29002788
8566,0.330007289,1.04538595
8567,-0.927459987,-0.337627011
8568,,
8569,1.04153283,0.969105449
8570,-0.182913607,0.974196322
8571,-0.0473962423,-0.637165894
8572,0,1.2874443
8573,0,1.2874443
8574,-0.737893629,-0.208513505
8575,1.35062931,-2.19289017
8576,,
8577,-1.16267852,0.989584973
8578,-0.91425954,-0.309876653
8579,0.731578588,-0.386763285
8580,0.912768791,-0.44306655
8581,0.912768791,-0.44306655
8582,-0.64258734,0
8583,-1.40044214,0.648174009
8584,,
8585,-1.60306541,-1.00339305
8586,-1.17858331,-1.12948677
8587,1.70582254,-1.41746892
8588,-0.287870423,0.928460309
8589,-0.287870423,0.928460309
8590,-1.01094295,1.14764037
8591,2.02251337,0.971763538
8592,,
8593,1.38094395,0.330663683
8594,1.81208637,-0.0195690752
8595,-0.768296361,0.471373993
8596,-1.39686244,0.0202579901
8597,-1.39686244,0.0202579901
8598,-0.381146351,-1.4873435
8599,0.454382835,-0.0201194068
8600,,
8601,-0.476536397,1.21948165
8602,-1.74078721,2.05075176
8603,-0.623282777,0.750202629
8604,-0.851459792,0.725042879
8605,-0.851459792,0.725042879
8606,1.52683404,-0.956957123
8607,-0.81070034,1.52669559
8608,,
8609,-0.215496997,-0.630967399
8610,0.846745659,0.0813178793
8611,-1.22256967,0.56809019
8612,-0.793089872,-1.50178786
8613,-0.793089872,-1.50178786
8614,-0.775822459,0.91466841
8615,-1.42742734,-1.08736721
8616,,
8617,-0.478329364,-1.0898111
8618,-1.11617872,-0.936943242
8619,-0.662743859,-2.37845624
8620,0,-0.62178564
8621,0,-0.62178564
8622,-0.0397606025,0.381718444
8623,1.3675809,-0.917831053
8624,,
8625,1.17313021,-0.233155704
8626,0.500364559,-0.796479338
8627,-0.242684509,0.236185298
8628,-0.607712515,0.139984915
8629,-0.607712515,0.139984915
8630,1.79377824,-0.50389194
8631,1.31338306,0.681753971
8632,,
8633,0.0719753692,-2.1800332
8634,-0.182162724,-1.3244991
8635,0.807985968,-1.19033042
8636,-0.211971237,-0.616138307
8637,-0.211971237,-0.616138307
8638,0.339575583,-0.940270879
8639,-0.781704755,2.0393484
8640,,
8641,-0.998385433,0.42937611
8642,1.52051746,0.181977469
8643,1.10801341,0.384436181
8644,-0.867918439,1.84908625
8645,-0.867918439,1.84908625
8646,1.40339909,-0.0401603982
8647,-0.770153031,-1.39614463
8648,,
8649,1.22286885,2.9399837
8650,0.923422458,3.07110726
8651,-0.739770595,-0.534626813
8652,0.676101287,0.304413253
8653,0.676101287,0.304413253
8654,-0.124497497,1.25849164
8655,-0.329496535,-0.335755518
8656,,
8657,0.133786129,0.192536509
8658,0.979978937,0.342604594
8659,0.331406949,-1.52781563
8660,0.81556028,0.0395738263
8661,0.81556028,0.0395738263
8662,-0.346632802,-0.399354349
8663,0.578726496,-0.635010558
8664,,
8665,0.119993752,-0.821295141
8666,0.957330872,-1.34271535
8667,-0.785259965,-0.707279793
8668,0.253473268,0.345509203
8669,0.253473268,0.345509203
8670,-0.264705551,0.0607184143
8671,-0.119598773,-0.434527825
8672,,
8673,1.05061739,-0.0860164083
8674,-0.101065254,0.70972786
8675,1.0956212,0.0147741744
8676,-0.0808575438,1.0029588
8677,-0.0808575438,1.0029588
8678,1.57362793,0.307904324
8679,-1.46338179,1.39452509
8680,,
8681,1.61169701,1.19199258
8682,1.50707742,0.836364787
8683,0.53618395,0.161816329
8684,0.0200080349,-0.999460833
8685,0.0200080349,-0.999460833
8686,0.299468035,0.120461597
8687,-0.405408768,0.100100251
8688,,
8689,-1.70135982,0.581396534
8690,-1.44784956,0.349846035
8691,2.30891995,1.45484488
8692,-0.0961726119,-0.322939749
8693,-0.0961726119,-0.322939749
8694,0.735508846,0.866332388
8695,0.482873356,0.620932254
8696,,
8697,0.345591901,-0.556182294
8698,0.245790249,-0.803996466
8699,-0.450859061,0.074775721
8700,0.175182304,0.946823203
8701,0.175182304,0.946823203
8702,0.345472009,-0.279335426
8703,0.0830244053,1.07321046
8704,,
8705,-1.82074033,-0.0697443259
8706,-0.684304592,-0.255313629
8707,-0.882024989,0.189468406
8708,-0.178728164,-0.962209652
8709,-0.178728164,-0.962209652
8710,-0.161610355,0.757473229
8711,0.220923385,-0.720526729
8712,,
8713,-2.48116216,-0.72661619
8714,-1.89637735,0.309146747
8715,0.384368862,-0.916241249
8716,-0.81908813,-0.516400333
8717,-0.81908813,-0.516400333
8718,-0.860717607,-0.897158633
8719,0.671250499,-0.74821383
8720,,
8721,-1.09456455,0.398742997
8722,-0.346202389,0.190577745
8723,0.268040491,-2.04544101
8724,1.26316275,-0.266694433
8725,1.26316275,-0.266694433
8726,-0.652832637,0.400431776
8727,-0.646599398,1.69202682
8728,,
8729,0.18298418,1.18781369
8730,1.26053159,0.977807171
8731,-0.743115588,-1.22710049
8732,-0.702802527,-0.39405367
8733,-0.702802527,-0.39405367
8734,0.480678327,2.83743377
8735,0.809115883,-0.176536942
8736,,
8737,-0.914394245,-1.08922145
8738,-1.22721176,-0.885444806
8739,-0.782622051,-1.49645004
8740,0.242693952,-0.808220429
8741,0.242693952,-0.808220429
8742,-2.01826463,-2.75321558
8743,-1.43260669,-2.33530988
8744,,
8745,0.232559405,0.782624145
8746,-0.52047479,0.187337146
8747,0.931317603,0.223148481
8748,2.00674677,0.238613492
8749,2.00674677,0.238613492
8750,1.45069829,0.685843153
8751,0.76766871,-1.1000704
8752,,
8753,0.647004124,-3.20018112
8754,0.843447774,-2.59173268
8755,0.78202803,-1.01305784
8756,-1.20523495,0.639548148
8757,-1.20523495,0.639548148
8758,-0.0395627637,-1.57963165
8759,0.0997939718,0.336293221
8760,,
8761,0.130247736,-0.961989316
8762,0.740818582,-0.0608454808
8763,0.227217892,0.514568461
8764,1.04990369,0.0196782404
8765,1.04990369,0.0196782404
8766,0.0592610662,-0.444964458
8767,1.08926457,0.141980693
8768,,
8769,0.232212322,0.266323288
8770,-0.805011405,0.429509484
8771,1.10732906,0.335816965
8772,0.756910372,-1.23460522
8773,0.756910372,-1.23460522
8774,1.02329472,0.30603557
8775,-2.54248606,-0.558826166
8776,,
8777,-1.18918679,-0.209100094
8778,-1.05213121,-0.576819454
8779,0.654438439,-0.866323212
8780,-0.744889559,-1.20511409
8781,-0.744889559,-1.20511409
8782,0.528649241,0.141142897
8783,-0.199902027,1.3811393
8784,,
8785,0.0717806649,1.32974334
8786,0.222396398,0.791690227
8787,-0.598838889,0.322241778
8788,0.182920803,1.61286149
8789,0.182920803,1.61286149
8790,-0.394632541,0.180614957
8791,0.0202942168,-0.887110258
8792,,
8793,-0.732880548,0.185237805
8794,-0.603504144,-0.185639095
8795,0.165224058,-0.160140997
8796,0.923621959,-1.18308947
8797,0.923621959,-1.18308947
8798,0.426661514,-1.74899278
8799,-0.361522507,0.802391256
8800,,
8801,0.67197001,0.340088355
8802,0.465397049,-0.15905659
8803,-0.268846135,-0.208653199
8804,0.169143681,-0.0616927626
8805,0.169143681,-0.0616927626
8806,1.32327734,-1.66063859
8807,-0.122563857,-0.429755928
8808,,
8809,-0.764630251,0.0720173462
8810,-0.662409909,-0.411233003
8811,0.152735583,-0.243929806
8812,-1.65701686,0.881598917
8813,-1.65701686,0.881598917
8814,-0.632912362,-0.596390134
8815,-1.49723292,0.668685638
8816,,
8817,-0.545956996,-2.04092267
8818,-0.905420084,-0.925089502
8819,0.678650582,0.0709485142
8820,-1.18372475,-1.28360458
8821,-1.18372475,-1.28360458
8822,0.276177683,0.253843248
8823,0.890632871,1.39309235
8824,,
8825,-0.649067061,1.01116861
8826,-0.296071469,1.21586527
8827,0.36950964,1.07967591
8828,1.50103595,1.72781277
8829,1.50103595,1.72781277
8830,-0.265194863,-0.330368174
8831,1.25272427,0
8832,,
8833,0.480230693,1.10079773
8834,1.06624776,0.169680815
8835,-0.278355327,-0.57987974
8836,0.780184998,-1.29167327
8837,0.780184998,-1.29167327
8838,-0.902689978,-0.896337076
8839,-2.0401105,-0.164698384
8840,,
8841,-0.717624483,-0.140659557
8842,0.707478277,-0.436206306
8843,-1.09065283,-1.45638646
8844,-1.05043173,-1.60200656
8845,-1.05043173,-1.60200656
8846,0.447764377,-1.36913661
8847,3.22297716,-0.649410582
8848,,
8849,0.943747503,0.509011009
8850,1.08375108,1.75704677
8851,0.302143753,-0.275866987
8852,0.209465871,-0.318633115
8853,0.209465871,-0.318633115
8854,-0.0828363442,0.595376698
8855,0.571601028,-0.101186554
8856,,
8857,0.141635498,1.12280658
8858,-0.220350742,0.841766398
8859,-1.09280627,1.45112419
8860,0.343686625,0.76310321
8861,0.343686625,0.76310321
8862,-0.0803258295,1.42466753
8863,-0.241082041,-0.430077995
8864,,
8865,-1.1042464,1.27991469
8866,-1.26267927,0.844090426
8867,-0.770593043,1.77457489
8868,-0.0988461955,-0.737802201
8869,-0.0988461955,-0.737802201
8870,0.431582287,-1.60049667
8871,-1.44161017,-0.388432816
8872,,
8873,-1.69205002,0.662506965
8874,-0.910445386,1.05062414
8875,-0.956017351,-0.127480697
8876,-0.368909644,-1.44946882
8877,-0.368909644,-1.44946882
8878,-0.453603837,-2.18557278
8879,0.272711831,1.31892806
8880,,
8881,-0.323098852,0.67610724
8882,-0.155808101,-1.13544953
8883,1.08475192,1.84554167
8884,2.71443306,0.810648387
8885,2.71443306,0.810648387
8886,-1.92979759,-0.143301197
8887,1.22402226,-0.555315335
8888,,
8889,0.524357376,-0.740596115
8890,0.824626338,0.248163845
8891,-0.0868121179,0.260990015
8892,1.9438386,-1.97943476
8893,1.9438386,-1.97943476
8894,-0.0205961058,-0.944054962
8895,-1.19076434,-0.905820032
8896,,
8897,-0.441466813,0.487296813
8898,0.565312665,-0.0609428187
8899,0.139947978,-1.42726202
8900,0.879904348,-0.101312253
8901,0.879904348,-0.101312253
8902,0.0398940366,-0.415175376
8903,-0.45246227,0
8904,,
8905,-0.861305042,0.286603135
8906,-0.905641996,-0.635813274
8907,-2.00081677,0.381484053
8908,-0.0991848631,0.120354649
8909,-0.0991848631,0.120354649
8910,1.81981358,-0.164706257
8911,0,1.32401864
8912,,
8913,-0.578453493,0.464990367
8914,-0.38914764,0.512373697
8915,1.13634026,1.61247263
8916,-0.241850231,1.39798538
8917,-0.241850231,1.39798538
8918,-0.676917963,-0.484908232
8919,0.205360111,2.21618176
8920,,
8921,-0.682678644,-0.914285247
8922,-0.861705662,0
8923,0.786508598,0.994823351
8924,0.420156087,1.3056966
8925,0.420156087,1.3056966
8926,-2.64256813,0.772349196
8927,-0.494080982,-0.243277233
8928,,
8929,0.491137958,-0.491212179
8930,-0.544589973,-0.475688977
8931,-0.182559702,-0.58032007
8932,0.968663983,0.415312204
8933,0.968663983,0.415312204
8934,1.07962856,0.477528275
8935,2.15145016,-0.165387795
8936,,
8937,1.35955087,-0.267945056
8938,1.75709223,-0.271217288
8939,0.608082801,-0.358068943
8940,0.0201215299,-0.545570282
8941,0.0201215299,-0.545570282
8942,-0.836584281,-1.48266174
8943,-0.188621256,-0.062041593
8944,,
8945,-2.01652423,-0.483504234
8946,-1.04981468,-0.118310641
8947,0.188564884,-0.389191252
8948,-1.01862285,-1.24042855
8949,-1.01862285,-1.24042855
8950,0.480663025,0.315053256
8951,-0.71863176,-0.392200121
8952,,
8953,-0.128324907,-0.424578673
8954,0.817358778,0.0991574851
8955,1.1633358,1.33814527
8956,-0.552588108,-1.17771773
8957,-0.552588108,-1.17771773
8958,2.76850191,1.1348557
8959,-0.792810185,1.7550627
8960,,
8961,-0.485376337,-0.387353171
8962,0.799587532,-0.850130682
8963,1.22647389,0.199429589
8964,-0.581652843,-0.820327621
8965,-0.581652843,-0.820327621
8966,-1.25443014,1.03969066
8967,-0.405933993,-0.184937606
8968,,
8969,-0.370698171,0.826640661
8970,-0.581824552,0.667170058
8971,0.581637238,1.36127172
8972,1.7240171,0.350645643
8973,1.7240171,0.350645643
8974,0.890780379,-1.35437361
8975,0.624327338,0.13725067
8976,,
8977,-1.64899767,-1.15651022
8978,-1.58952299,-0.640908255
8979,-0.511345191,0.222685775
8980,1.36976734,1.93206535
8981,1.36976734,1.93206535
8982,-0.0608168965,-0.416502236
8983,1.5554376,-0.217919328
8984,,
8985,0.605499554,0.10251381
8986,-0.0204703526,0.553727461
8987,0.158697635,0.0441334975
8988,0.0412807187,0.705583648
8989,0.0412807187,0.705583648
8990,-0.627133422,0.51902668
8991,-0.124467281,-1.02152787
8992,,
8993,-0.246423857,1.15202904
8994,0.488488487,0.966367518
8995,0.634358677,1.28510132
8996,0.603464974,-2.27705493
8997,0.603464974,-2.27705493
8998,0.200592902,0.3055527
8999,-0.183833194,-0.39426278
9000,,
9001,0.678996791,-0.514269406
9002,-0.323394408,-0.649525286
9003,2.53445168,-1.16903084
9004,-0.277856448,-1.06986314
9005,-0.277856448,-1.06986314
9006,0.176407026,0.968004591
9007,0.696418885,0.493760995
9008,,
9009,1.63923352,-0.267115611
9010,0.267026433,0.0412124813
9011,-1.71074818,0.640677253
9012,0.347458539,1.18066222
9013,0.347458539,1.18066222
9014,-1.20691937,2.29785841
9015,-1.44000377,0.262717477
9016,,
9017,0.237881498,-2.42390781
9018,0.603284519,-0.61789073
9019,-0.960325554,-0.279438802
9020,-0.143645307,1.88957729
9021,-0.143645307,1.88957729
9022,1.47422965,-0.573099148
9023,1.7043241,0.307303896
9024,,
9025,1.29724169,1.67851085
9026,0.523871257,0.0192677456
9027,-0.0962477704,-0.534691086
9028,-0.144360413,-1.53857006
9029,-0.144360413,-1.53857006
9030,0.429011414,0.0208301727
9031,2.08977303,-0.643757995
9032,,
9033,1.42260796,-1.06925764
9034,0.261436143,-0.8431237
9035,-0.0565042294,2.56430949
9036,-0.483069434,0.140124306
9037,-0.483069434,0.140124306
9038,0.714437228,-1.05595947
9039,0.948735774,1.10312086
9040,,
9041,0.825549126,0.824327719
9042,1.06492209,0.0872791358
9043,-0.0140217802,-0.984357297
9044,-0.693393613,-0.344167137
9045,-0.693393613,-0.344167137
9046,-0.462247655,2.00048257
9047,0.606568878,-0.434411303
9048,,
9049,-0.928270695,-3.45604818
9050,0.322091097,-2.00125649
9051,1.46473535,-0.323048946
9052,-0.866958041,-0.081406296
9053,-0.866958041,-0.081406296
9054,-0.0203005042,-0.940985839
9055,-1.9183372,0.141878329
9056,,
9057,0.576203918,0.115621078
9058,0.393882026,-0.505071037
9059,0.340122077,-0.684210458
9060,1.2311594,-0.342381614
9061,1.2311594,-0.342381614
9062,0,-0.609487414
9063,-1.51031618,0.312481815
9064,,
9065,-1.39985843,2.06312306
9066,-1.32603305,0.776494422
9067,-1.51587098,-0.202171635
9068,-1.14404254,1.15560227
9069,-1.14404254,1.15560227
9070,0.778156319,-0.415145075
9071,-0.580846411,0.425367044
9072,,
9073,-0.463048255,-0.449016242
9074,-1.00569168,-0.282260054
9075,1.06208698,0.029639232
9076,0.649733249,-0.592802839
9077,0.649733249,-0.592802839
9078,-1.58322495,-0.834538858
9079,1.05202891,-0.330119938
9080,,
9081,-0.174322019,0.112504831
9082,-1.11044289,-1.0696784
9083,-1.85465439,2.26551345
9084,-0.507351232,0.579966629
9085,-0.507351232,0.579966629
9086,-2.15675766,-0.162229613
9087,0.785605875,1.00301146
9088,,
9089,-1.77729141,0.182000504
9090,-1.29131493,0.709074963
9091,-2.20938426,0.716224783
9092,0.61194318,0.873649598
9093,0.61194318,0.873649598
9094,-0.633468463,0.564699628
9095,-0.406646685,-0.767170608
9096,,
9097,-1.33101883,-0.7911033
9098,-0.597772859,-1.04868833
9099,1.0650958,-0.561008907
9100,-0.620313875,-0.187507853
9101,-0.620313875,-0.187507853
9102,-1.50492436,-1.2981234
9103,1.09714153,-0.295936267
9104,,
9105,0.738871763,-0.152536856
9106,0.681720998,0.643343106
9107,-0.401656359,-0.0698276648
9108,0.275691156,-0.275593861
9109,0.275691156,-0.275593861
9110,-0.691314205,-1.30992407
9111,0.0993818691,-0.854927903
9112,,
9113,-0.614197882,2.11081965
9114,0.229825239,1.71025368
9115,-0.674408842,-2.54730017
9116,0.902717674,-0.599284627
9117,0.902717674,-0.599284627
9118,-1.88857718,0.490687106
9119,0.511118297,-0.392366085
9120,,
9121,0.282108489,0.692341864
9122,0.653322425,-0.247921344
9123,-0.856011165,-2.32799525
9124,-1.27725236,1.13353588
9125,-1.27725236,1.13353588
9126,-1.335548,-0.905257604
9127,-1.35414133,-1.6651135
9128,,
9129,-0.58852812,-0.570673102
9130,-0.451007337,-1.05647108
9131,-1.13200937,1.14742001
9132,1.82533742,-1.67586876
9133,1.82533742,-1.67586876
9134,-0.121323596,1.12985864
9135,0.0407738085,-0.518695412
9136,,
9137,2.29171549,-0.930178029
9138,0.627810461,-0.896119079
9139,0.585131663,-0.485417182
9140,1.23475277,0.40248921
9141,1.23475277,0.40248921
9142,-2.03930313,-1.23210696
9143,0.369929437,-0.0396598082
9144,,
9145,0.418448419,0.158407855
9146,-0.260799836,1.4535563
9147,-1.97258412,0.61150971
9148,0.0634834208,-0.90046746
9149,0.0634834208,-0.90046746
9150,-1.57393283,0.531238254
9151,-0.10054258,-0.229387478
9152,,
9153,-0.546167801,0.603552735
9154,-0.861406041,0.185409901
9155,0.855385415,1.45639
9156,-1.70403452,-1.42963474
9157,-1.70403452,-1.42963474
9158,-0.805760314,0.178660368
9159,1.57316399,-1.40086536
9160,,
9161,-1.11303609,0.058375701
9162,-0.8832181,1.07146067
9163,-0.717535479,1.5961764
9164,0.448987325,-1.18614282
9165,0.448987325,-1.18614282
9166,1.61655297,0.0412249866
9167,-0.0790513695,0.591843955
9168,,
9169,0.0827128793,-0.669889331
9170,-0.136254455,0.570495282
9171,-0.300278506,0.451088931
9172,0.331384222,-1.55481062
9173,0.331384222,-1.55481062
9174,-0.85791829,-0.972166993
9175,0.571534929,-1.19602779
9176,,
9177,-1.10499691,-0.467921372
9178,0.447126085,-0.65075514
9179,1.08189643,0.546830655
9180,-0.141247135,-0.433782774
9181,-0.141247135,-0.433782774
9182,-0.897096666,0.652078741
9183,0.976412458,0.438120661
9184,,
9185,-0.209044678,0.617811163
9186,0.0201205091,-0.604758033
9187,-1.51065741,-1.3029038
9188,1.03707961,0.0199631397
9189,1.03707961,0.0199631397
9190,-1.27163381,-0.391391459
9191,-0.142530796,-0.498367181
9192,,
9193,-0.545338301,0.307431809
9194,-0.0202746378,0.039838616
9195,0.78308976,-2.46001383
9196,-1.21217809,0.642825621
9197,-1.21217809,0.642825621
9198,0.100698837,0.267889538
9199,-1.42031685,0.101342498
9200,,
9201,-0.104554928,0.155154215
9202,0.563904308,-0.775738182
9203,0.864771509,-0.23133579
9204,-0.727562929,-0.140139506
9205,-0.727562929,-0.140139506
9206,-0.341796281,-0.96019223
9207,-0.49258008,-0.241277374
9208,,
9209,-0.694561886,-0.456434001
9210,-1.23903994,-0.654436784
9211,0.493900855,-0.534622255
9212,0.764147999,-0.57566456
9213,0.764147999,-0.57566456
9214,0.528236272,1.26173149
9215,-0.941478445,-0.952198362
9216,,
9217,-0.234463455,-1.13894289
9218,0.0805899202,-0.654794837
9219,3.21199015,0.477056463
9220,-1.29962625,-1.27048416
9221,-1.29962625,-1.27048416
9222,-0.0404508167,-0.585019865
9223,0.141593465,-1.73101264
9224,,
9225,1.12969234,0.768366157
9226,0.240257134,0
9227,1.86904848,-2.32009304
9228,1.23706136,-0.273227369
9229,1.23706136,-0.273227369
9230,-0.0196341962,0.909955167
9231,0.235216277,0.0202245271
9232,,
9233,0.36890128,0.0142880567
9234,-0.0205561076,0.0598730357
9235,0.27307363,-1.54453098
9236,-0.65212014,-0.366733612
9237,-0.65212014,-0.366733612
9238,-0.199125766,0.407544123
9239,-0.799297919,0.508014473
9240,,
9241,1.27002157,1.05710393
9242,1.58322609,0.669036857
9243,0.796653687,0.610681984
9244,0.950640488,-0.123198228
9245,0.950640488,-0.123198228
9246,0.35667903,0.615214702
9247,0.335095786,-1.39434646
9248,,
9249,-0.100380375,0
9250,0.320751713,0.413537739
9251,-0.0455828821,-0.32871766
9252,-0.4573221,-0.664839449
9253,-0.4573221,-0.664839449
9254,-0.55555881,-0.416055227
9255,1.20123101,0.392848406
9256,,
9257,1.78172896,0.402139525
9258,2.61102585,-0.0400391552
9259,0.912014704,0.129929084
9260,1.018518,0.526152386
9261,1.018518,0.526152386
9262,0.705436131,-0.182147763
9263,0.746554924,-0.317518882
9264,,
9265,-0.0566362911,-1.46746695
9266,-1.59707706,-0.225825601
9267,0.404237342,-0.338511643
9268,-0.672048484,1.27108016
9269,-0.672048484,1.27108016
9270,-0.0806641396,0.277469938
9271,-1.04994602,0.413728378
9272,,
9273,0.0434698864,0.390432232
9274,-0.179878589,0.880052055
9275,0.448106706,0.389893168
9276,-0.294003218,1.95229982
9277,-0.294003218,1.95229982
9278,0.218291107,-0.770704655
9279,-0.468910199,-2.55286197
9280,,
9281,0.540384072,-0.866142016
9282,1.91976735,-0.475716612
9283,0.117186138,-0.890308719
9284,0.596908288,2.32534391
9285,0.596908288,2.32534391
9286,-0.996981144,0.215106694
9287,-0.0202073407,2.21569534
9288,,
9289,0.311487863,0.186301099
9290,0.365478351,0.845557835
9291,-0.41694585,-1.13041658
9292,0.687709714,1.35271839
9293,0.687709714,1.35271839
9294,0.959257774,-0.816050159
9295,-0.0388807527,-0.587771967
9296,,
9297,0.682996986,0.0990430428
9298,-0.221912687,0.914953468
9299,-0.3030378,1.23812872
9300,0.917358467,-0.824577852
9301,0.917358467,-0.824577852
9302,-0.184179795,-0.141416944
9303,1.39546948,0.221760282
9304,,
9305,-0.579370778,1.25132379
9306,-0.325242883,0.912910036
9307,-0.354070066,-1.32167327
9308,0.64061323,1.14412271
9309,0.64061323,1.14412271
9310,-0.457668049,-0.117932463
9311,0.615160957,-0.473549355
9312,,
9313,1.59419061,0.714167586
9314,1.3808372,0.918009463
9315,-0.627048719,1.2963644
9316,-1.49207783,0.711831021
9317,-1.49207783,0.711831021
9318,-1.6834437,-1.02860146
9319,1.44075556,-0.0567034269
9320,,
9321,-2.1865249,-0.837009261
9322,-1.74216117,-1.01353404
9323,-0.487443237,0.633153221
9324,0.182727942,-0.7516452
9325,0.182727942,-0.7516452
9326,1.08710694,-0.468563845
9327,0.241296934,-0.87243926
9328,,
9329,-0.18877703,-1.25719559
9330,2.16043149,-0.835660803
9331,0,1.06620681
9332,0.182018505,-1.32532481
9333,0.182018505,-1.32532481
9334,-1.59153856,-1.11818882
9335,0.786029245,-0.459017443
9336,,
9337,1.85671513,-0.133258175
9338,1.34847322,0.609541529
9339,-0.0286824208,0.994743354
9340,-2.14433756,-0.197283628
9341,-2.14433756,-0.197283628
9342,-0.253415326,-0.961249398
9343,0.919221641,1.54019587
9344,,
9345,-0.660764276,0.699466741
9346,-0.600093144,-1.39899084
9347,-1.89248696,-0.352006772
9348,-1.47157755,-0.742853645
9349,-1.47157755,-0.742853645
9350,-2.68629001,-1.10869151
9351,-0.81879182,-0.666466654
9352,,
9353,-1.52802077,1.0000532
9354,-0.161504177,0.142830011
9355,-1.0585422,0.596101396
9356,1.38405822,0.376682921
9357,1.38405822,0.376682921
9358,-0.140195849,1.98241241
9359,-0.626564798,0.706553237
9360,,
9361,0.360161645,-0.738508564
9362,1.09231026,-0.276541771
9363,0.626795934,0.129649021
9364,0.360021548,-0.626725237
9365,0.360021548,-0.626725237
9366,0.263739351,0.235158088
9367,-1.19670128,0.218814375
9368,,
9369,-0.572969696,2.61777366
9370,-1.18481805,1.13108673
9371,-0.0140179678,0.0143921292
9372,1.4692109,-1.48529157
9373,1.4692109,-1.48529157
9374,0.917618661,-1.26583465
9375,0.192571283,-0.164924886
9376,,
9377,0.528116089,-0.188890468
9378,0.44879435,-1.39133942
9379,1.47191006,0.0587786893
9380,0.849312195,0.062066746
9381,0.849312195,0.062066746
9382,0.954052751,-0.569541448
9383,-0.756597271,-1.13860463
9384,,
9385,2.5484199,-0.993464432
9386,2.37445493,-0.306361748
9387,0.953845712,-1.05700328
9388,-1.13989169,-1.49401867
9389,-1.13989169,-1.49401867
9390,-0.269789734,-0.963140625
9391,1.54825217,1.18948047
9392,,
9393,-2.94214331,2.07067382
9394,-1.99154457,1.17289573
9395,-0.71357382,0.833082811
9396,0.457948987,-1.1707056
9397,0.457948987,-1.1707056
9398,0.553072185,-1.31764491
9399,-0.0791829357,0.584388405
9400,,
9401,-1.50270185,2.04202664
9402,-0.352693005,0.883726581
9403,-0.244694907,0.77931483
9404,0.443497299,-1.04892465
9405,0.443497299,-1.04892465
9406,-0.872199491,1.02761952
9407,-2.45288723,-0.776610167
9408,,
9409,0.948152211,0.996864631
9410,0.912032685,0.758619807
9411,-0.806280142,0.751772287
9412,-0.985371464,-0.62089105
9413,-0.985371464,-0.62089105
9414,0.296637393,-0.295947816
9415,-0.851485267,-0.330362526
9416,,
9417,-1.22776195,2.72710527
9418,-1.24838197,2.82314377
9419,-0.235209482,2.0890609
9420,-0.766370053,-1.51934207
9421,-0.766370053,-1.51934207
9422,-0.0399350358,1.00292721
9423,0.454482597,0.121655661
9424,,
9425,-0.846966757,0.35682576
9426,-0.832380855,0.210800901
9427,-1.89840569,0.692778808
9428,-0.851530841,-0.0600412154
9429,-0.851530841,-0.0600412154
9430,0.246670548,0.125202001
9431,1.29483263,1.28235169
9432,,
9433,-1.43435189,-0.255922285
9434,-1.62239032,-0.245839108
9435,-0.714779667,0.955392865
9436,-0.209927378,-0.0807444184
9437,-0.209927378,-0.0807444184
9438,-0.292826193,-1.04344111
9439,-0.204626069,-2.01270143
9440,,
9441,1.98635324,0.875731348
9442,1.26708564,0.498652799
9443,1.17730353,-0.0583456855
9444,-1.36397596,0
9445,-1.36397596,0
9446,-0.954396277,0.15378402
9447,0.406119268,0.599148696
9448,,
9449,2.08193282,1.05282645
9450,1.17165351,2.11858686
9451,0.131621486,1.86975303
9452,-0.309493551,1.20377719
9453,-0.309493551,1.20377719
9454,0.670884758,-0.655016546
9455,0.31597709,1.94741822
9456,,
9457,-0.22301122,-0.988946072
9458,0.415593081,-1.64232377
9459,0.189484345,2.28123162
9460,-0.497072775,0.53789593
9461,-0.497072775,0.53789593
9462,1.64169777,1.26591478
9463,0.719666525,0.777773569
9464,,
9465,1.50901875,1.39743154
9466,0.649330989,1.08866754
9467,-0.982409454,1.50988061
9468,0.754615399,0.039826103
9469,0.754615399,0.039826103
9470,-0.039938029,-1.93055351
9471,1.09302387,-0.964626639
9472,,
9473,-0.291579069,1.40027534
9474,0.224059863,0.572239421
9475,-0.361802897,1.21795796
9476,-1.57278958,-0.728464307
9477,-1.57278958,-0.728464307
9478,-0.559868293,0.778409453
9479,1.20744802,-0.831337547
9480,,
9481,-0.567870307,-0.360281605
9482,-0.254742949,0.0413236722
9483,-0.674009113,0.365508451
9484,1.16782606,1.30666474
9485,1.16782606,1.30666474
9486,-0.354940572,0.523717057
9487,1.11576866,-1.17965764
9488,,
9489,-0.700951633,-0.720193122
9490,1.33545897,0.181760069
9491,-0.528315457,-0.719594467
9492,-0.29243687,0.844345061
9493,-0.29243687,0.844345061
9494,1.61196076,-0.560531844
9495,1.98220478,-0.283558641
9496,,
9497,0.608636339,0.795566775
9498,0.969363855,1.32260943
9499,-0.39622088,-0.756211211
9500,0.647629449,1.910552
9501,0.647629449,1.910552
9502,-0.461238977,1.39247909
9503,-0.591613168,0.204863553
9504,,
9505,1.56089618,0.933469857
9506,0.499153283,1.86673502
9507,-0.0155784999,-0.676351793
9508,-1.04437194,2.10235448
9509,-1.04437194,2.10235448
9510,0.515443416,1.33610171
9511,0.846469776,-0.122419528
9512,,
9513,2.30051807,1.20819111
9514,1.68228849,0.919242869
9515,-0.0827409052,0.649815676
9516,-1.08012812,-1.53079122
9517,-1.08012812,-1.53079122
9518,0.455605587,0.534135814
9519,-0.465873229,0.224066853
9520,,
9521,1.2271016,0
9522,0.731909435,-0.244058572
9523,1.70175515,0.321291861
9524,0.184552477,0.0404455094
9525,0.184552477,0.0404455094
9526,-0.992603248,-0.663375342
9527,-1.53958718,1.01877565
9528,,
9529,-1.91994936,0.862098368
9530,-1.83939344,0.123682204
9531,-1.20111879,-0.308984727
9532,-0.762055916,-1.07027221
9533,-0.762055916,-1.07027221
9534,-0.742786112,0.95878504
9535,-0.434840566,-0.980835041
9536,,
9537,0.447073236,0.347329939
9538,0.185256264,-0.352474678
9539,1.85804416,-0.990076635
9540,-0.604055794,0.0827410614
9541,-0.604055794,0.0827410614
9542,-0.496836543,0.228417639
9543,0.520823002,-0.0613356093
9544,,
9545,0.539019833,-1.31708995
9546,1.08283049,-1.69620279
9547,-0.710673799,-0.446758237
9548,-0.552814486,0.396261981
9549,-0.552814486,0.396261981
9550,-0.518279415,-0.514241799
9551,-0.0419232888,0.830367522
9552,,
9553,-2.04965605,-0.174157494
9554,-1.81572242,-0.355123079
9555,0.628270503,0.0765927517
9556,-0.823195539,-0.283209437
9557,-0.823195539,-0.283209437
9558,1.40179543,2.11288928
9559,-1.12022336,0.134321949
9560,,
9561,0.0279071969,-1.99287671
9562,0.88970291,-0.352165957
9563,-0.076698195,-2.52495568
9564,-0.735738709,1.82086726
9565,-0.735738709,1.82086726
9566,2.14797035,-0.0407131655
9567,-0.702328112,-0.100702727
9568,,
9569,0.536587583,1.57499028
9570,-0.3999211,1.761402
9571,-0.21823809,-1.81684636
9572,0.0803203095,-1.35345972
9573,0.0803203095,-1.35345972
9574,-1.50394465,-1.73555318
9575,-1.99905018,-0.260019421
9576,,
9577,1.15486588,-0.990931831
9578,0.144065566,-0.756478855
9579,-0.13237332,0.557097831
9580,-0.0203325344,-1.14633794
9581,-0.0203325344,-1.14633794
9582,0,1.76624323
9583,0.794799031,-0.244227001
9584,,
9585,0.614944858,-1.16907356
9586,0.438220527,-0.954228174
9587,0.0323535518,-0.174306465
9588,0.858662311,-1.17720858
9589,0.858662311,-1.17720858
9590,1.20703873,0.71983893
9591,0.239997594,-0.224319396
9592,,
9593,-0.935195541,-0.120704434
9594,0.268354902,-0.368210545
9595,0.125114042,-1.71582784
9596,-0.848786281,1.04836352
9597,-0.848786281,1.04836352
9598,-0.953794719,0
9599,-1.19435512,-0.210673301
9600,,
9601,0.35589339,0.895617386
9602,-0.0621031321,0.596575861
9603,1.00433114,-1.8414514
9604,1.4684446,1.48521341
9605,1.4684446,1.48521341
9606,0.942742869,-1.27547796
9607,0.991467846,2.4191231
9608,,
9609,-1.26159436,-1.25428839
9610,-1.23939381,-1.2695866
9611,1.42539639,-0.565176299
9612,1.94367315,0.607023689
9613,1.94367315,0.607023689
9614,-1.27701015,0.701482945
9615,-0.891999735,-1.09853461
9616,,
9617,-1.14625847,0.0811782966
9618,-1.17045526,0.563848093
9619,1.05283799,0.803394514
9620,0.614662516,-1.2043356
9621,0.614662516,-1.2043356
9622,0.861222119,-0.323005714
9623,0.832936879,-0.76752752
9624,,
9625,0.867844046,-1.47455052
9626,-0.616938415,-0.168853355
9627,-1.11832322,-0.0940479859
9628,-1.18129443,-0.469444514
9629,-1.18129443,-0.469444514
9630,-0.384220328,0.655899443
9631,-1.99786608,-1.4482017
9632,,
9633,-0.384089989,0.273137269
9634,0.242678777,0.299734638
9635,0.45226642,-0.455754671
9636,0.137026407,-0.346308186
9637,0.137026407,-0.346308186
9638,0.969582801,-0.970231598
9639,1.40518749,-0.966896823
9640,,
9641,1.7943005,1.37116286
9642,0.395004274,0.59106109
9643,-0.845115584,-0.184624639
9644,0.0833860504,-0.929424295
9645,0.0833860504,-0.929424295
9646,3.29177878,-1.36914157
9647,-0.237678864,-0.706662523
9648,,
9649,1.48367432,0.248005203
9650,0.894796091,0.94089294
9651,1.00742445,0.445035912
9652,0.733506145,1.20199111
9653,0.733506145,1.20199111
9654,-0.142400351,1.12324421
9655,0.739412565,1.95603954
9656,,
9657,1.28762154,0.994897294
9658,0.25864293,1.57585641
9659,1.33179881,2.2989938
9660,0.379789318,-0.660878303
9661,0.379789318,-0.660878303
9662,-0.888860859,0.124518862
9663,0.523007751,0.0201742922
9664,,
9665,-0.0280246135,-0.50892126
9666,-0.510726257,0.798818728
9667,0.0636949184,1.51731631
9668,-0.752631977,-2.0656665
9669,-0.752631977,-2.0656665
9670,-1.80233416,-0.554292175
9671,0.0430993103,-1.24124371
9672,,
9673,-0.603327149,0.212191871
9674,0.0797906194,-0.712545892
9675,-0.568693344,0.0488634927
9676,0.629704241,0.99217799
9677,0.629704241,0.99217799
9678,-0.481134839,-0.0983990332
9679,-0.164753696,-0.321290329
9680,,
9681,0.720660934,0.34439646
9682,0.591683584,0.797093559
9683,1.61494246,-0.192467584
9684,-1.39651969,0.263557259
9685,-1.39651969,0.263557259
9686,-0.602439459,1.2099029
9687,-0.484492816,0.288897485
9688,,
9689,0.692694738,1.57594275
9690,0.879870398,0.350930387
9691,0.0824005915,0.885822994
9692,-1.96242527,0.782788178
9693,-1.96242527,0.782788178
9694,-0.456439601,-1.67995182
9695,-0.287291371,-0.103984319
9696,,
9697,-0.992944659,2.06763771
9698,-1.37039551,2.32166878
9699,-0.792890877,0.470818299
9700,2.04433304,-0.618505126
9701,2.04433304,-0.618505126
9702,-1.19056878,-0.423783788
9703,0,-0.527228725
9704,,
9705,0.392753039,-0.345653428
9706,1.10790523,-0.145487551
9707,1.27584342,-1.11988067
9708,-1.83948707,-1.14230928
9709,-1.83948707,-1.14230928
9710,0.862226512,-0.139324845
9711,1.63656683,-0.139750633
9712,,
9713,0.253088705,1.06764217
9714,0.363111889,0.701808187
9715,-1.03347839,0.0785261986
9716,-0.0981728779,-1.03174496
9717,-0.0981728779,-1.03174496
9718,-0.159328957,0.181678003
9719,-0.278897216,-0.958787429
9720,,
9721,0.995900747,-0.268143037
9722,0.581214682,-0.378730298
9723,0.763847046,0
9724,-0.473634908,-0.538588561
9725,-0.473634908,-0.538588561
9726,0.456112743,0.264512669
9727,-1.79740932,-0.849266528
9728,,
9729,-0.459972913,-1.31447062
9730,-1.23779418,-0.74234546
9731,-0.0151876344,0.724577772
9732,-1.52852047,2.01082377
9733,-1.52852047,2.01082377
9734,-0.060269992,0.480647564
9735,-0.0828749241,0.828601036
9736,,
9737,-0.939958609,-0.705233595
9738,0.0206259504,-0.628623879
9739,0.819006467,-0.758861372
9740,-2.02338832,-0.121665188
9741,-2.02338832,-0.121665188
9742,-0.703070609,0.924129608
9743,-0.543630053,1.20737572
9744,,
9745,0.592389252,0.280138491
9746,0.68059831,1.12422944
9747,0.769176825,0.813161662
9748,1.07802253,-0.821106379
9749,1.07802253,-0.821106379
9750,-0.700525855,0.203961059
9751,0.799456157,0.0812943052
9752,,
9753,-1.82320274,0.42646168
9754,-0.179109894,-1.74704644
9755,-2.14035416,-2.0285027
9756,1.36118581,-1.37975398
9757,1.36118581,-1.37975398
9758,-0.55477642,0.788068543
9759,1.25217599,1.28607844
9760,,
9761,-2.36461522,0.308037897
9762,-2.62165349,0.386992371
9763,-1.83938266,-0.114553324
9764,-2.34059075,-0.75059786
9765,-2.34059075,-0.75059786
9766,1.24356165,0.596795019
9767,1.58293428,0.389085467
9768,,
9769,-0.71014214,0.346777014
9770,-1.07746645,0.183087684
9771,-0.879435348,-0.114547438
9772,1.51694217,0.598842549
9773,1.51694217,0.598842549
9774,0.723717008,0.221856573
9775,-1.26048597,1.24340615
9776,,
9777,-1.19947188,-0.25927977
9778,-0.227756498,0.329967889
9779,0.253267591,-1.05183587
9780,0.283262898,1.1196545
9781,0.283262898,1.1196545
9782,-1.25977606,0.563277391
9783,1.89618505,-1.44427181
9784,,
9785,-0.963742475,0.707774052
9786,-0.43465844,0.667029589
9787,0.243968564,-0.336782939
9788,-0.63545032,-0.196828924
9789,-0.63545032,-0.196828924
9790,-1.16818364,0.183889734
9791,-2.64625007,0.310359034
9792,,
9793,1.40327024,0.624469364
9794,1.74017743,-0.958516528
9795,1.20972421,-1.77056186
9796,0.750486715,0.488147508
9797,0.750486715,0.488147508
9798,0.473047041,-0.966694141
9799,0.174296127,-1.88452784
9800,,
9801,1.14704484,-0.638850299
9802,1.61879414,0.390871256
9803,0.855230913,-1.02686193
9804,0.612570133,0.103568421
9805,0.612570133,0.103568421
9806,0.360051471,-0.633077827
9807,0.499904038,-1.38558667
9808,,
9809,-0.702833473,0.603902066
9810,-1.34537759,0.26443037
9811,0.726845132,-0.335432539
9812,0.759874578,2.02781284
9813,0.759874578,2.02781284
9814,0.288188277,-0.0781852928
9815,0.727205693,-0.505937962
9816,,
9817,-0.304795165,0.952753712
9818,0.959993698,1.7268692
9819,-0.574031724,1.23818211
9820,-0.101521607,0.853663615
9821,-0.101521607,0.853663615
9822,1.95665086,0.45482617
9823,0.286363525,0.894872869
9824,,
9825,-0.0287026826,0.996358155
9826,-0.760634699,0
9827,0.132164283,-0.0289915591
9828,0.0419070474,-0.567646878
9829,0.0419070474,-0.567646878
9830,-0.0796180313,-1.72563198
9831,2.46988123,-0.496828675
9832,,
9833,-0.117656306,0.892480856
9834,0.655965062,1.76929206
9835,1.03866857,0.983207588
9836,2.08451455,-0.522575987
9837,2.08451455,-0.522575987
9838,1.36425169,-0.467513647
9839,1.7891938,2.10161966
9840,,
9841,-1.07828588,1.17460021
9842,-0.383385864,0.772495426
9843,-0.337296958,-0.367465357
9844,0.842927647,0.676236468
9845,0.842927647,0.676236468
9846,0.786746571,-0.201626855
9847,-1.26320012,0.159783418
9848,,
9849,-0.0566488164,0.430671025
9850,0.568026131,0.445907223
9851,0.410072983,-0.253969386
9852,0.832620502,-0.954835362
9853,0.832620502,-0.954835362
9854,-0.176228944,0.407108824
9855,1.12798959,0.311147229
9856,,
9857,-0.276091722,-1.37279733
9858,0.184667334,-0.754510006
9859,0.101120414,0.432832921
9860,0.290940752,-0.141695213
9861,0.290940752,-0.141695213
9862,1.11459488,0.408771114
9863,-0.123158673,-1.66567305
9864,,
9865,-0.61499782,-0.880487895
9866,-0.383170871,-1.18750932
9867,0.867692897,0.21258983
9868,0.718094807,-0.144993918
9869,0.718094807,-0.144993918
9870,-0.29817277,-0.520358359
9871,-0.986202929,1.24640826
9872,,
9873,1.03373568,1.40508659
9874,-0.142267022,1.13652761
9875,-0.475473723,-0.686138121
9876,1.37490495,-1.27525953
9877,1.37490495,-1.27525953
9878,2.03696822,1.59906272
9879,-1.2267244,0.558892836
9880,,
9881,-2.0653774,0.974780105
9882,0.585290554,0.246894724
9883,0.552410785,-0.267902805
9884,-1.03469965,-0.670594372
9885,-1.03469965,-0.670594372
9886,-0.344737751,-1.14454484
9887,-0.556610394,1.35182165
9888,,
9889,-1.44779889,-2.12853438
9890,-0.299329323,-1.37315132
9891,-0.34008014,-1.07882077
9892,-0.218082418,-0.241626
9893,-0.218082418,-0.241626
9894,-0.0201570282,1.52053647
9895,0.20143976,-0.423195039
9896,,
9897,-1.11724322,-0.69754106
9898,0.739526241,0.49502585
9899,-0.169701544,1.05002359
9900,-2.3617219,-0.994688964
9901,-2.3617219,-0.994688964
9902,0.953784874,1.8647779
9903,1.95781323,1.54790269
9904,,
9905,-0.0875187616,1.49292031
9906,-0.939318374,1.87985993
9907,-1.59390303,0.541595271
9908,1.63079705,-0.856348839
9909,1.63079705,-0.856348839
9910,1.28923421,-0.960816721
9911,-0.16628526,-1.36962741
9912,,
9913,0.307992003,1.60557359
9914,0.422967261,0.654788019
9915,-0.102484287,-1.40866436
9916,2.13306956,0.850632373
9917,2.13306956,0.850632373
9918,0,1.19693927
9919,0.0619964212,0.0832591908
9920,,
9921,-0.0420266327,-0.269415985
9922,0.835412177,0.481924292
9923,0.628577216,0.259105745
9924,-1.54046063,-0.130421653
9925,-1.54046063,-0.130421653
9926,-1.3867542,-0.0861957113
9927,-0.814218499,-1.40103292
9928,,
9929,1.07022222,0.680561974
9930,1.11688602,-0.341777917
9931,1.21936682,0.219159898
9932,0.181168054,-0.101631928
9933,0.181168054,-0.101631928
9934,0.367137379,0.75949252
9935,0.244556253,-0.383186494
9936,,
9937,-0.555288712,-1.95878909
9938,0.0384422313,-1.60640436
9939,-0.364924595,0.724169732
9940,-0.142512731,0.225556532
9941,-0.142512731,0.225556532
9942,1.00826889,-0.262834261
9943,0.376365802,-0.534112453
9944,,
9945,0.312529589,0.593077012
9946,1.03258261,-0.944645848
9947,-0.0771464501,-0.245746578
9948,-0.713330909,1.35137986
9949,-0.713330909,1.35137986
9950,-0.725869316,1.37048464
9951,2.08130894,0.18591088
9952,,
9953,0.158096078,1.35354696
9954,-0.0990608659,2.42024982
9955,0.65729227,-1.35154789
9956,-0.734213117,-0.0412960659
9957,-0.734213117,-0.0412960659
9958,-0.6980294,0.782201838
9959,1.1512696,-0.375550806
9960,,
9961,0.662866866,0.875825785
9962,-0.237276775,0.985094642
9963,-0.713780125,1.62057332
9964,0.928157103,-0.991147946
9965,0.928157103,-0.991147946
9966,-0.0422693013,0.541447265
9967,-1.13729051,-1.76555764
9968,,
9969,0.518538158,-0.584104774
9970,0.515281023,0.292413995
9971,2.05661762,0.923703982
9972,-0.0801007615,-1.2957366
9973,-0.0801007615,-1.2957366
9974,-0.160177055,0.259221168
9975,0.492306248,0.781406463
9976,,
9977,-0.38158804,0.542164522
9978,0.229262577,0.771812691
9979,0.585706047,1.48343674
9980,-0.0800685793,1.20866623
9981,-0.0800685793,1.20866623
9982,-3.32099614,0.752689129
9983,0.0397350666,-0.124443661
9984,,
9985,0.0555614923,0.778955488
9986,0.100890605,0.913588744
9987,-0.0456614179,-0.7022803
9988,0.199595416,1.49300043
9989,0.199595416,1.49300043
9990,-1.04592534,-0.103019966
9991,1.89745762,1.59152064
9992,,
9993,-0.305070763,0.755864494
9994,-0.728166546,-0.0204173297
9995,1.19305411,0.215325361
9996,-0.280460079,-0.210753962
9997,-0.280460079,-0.210753962
9998,-0.944808314,-1.40474937
9999,0.843572984,-1.61128867
10000,,
10001,-0.853393957,1.7706345
10002,0,0.42646302
10003,0.600066708,-0.166734702
10004,1.57102403,-0.225374209
10005,1.57102403,-0.225374209
10006,0.590998286,-0.386022292
10007,-1.3306925,2.42601767
10008,,
10009,-1.24656094,0.0138650359
10010,-0.203437196,0.381942605
10011,-2.83644401,0.857038202
10012,1.41092804,2.03341883
10013,1.41092804,2.03341883
10014,-1.69333568,-0.611841713
10015,0.830067006,-1.17703078
10016,,
10017,0.0864867423,1.48724207
10018,-0.342492353,0.524078336
10019,-1.0344283,1.09783375
10020,0.957355957,1.3517304
10021,0.957355957,1.3517304
10022,1.50670038,-1.05654474
10023,-1.55826497,-1.60400116
10024,,
10025,0.145793174,0.853531946
10026,0.897804857,0.378622769
10027,1.57608588,-0.29864767
10028,-1.23284236,-0.0406940246
10029,-1.23284236,-0.0406940246
10030,-0.802863218,-1.11240557
10031,-0.905983555,-0.783622463
10032,,
10033,0.0426647224,-0.809658296
10034,-1.47655875,-0.0810659447
10035,0.146990753,0.599938606
10036,1.30076765,1.13260158
10037,1.30076765,1.13260158
10038,-0.266336207,-0.12402982
10039,-0.188271732,-0.651042248
10040,,
10041,-0.316021969,1.6384766
10042,-0.225264742,1.20576031
10043,-1.08312453,0.427517011
10044,0.247940707,0.484058046
10045,0.247940707,0.484058046
10046,0.169225036,-0.140188802
10047,-1.1611075,0.124069821
10048,,
10049,0.292215621,-0.99592336
10050,0.101511119,-1.41525849
10051,-0.830985527,-0.986985186
10052,0.219249681,0.141902584
10053,0.219249681,0.141902584
10054,0.140710566,-1.34267895
10055,1.79922782,0.296570542
10056,,
10057,0,1.07123425
10058,0.443755885,2.49480572
10059,0.193613283,2.69886521
10060,0.673238923,0.181654258
10061,0.673238923,0.181654258
10062,-0.94209514,1.0699403
10063,0.299329323,0.689635087
10064,,
10065,-0.682671162,1.06989989
10066,-0.545839572,0.602196058
10067,-1.58038882,-0.22587951
10068,1.47469491,0.574393695
10069,1.47469491,0.574393695
10070,0.694998943,0.518903374
10071,-0.37724194,0.824719991
10072,,
10073,1.36408177,-0.0982964226
10074,1.56082876,0.200287536
10075,-0.30327983,-0.555453108
10076,0.30046378,-1.9905931
10077,0.30046378,-1.9905931
10078,2.44337814,0.0598659842
10079,0.420576553,-0.384833738
10080,,
10081,2.38519524,0.540583571
10082,1.70967674,2.28654116
10083,-0.178775257,1.0855592
10084,-1.97776123,0.3330299
10085,-1.97776123,0.3330299
10086,0,-1.35399382
10087,-0.0392497581,-0.564819403
10088,,
10089,-0.775687079,0.0575624062
10090,-1.03170627,-0.675371285
10091,0.684312111,-0.263471161
10092,0.142822559,-0.102005259
10093,0.142822559,-0.102005259
10094,0.12188091,1.40069827
10095,0,-1.43253805
10096,,
10097,-0.197309145,0.435639646
10098,-0.0610878008,0.394438972
10099,-0.696158846,0.899895411
10100,-0.16209852,0.241463382
10101,-0.16209852,0.241463382
10102,-0.199435979,0.398175566
10103,-0.216811062,0.376864965
10104,,
10105,-0.901392315,0.680525452
10106,-0.165144565,0.692295071
10107,-1.29014931,-1.22703662
10108,-2.24872837,-1.19656364
10109,-2.24872837,-1.19656364
10110,0.117534821,1.92525312
10111,-2.29514455,0.193553506
10112,,
10113,-0.83186428,0.166148565
10114,-1.07688988,0.803861987
10115,-1.3186029,0.574749344
10116,-0.619067601,-0.394237823
10117,-0.619067601,-0.394237823
10118,-0.991867485,0.826128631
10119,1.58832689,-1.19222657
10120,,
10121,1.26259577,-0.445704582
10122,-0.303633846,-1.23962103
10123,1.22712392,-0.391055265
10124,-1.4763021,-0.983603742
10125,-1.4763021,-0.983603742
10126,0.260673131,-0.335152395
10127,0.123722266,-1.62545625
10128,,
10129,-0.877218286,1.09241309
10130,0.0398646302,0.249758047
10131,1.49489944,2.054465
10132,-0.617066397,-2.32659011
10133,-0.617066397,-2.32659011
10134,1.13692982,0.844120704
10135,-1.73399897,-0.0388483851
10136,,
10137,-0.172610995,-0.467376112
10138,-1.25061669,0.958645878
10139,-0.64432446,-0.55898079
10140,-0.0411934161,-0.309387936
10141,-0.0411934161,-0.309387936
10142,-0.968261749,1.30821002
10143,-0.882029627,-1.24657369
10144,,
10145,-1.21328342,-0.127771432
10146,-2.16884062,0
10147,-2.56034588,0.133031014
10148,1.77928585,-0.253144969
10149,1.77928585,-0.253144969
10150,0.926259683,-0.257301206
10151,0.732442803,-0.816581859
10152,,
10153,-0.855138189,1.26214623
10154,0.438626687,0.851649151
10155,0.864493923,-0.177496272
10156,-0.400036606,-1.47898729
10157,-0.400036606,-1.47898729
10158,-1.11446993,0.558135389
10159,-1.03036327,0.0206222127
10160,,
10161,-0.613317598,-1.23789815
10162,0.0397018139,-0.912657749
10163,1.17193899,1.1894027
10164,0.599084881,-0.201799641
10165,0.599084881,-0.201799641
10166,1.72297504,-0.989558805
10167,-1.1414659,0.387396178
10168,,
10169,1.05355611,-0.559442612
10170,1.21197891,0.204798077
10171,-0.390964803,0.517144928
10172,0.0394261244,0.738588958
10173,0.0394261244,0.738588958
10174,-0.874583563,-0.575320955
10175,-1.09066636,-1.11383398
10176,,
10177,1.99300387,0.934888723
10178,1.12445554,1.58058084
10179,-0.609268572,-0.618363262
10180,0.882408231,1.19193279
10181,0.882408231,1.19193279
10182,1.45575188,0.64869076
10183,0.30805661,-0.344460241
10184,,
10185,-0.0285265242,1.23635068
10186,0.574045004,0.740879131
10187,-1.32526456,-0.302304052
10188,-0.0780878505,-0.637997876
10189,-0.0780878505,-0.637997876
10190,1.24863194,1.37004594
10191,1.33753569,-0.424487014
10192,,
10193,-0.913669916,0.68828111
10194,-1.18235437,1.64721451
10195,-1.26497932,0.342115655
10196,-0.247538459,-1.19976734
10197,-0.247538459,-1.19976734
10198,1.37219399,-2.93000406
10199,1.65412841,-0.392598621
10200,,
10201,0.196825024,0.438023201
10202,-1.03293441,-0.327476637
10203,-0.183401081,-0.753425847
10204,0.621705407,1.11469403
10205,0.621705407,1.11469403
10206,-0.177177087,0.185914061
10207,0.403479877,-0.49578594
10208,,
10209,0.27722039,1.19719507
10210,0.201709079,2.30073584
10211,-0.479354743,0.559125142
10212,0.700920533,0.268412813
10213,0.700920533,0.268412813
10214,-1.64521191,0.682139013
10215,-0.224887339,-0.663151055
10216,,
10217,0.174898336,-0.201583229
10218,0.857559654,-0.0814803386
10219,0.593852269,0.285515135
10220,-1.2534483,-0.0779925551
10221,-1.2534483,-0.0779925551
10222,0.457256738,0.988980627
10223,-3.54035917,0.0817186394
10224,,
10225,-0.791441392,-0.0713514808
10226,-1.24255513,-0.481612905
10227,1.4282455,-0.241009605
10228,-1.19459315,-0.272459525
10229,-1.19459315,-0.272459525
10230,0,-0.396230281
10231,-0.871220829,-0.711421239
10232,,
10233,-0.246742591,0.360444868
10234,0.826301946,-0.0403722504
10235,1.1124507,1.40381036
10236,-0.266517385,-0.0205224909
10237,-0.266517385,-0.0205224909
10238,0.0977849546,0.746929465
10239,0.564604669,-0.681532181
10240,,
10241,-0.354094886,0.0597498327
10242,0.556576769,-0.187084997
10243,3.12723877,-1.30164704
10244,-1.01087667,0.0837475861
10245,-1.01087667,0.0837475861
10246,-0.984848285,-0.282536512
10247,-0.743626333,1.2626497
10248,,
10249,0.600395357,0.232373814
10250,1.76821223,0.0824256643
10251,0.342918861,-2.53958071
10252,-0.962532718,0.673787245
10253,-0.962532718,0.673787245
10254,0.378483978,-2.14357992
10255,0.442479958,-1.20562603
10256,,
10257,-0.312828411,1.47132054
10258,-0.159774473,0.0810950842
10259,1.27503361,0.247756955
10260,-1.13059862,0.760781847
10261,-1.13059862,0.760781847
10262,0.464359688,-0.188049119
10263,0.865422505,1.2085329
10264,,
10265,-1.0426857,0.719711028
10266,-0.913708508,-0.101574936
10267,-0.871181646,0.125431227
10268,-1.08988398,0.473653031
10269,-1.08988398,0.473653031
10270,-0.43824455,0.020879274
10271,1.19842141,0.604634153
10272,,
10273,2.20823222,0.564061141
10274,2.62436781,0.16592345
10275,3.24589435,2.02852364
10276,-0.673593134,-0.39424739
10277,-0.673593134,-0.39424739
10278,0.0396311113,0.605576954
10279,-0.1822447,0.0192833614
10280,,
10281,0.306620279,-1.0786289
10282,-0.329855394,-1.34586275
10283,0.32965658,-0.993276307
10284,-0.225750736,0.791618284
10285,-0.225750736,0.791618284
10286,-0.0204271493,0.548162749
10287,-0.191365157,-1.1854685
10288,,
10289,-0.8196156,0.957548717
10290,-0.377089218,-0.547264142
10291,-0.727090552,-2.0100631
10292,0.885342117,0.480346359
10293,0.885342117,0.480346359
10294,1.35086098,-0.0208879481
10295,-1.00851236,-0.606469467
10296,,
10297,-0.720233276,-2.32400844
10298,-1.01318096,-1.40808978
10299,-0.586085943,-0.268915365
10300,-0.65590702,-0.0799402375
10301,-0.65590702,-0.0799402375
10302,-0.485480981,1.07505406
10303,-0.217528118,0.713091984
10304,,
10305,-1.29870315,-0.424357598
10306,-1.28720635,-0.0398244012
10307,-0.853185341,-0.213328343
10308,-0.699457879,1.11339499
10309,-0.699457879,1.11339499
10310,0.315055705,0.0796660625
10311,-0.178798867,1.50553485
10312,,
10313,-1.2969539,0.518378829
10314,-0.79103814,-0.472037222
10315,-0.30400895,-0.284343215
10316,0.353981148,-0.69544726
10317,0.353981148,-0.69544726
10318,0.101309125,0.451012553
10319,1.90810057,-0.174659004
10320,,
10321,-0.239497116,0.257539265
10322,0.5504597,0.248253269
10323,0.888846292,-0.226410722
10324,0.593270451,-0.535173114
10325,0.593270451,-0.535173114
10326,-0.793363307,0.365474952
10327,-1.20841599,-1.59373484
10328,,
10329,-1.38218618,-0.62534006
10330,-1.6824598,0.119591152
10331,0.550427711,-0.296768337
10332,2.18309404,0.3436993
10333,2.18309404,0.3436993
10334,-0.430694167,1.5874367
10335,-0.273740019,-0.208314526
10336,,
10337,0.277176616,0.866851953
10338,-0.080392158,0.48136423
10339,-1.93992644,-0.672556868
10340,1.74667409,0.647927557
10341,1.74667409,0.647927557
10342,2.06923813,0.37261219
10343,-0.397085573,-1.32873498
10344,,
10345,0.367893703,0.525079422
10346,0.835142639,0.73072988
10347,-0.318816121,0.689724205
10348,0.648750105,-0.7761901
10349,0.648750105,-0.7761901
10350,0.980779526,1.1722594
10351,0.342622032,0.34034222
10352,,
10353,-1.28894978,0.159788297
10354,-0.571380561,0.271571836
10355,-1.73229257,0.856152316
10356,-0.241692811,-0.323264688
10357,-0.241692811,-0.323264688
10358,-0.166951672,-0.396342618
10359,1.24520995,0.794280034
10360,,
10361,-0.344736924,0.133674389
10362,0.415934537,-1.35793344
10363,0.314483827,-0.345792428
10364,-0.744304793,0.70163214
10365,-0.744304793,0.70163214
10366,0.802509255,-0.670035682
10367,-0.545105048,2.28896926
10368,,
10369,-0.399876279,1.13591533
10370,0.201179475,1.19082922
10371,1.91037405,-0.33206845
10372,0.490284903,0.527112074
10373,0.490284903,0.527112074
10374,0.184616693,0.956612858
10375,-1.13644975,-0.887821306
10376,,
10377,-0.259553297,-0.67151733
10378,0,-0.244607182
10379,-1.46100392,0.770558005
10380,0.208934664,1.15767612
10381,0.208934664,1.15767612
10382,-0.724866216,-0.202763822
10383,-1.83802357,-1.48369196
10384,,
10385,0.351657698,1.21716665
10386,0.521680452,0.257292617
10387,-0.531552453,-2.36747944
10388,1.1415941,-0.0393992726
10389,1.1415941,-0.0393992726
10390,2.22775691,0.261056082
10391,-0.848717046,0.268892446
10392,,
10393,-1.38912574,0.506542836
10394,-1.15741705,0.827919505
10395,1.63598365,0.650602429
10396,-2.06973345,0.255618243
10397,-2.06973345,0.255618243
10398,-1.34752459,-0.0203786165
10399,0.751371693,0.708534524
10400,,
10401,0.156282123,0.24281523
10402,-0.942198193,0.413135509
10403,-0.779220254,1.65474785
10404,0.603513938,0.142090615
10405,0.603513938,0.142090615
10406,0.560608166,-0.645025886
10407,0.978377234,-1.51036739
10408,,
10409,-0.596215397,0.52022333
10410,0.187591952,0.324743171
10411,0.502638111,0.497656922
10412,-0.897563464,-0.512156288
10413,-0.897563464,-0.512156288
10414,1.55741193,-1.81549094
10415,1.30980885,-0.307851662
10416,,
10417,-1.28474056,1.64852269
10418,-0.758716402,1.10308093
10419,0.500422124,0.334437956
10420,-0.599797555,-0.041414166
10421,-0.599797555,-0.041414166
10422,-0.604663743,-0.946659531
10423,1.48541744,1.72168835
10424,,
10425,-0.427001804,1.06730973
10426,-1.12910176,0.452945177
10427,-1.42302333,3.13693423
10428,-0.739039318,0.334111408
10429,-0.739039318,0.334111408
10430,-0.22768801,-0.768755983
10431,-0.380284701,-0.348324652
10432,,
10433,-0.958735978,-0.506358461
10434,-0.767904487,0.100950371
10435,0.411559677,-0.634745841
10436,0.567345292,-1.19093634
10437,0.567345292,-1.19093634
10438,-1.10507282,0.32420538
10439,-0.852793445,-0.987315914
10440,,
10441,-1.40377396,1.23079442
10442,-1.73942301,2.73094395
10443,-0.345620172,-0.86547669
10444,0.15916717,0.22387417
10445,0.15916717,0.22387417
10446,-0.0835244424,0.548075121
10447,-1.1183566,-0.683524952
10448,,
10449,-1.17267202,1.25988326
10450,-1.05002172,0.31245259
10451,-0.112115613,1.77370412
10452,0.20700655,0.9311813
10453,0.20700655,0.9311813
10454,-0.923794922,1.69730458
10455,0.341365455,0.416871685
10456,,
10457,0.0289803894,0.304371861
10458,-1.13919158,0.691921914
10459,0.350186919,-1.22380943
10460,0.717935634,0.795835058
10461,0.717935634,0.795835058
10462,0.387961692,0.15945344
10463,-0.721327051,-0.444205912
10464,,
10465,0.156509527,-2.1749809
10466,0.186270189,-2.2089124
10467,1.12507522,-0.894014511
10468,2.02228778,0.962828451
10469,2.02228778,0.962828451
10470,1.86994712,-3.32571143
10471,-0.333728459,-0.140417651
10472,,
10473,-0.0274268473,-0.286809424
10474,-0.176343533,-0.188616273
10475,-0.319609639,-0.311597993
10476,-0.975989317,0.290201203
10477,-0.975989317,0.290201203
10478,1.41422882,-0.389968493
10479,0.553149539,1.08962834
10480,,
10481,-0.457837136,0.429560396
10482,-0.841435251,-0.138477754
10483,-1.2007151,0.804640789
10484,-0.683318171,0.502226564
10485,-0.683318171,0.502226564
10486,-0.753527267,-0.164513423
10487,0.0402787773,0.421533622
10488,,
10489,0.848691286,-0.132486898
10490,0.101292451,-1.21600036
10491,0.980409421,-1.29495522
10492,-0.265264038,-0.139099087
10493,-0.265264038,-0.139099087
10494,1.34016978,-1.80417148
10495,-1.2080364,-0.187030721
10496,,
10497,0.459646926,-1.1698193
10498,-0.556621788,-1.5211431
10499,-0.19545033,0.850507928
10500,0.72904504,-0.662183996
10501,0.72904504,-0.662183996
10502,-1.21922144,-1.27818148
10503,-1.13546102,-1.86371113
10504,,
10505,-0.475857639,1.340077
10506,-0.620163222,0.0197924004
10507,-1.12801601,-0.9438325
10508,-0.378760567,-0.143099932
10509,-0.378760567,-0.143099932
10510,1.06231884,-1.99104484
10511,0.319396678,-1.61435594
10512,,
10513,-1.40986129,-1.00340214
10514,-1.87542117,-0.812041909
10515,-0.937644244,0.0494850399
10516,-0.387893602,-0.412117795
10517,-0.387893602,-0.412117795
10518,0.21995425,0.418393475
10519,-2.27224848,-0.243648961
10520,,
10521,1.21660693,-0.43737556
10522,1.73642704,-0.119807981
10523,-0.244865117,-0.245768026
10524,-1.01600747,0.530447297
10525,-1.01600747,0.530447297
10526,-2.56704388,0.578846647
10527,-0.656951712,-0.281746165
10528,,
10529,-0.119003382,1.38904016
10530,-1.38544724,0.690164688
10531,0.853760886,-0.567960991
10532,1.98156197,-0.326784669
10533,1.98156197,-0.326784669
10534,-1.12381222,-0.856836979
10535,0.141100921,0.0838120659
10536,,
10537,-1.1470592,-2.18853395
10538,-1.21450279,-2.13342676
10539,-1.58972123,-0.97982103
10540,0.565377242,-2.45885855
10541,0.565377242,-2.45885855
10542,-0.848814464,-1.96846434
10543,-0.528412984,-1.53971858
10544,,
10545,-0.0140051583,-0.0835233776
10546,-0.374647261,0.080484772
10547,0.706363398,-0.579557486
10548,-0.506525822,1.26273778
10549,-0.506525822,1.26273778
10550,-2.08473306,0.951364557
10551,-0.183080469,1.13933339
10552,,
10553,-0.901528744,-1.21554449
10554,-1.73020073,-1.67861005
10555,-0.337375476,-0.031816034
10556,-0.516641737,0.101914512
10557,-0.516641737,0.101914512
10558,-1.49971812,1.63620863
10559,-0.42086468,1.16288179
10560,,
10561,-1.60336551,-0.569539123
10562,-1.07986902,0.964816274
10563,1.25630752,0.140197119
10564,-2.19176801,0.386144552
10565,-2.19176801,0.386144552
10566,1.39722372,0.258858736
10567,-0.520187507,0.411844405
10568,,
10569,0.559433334,0.53822034
10570,-0.123423925,-0.612668632
10571,-1.76303839,-0.395877604
10572,-0.586234904,-0.644823012
10573,-0.586234904,-0.644823012
10574,-1.32667597,0.229761902
10575,-0.437946575,-1.65770231
10576,,
10577,1.01049937,0.884830846
10578,2.23609345,0.872133008
10579,0.373625583,0.146719305
10580,0.186949801,2.818436
10581,0.186949801,2.818436
10582,0.643324886,-0.768049975
10583,0.783064225,-0.925243739
10584,,
10585,0.365898962,1.40282904
10586,-1.22383785,1.66748674
10587,-0.643431526,-0.555286657
10588,0.513738362,0.542717347
10589,0.513738362,0.542717347
10590,-0.478755683,-2.12434152
10591,-0.348023774,0.58370801
10592,,
10593,-0.178288415,-0.60304529
10594,-0.0992249933,-0.0806365297
10595,-0.338596776,-0.652106903
10596,-0.502173743,0.267746529
10597,-0.502173743,0.267746529
10598,-0.907539397,0.704619719
10599,1.47371282,0.805408841
10600,,
10601,-0.290800898,-0.789952616
10602,-0.266284669,1.17410935
10603,-1.33116507,2.53969756
10604,1.19275237,0.769360745
10605,1.19275237,0.769360745
10606,1.1009162,-0.678705062
10607,0.779044663,0.791674417
10608,,
10609,-0.294493665,-0.214843409
10610,-0.618316565,-0.325826492
10611,1.21017816,-2.1847529
10612,-0.679098538,-1.33900236
10613,-0.679098538,-1.33900236
10614,-0.292475287,0.200393943
10615,0.101829087,0.268935705
10616,,
10617,-0.313861387,0.66282325
10618,-0.661355594,1.28187503
10619,-2.01692531,0.742075235
10620,0.258015545,-1.0181564
10621,0.258015545,-1.0181564
10622,-0.669389302,0.931067114
10623,0.802850469,0.495153347
10624,,
10625,2.47220064,0.112873737
10626,2.14780262,0.808638379
10627,1.14242607,-0.759124142
10628,0.587285091,-0.664724505
10629,0.587285091,-0.664724505
10630,0.693594885,0.534618766
10631,-1.31608507,-1.21963636
10632,,
10633,-0.643633388,-0.983006001
10634,-0.143180937,-1.68656875
10635,0.842169674,-0.939229605
10636,-0.708642513,0.584118807
10637,-0.708642513,0.584118807
10638,1.14062051,0.183449942
10639,-0.0602874358,0.931346946
10640,,
10641,2.07510966,-0.320424232
10642,3.55539312,0.244708881
10643,-1.06493825,-0.0751771222
10644,-0.160991925,-0.787955661
10645,-0.160991925,-0.787955661
10646,-1.24543369,-0.139815733
10647,-1.33617624,-0.848474033
10648,,
10649,2.04210312,2.18813696
10650,1.92027522,1.18453399
10651,-1.17217351,1.06597446
10652,0.303478059,0.451403086
10653,0.303478059,0.451403086
10654,-0.0610851348,-0.474322014
10655,0.516034054,-0.569597549
10656,,
10657,-1.6425845,0.477476417
10658,-1.45685867,0.753803845
10659,-1.24228856,1.70546322
10660,-0.426850562,-2.40860706
10661,-0.426850562,-2.40860706
10662,0.913721411,1.66829013
10663,0.853828938,-0.596139746
10664,,
10665,2.15351377,0.868640338
10666,1.40684549,0.987308387
10667,0.101568792,1.48682269
10668,0.706502478,0.578505633
10669,0.706502478,0.578505633
10670,0.516965622,0.854325131
10671,1.01134899,-0.816896684
10672,,
10673,-0.666275086,1.5961764
10674,-0.30018438,-0.161231682
10675,0.723318956,0.437722969
10676,-0.286104137,-0.562552077
10677,-0.286104137,-0.562552077
10678,0.658215832,-0.189044605
10679,-1.45088912,0
10680,,
10681,-0.832706933,-0.889169982
10682,-0.719422624,0.302999738
10683,-1.12753069,1.12635992
10684,0,0.418084369
10685,0,0.418084369
10686,0.828546028,-0.326498066
10687,-1.03238477,0.4700762
10688,,
10689,-1.57234425,0.678013004
10690,-0.78353761,-0.639759271
10691,0.32088174,1.32644854
10692,0.755885159,-0.062585601
10693,0.755885159,-0.062585601
10694,-0.554910309,-0.856579291
10695,-1.49531006,0.465278612
10696,,
10697,-0.201865375,1.48548337
10698,0.45299274,1.39137412
10699,-0.556798633,0.477121238
10700,0.728726454,0.47014019
10701,0.728726454,0.47014019
10702,0.914179984,0.272717847
10703,1.17303338,-1.16819235
10704,,
10705,1.085119,0.610246498
10706,-0.181249063,0.815909572
10707,-0.0605733787,0.860498814
10708,-0.948439126,-1.26725267
10709,-0.948439126,-1.26725267
10710,0.244048705,0.381738525
10711,0.324823668,0.0205080786
10712,,
10713,-0.692782643,1.44749608
10714,-1.20241623,-0.227765798
10715,-0.246049874,1.03473114
10716,1.02185238,-0.145578993
10717,1.02185238,-0.145578993
10718,-0.387043784,0.430288827
10719,0.26315636,2.26718045
10720,,
10721,0.92555267,-0.38111328
10722,0.0621775694,0.865555145
10723,-0.150936412,1.49491548
10724,-1.1421986,0.688341698
10725,-1.1421986,0.688341698
10726,-2.0838966,1.16417745
10727,-2.13615838,2.09143297
10728,,
10729,-0.688108966,0.62427448
10730,-0.474141162,-0.0403233579
10731,0.187948122,0.121259503
10732,0.190324281,1.46741692
10733,0.190324281,1.46741692
10734,1.09955542,0.0411353321
10735,-0.88640589,-0.101788887
10736,,
10737,-1.22352536,-0.0288134187
10738,-2.07756283,-0.240006497
10739,-0.345302955,0.461766586
10740,2.02287551,0.347884945
10741,2.02287551,0.347884945
10742,-0.809573455,-0.25156051
10743,0,-1.02500676
10744,,
10745,0,0.329699343
10746,0.228016336,-0.784395737
10747,-0.640653325,-1.17705689
10748,1.99070164,0.0992855743
10749,1.99070164,0.0992855743
10750,-0.0600653397,1.33020587
10751,0.531761661,1.11243389
10752,,
10753,1.06134202,0.749290788
10754,0.312749981,-0.331091025
10755,-1.06308737,-1.33862028
10756,0.419733517,-0.166854264
10757,0.419733517,-0.166854264
10758,0.781674082,-0.999395121
10759,0.0197801695,0.0617165771
10760,,
10761,-0.184385762,-0.623454594
10762,0.222296218,-0.843431259
10763,-1.55630924,-0.928857712
10764,0.440459466,1.21134567
10765,0.440459466,1.21134567
10766,0.520501175,-0.020741896
10767,0.491371811,-0.267303576
10768,,
10769,0.232758033,-0.0554334021
10770,0.774677347,-0.470184054
10771,-0.677726941,0.818395969
10772,-0.74435915,0.917193407
10773,-0.74435915,0.917193407
10774,-0.0817812836,-0.183077431
10775,-0.280938877,0.138443811
10776,,
10777,-0.58354617,-0.458457619
10778,-0.833048907,0.189037916
10779,0.187901418,-1.45350437
10780,-2.64234121,-0.920132469
10781,-2.64234121,-0.920132469
10782,1.11325056,-0.159050918
10783,-0.548752183,-0.52889776
10784,,
10785,0.577898801,1.1962588
10786,0.379480116,0.773628199
10787,1.26868645,-0.0880739946
10788,-0.265915819,0.925373175
10789,-0.265915819,0.925373175
10790,0.233580952,1.56169745
10791,0.679098538,-0.690507831
10792,,
10793,-0.0824001304,0.824182083
10794,1.04414115,0.928618663
10795,-1.3908416,0.438145042
10796,-1.03342653,-0.945378225
10797,-1.03342653,-0.945378225
10798,-1.38689327,0.662005167
10799,-0.775767187,0.252969533
10800,,
10801,-0.263170811,-1.56583565
10802,-0.775822459,-0.882212062
10803,0.864119791,-2.20143039
10804,-0.300693071,-0.14250533
10805,-0.300693071,-0.14250533
10806,-0.288295066,0.409490374
10807,2.3357899,-1.97568867
10808,,
10809,-0.652175973,1.09028668
10810,0.491217534,1.11286374
10811,0.495039409,-1.41290164
10812,1.30348388,-0.311544596
10813,1.30348388,-0.311544596
10814,0.884019359,-2.22159939
10815,1.79444202,2.84920773
10816,,
10817,1.77326496,0.317215696
10818,1.78999483,0.408675284
10819,-1.11125452,1.57917455
10820,0,-0.399715992
10821,0,-0.399715992
10822,-0.982067041,1.72232916
10823,0.485021712,-0.122442909
10824,,
10825,-0.330404119,-2.1938404
10826,-0.0610110061,-1.81220605
10827,0.312588362,-0.936386033
10828,0.100102061,0.101242686
10829,0.100102061,0.101242686
10830,0,0.654862411
10831,-0.242957856,1.29761261
10832,,
10833,3.15640029,-0.211038577
10834,1.27746275,-0.588564604
10835,0.379620638,-0.0738029129
10836,1.32698867,0.438440802
10837,1.32698867,0.438440802
10838,1.24361675,0.12042085
10839,-1.83566072,-0.67055551
10840,,
10841,0.930895872,-1.27813623
10842,0.141414051,-0.930629292
10843,-0.501094705,0.626224482
10844,-1.07045458,-1.57057348
10845,-1.07045458,-1.57057348
10846,-0.579127812,0.479384284
10847,2.23480926,-0.282231303
10848,,
10849,0.75646401,1.32734621
10850,0.36070946,1.02623551
10851,0.514304726,-0.596946894
10852,0.100776726,1.0708774
10853,0.100776726,1.0708774
10854,-2.03172708,-2.23354047
10855,-1.47350724,1.66162058
10856,,
10857,-0.217069078,0.834262412
10858,0.246654876,0.146459594
10859,1.56089567,0.76336475
10860,-0.310565698,-0.321967839
10861,-0.310565698,-0.321967839
10862,0.581711496,-0.86706175
10863,-0.433597341,0.123105126
10864,,
10865,0.555594121,-0.512918524
10866,0.589787962,0.215310256
10867,0.146200531,0.712012454
10868,2.45340011,0.171827199
10869,2.45340011,0.171827199
10870,-0.182079364,1.15429527
10871,1.43047427,0.647491961
10872,,
10873,0.646672353,0.800095767
10874,0.616055361,0.517759709
10875,0.304068119,-0.854703717
10876,0.531354609,-0.403142821
10877,0.531354609,-0.403142821
10878,-2.2316337,-0.24178616
10879,0.0610489871,0.25052077
10880,,
10881,0.713264941,-2.00453188
10882,0.283663654,-1.67202094
10883,0.284113342,1.70647362
10884,-0.464602449,-0.222294397
10885,-0.464602449,-0.222294397
10886,0.431357794,0.123043478
10887,0.532291503,0.313722014
10888,,
10889,-0.266043081,-0.356108419
10890,-1.73783974,-0.157993281
10891,-0.744177876,0.968253649
10892,-0.301092404,-0.829019532
10893,-0.301092404,-0.829019532
10894,-0.217049998,0.636048186
10895,-1.04631341,0.662905541
10896,,
10897,-0.523902346,-1.78673127
10898,-0.688998828,-2.06692101
10899,-1.31744316,-0.96884923
10900,-0.974978454,-0.564220276
10901,-0.974978454,-0.564220276
10902,0.157690215,1.43546834
10903,0.169161876,-2.57294856
10904,,
10905,-0.387703316,-0.198538504
10906,-0.305520928,-0.415322475
10907,0.132512521,-0.2105516
10908,-1.14480005,-1.47294089
10909,-1.14480005,-1.47294089
10910,-0.449494637,-1.14242653
10911,1.53790233,0.196186877
10912,,
10913,-0.32608289,-0.292108897
10914,0.751474223,0.0789648448
10915,-0.531563433,-0.692226906
10916,-0.199134671,0.740689672
10917,-0.199134671,0.740689672
10918,-1.67131868,-1.54106497
10919,1.22310358,-1.27647349
10920,,
10921,-0.0434354784,0.0897193744
10922,0.281699275,0.55807771
10923,-0.198650842,0.456658848
10924,0.713069545,-1.60083456
10925,0.713069545,-1.60083456
10926,0.0206687038,-1.52653438
10927,1.10317029,1.10237745
10928,,
10929,1.71340431,1.22503431
10930,1.20881004,0.198504364
10931,-0.135774994,0.57607054
10932,-0.795403763,-2.12534279
10933,-0.795403763,-2.12534279
10934,-2.0131107,-1.59552209
10935,0.402661314,0.721689759
10936,,
10937,-1.40266541,-0.663416114
10938,-0.430259853,-1.77843618
10939,0.503433433,0.828525228
10940,-0.685660581,-1.87407698
10941,-0.685660581,-1.87407698
10942,-0.325997643,0.624642017
10943,-0.717707102,-0.81216648
10944,,
10945,1.39517451,0.0728535391
10946,1.63199236,0.792727397
10947,-0.863907924,-0.0438274308
10948,-1.49015085,1.48611123
10949,-1.49015085,1.48611123
10950,-1.00394388,-0.391359532
10951,0.557853805,-0.430719595
10952,,
10953,1.21543542,-0.251794655
10954,0.412397019,-0.11961688
10955,-1.34889041,-0.105742073
10956,0.199954101,0.957380537
10957,0.199954101,0.957380537
10958,-0.0604937581,-0.822462831
10959,-0.897250167,-1.29575367
10960,,
10961,0.92569776,0.64755564
10962,0.958801869,0.180458377
10963,1.09613969,0.750799632
10964,-0.0657361578,1.58654462
10965,-0.0657361578,1.58654462
10966,-1.93556972,-1.83869299
10967,-0.660632457,-0.0615500631
10968,,
10969,0.392052994,0.29469659
10970,0.673443282,-0.47698544
10971,1.08759885,-0.538551389
10972,0.0204911516,0.790037238
10973,0.0204911516,0.790037238
10974,0.915517367,0.366888232
10975,0.563994335,-0.723984716
10976,,
10977,-0.385712017,0.102297937
10978,-0.913900338,0.348783691
10979,0.0771612758,-0.415815074
10980,-0.521579673,0.268005938
10981,-0.521579673,0.268005938
10982,-0.412987137,0.163658096
10983,0.25944257,-0.419610018
10984,,
10985,2.52910586,1.46705705
10986,0.971208294,0.709001546
10987,-0.802115672,0.341571539
10988,-0.206861083,-0.521740995
10989,-0.206861083,-0.521740995
10990,1.37111337,1.16995076
10991,1.83794118,0.0627879645
10992,,
10993,-0.518189692,1.40114476
10994,-0.624915334,2.13998193
10995,-0.1212357,-2.02089382
10996,-0.118211616,1.20110887
10997,-0.118211616,1.20110887
10998,-0.0604373678,-1.20180576
10999,-0.278786323,0.206585429
11000,,
11001,1.0893549,-0.511410686
11002,1.64630427,1.46341127
11003,-0.277091847,2.01641355
11004,-1.0592723,1.17628385
11005,-1.0592723,1.17628385
11006,-2.17169162,0.324086345
11007,1.02592878,-0.993610812
11008,,
11009,0.113770546,-1.14828158
11010,-0.123048666,-1.22215272
11011,-0.0288797302,-0.150583025
11012,1.91087724,-0.34054137
11013,1.91087724,-0.34054137
11014,0.0213751878,0.79057782
11015,-1.92329089,2.4990394
11016,,
11017,-1.49617611,-0.826275534
11018,-0.561717908,-0.646762329
11019,-0.0483898259,1.44010297
11020,-1.14578959,-0.934227101
11021,-1.14578959,-0.934227101
11022,1.20468035,0.741969965
11023,0.0613914609,-0.735993013
11024,,
11025,0.596271051,0.7927408
11026,0.286893483,0.446902217
11027,0,-0.434024021
11028,0.579667523,-0.265763697
11029,0.579667523,-0.265763697
11030,0.0196655335,-1.29196265
11031,-2.50075788,-0.0205211913
11032,,
11033,-1.67800754,0.62161452
11034,-1.35226638,0.24500834
11035,-1.08387515,0.38050563
11036,2.00038805,0.718932664
11037,2.00038805,0.718932664
11038,1.20479737,0.610485392
11039,0.263253707,0.0433686785
11040,,
11041,2.55556256,0.67173414
11042,1.21652582,0.715511556
11043,-0.472406849,-1.29614086
11044,-0.670795732,0.931346814
11045,-0.670795732,0.931346814
11046,0.649499083,0.382578582
11047,0.742336757,0.406461428
11048,,
11049,0.664067387,0.63914634
11050,0.200095306,0
11051,-0.911135213,-1.84747212
11052,-1.27777881,-0.947577189
11053,-1.27777881,-0.947577189
11054,-0.179683693,1.01602751
11055,1.94828439,-0.364635384
11056,,
11057,-0.290531781,0.983737515
11058,-0.504454055,-0.14220903
11059,0.637164792,-1.25345795
11060,-0.062250394,0.878011227
11061,-0.062250394,0.878011227
11062,0.572934301,0.0422445748
11063,-0.34605993,0.12269738
11064,,
11065,-1.16843783,-2.0395187
11066,-1.61377772,-0.710805496
11067,-1.24990517,-0.738194207
11068,1.5763545,-0.968170012
11069,1.5763545,-0.968170012
11070,-0.326970339,-1.91265124
11071,0.351151476,-0.466809186
11072,,
11073,0.484610344,0.0269649351
11074,-0.767473722,-0.567676467
11075,1.01590962,0.390310832
11076,1.84585076,-0.814165378
11077,1.84585076,-0.814165378
11078,-0.801023396,0.0397896213
11079,-1.70709728,1.73240131
11080,,
11081,0.526192157,-0.196984633
11082,0.81889452,0.157850924
11083,-0.223198502,-1.63787773
11084,0.668376199,0.45175939
11085,0.668376199,0.45175939
11086,0.579687721,-0.377603996
11087,0.330940114,-0.464534045
11088,,
11089,-1.69231729,-0.672119282
11090,-1.36777819,-0.855573807
11091,-0.88054544,-0.24955626
11092,1.64766482,-1.75735028
11093,1.64766482,-1.75735028
11094,1.01225161,1.15812277
11095,0.521165937,1.92601229
11096,,
11097,-0.055301292,1.01096967
11098,-0.715573194,1.14915093
11099,0.568143043,1.15870208
11100,-0.0410811851,0.0596576
11101,-0.0410811851,0.0596576
11102,2.35148877,-2.52565842
11103,1.01302611,-0.587796225
11104,,
11105,0.308819931,-2.62259759
11106,1.49259032,-2.11959206
11107,1.98484416,-0.451315554
11108,-1.7581466,-0.784418159
11109,-1.7581466,-0.784418159
11110,1.52127199,0.517239936
11111,-0.59481203,0.29645671
11112,,
11113,-0.0992449186,-1.23405963
11114,-0.680920623,-1.25754489
11115,-1.67652196,0.560646192
11116,0.55822716,2.12488074
11117,0.55822716,2.12488074
11118,1.20576025,0.346936603
11119,-0.199934869,-0.537806518
11120,,
11121,0.930915793,-0.708842273
11122,0.334110914,0.0206660488
11123,-2.11359235,-0.665950677
11124,-0.350242546,1.34134875
11125,-0.350242546,1.34134875
11126,0.58884731,0.855718884
11127,0.281690414,-0.602520706
11128,,
11129,-0.960818708,-0.671938124
11130,-0.562114939,0.374441989
11131,-0.343068742,0.887858177
11132,-0.884441662,1.20864245
11133,-0.884441662,1.20864245
11134,0.726551022,0.780566454
11135,0.938179496,0.584114922
11136,,
11137,-0.0138445465,1.0488964
11138,-0.0831610016,1.48309684
11139,-0.287433358,-3.03005251
11140,0.100884634,-0.233623072
11141,0.100884634,-0.233623072
11142,-0.308224777,-0.724231693
11143,-0.859042835,-0.551390044
11144,,
11145,-0.155286054,-0.724583331
11146,0.50592446,-0.123017549
11147,-0.64559557,0.525919465
11148,-0.298300948,1.09107539
11149,-0.298300948,1.09107539
11150,-0.365022649,-0.243381296
11151,0.382081938,0.138439468
11152,,
11153,-2.07856073,0.221195295
11154,-2.08122034,-0.502981435
11155,-0.883456889,-0.245844943
11156,1.91181791,-0.643246675
11157,1.91181791,-0.643246675
11158,0.263791602,-1.46641554
11159,0.71195226,-0.50133288
11160,,
11161,0.0567280031,-2.00477214
11162,-0.505315922,-1.87038063
11163,0.902311705,-0.465235957
11164,1.10495537,-0.059234309
11165,1.10495537,-0.059234309
11166,-1.3335553,-0.0836887632
11167,0.626821559,1.56361499
11168,,
11169,0.111695194,-0.597552271
11170,0.998224051,-0.60425245
11171,-0.451682082,-0.28092763
11172,-0.857804647,0.308186948
11173,-0.857804647,0.308186948
11174,-0.0809098459,-1.63361783
11175,-1.14978376,-0.546652549
11176,,
11177,-0.110296395,2.60099765
11178,2.03631246,2.04592132
11179,0.731588588,-0.177954933
11180,0.945136806,0.0204696217
11181,0.945136806,0.0204696217
11182,-0.998216313,-0.553459155
11183,-0.795511127,-0.420028003
11184,,
11185,-2.49908075,-0.470446043
11186,-2.10651808,-1.68115383
11187,-0.718679912,-0.0749912539
11188,0.348365892,-0.615388256
11189,0.348365892,-0.615388256
11190,-0.719115052,-0.906794829
11191,0.784683931,0.381958079
11192,,
11193,-0.0992471186,-0.291748275
11194,-0.774155001,-0.244749698
11195,-0.916210104,0.282560459
11196,1.4393095,0.916543046
11197,1.4393095,0.916543046
11198,0,-0.278800987
11199,1.19614448,-0.52602243
11200,,
11201,-0.698582443,-0.202088317
11202,-1.30043637,-1.13912897
11203,-0.423216578,0.271299949
11204,-0.386094032,-0.53830549
11205,-0.386094032,-0.53830549
11206,0.812791613,-1.83451679
11207,1.08737556,-0.903987842
11208,,
11209,1.06719835,0.145610224
11210,1.56275662,0.501040078
11211,-0.261882318,0.905359527
11212,0.429588927,-0.861420408
11213,0.429588927,-0.861420408
11214,0.155378554,0.835242616
11215,-0.906019176,-1.28799685
11216,,
11217,0.0430070854,0.394073952
11218,-1.26132031,1.67425108
11219,-0.196689299,-0.954855633
11220,-0.280189666,-0.185143447
11221,-0.280189666,-0.185143447
11222,0.12314827,-0.650641578
11223,-0.528836337,-1.72840511
11224,,
11225,0.308882885,-1.61530093
11226,0.189293858,-0.62423634
11227,-0.827955265,0.103962302
11228,-0.702083393,0.670872157
11229,-0.702083393,0.670872157
11230,1.14126215,0.496715372
11231,-1.26583675,-1.19695608
11232,,
11233,0.652701885,-0.100225017
11234,2.33562449,-0.350074255
11235,1.14299152,-0.384837512
11236,0.243687991,0.222595339
11237,0.243687991,0.222595339
11238,-0.763973791,1.24779221
11239,-1.80763498,0.710130483
11240,,
11241,-0.339303273,1.31388137
11242,0.555642687,1.8779077
11243,1.87010213,-0.763464736
11244,-0.96188032,-0.38489152
11245,-0.96188032,-0.38489152
11246,-0.374897226,-0.388248223
11247,0,1.38636872
11248,,
11249,0,0.595496463
11250,1.26345309,1.02525797
11251,0.918808596,0.0435694567
11252,-0.477062023,1.18744944
11253,-0.477062023,1.18744944
11254,-0.17679456,1.22513545
11255,-0.142929372,-0.598410388
11256,,
11257,0.0142598925,0.878182474
11258,-0.355539385,0.67800731
11259,0.894971168,-0.530364703
11260,0.816022838,0.503022966
11261,0.816022838,0.503022966
11262,-0.316287534,-0.598189282
11263,-2.08140745,-0.346244812
11264,,
11265,-1.39264612,0.895993461
11266,-0.668343818,0.788500217
11267,0.777179561,0.603617756
11268,-0.408838321,0.280802879
11269,-0.408838321,0.280802879
11270,0.24800732,-0.144570142
11271,0.906180969,-0.824891585
11272,,
11273,-0.396764157,0.228167408
11274,-0.640132853,-0.264881215
11275,0.216167982,-0.291839128
11276,-0.145353852,0.785143445
11277,-0.145353852,0.785143445
11278,0,1.0483193
11279,0.366020321,-0.256250717
11280,,
11281,1.2460059,-0.208156943
11282,1.4083195,-1.19072301
11283,0.659415009,0.0517577932
11284,1.28714465,-0.323804118
11285,1.28714465,-0.323804118
11286,0.201700646,0.638430413
11287,1.64418603,-1.50623539
11288,,
11289,0.789257162,1.21596149
11290,0.326266606,1.54322219
11291,-0.625792696,0.174196235
11292,-0.516756299,1.23733866
11293,-0.516756299,1.23733866
11294,-0.374183014,0.907708084
11295,0.0599134807,-0.258231315
11296,,
11297,0.703941059,0.606209597
11298,-0.04376046,0.498062546
11299,1.62324649,0.182657123
11300,0.0595870103,0.225155908
11301,0.0595870103,0.225155908
11302,1.60970723,0.784283413
11303,-0.040646816,-0.877874306
11304,,
11305,-0.969190858,-1.13099353
11306,-1.80723253,-0.163387381
11307,0.93243081,2.37277117
11308,-1.41867427,-0.14467597
11309,-1.41867427,-0.14467597
11310,0.3582061,-0.141304247
11311,0.771539101,0.935656349
11312,,
11313,1.21471853,-1.02573039
11314,1.2945742,-0.798663166
11315,1.44799591,0.337415282
11316,-0.0205807514,-0.434324464
11317,-0.0205807514,-0.434324464
11318,-0.246842353,1.19489989
11319,-1.22925581,-0.457225057
11320,,
11321,-0.701068475,-0.388874623
11322,-1.03483827,-0.803974015
11323,-0.889748687,-0.0168559627
11324,0.684967634,-1.4833945
11325,0.684967634,-1.4833945
11326,-3.13805176,-0.384771666
11327,0.333970789,0.147839895
11328,,
11329,1.4064708,-1.48530836
11330,0.698437876,-0.103186318
11331,-2.59195757,0.546266255
11332,0.940380061,-0.411362044
11333,0.940380061,-0.411362044
11334,1.17170309,-0.102118234
11335,-0.14117282,-0.353598049
11336,,
11337,-0.356490045,-0.930534928
11338,-1.17925217,-0.550357888
11339,0.595806814,-0.460075993
11340,-0.060453973,0.039649806
11341,-0.060453973,0.039649806
11342,-1.05559296,0.432335734
11343,-0.536241737,-0.847463193
11344,,
11345,-0.0438137931,-1.1423892
11346,0.96038943,-0.406476155
11347,1.08342394,-0.632833478
11348,1.26923637,-0.810410217
11349,1.26923637,-0.810410217
11350,-0.486610108,-0.157177552
11351,0.422155641,-2.58238706
11352,,
11353,-0.427031342,-0.165448735
11354,-0.480362929,-0.144125248
11355,-0.271478532,-0.261462148
11356,0.304891996,0.225090211
11357,0.304891996,0.225090211
11358,1.43209396,-0.0831659569
11359,-0.620424646,-0.88393887
11360,,
11361,-1.96469546,0.32469532
11362,-0.49863046,0.304473601
11363,-0.304581997,0.862731457
11364,-0.375420457,0.438301962
11365,-0.375420457,0.438301962
11366,0.449566336,-0.936348555
11367,0.807349372,1.7858502
11368,,
11369,2.3887017,-0.396334571
11370,1.5614285,0.163387381
11371,0.217244514,1.26642556
11372,-0.757106317,-2.21514394
11373,-0.757106317,-2.21514394
11374,-0.775615057,0.523624104
11375,-0.530544818,-0.70872894
11376,,
11377,-0.60834622,-2.43041618
11378,-0.993488193,-2.8283934
11379,-1.66230961,-1.4779569
11380,0.321946928,0.0402734964
11381,0.321946928,0.0402734964
11382,0.288618859,1.06021738
11383,-1.29672225,0
11384,,
11385,0.603537201,0.442992766
11386,-0.847416857,0.206218061
11387,0.654774653,-1.57127373
11388,0.657122537,-0.265458015
11389,0.657122537,-0.265458015
11390,0.0811434968,0.464688948
11391,0.306086666,-1.64055162
11392,,
11393,0.486114262,-0.29105588
11394,-0.102395432,-0.297121041
11395,-0.599753106,1.66785234
11396,-0.761681756,2.03169179
11397,-0.761681756,2.03169179
11398,-2.0525184,0.480763562
11399,0.993851083,2.15053904
11400,,
11401,-0.184925652,-1.53755713
11402,1.12065521,-0.490176491
11403,-0.537005821,-1.34483834
11404,-0.0405530986,0.590706962
11405,-0.0405530986,0.590706962
11406,-0.186159902,2.55124883
11407,-0.548977555,-1.69873241
11408,,
11409,-0.740057496,-0.657783424
11410,0.201560122,-1.10496222
11411,-0.377973281,-1.05803244
11412,-0.72318477,1.56581895
11413,-0.72318477,1.56581895
11414,-1.10320812,-0.823943301
11415,-0.059702824,0.145835316
11416,,
11417,0.431853,-1.42928146
11418,1.25320609,-0.451828063
11419,-0.746568568,0.943312013
11420,0.487583651,0.467047651
11421,0.487583651,0.467047651
11422,0.689385628,-0.743244198
11423,-0.798038738,-0.793305916
11424,,
11425,-0.510062172,-1.03377802
11426,-0.789250259,-0.301658311
11427,-0.523581457,0.604180155
11428,-0.921156194,2.91415429
11429,-0.921156194,2.91415429
11430,0.0196239604,-0.480242228
11431,-1.71527838,0.0998158981
11432,,
11433,0.518056278,-1.2430831
11434,0.209798348,-0.658573209
11435,1.27959927,-0.350516997
11436,1.03000656,2.09371726
11437,1.03000656,2.09371726
11438,0.0805021728,-1.04446066
11439,-0.162775929,1.34947148
11440,,
11441,-0.381838523,-0.823905645
11442,-0.503347863,-0.228543636
11443,0.341986535,-0.714551499
11444,-1.24313456,-0.943527277
11445,-1.24313456,-0.943527277
11446,1.50483754,-0.12193136
11447,-0.477660761,0.0206357218
11448,,
11449,-0.513698283,0.76694935
11450,-0.487130851,0.61786117
11451,0.662545361,0.624591965
11452,-0.0831509136,0.902504827
11453,-0.0831509136,0.902504827
11454,-0.645236178,0.460734296
11455,0.228217954,1.05553855
11456,,
11457,1.73191118,-0.921441587
11458,1.50711237,-0.106480638
11459,0.399833844,0.173851874
11460,-1.14516148,1.04815426
11461,-1.14516148,1.04815426
11462,0.410891805,-1.6155536
11463,-0.768207739,0.30458811
11464,,
11465,-0.392301195,1.96374943
11466,0.140573967,1.54829816
11467,0.109533991,-1.13715441
11468,0.905052438,-0.528485752
11469,0.905052438,-0.528485752
11470,0.401144305,1.01057861
11471,-1.89992561,0.419764619
11472,,
11473,-0.600986806,0.273911558
11474,-0.101833322,2.00539757
11475,1.1309615,1.00273551
11476,-1.29575953,-0.27162116
11477,-1.29575953,-0.27162116
11478,-0.280495346,2.46900635
11479,-0.725983583,0.53634249
11480,,
11481,0.297206812,-0.101786004
11482,0.480703136,-0.122208435
11483,0.0889271436,-0.777191391
11484,-0.726964113,0.1446642
11485,-0.726964113,0.1446642
11486,0.305132849,0.396380553
11487,-0.350312885,-0.298527751
11488,,
11489,-2.7324994,0.32567561
11490,-1.70230287,-0.0802186374
11491,0.0307219661,-2.10353081
11492,-0.181378533,-1.42039948
11493,-0.181378533,-1.42039948
11494,-0.605008796,-0.67748313
11495,-1.11266157,-1.03756936
11496,,
11497,0.493099468,-0.355718631
11498,-0.622502844,-0.366695465
11499,0.896483035,-2.49626977
11500,2.10666256,0.301893415
11501,2.10666256,0.301893415
11502,0.220995336,0.64163865
11503,-1.51876085,0.0586884153
11504,,
11505,-0.456446497,0.0433229575
11506,-0.30164547,0.17939682
11507,-0.110339304,-0.163204128
11508,1.95997526,0.200146728
11509,1.95997526,0.200146728
11510,0.469335738,-1.93240784
11511,0.0407738085,-1.01216197
11512,,
11513,-0.273053841,-1.02854512
11514,-0.589848881,-2.25840749
11515,1.188503,-0.998048173
11516,-0.650120277,-0.945924114
11517,-0.650120277,-0.945924114
11518,-1.36555493,0.209868046
11519,-0.600689306,-0.993819308
11520,,
11521,0.696343938,-1.0683709
11522,-0.981734206,-0.119138274
11523,-0.031601439,1.20392182
11524,-0.163781657,-1.50320076
11525,-0.163781657,-1.50320076
11526,-1.18233795,-0.625742723
11527,0.982442289,0.138735174
11528,,
11529,0.409622262,0.0419146326
11530,0.0823094196,0.143200459
11531,0.0147732208,0.505391455
11532,0.408166144,-0.247019239
11533,0.408166144,-0.247019239
11534,-0.142981373,0.561717908
11535,0.932543749,1.92142169
11536,,
11537,1.40440307,0.245103277
11538,1.08997248,1.55007471
11539,0.330192423,-0.814717948
11540,0.880190382,0.139841463
11541,0.880190382,0.139841463
11542,0.120323711,1.81387057
11543,-0.262167405,2.04083287
11544,,
11545,-2.15927734,1.01914647
11546,-0.944826443,1.10167806
11547,-1.68791946,-0.3982718
11548,0.64966951,-0.913245414
11549,0.64966951,-0.913245414
11550,1.2516854,-0.433745669
11551,0.343842341,-0.345097165
11552,,
11553,0.888352742,-0.654849605
11554,1.62410855,-1.04028684
11555,1.07578395,0.243540541
11556,0.682852887,0.838669274
11557,0.682852887,0.838669274
11558,0,-0.527947541
11559,-1.0493087,-0.079583269
11560,,
11561,-0.861229404,1.74141398
11562,0.561713854,1.89408205
11563,1.54193032,0.760532566
11564,-1.63088439,1.48267841
11565,-1.63088439,1.48267841
11566,1.01483917,-1.33649522
11567,-0.429561963,-0.546017455
11568,,
11569,0.904897271,0.628896399
11570,-0.315431715,1.06186258
11571,-0.233872745,-1.08251305
11572,1.07414198,0.524867666
11573,1.07414198,0.524867666
11574,-1.03800947,-1.29489751
11575,-0.0819066611,1.48987037
11576,,
11577,-0.422828249,0.886694473
11578,0.882193144,1.08710985
11579,0.347557523,-0.282292965
11580,-0.0852097444,-0.759634549
11581,-0.0852097444,-0.759634549
11582,-0.0196932686,-1.02433501
11583,1.32830379,-0.47902613
11584,,
11585,0.848911191,0.830227079
11586,0.660632457,2.11466442
11587,-0.436817441,-0.334202058
11588,0.879803187,-0.102183632
11589,0.879803187,-0.102183632
11590,0.0618897303,-1.87447642
11591,-0.461074944,-1.59856639
11592,,
11593,0.890441112,-0.335532581
11594,1.10685263,-0.725719158
11595,-0.742879409,-0.346379286
11596,0.972583538,-0.877155565
11597,0.972583538,-0.877155565
11598,0.669954192,-1.45050964
11599,0.451308404,-0.205949564
11600,,
11601,-0.999978944,-0.564422262
11602,-2.72851798,-1.89388817
11603,-1.11215801,1.08471759
11604,1.33317253,0.800554624
11605,1.33317253,0.800554624
11606,-0.059106239,0.600312224
11607,-0.50865074,0.921471508
11608,,
11609,-1.28165633,-0.0141661604
11610,-1.15502127,0.62339964
11611,-0.0714205809,-0.553011525
11612,-0.36598998,0.601206638
11613,-0.36598998,0.601206638
11614,0.345722584,1.06508738
11615,-0.347857929,-0.566836588
11616,,
11617,-0.143209981,-1.15880155
11618,-0.214391195,0.082239194
11619,-0.465441214,0.124644335
11620,-1.33086088,2.13499575
11621,-1.33086088,2.13499575
11622,1.5029288,0.940956087
11623,0.245998557,-0.947488866
11624,,
11625,0.632148252,0.501793361
11626,-0.575138416,-1.16658545
11627,0.486110239,1.45547397
11628,0.929175989,-1.08866719
11629,0.929175989,-1.08866719
11630,-1.2685784,1.2907861
11631,1.70869945,-1.48357116
11632,,
11633,-0.174386593,-0.391132155
11634,-1.51941976,-0.250831948
11635,-1.29013971,-0.439270424
11636,-1.21321158,-0.0404795455
11637,-1.21321158,-0.0404795455
11638,0.928102456,0.230091725
11639,-1.10363056,-1.0958753
11640,,
11641,-1.07506141,0.957276133
11642,-0.0614928714,1.5204482
11643,0.726794625,0.813561576
11644,0.708491769,0.74173626
11645,0.708491769,0.74173626
11646,-1.76944757,-1.76450011
11647,0.713092764,0.751670682
11648,,
11649,-1.29924232,0.323112276
11650,-1.38159401,0.388362038
11651,1.24185077,-0.21288889
11652,1.13991474,-0.274549357
11653,1.13991474,-0.274549357
11654,0.539715743,1.12630951
11655,2.29732652,-0.137887999
11656,,
11657,0.834442268,-0.93572681
11658,-0.0641677543,-0.673243426
11659,0.135488346,-0.730248189
11660,0.615835963,-2.1005561
11661,0.615835963,-2.1005561
11662,-0.816871579,-1.1404913
11663,-0.887833052,-1.23478525
11664,,
11665,1.99683273,-1.94677089
11666,1.13673255,-0.244827562
11667,-1.32505634,-0.415301432
11668,0.523926701,0.18548094
11669,0.523926701,0.18548094
11670,-0.0204683321,-1.24934247
11671,0.661027897,-0.265181035
11672,,
11673,0.413719093,-0.741890518
11674,-0.69037867,-2.23015317
11675,0.391141657,-1.4662683
11676,0.37406124,0
11677,0.37406124,0
11678,0.910168268,0.473827319
11679,-0.554801708,-0.965409418
11680,,
11681,-0.0139421767,0.0271298345
11682,0,-0.756350269
11683,-0.313146487,0.455636088
11684,-1.04300261,1.06198548
11685,-1.04300261,1.06198548
11686,-0.626786878,1.04217753
11687,-0.924425888,-1.80729376
11688,,
11689,1.18075143,-0.453375625
11690,1.36149747,0.469689587
11691,1.10972219,0.947698593
11692,-1.9580373,-0.997897377
11693,-1.9580373,-0.997897377
11694,0.866580341,0.811449195
11695,0.529272801,0.739039318
11696,,
11697,1.06606544,2.75637108
11698,0.567838762,2.07316553
11699,-1.01347194,2.3862791
11700,-0.0188455409,1.08091388
11701,-0.0188455409,1.08091388
11702,-0.430867715,-1.26407971
11703,1.21429661,0.467382989
11704,,
11705,0.486034586,-0.511486231
11706,1.49281659,0.279691458
11707,-0.297406008,0.943644007
11708,-1.80810067,0.920412205
11709,-1.80810067,0.920412205
11710,1.12677379,-1.30345771
11711,0.0601575204,-0.0807114545
11712,,
11713,-0.30353033,1.05121607
11714,1.6959594,0.361265104
11715,-0.0281031494,-0.821961686
11716,-0.377785419,-0.584283021
11717,-0.377785419,-0.584283021
11718,-1.08260246,-1.01322627
11719,-0.540582626,0.746002743
11720,,
11721,1.12864281,1.77117167
11722,0.363337267,1.82624295
11723,0.147430229,-0.618225922
11724,0.101849417,-0.179838263
11725,0.101849417,-0.179838263
11726,1.47610378,0.181787573
11727,1.73152107,0.500307301
11728,,
11729,-0.697255927,-1.90481832
11730,0.200958018,-1.32785008
11731,-1.64478883,-0.103214121
11732,-0.0612697874,-1.43678721
11733,-0.0612697874,-1.43678721
11734,-1.21299719,-0.43142704
11735,0.49673723,0.964672357
11736,,
11737,-0.284368755,0.43703841
11738,-1.34117631,1.23792167
11739,0,-1.1040696
11740,1.77774828,-1.64418479
11741,1.77774828,-1.64418479
11742,0.815216755,-1.25606796
11743,-0.398945967,-0.224868024
11744,,
11745,-1.37352583,1.45099718
11746,-0.636565548,1.35158774
11747,-0.0769077496,-0.459015007
11748,0.592779094,-1.28009049
11749,0.592779094,-1.28009049
11750,0.0400180975,-0.870596109
11751,-0.490818865,1.22859992
11752,,
11753,-1.40636876,0.838758495
11754,-0.798221369,0.600901063
11755,-1.2450921,-1.02111982
11756,-0.773562196,-0.708315955
11757,-0.773562196,-0.708315955
11758,-0.179662874,-1.39668307
11759,0.0396654377,-1.16977704
11760,,
11761,1.393978,-1.13605619
11762,1.54892539,0.220174553
11763,0.802616874,1.69733724
11764,0.596851929,0.295808746
11765,0.596851929,0.295808746
11766,0.701562747,0.624887172
11767,0.503063771,-1.72055205
11768,,
11769,1.39520392,-1.16764127
11770,1.59793423,-1.82752924
11771,0,-0.706997583
11772,0.102693136,2.12934514
11773,0.102693136,2.12934514
11774,-0.171326797,0.427400579
11775,-0.0203515212,1.11877777
11776,,
11777,0.457919252,0.0572931812
11778,-0.49531502,0.229551658
11779,-0.766995768,-0.227786863
11780,0.947470795,1.64544952
11781,0.947470795,1.64544952
11782,0.0210206286,-1.18299387
11783,-1.11578571,-0.245967471
11784,,
11785,-0.189600523,-1.33023575
11786,-0.0202618251,-2.01519704
11787,-1.19041896,-0.465811577
11788,-0.763267193,-1.17443593
11789,-0.763267193,-1.17443593
11790,-0.206862858,-0.194512865
11791,1.73462569,0.628585011
11792,,
11793,-0.364257229,0.294950204
11794,-1.24656724,-0.419119618
11795,0.532372083,-0.928099101
11796,0.376380237,0.913473635
11797,0.376380237,0.913473635
11798,-0.118702844,-1.24699802
11799,-2.00211085,0.966476927
11800,,
11801,0.0859760291,-1.37484559
11802,0.561689014,0.221389403
11803,1.29670118,0.316455803
11804,-1.54283261,3.4435355
11805,-1.54283261,3.4435355
11806,0.891714484,-0.298521232
11807,-1.20429848,1.17807207
11808,,
11809,-0.169541265,-2.06295988
11810,-0.185172909,-0.892431208
11811,2.01895675,0.562657883
11812,-0.248530404,-0.0398749547
11813,-0.248530404,-0.0398749547
11814,0.220753842,0.143668356
11815,0.946674932,0.510132732
11816,,
11817,0.0721404822,2.03001219
11818,-0.717761567,0.620739715
11819,0.341612706,1.40136646
11820,-0.0596514518,-0.332515386
11821,-0.0596514518,-0.332515386
11822,-1.11053003,0.389575068
11823,-1.04915288,0.221754409
11824,,
11825,-0.632432644,0.639570537
11826,-0.787139888,0.731151096
11827,0.720904071,-0.267115611
11828,0.337422392,-0.791488699
11829,0.337422392,-0.791488699
11830,-2.17698772,0
11831,0.187638949,-2.12342579
11832,,
11833,-1.42423334,0.880556666
11834,-0.71885347,-0.356178417
11835,-0.654235655,1.42831677
11836,0.881576078,1.0237638
11837,0.881576078,1.0237638
11838,-1.8281681,-1.28365779
11839,1.20255243,1.03906687
11840,,
11841,0.856394998,2.47386231
11842,0.23813446,2.03558173
11843,-0.627512396,0.370722996
11844,-0.178741238,-0.652796548
11845,-0.178741238,-0.652796548
11846,2.18466376,1.5535096
11847,0.161784525,0.934907738
11848,,
11849,1.1184968,0.60519827
11850,2.07753342,1.1334315
11851,-0.120334779,1.26930025
11852,-1.03166656,-1.9210032
11853,-1.03166656,-1.9210032
11854,-0.080130081,0.786140109
11855,0.234437157,1.6351261
11856,,
11857,-0.608409095,0.75860925
11858,-0.620807419,0.30048735
11859,-0.43890854,-0.277372545
11860,-1.04581941,-0.936566234
11861,-1.04581941,-0.936566234
11862,0.452892654,-0.796493914
11863,1.03806177,0.34802816
11864,,
11865,1.15632725,1.96061019
11866,1.25117821,1.44416258
11867,0.764055552,1.39450402
11868,-0.851186882,-1.38532535
11869,-0.851186882,-1.38532535
11870,1.33938639,0.780244476
11871,0.536450051,-0.981326057
11872,,
11873,-0.524243391,-0.912469175
11874,-1.26539594,-0.99918407
11875,0.600049108,-0.7049278
11876,-0.903143576,0.0588072121
11877,-0.903143576,0.0588072121
11878,-0.020185414,0.570777556
11879,0,-0.166203215
11880,,
11881,0.818515336,0.428215879
11882,1.73699716,0.0382778447
11883,0.518213712,1.1497087
11884,0.145402256,-1.59206492
11885,0.145402256,-1.59206492
11886,0.714814811,0.358228501
11887,0.444518052,-0.141855547
11888,,
11889,-0.1761851,0.58952057
11890,-0.140575387,0.499900854
11891,0.197964787,0.42060446
11892,-0.473314073,1.27426278
11893,-0.473314073,1.27426278
11894,0.980182966,0.314626428
11895,-0.162092015,0.542746252
11896,,
11897,0.258948203,0.395027533
11898,-0.768297751,0.146717374
11899,0.545753089,0.577295497
11900,0,-1.34117753
11901,0,-1.34117753
11902,0.31506598,0.932194073
11903,0.874795431,0.691363207
11904,,
11905,-0.309355318,0.355534668
11906,1.245549,-0.319189217
11907,2.48897408,0.880641488
11908,-0.708917375,-0.486328088
11909,-0.708917375,-0.486328088
11910,0.988782417,1.23418951
11911,-0.505483647,1.45874529
11912,,
11913,1.08919564,-1.00391413
11914,0.773336247,-0.774258097
11915,-2.36762196,-0.683725112
11916,1.32046325,0.462998193
11917,1.32046325,0.462998193
11918,-1.57389424,-0.207693141
11919,-0.424775167,0.125184379
11920,,
11921,1.01802163,-0.658372455
11922,1.00316959,-0.298491603
11923,0.822132955,-0.824520253
11924,1.07848739,-0.30400456
11925,1.07848739,-0.30400456
11926,0.0597752541,-1.08141889
11927,-0.388375865,-0.0205559334
11928,,
11929,0.364679603,-0.013702407
11930,-1.29016851,-0.38427941
11931,-0.120393506,1.09046463
11932,-0.882963088,-1.15652656
11933,-0.882963088,-1.15652656
11934,-0.313718788,-0.581940411
11935,-0.295673344,-0.59810287
11936,,
11937,0.597948425,-1.63422312
11938,-0.228480364,0.520626695
11939,-0.163206289,-0.86812156
11940,-0.870888761,-0.242658134
11941,-0.870888761,-0.242658134
11942,-0.571321533,1.37961058
11943,-1.56431551,0.434075314
11944,,
11945,0.0813776078,1.37982855
11946,0.390737939,0.917079925
11947,0.0469126329,0.890306099
11948,-0.336250352,-0.752981272
11949,-0.336250352,-0.752981272
11950,-1.10136261,0.64134841
11951,0.381961948,0.23487975
11952,,
11953,1.00777159,0.0705592003
11954,1.47849214,0.0202368538
11955,1.5637669,0.249802139
11956,1.5196999,0
11957,1.5196999,0
11958,-1.69636881,-1.04396571
11959,0.871338402,-0.800944024
11960,,
11961,0.783857175,-0.555046689
11962,-0.343260019,0.553336296
11963,-2.29246281,-0.061409369
11964,0.519664085,0.822608967
11965,0.519664085,0.822608967
11966,-1.11118314,2.18754398
11967,-0.356441555,0.620382196
11968,,
11969,-0.504058003,-1.19015915
11970,-0.988711787,0.0624328355
11971,-1.03245608,0
11972,1.47700461,-2.48670438
11973,1.47700461,-2.48670438
11974,-0.446234552,0.207840371
11975,0.503350932,1.69629987
11976,,
11977,0.0425257389,0.333644705
11978,-0.161112816,-0.0605365869
11979,1.07252531,-0.19402111
11980,0.431049667,0.19871013
11981,0.431049667,0.19871013
11982,0.101009417,-0.690787096
11983,-1.83810443,1.09061194
11984,,
11985,-1.18623749,0.457106807
11986,-0.616155232,0.575320955
11987,-0.56297276,0.173835781
11988,2.32122909,-0.45930614
11989,2.32122909,-0.45930614
11990,0.304850962,-1.20282923
11991,0.820156646,-0.761766035
11992,,
11993,0.209685421,-0.192272435
11994,0.618418931,-0.551990666
11995,2.0518526,-1.28665177
11996,-0.356856244,0.978814102
11997,-0.356856244,0.978814102
11998,0.672945565,-0.385010331
11999,-0.687317279,-0.790322853
12000,,
12001,1.19677024,0.953566855
12002,2.13122278,0.311898866
12003,2.48165774,1.69742658
12004,1.92083163,1.37217091
12005,1.92083163,1.37217091
12006,-0.656017436,-0.942025526
12007,-0.449205424,0.226156945
12008,,
12009,0.556477482,-0.0135522889
12010,0.0991115802,-0.133997862
12011,-0.429178572,-1.60648122
12012,0.3512266,-0.176040595
12013,0.3512266,-0.176040595
12014,1.28126326,0.937098936
12015,0.477039348,2.89442903
12016,,
12017,0.447986168,0.315970277
12018,-0.139820486,-1.17504057
12019,0.296578761,-0.174208266
12020,0.0789364772,-0.716227664
12021,0.0789364772,-0.716227664
12022,1.66501178,-1.89981026
12023,1.25545523,1.33340593
12024,,
12025,-0.689398256,0.0565228044
12026,-1.03493884,-0.178325699
12027,0.497549336,1.61496526
12028,-0.745570166,0.0409544495
12029,-0.745570166,0.0409544495
12030,0.747339743,-1.08493613
12031,-0.573148242,0.317493813
12032,,
12033,-0.544271217,0.50333534
12034,-0.828152071,0.41596681
12035,-1.83689303,1.38610317
12036,-1.52618283,-0.120403226
12037,-1.52618283,-0.120403226
12038,-1.0537705,-0.309542435
12039,0.272597606,-1.38928663
12040,,
12041,-0.603683609,-1.6790258
12042,-1.32832595,-0.101803269
12043,-0.724294801,-0.587172331
12044,1.75518798,-0.527101177
12045,1.75518798,-0.527101177
12046,0.30312376,-1.13610014
12047,-0.817899385,-0.621950816
12048,,
12049,-0.98017185,0.842186495
12050,-0.555916541,1.04851251
12051,0.333345098,1.04867499
12052,1.67796194,0.280574394
12053,1.67796194,0.280574394
12054,0.764768312,1.67474516
12055,-0.306163359,1.3593177
12056,,
12057,0.850619755,0.755470537
12058,0.62585089,0.210800666
12059,0.988109912,-0.820471486
12060,-0.24498377,-0.725400732
12061,-0.24498377,-0.725400732
12062,0.618694212,-0.204677626
12063,-1.11264767,-1.57125569
12064,,
12065,1.12547267,-1.66910843
12066,1.87085897,-2.43578348
12067,0.70836892,0.148351144
12068,0.471978523,-1.46162789
12069,0.471978523,-1.46162789
12070,-0.630270691,-0.516061608
12071,-0.0412854798,-1.33272668
12072,,
12073,3.16712619,0.087170323
12074,2.39404881,0.208923693
12075,-0.163111286,-0.0911291516
12076,-0.0620063771,-0.546202234
12077,-0.0620063771,-0.546202234
12078,-1.26833428,0.718026502
12079,-2.18811049,0.218914701
12080,,
12081,-0.384842795,0.808800676
12082,0.748682631,0.637255648
12083,-0.876225041,0.649669013
12084,-0.932536792,1.4251081
12085,-0.932536792,1.4251081
12086,0.38785633,-0.65997236
12087,-0.868518534,-0.615123319
12088,,
12089,0.0576017934,1.55086926
12090,1.92651935,1.31728974
12091,0.626873196,0.732824599
12092,-0.678599347,-0.613542729
12093,-0.678599347,-0.613542729
12094,-1.1239466,-1.02810265
12095,-0.147341643,-0.144929725
12096,,
12097,0.0284234524,-0.648708502
12098,0.387961692,-1.54872411
12099,-0.116191637,-0.812267715
12100,-0.261737166,-0.998188648
12101,-0.261737166,-0.998188648
12102,-2.57994468,0.765807612
12103,-0.263399932,0.950317371
12104,,
12105,0.58529248,1.41565526
12106,0.339008554,1.55932327
12107,0.527143944,1.17233742
12108,-0.604055794,-1.11635479
12109,-0.604055794,-1.11635479
12110,0.779405137,1.02550392
12111,-1.39768284,0.147211583
12112,,
12113,1.53465309,0.797555852
12114,-0.386174136,0.262287739
12115,0.476757903,-0.589900056
12116,-1.32309279,0.818970539
12117,-1.32309279,0.818970539
12118,0.732878744,0.0824706132
12119,-0.32237772,-1.15871248
12120,,
12121,0.264193451,1.44699584
12122,-0.0202006849,0.976474901
12123,-1.411615,-1.28141535
12124,-1.30600317,-2.34609926
12125,-1.30600317,-2.34609926
12126,0.156148857,-0.330502834
12127,1.94563074,-0.625513489
12128,,
12129,-0.523994571,-0.771542721
12130,0.34247145,-0.662170631
12131,-0.0144061061,-1.33714474
12132,1.49207802,1.09314861
12133,1.49207802,1.09314861
12134,0.104854015,0.907543259
12135,-0.160374564,-1.41585987
12136,,
12137,-0.304399558,-0.600776988
12138,-0.726261557,-0.51741497
12139,-0.532964388,0.571054534
12140,-0.35632951,0.846891113
12141,-0.35632951,0.846891113
12142,0.876537822,0.287231961
12143,0.147137557,0.159547352
12144,,
12145,-0.206301088,0.660072666
12146,0.0849200101,0.669478386
12147,-0.0142454089,-0.866824162
12148,-0.644291483,-0.818487636
12149,-0.644291483,-0.818487636
12150,-1.15433981,-0.71514171
12151,0.389741419,1.31773737
12152,,
12153,0.277243219,0.941626217
12154,-0.349216477,1.14970314
12155,0.513714064,1.24276803
12156,-0.0400283811,-1.34057814
12157,-0.0400283811,-1.34057814
12158,-1.13207518,0
12159,-0.669515982,-1.16176583
12160,,
12161,0.443051985,-0.716153988
12162,-0.275506997,-0.0614902815
12163,-0.604967879,0.0563473438
12164,1.33289014,-0.120350765
12165,1.33289014,-0.120350765
12166,-0.409662906,-0.598114787
12167,0.827510717,1.61288479
12168,,
12169,0.271934705,-1.61456025
12170,1.0331305,-1.52172388
12171,1.21491632,-1.25044079
12172,-0.493115551,-0.758001813
12173,-0.493115551,-0.758001813
12174,-0.348868352,0.236263999
12175,0.377542497,-0.456262434
12176,,
12177,-0.723894586,0.0742884443
12178,-0.350861206,-0.929585393
12179,0.290075579,0.0320748702
12180,0.0203413883,-0.888661027
12181,0.0203413883,-0.888661027
12182,0.0619205161,-1.25203334
12183,-1.10500351,0.548871524
12184,,
12185,2.83406773,0
12186,1.51715996,-0.232498727
12187,1.35286272,0.700595552
12188,-0.40583805,0.47733863
12189,-0.40583805,0.47733863
12190,0.960339183,-0.389939676
12191,0.88846255,0.979943268
12192,,
12193,-1.57628851,1.08368469
12194,-2.04745353,0.432619422
12195,1.15790189,1.94244938
12196,1.55383712,0.301886059
12197,1.55383712,0.301886059
12198,0.472032239,1.43598639
12199,1.80296237,0.328970717
12200,,
12201,0.11825134,2.20935159
12202,-0.205905791,0.979286044
12203,-0.418871808,0.825544076
12204,-2.2216934,-0.546343663
12205,-2.2216934,-0.546343663
12206,1.33243259,1.2457985
12207,0.510352201,0.929060016
12208,,
12209,-0.799872349,2.23040259
12210,-0.509994377,0.790515441
12211,-1.2477362,-1.08278236
12212,1.29030539,0.524653365
12213,1.29030539,0.524653365
12214,-0.565091482,-0.101456633
12215,0,-0.122512618
12216,,
12217,0.441850666,-0.587452533
12218,-0.638539024,-1.26757407
12219,-0.793266772,-1.26533109
12220,2.10386311,-1.40619385
12221,2.10386311,-1.40619385
12222,-0.428600957,-0.143046604
12223,-1.3457818,-0.484025808
12224,,
12225,0.73724561,-0.127239715
12226,0.33301965,1.53574813
12227,1.75086029,-1.84648679
12228,-2.51882326,0.316809228
12229,-2.51882326,0.316809228
12230,0.357334324,0.22987504
12231,-0.85271571,-0.92532463
12232,,
12233,-0.208760341,-0.647228034
12234,-0.725197148,-0.0985491394
12235,0.170990324,-1.26241997
12236,1.60684407,-1.9928748
12237,1.60684407,-1.9928748
12238,0.318336866,0.31835708
12239,0.332939528,1.03164973
12240,,
12241,-0.42545787,0.907156977
12242,0.0402466742,1.13204735
12243,-0.346039517,-0.0886539952
12244,1.05182045,1.1748788
12245,1.05182045,1.1748788
12246,0.0195281469,1.5359515
12247,1.05126866,-0.525354
12248,,
12249,0.962872587,0.915304535
12250,0.629964025,1.74618078
12251,1.76116011,0
12252,0.358187845,-0.262538565
12253,0.358187845,-0.262538565
12254,0.25996052,1.11479044
12255,1.35039321,1.98612712
12256,,
12257,1.10778686,1.46700496
12258,0.679781354,1.19626518
12259,0.331938074,1.46897023
12260,1.53134129,1.00180941
12261,1.53134129,1.00180941
12262,0.679892998,0.120290737
12263,0.85004386,1.09179154
12264,,
12265,2.02714743,1.25243895
12266,0.143877212,1.52787771
12267,1.13105383,-1.71639499
12268,0.876955287,-0.360063175
12269,0.876955287,-0.360063175
12270,1.09398752,0.0405714973
12271,-2.60134237,-0.0203943305
12272,,
12273,-0.915698923,-0.0286827904
12274,-0.599682057,0.0402114697
12275,-0.542809474,0.880060754
12276,0.664304453,-0.586003284
12277,0.664304453,-0.586003284
12278,1.22389629,-0.570904093
12279,-0.921704226,1.43010027
12280,,
12281,-0.130232424,-1.49393126
12282,0.888010296,-1.83436053
12283,-0.436156285,-0.242887248
12284,0.8175147,-0.545531206
12285,0.8175147,-0.545531206
12286,-0.960669572,1.24811043
12287,0.671685269,1.35661575
12288,,
12289,-0.307641656,-0.0579693209
12290,-1.81055834,0.945375679
12291,-0.434477756,0.949321135
12292,0.752206763,1.00597378
12293,0.752206763,1.00597378
12294,-0.0403589397,0.857440951
12295,2.26701282,-0.817440188
12296,,
12297,-1.50042849,0.146721548
12298,-0.486140015,0.34228698
12299,-0.807092839,-0.587724079
12300,0.0803840207,0.346640026
12301,0.0803840207,0.346640026
12302,0.545019537,0.206736958
12303,0.909084801,0.492618047
12304,,
12305,-0.847730075,-1.54619471
12306,-1.03569176,-1.37666014
12307,-2.30271005,-0.0922919537
12308,-0.695888584,1.46454633
12309,-0.695888584,1.46454633
12310,-1.82199295,-0.902504352
12311,-1.01793688,-0.605387598
12312,,
12313,-0.0145443419,-1.30711084
12314,-0.58700494,0.422815609
12315,0.190747696,0.451956317
12316,0.536278426,2.09460265
12317,0.536278426,2.09460265
12318,-0.961772079,-0.0785288565
12319,-0.490785679,-0.657123879
12320,,
12321,-0.752303485,-1.11830673
12322,-0.598171694,0.506780221
12323,-0.82300171,0.736129836
12324,0.229487546,-0.442604261
12325,0.229487546,-0.442604261
12326,0.53631491,0.0604627116
12327,-0.845739987,-0.412716268
12328,,
12329,-0.416707364,-0.377527226
12330,0.500148549,-0.124848258
12331,1.28782925,1.09685914
12332,0.163782345,0.784032344
12333,0.163782345,0.784032344
12334,-0.177697371,0.576381285
12335,-1.69106645,-0.0403741059
12336,,
12337,0.194967437,-0.645091374
12338,-0.0201000032,-0.929891317
12339,0.608080429,-0.691262838
12340,0.738215742,-0.36805318
12341,0.738215742,-0.36805318
12342,1.39248161,0.479922064
12343,-0.141485561,0.277842459
12344,,
12345,-1.09946211,1.8074386
12346,-0.199103606,1.47427913
12347,-1.48098839,1.68627981
12348,0,0.12069018
12349,0,0.12069018
12350,0.65804526,-0.885521467
12351,-0.380771705,-1.89827066
12352,,
12353,1.41335594,1.27857054
12354,2.33808929,0.780603195
12355,1.40492644,-0.770349978
12356,-1.13162663,-0.43406463
12357,-1.13162663,-0.43406463
12358,-0.121787743,-0.592505072
12359,-0.790207925,0.021202346
12360,,
12361,-0.126775818,0.124922145
12362,-0.0416768684,-0.15281635
12363,-0.98962694,2.08687594
12364,1.81038731,0.149918788
12365,1.81038731,0.149918788
12366,1.53094337,-0.45385573
12367,-1.48462922,-0.438215853
12368,,
12369,-0.260280584,1.26895113
12370,-1.08561526,1.82765959
12371,0.991549405,0.531153875
12372,-0.392408028,0.355728177
12373,-0.392408028,0.355728177
12374,0.595767594,0.082101274
12375,1.46996395,-0.354963749
12376,,
12377,0.717381564,-0.752009573
12378,1.15543103,-1.32671431
12379,-1.11242447,-1.11182649
12380,0.219634028,0.44641737
12381,0.219634028,0.44641737
12382,-0.085546658,-0.731437488
12383,0.388302679,-0.811002086
12384,,
12385,-0.748941811,0.545355473
12386,-0.207359606,0.283962997
12387,-0.123907298,-1.00258416
12388,1.38359489,-2.36205795
12389,1.38359489,-2.36205795
12390,0.490673823,0.530339573
12391,-0.850944558,0.497135636
12392,,
12393,0.966067401,-0.990605887
12394,2.06780285,-0.203734961
12395,1.03970866,0.604554013
12396,1.39611366,-2.22369276
12397,1.39611366,-2.22369276
12398,1.12254394,1.80762086
12399,-0.34582225,0.448961549
12400,,
12401,-0.502369259,-0.915460353
12402,-0.0616666247,-0.310990316
12403,0.0298320562,-0.622536836
12404,0.924806783,-0.222112148
12405,0.924806783,-0.222112148
12406,0.383351441,-2.65975653
12407,-1.41922245,-2.13730123
12408,,
12409,0.539609455,0.747067926
12410,-0.353257311,0.740866548
12411,-0.409769176,1.20802597
12412,0.0850103246,0.623997949
12413,0.0850103246,0.623997949
12414,-0.942076498,-0.670027496
12415,1.68957535,1.47731609
12416,,
12417,-0.913074742,-0.621201809
12418,-0.341739505,-0.495406686
12419,-0.270194679,0.915069856
12420,-0.790746824,-1.21009586
12421,-0.790746824,-1.21009586
12422,-1.08670432,1.26288484
12423,-0.369626322,-0.35330702
12424,,
12425,-0.680703829,0.363142929
12426,-0.304211096,0.145601091
12427,-0.401641425,0.308511076
12428,0.258430734,0.783172484
12429,0.258430734,0.783172484
12430,-0.484548167,1.05470448
12431,1.13075597,0.18015367
12432,,
12433,-0.348048812,0.980309758
12434,-0.962754669,1.95786083
12435,-1.58969383,0.604366762
12436,-2.04745138,0.808787449
12437,-2.04745138,0.808787449
12438,-1.39155906,0.781775215
12439,1.08295585,0.351240879
12440,,
12441,-0.0437913256,-0.193965098
12442,0.288114769,0.0802544823
12443,1.09157125,1.45959424
12444,0.0604092317,-0.160644028
12445,0.0604092317,-0.160644028
12446,0.0412246354,1.01820885
12447,1.11513678,-0.162504519
12448,,
12449,-0.463047609,1.5110894
12450,0.127014675,0.334202602
12451,-0.0438158075,0.805644479
12452,-0.376695738,-0.757400639
12453,-0.376695738,-0.757400639
12454,1.00330652,-0.0401803401
12455,0.22595978,0.124282973
12456,,
12457,-0.906678723,-0.0996637414
12458,-0.887548026,0.0835609761
12459,-0.290187629,-0.810882983
12460,1.03724854,-0.237086583
12461,1.03724854,-0.237086583
12462,0.348949799,2.06581894
12463,-0.632155714,-0.284545681
12464,,
12465,-0.491533187,1.04976573
12466,-2.57422007,0.87232543
12467,-0.981703988,0.933858485
12468,-1.72017571,0.255417352
12469,-1.72017571,0.255417352
12470,0.55925035,0.380199048
12471,-0.523124464,-0.0394184852
12472,,
12473,0.820568868,-1.60064249
12474,0.426667694,-1.05965215
12475,-0.484941606,-1.05286738
12476,-0.244790535,-1.45353988
12477,-0.244790535,-1.45353988
12478,-2.05627082,-0.104509475
12479,0.358941827,0.625884609
12480,,
12481,0.528753878,0.430068067
12482,0.721973559,-0.475484053
12483,0.326309625,0
12484,-0.952134778,0.832371301
12485,-0.952134778,0.832371301
12486,-0.996955502,-1.77762664
12487,-0.241720583,-0.321576445
12488,,
12489,1.51606775,-0.474604041
12490,1.05747742,-0.334724208
12491,-1.38794868,1.05889785
12492,-1.14302296,0.4070281
12493,-1.14302296,0.4070281
12494,1.42893315,-0.442893701
12495,0.409270607,1.17921251
12496,,
12497,0.978019432,-1.05033142
12498,1.5532473,-2.32197947
12499,-0.970081013,-0.841049812
12500,1.04094694,1.23639549
12501,1.04094694,1.23639549
12502,-0.266694433,1.38855913
12503,1.31872643,-1.35622562
12504,,
12505,1.87702691,-0.755475484
12506,0.715210562,0.294597205
12507,-0.770750711,-1.37345227
12508,-0.750689729,1.89799485
12509,-0.750689729,1.89799485
12510,0.50888418,0.596551818
12511,-0.227074383,-1.38208834
12512,,
12513,-0.129080309,0.779180831
12514,0.580314297,1.06053337
12515,-0.0447945801,-0.0143204055
12516,1.53167103,1.04469125
12517,1.53167103,1.04469125
12518,-0.343676767,-0.623223798
12519,2.06237488,-0.220720871
12520,,
12521,0.0585498538,-1.32469093
12522,-0.0607697203,-0.45011831
12523,1.2287345,-0.815547109
12524,-0.245611604,-0.821492395
12525,-0.245611604,-0.821492395
12526,0.603749135,0.757434007
12527,-1.44476343,1.03024586
12528,,
12529,0.242607169,-0.921052565
12530,-0.963208359,-1.66922291
12531,-0.525146657,-2.2981699
12532,0.667454556,-1.18023725
12533,0.667454556,-1.18023725
12534,0.302131526,-0.48836543
12535,1.48511233,0.835537192
12536,,
12537,-1.95349012,-0.654183313
12538,-0.787738097,0.594207203
12539,-0.369855676,0.780150624
12540,-0.438214318,0.85987286
12541,-0.438214318,0.85987286
12542,-0.676247856,0.754920203
12543,-0.429164067,-2.12650179
12544,,
12545,-1.36079311,-0.869701642
12546,-2.40885332,-1.67347567
12547,-0.528356384,-0.205722073
12548,0.473302166,0.057997506
12549,0.473302166,0.057997506
12550,0.982211316,-0.679505356
12551,-0.364124552,0.593280891
12552,,
12553,-1.32771767,-1.15175994
12554,-1.13973316,-1.36493877
12555,-0.27432889,-1.05415897
12556,-0.366817579,0.239640389
12557,-0.366817579,0.239640389
12558,-0.618970922,-0.467563035
12559,-0.728704287,1.2694492
12560,,
12561,-0.687830035,1.18111758
12562,-0.224503857,0.271117341
12563,0.447339182,-0.360558893
12564,0.629261625,-1.40725745
12565,0.629261625,-1.40725745
12566,-0.86801261,0.442998997
12567,-0.709545859,-0.658699403
12568,,
12569,-0.321434775,-0.504699088
12570,0.650588428,-0.517680692
12571,2.43166583,-0.713952424
12572,1.20706152,-0.409208338
12573,1.20706152,-0.409208338
12574,0,-0.061094658
12575,0.892387046,-0.454867598
12576,,
12577,0.486408612,-0.270883082
12578,-0.360306074,-0.631580679
12579,0.700230536,1.30518487
12580,1.57375522,0.972341594
12581,1.57375522,0.972341594
12582,0.809829569,-0.567160348
12583,0.616336508,0
12584,,
12585,0.411621944,0.279809169
12586,-0.0813720932,0.578136892
12587,0.447397988,1.50227065
12588,1.43178159,-0.916216093
12589,1.43178159,-0.916216093
12590,-0.4164167,0
12591,-1.55618932,0.493076425
12592,,
12593,0.263901803,-0.231629175
12594,0.145242143,0.0207171597
12595,1.31991296,-0.692472021
12596,-1.00299461,-0.983352296
12597,-1.00299461,-0.983352296
12598,-0.720036972,-1.38125908
12599,2.16082645,0.559279987
12600,,
12601,-0.95257607,0.374686921
12602,-1.70722106,1.03010279
12603,0.014909117,1.65556278
12604,0.644805302,-0.337136779
12605,0.644805302,-0.337136779
12606,-0.30364819,0.983090133
12607,0.935528331,0.0610721903
12608,,
12609,-0.226096083,0.279290763
12610,-0.500818295,0.509257677
12611,-0.099168709,-0.192031914
12612,-0.960747416,0.747650181
12613,-0.960747416,0.747650181
12614,1.79770476,-2.22988144
12615,-0.964777198,-0.277040707
12616,,
12617,-2.85332689,0.234347954
12618,-2.53571819,0.726140201
12619,1.06564768,1.1814458
12620,0.402644952,-0.462955772
12621,0.402644952,-0.462955772
12622,-0.270185316,1.04216494
12623,0.16127503,-0.620279314
12624,,
12625,0.35192178,-1.36106522
12626,0.122355078,-0.656236726
12627,-0.124499527,-1.32807864
12628,-1.21883513,1.31055119
12629,-1.21883513,1.31055119
12630,-2.10396342,-0.774505534
12631,-0.932451752,-0.936702273
12632,,
12633,-0.531540198,-1.01173178
12634,0.737279877,-1.69202717
12635,0.313784606,-1.56168714
12636,1.96409052,-0.914953468
12637,1.96409052,-0.914953468
12638,-0.515679668,-0.733096565
12639,0.20070628,0.265027409
12640,,
12641,-0.8057926,-2.01421697
12642,-0.848347648,-1.34348275
12643,1.16650191,-0.154571162
12644,-1.6419633,0.393757361
12645,-1.6419633,0.393757361
12646,-0.834880493,-0.810894041
12647,2.15819581,0.687509348
12648,,
12649,-0.525506645,-0.542111699
12650,-0.522179643,-1.82397828
12651,0.791491627,-1.14845035
12652,-0.937567139,0.993606144
12653,-0.937567139,0.993606144
12654,1.13476107,0
12655,-1.13327719,-0.439345104
12656,,
12657,1.41823347,-0.400906594
12658,1.35235645,-0.821856643
12659,0.561199297,-0.331660318
12660,1.15550073,1.22487791
12661,1.15550073,1.22487791
12662,0.697787157,0.17536449
12663,-0.926049526,-0.144691462
12664,,
12665,1.48290859,0.458318114
12666,1.08749161,0.564170768
12667,1.02100856,0.985067506
12668,-1.22208896,1.1299373
12669,-1.22208896,1.1299373
12670,0.201123991,1.20501744
12671,-0.703148484,0.247616638
12672,,
12673,-0.994621477,0.511253492
12674,-0.274878082,0.482885506
12675,0.296661335,1.10888256
12676,-0.233976551,0.119374548
12677,-0.233976551,0.119374548
12678,0.0202349016,0.161507311
12679,-0.544019321,0.50362629
12680,,
12681,-0.85697997,2.19938076
12682,-0.650254824,1.5150422
12683,0.484565182,0.854372419
12684,1.19059582,1.19629078
12685,1.19059582,1.19629078
12686,0.209393352,-1.09772847
12687,2.02635699,-0.0857532434
12688,,
12689,0.131091736,0.996755378
12690,0.297275611,1.05069187
12691,0.831255418,0.806192308
12692,-0.0204999985,-0.138154006
12693,-0.0204999985,-0.138154006
12694,-0.386831523,-1.16468308
12695,-0.997831496,-1.14729515
12696,,
12697,-0.0727055988,-0.874960449
12698,0.851483426,0.457213643
12699,-0.274391893,-1.62652428
12700,0.369761199,-0.780785094
12701,0.369761199,-0.780785094
12702,0.28400136,1.01394006
12703,0.71630272,0.637630944
12704,,
12705,0.467149511,-0.114787624
12706,-0.34168414,-1.1050086
12707,-0.44400469,0.649179095
12708,-0.695907401,-0.264820602
12709,-0.695907401,-0.264820602
12710,-0.300429945,-0.855716214
12711,-0.766157543,1.00634407
12712,,
12713,1.06347665,1.09837053
12714,0.29541913,1.17895962
12715,-1.23008017,0.159517169
12716,-0.0632390377,0.259119451
12717,-0.0632390377,0.259119451
12718,-0.808585274,-1.25935711
12719,0.340784108,-1.25794665
12720,,
12721,-0.222591431,-1.21523873
12722,0.517750803,-1.15984168
12723,-0.978394229,-0.780795747
12724,-0.156207783,1.24400229
12725,-0.156207783,1.24400229
12726,1.72887549,-1.28302624
12727,0.445797078,0.779372506
12728,,
12729,0.862332646,1.52595034
12730,1.98669245,1.86063262
12731,1.28484458,1.07211323
12732,-0.306799565,-0.57789071
12733,-0.306799565,-0.57789071
12734,1.32472866,-2.16274287
12735,0.279413218,-1.45954914
12736,,
12737,-0.558283149,-1.50113274
12738,-1.01092617,-1.4999828
12739,0.732318457,-0.208371278
12740,-1.62934237,-0.0198405342
12741,-1.62934237,-0.0198405342
12742,0.718919011,0.0394068239
12743,1.19230387,-0.456301787
12744,,
12745,0.32742949,-1.58573254
12746,0.373402246,-1.1367889
12747,-0.265908748,-0.338135749
12748,-0.734044728,1.91952482
12749,-0.734044728,1.91952482
12750,-1.08929375,-0.500239018
12751,-0.308605145,-1.40390874
12752,,
12753,0.156986559,-0.8178383
12754,-0.500848521,-0.958558932
12755,0.259596739,1.3801815
12756,-0.814483058,0.0408455215
12757,-0.814483058,0.0408455215
12758,0.0197579788,-0.369312262
12759,-0.232516951,0
12760,,
12761,0.92262964,-0.927427763
12762,0.879226637,0.214026365
12763,-1.03541525,-0.506300802
12764,-0.964587619,1.431688
12765,-0.964587619,1.431688
12766,-0.493564857,0.34493618
12767,0.497692555,-0.332203453
12768,,
12769,1.0345593,1.02791444
12770,0.724656408,0.823898256
12771,0.456051583,-0.394359134
12772,-0.34506153,-1.64833976
12773,-0.34506153,-1.64833976
12774,-0.224650721,-0.660902688
12775,0.511152569,-1.40294538
12776,,
12777,0.545049768,1.30660204
12778,-0.429228769,2.10259397
12779,-1.21167156,-1.00118414
12780,0.890626542,1.8713601
12781,0.890626542,1.8713601
12782,-2.09955488,0
12783,1.03774792,1.47006255
12784,,
12785,1.73942183,-0.0993568039
12786,2.33623225,-0.363753538
12787,1.49224661,-0.956876672
12788,-1.29162873,-0.481387078
12789,-1.29162873,-0.481387078
12790,0.993615048,0.438146356
12791,0.128170209,-0.303077854
12792,,
12793,0.207830996,-0.266446386
12794,0.583485291,0.975682498
12795,0.0576608009,1.58525914
12796,0,-0.422642199
12797,0,-0.422642199
12798,-0.0608670712,-0.145013879
12799,0.531358502,-0.501301556
12800,,
12801,-0.528707876,0.793698254
12802,0.473560424,1.90902493
12803,0.480908709,0.887102703
12804,-0.0988334176,0.532208209
12805,-0.0988334176,0.532208209
12806,-0.849008505,0.686113569
12807,0.060139341,0.122949174
12808,,
12809,-1.31558785,0.973675229
12810,-2.34312913,0.458560837
12811,0.0576882074,2.01986237
12812,-1.31604147,-0.56064936
12813,-1.31604147,-0.56064936
12814,-0.44494986,0.862176122
12815,0.770960233,-2.27200864
12816,,
12817,0.409310783,0.379701451
12818,-0.218582982,0.955156177
12819,1.16595043,-0.468893303
12820,-0.0596212114,0.486891111
12821,-0.0596212114,0.486891111
12822,0.164933319,-1.00147948
12823,0.0806000066,0.925734579
12824,,
12825,0.467627725,0.263430859
12826,0.682701244,0.331590812
12827,-1.62181101,1.8549438
12828,0.461847883,-0.541933493
12829,0.461847883,-0.541933493
12830,-0.181374472,0.684363037
12831,-0.75038737,-0.0204009667
12832,,
12833,0.833197611,0.779485544
12834,1.64559987,1.58667189
12835,0.629294189,0.623410503
12836,0.464130165,0.491369799
12837,0.464130165,0.491369799
12838,-0.547180764,-0.358861722
12839,0.332163261,0.735947765
12840,,
12841,0.444875563,-0.137248394
12842,-0.0412103762,-0.636424478
12843,-0.919975523,2.08880065
12844,-1.51509848,-0.563010084
12845,-1.51509848,-0.563010084
12846,0.370307833,-0.192958725
12847,0.354924391,-0.745980221
12848,,
12849,1.21317625,-1.14401338
12850,0.386202127,-1.08047671
12851,-0.412718764,-1.10867175
12852,-1.63165785,1.44722291
12853,-1.63165785,1.44722291
12854,-0.200639647,2.96161475
12855,2.2185171,-0.226016675
12856,,
12857,-0.941895373,0.238977281
12858,-0.58878502,1.11411306
12859,0.521823606,0.292381642
12860,0.0407416099,0.0203731464
12861,0.0407416099,0.0203731464
12862,-0.438637175,-1.03464819
12863,0.80351171,-1.14844816
12864,,
12865,-0.289115665,-0.255337932
12866,0.258640877,-0.467192521
12867,-1.41017571,-0.408197837
12868,0.753894258,-0.451685879
12869,0.753894258,-0.451685879
12870,0.635459389,0.355399156
12871,-0.423470979,-0.412054219
12872,,
12873,-0.67742658,1.03698631
12874,-0.378812267,0.680292096
12875,0.431591355,1.06988057
12876,0.576112138,-1.5750894
12877,0.576112138,-1.5750894
12878,0.969845805,-1.57985405
12879,0.733107321,-0.0814705957
12880,,
12881,-0.434652866,-1.56491873
12882,-1.01983373,-1.75525817
12883,-0.193566781,-0.556907195
12884,0.434127383,-1.63483491
12885,0.434127383,-1.63483491
12886,-1.23519176,0.245049307
12887,-0.797735746,1.17249807
12888,,
12889,0.15885018,-0.407804846
12890,-1.1169385,-0.345549987
12891,-2.12165918,0.600611095
12892,1.43098344,-0.637173209
12893,1.43098344,-0.637173209
12894,0.328028135,0.0614348057
12895,1.1763223,-0.401674618
12896,,
12897,0.864859316,-0.674197985
12898,0.0411148059,-1.08411933
12899,-2.19289123,-1.08874713
12900,-0.352493668,1.18468947
12901,-0.352493668,1.18468947
12902,-1.27223901,1.82440379
12903,-2.40241495,0.176140274
12904,,
12905,0.91240925,-1.812431
12906,0.20402382,-2.17112682
12907,-0.834862,-1.27949685
12908,0.295114039,-1.0423858
12909,0.295114039,-1.0423858
12910,0.523309279,-0.779228549
12911,1.00037005,-0.399527255
12912,,
12913,1.48389571,0.345592765
12914,1.63850379,1.09661752
12915,1.12417932,0.597336142
12916,0,0.105342803
12917,0,0.105342803
12918,1.05252966,-0.281192985
12919,0.0986415733,-0.642583256
12920,,
12921,-1.11455679,-0.173179493
12922,-0.975804985,-0.0607078198
12923,-0.414289029,-0.705627572
12924,1.95520558,0.52450351
12925,1.95520558,0.52450351
12926,1.70989859,1.95525739
12927,0.429289904,-1.79986852
12928,,
12929,0.529882124,-0.233835234
12930,-0.162833553,-1.52950882
12931,0.1474427,-2.53377176
12932,-0.629593017,0.253238845
12933,-0.629593017,0.253238845
12934,1.59771873,-0.238531956
12935,2.71836266,0
12936,,
12937,-0.616645823,-1.92966977
12938,-1.7195777,-2.05512806
12939,-0.0615314356,0.878264105
12940,0.475970238,0.746594355
12941,0.475970238,0.746594355
12942,-0.248715499,0.166072482
12943,0.247346232,-1.78286543
12944,,
12945,1.12405316,0.640308453
12946,0.285679845,0.874808527
12947,1.36569111,1.48018004
12948,0.0822675243,-0.369461124
12949,0.0822675243,-0.369461124
12950,1.24523856,-1.32141057
12951,0.160986697,0.655646436
12952,,
12953,-0.268282744,0.961129117
12954,0.143671996,1.42267391
12955,0.439051223,0.508752701
12956,-1.21779066,0.393012666
12957,-1.21779066,0.393012666
12958,-1.30949554,-1.15786615
12959,0.552863281,0
12960,,
12961,0.984440023,-0.217249311
12962,1.92867974,0.8986162
12963,0.127658633,-0.388395633
12964,0.382984315,-0.410409315
12965,0.382984315,-0.410409315
12966,-0.839076138,0.0205762085
12967,-1.55735292,-1.88441453
12968,,
12969,-0.0441002611,-0.215921846
12970,0,-0.100260311
12971,1.84369624,-1.59680361
12972,-1.03218035,-1.14107308
12973,-1.03218035,-1.14107308
12974,0.621442266,-0.401985208
12975,0.808564398,1.0244319
12976,,
12977,0.945564078,0.552085942
12978,0.297038862,0.939317392
12979,1.94264397,0.175631549
12980,1.25521789,0.0838316234
12981,1.25521789,0.0838316234
12982,0.480435117,-0.436645164
12983,0.235635968,0.807234952
12984,,
12985,0.117318641,0.0291827571
12986,0.596778442,-0.780661362
12987,0.642595191,0.424674106
12988,-1.3128179,-0.408154957
12989,-1.3128179,-0.408154957
12990,-1.02175343,-0.232485191
12991,0.374873608,-0.400796146
12992,,
12993,-0.666173261,-1.22366375
12994,-0.809129159,-2.09764397
12995,0.0151738159,-1.24469155
12996,-0.441664414,1.5190743
12997,-0.441664414,1.5190743
12998,-0.514330557,1.28321435
12999,0.519398249,0.97037845
13000,,
13001,0.225021596,-1.19148888
13002,0.524875707,-0.571231396
13003,0.441689006,2.13249873
13004,0.302388064,0.182764199
13005,0.302388064,0.182764199
13006,0.674190412,-0.548071965
13007,-1.2275248,0.774821151
13008,,
13009,0.0141594819,-0.498138042
13010,0.464071212,-0.103816551
13011,-1.04692639,-0.505526966
13012,-0.26454012,-0.0408982264
13013,-0.26454012,-0.0408982264
13014,1.51688533,-0.162527379
13015,0.0818527469,1.02732189
13016,,
13017,1.98887865,-1.03982625
13018,1.653432,-0.723638585
13019,1.31149227,-1.12293039
13020,0.886515968,0.483147932
13021,0.886515968,0.483147932
13022,0.197872238,1.65286982
13023,-0.812032329,0.628785904
13024,,
13025,0.76106964,0.844809957
13026,0.541442784,0.0621916316
13027,-0.550252857,0.755217365
13028,0.553246954,-0.441258107
13029,0.553246954,-0.441258107
13030,-0.245605673,0.180259054
13031,0.516502728,-0.430189269
13032,,
13033,-1.23460907,0.29082802
13034,-1.11093018,0.624735563
13035,0.184410225,0.299075643
13036,0.851945855,-1.28592179
13037,0.851945855,-1.28592179
13038,0.325427623,-0.420936385
13039,0.895271327,-0.0393306668
13040,,
13041,-1.15009842,0.650950454
13042,-1.28017804,0.837486902
13043,0.343836897,0.243442558
13044,0.867593617,1.02103625
13045,0.867593617,1.02103625
13046,0.469340725,-0.370570183
13047,-0.0978269751,0.450745335
13048,,
13049,-0.127595724,0.991885645
13050,0.158440737,-0.407950616
13051,0.0152891754,0.411831242
13052,1.10372313,-0.334220787
13053,1.10372313,-0.334220787
13054,-0.513586234,-0.679216713
13055,1.76820636,0.433596583
13056,,
13057,0.158410819,2.06197535
13058,0.34109317,1.54442771
13059,-0.522584747,0.04223576
13060,-0.306952794,-1.24638201
13061,-0.306952794,-1.24638201
13062,-0.774741908,-0.427664384
13063,-1.15851434,-2.31526082
13064,,
13065,0,0.454562326
13066,-0.882108181,0.875963288
13067,-1.15355625,-1.35497924
13068,-0.0819091573,-0.788141846
13069,-0.0819091573,-0.788141846
13070,0.409299389,-0.423285523
13071,0.083186959,0.714798566
13072,,
13073,-0.582076953,0.990155919
13074,0.251238342,0.500998724
13075,0.633319608,-1.19892208
13076,-0.503862085,0.813384392
13077,-0.503862085,0.813384392
13078,0.1425625,-0.32769139
13079,-1.28718358,-1.39600469
13080,,
13081,1.19112802,0.71689341
13082,0.636257864,0.673313377
13083,-1.48328641,0.857065811
13084,-0.854928196,0.140446832
13085,-0.854928196,0.140446832
13086,1.3097198,-0.0412954041
13087,-0.525132032,-1.0435494
13088,,
13089,-0.043616287,-0.983287423
13090,-0.597733806,-0.0208810992
13091,1.23900928,-1.06799846
13092,-0.376545322,-0.572528969
13093,-0.376545322,-0.572528969
13094,0.518972437,-2.0875402
13095,-1.90422836,1.53415805
13096,,
13097,0.402228501,-1.96615276
13098,-0.908285272,-1.51886074
13099,-0.217423583,0.426926341
13100,0.783483346,-2.22312593
13101,0.783483346,-2.22312593
13102,-0.743129113,0.393188928
13103,-0.0387316536,-0.450352724
13104,,
13105,0,-0.671130849
13106,0.697444588,-1.03485381
13107,-0.753820237,-0.638122724
13108,-0.908799963,0.146732561
13109,-0.908799963,0.146732561
13110,-1.27761547,1.24762453
13111,2.10482732,-0.896482533
13112,,
13113,0.0449855723,0.0410420721
13114,-0.940766593,0.303746161
13115,-0.498122527,0.856241578
13116,-0.346668205,0.222599451
13117,-0.346668205,0.222599451
13118,1.06314609,-1.28072675
13119,-0.667341394,-0.736099985
13120,,
13121,1.55862955,0.999869008
13122,1.5125814,0.531045589
13123,-0.902627357,-1.35983189
13124,0.574093387,0.100017699
13125,0.574093387,0.100017699
13126,0.204667956,-1.86617147
13127,-0.453323786,-0.364542414
13128,,
13129,2.07491932,-1.04684867
13130,2.03084074,-1.46252192
13131,0.157688423,-0.747002108
13132,-0.121927322,0.268593668
13133,-0.121927322,0.268593668
13134,-1.75099167,-0.248951478
13135,0.272742516,-0.673619879
13136,,
13137,0.844223601,0.519513259
13138,1.32054738,1.29725688
13139,0.196990836,-0.361312548
13140,0.756573409,0.770657727
13141,0.756573409,0.770657727
13142,0.243965515,-0.641210564
13143,-0.985690945,-1.85234242
13144,,
13145,1.29131646,-1.30087587
13146,1.88631492,0.0610876738
13147,0.0560050937,-0.482491608
13148,-1.03458225,0.65488237
13149,-1.03458225,0.65488237
13150,1.83021087,-2.0949624
13151,0.576807184,-1.79698688
13152,,
13153,-0.505107249,0.652807689
13154,-0.241717387,0.848281729
13155,0.0152686507,-0.155353905
13156,-0.688336748,-1.98016824
13157,-0.688336748,-1.98016824
13158,1.0432669,0.886538729
13159,1.05826538,0.682219542
13160,,
13161,1.28196277,0.964891748
13162,-0.122763661,0.613493971
13163,0.677369893,0.350650567
13164,1.18802743,-0.703683982
13165,1.18802743,-0.703683982
13166,-0.296846956,-1.16713129
13167,1.59202663,-0.744774771
13168,,
13169,-0.0439663585,-1.59062774
13170,-0.126171777,-1.33556672
13171,2.70644397,0.328668652
13172,0.67482421,0.38401415
13173,0.67482421,0.38401415
13174,-0.145994218,1.66591253
13175,1.96483382,0.240075825
13176,,
13177,-0.614016247,0.681086066
13178,0.722654025,0.207772899
13179,-0.601827558,-0.452190865
13180,0.0844312968,1.02605852
13181,0.0844312968,1.02605852
13182,0.272908153,0.862281326
13183,0.577454104,0
13184,,
13185,-2.43086995,-0.0673089391
13186,-0.50830072,-0.348371125
13187,-1.86690994,-0.40315418
13188,0.340568087,-1.76184138
13189,0.340568087,-1.76184138
13190,-0.579275994,0.897686077
13191,0.434369378,-0.562611702
13192,,
13193,0.570584598,1.10753646
13194,0.0422185242,1.42428491
13195,-0.697751084,0.713043449
13196,-1.62964924,2.04124309
13197,-1.62964924,2.04124309
13198,0.450536009,1.84428096
13199,0.864573568,-0.405425307
13200,,
13201,0.151026552,1.17645871
13202,-0.382285794,1.29086045
13203,-0.463731536,0.556658551
13204,0.84752755,0.673484372
13205,0.84752755,0.673484372
13206,0.699125738,-0.858097777
13207,-0.12131564,0.463777916
13208,,
13209,-1.19533879,1.28252458
13210,-2.27858205,-0.0202639102
13211,-0.578891258,-0.810007372
13212,0.627399404,0.957460697
13213,0.627399404,0.957460697
13214,0.180840711,-0.256184864
13215,0.408124287,-1.72812701
13216,,
13217,-1.13218609,-1.07226764
13218,-0.608010859,0.355731859
13219,-0.550208352,0.265070772
13220,0.242420492,1.69077299
13221,0.242420492,1.69077299
13222,-0.943364973,1.39296704
13223,1.3660378,0.38840271
13224,,
13225,0.860087068,0.908614063
13226,1.17637677,0.451983376
13227,-0.748028305,-0.436385464
13228,0.428569255,0.946771204
13229,0.428569255,0.946771204
13230,0,0.425102227
13231,-0.780401417,-1.2637984
13232,,
13233,2.12290955,1.3720238
13234,1.82077963,1.18834376
13235,-0.759460087,0.633997821
13236,-0.538591783,1.14323486
13237,-0.538591783,1.14323486
13238,0.780190241,1.57230344
13239,0.120399338,-0.430676914
13240,,
13241,-0.887619507,-1.07590555
13242,-1.32926199,-1.10473039
13243,1.70034421,-1.34534955
13244,-0.101963787,0.123935881
13245,-0.101963787,0.123935881
13246,0.744584255,-1.28581121
13247,-0.661554553,0
13248,,
13249,0.843747936,1.80859488
13250,1.18256857,0.392705361
13251,0.754270886,0.636643184
13252,-0.0592552715,0.323362295
13253,-0.0592552715,0.323362295
13254,-1.10593567,-0.736390383
13255,0.294835069,1.15212247
13256,,
13257,-1.196054,-0.912747985
13258,-1.83772,-1.330519
13259,1.41272691,-0.0896711458
13260,0.374532679,-0.771263268
13261,0.374532679,-0.771263268
13262,-0.0199802299,-1.38863161
13263,-0.139692594,-0.273196076
13264,,
13265,-1.09280936,0.854422788
13266,-1.10283675,1.75552877
13267,0.575561566,-0.368868764
13268,0.364459625,-1.61869877
13269,0.364459625,-1.61869877
13270,0.286006263,0.410111645
13271,-0.183534817,-0.829579885
13272,,
13273,-1.03156354,0.917029959
13274,0.0195838921,0.753902102
13275,0.0303563128,1.23899678
13276,-0.789047811,-0.511600241
13277,-0.789047811,-0.511600241
13278,1.29801486,-1.04744734
13279,-2.05841628,-1.11013333
13280,,
13281,0.266867625,1.81608536
13282,0.832272651,0.796487233
13283,0.382232385,-0.781986298
13284,0.29411671,-1.77623956
13285,0.29411671,-1.77623956
13286,0.188352314,-0.323792486
13287,-0.0595669886,-0.695804579
13288,,
13289,-1.30396944,0.203077961
13290,0.392415579,-0.369889725
13291,0.542892908,-1.17853487
13292,0.687516827,-0.405755986
13293,0.687516827,-0.405755986
13294,0.0195711416,-0.0209154113
13295,-0.0589460018,0.618299304
13296,,
13297,1.00769465,1.39152123
13298,0.632515601,0.773257075
13299,-0.97340292,1.79877333
13300,1.06459887,-0.624838254
13301,1.06459887,-0.624838254
13302,-1.36101599,0.0808448773
13303,1.06959541,0.142183735
13304,,
13305,-0.728926639,1.11229911
13306,-1.1965074,0.318673438
13307,1.28854509,0.415768196
13308,0.811337084,0.587278872
13309,0.811337084,0.587278872
13310,-0.642726173,1.54972161
13311,0.515756965,-0.0944223887
13312,,
13313,-0.980886254,0.352059819
13314,-1.16807536,-0.614638292
13315,0.483156274,-0.347669784
13316,-0.682925559,0.344502307
13317,-0.682925559,0.344502307
13318,-1.54743474,-0.937477608
13319,-1.01577931,-0.824957612
13320,,
13321,1.02359461,-0.504154978
13322,0.262443617,-0.62267907
13323,0.0361977939,-1.4361205
13324,-1.5189018,-0.315423741
13325,-1.5189018,-0.315423741
13326,-0.305526011,0.225066121
13327,0.0592176475,0.213887487
13328,,
13329,-0.285404117,0.0835901867
13330,-0.961772079,-0.0785288565
13331,-0.060121893,-1.09321565
13332,0.205075922,1.21636055
13333,0.205075922,1.21636055
13334,-0.334415864,-1.71674171
13335,-1.06567781,-0.83989336
13336,,
13337,0.154065054,0.375354902
13338,0.849769264,0.484936723
13339,0.158448378,0.835902709
13340,-0.248877663,0.950354049
13341,-0.248877663,0.950354049
13342,1.2895055,-0.0811779986
13343,-0.72582266,0.970895951
13344,,
13345,0.315963151,0.223676883
13346,1.27256572,0.791407413
13347,0.230084409,0.878078818
13348,-0.877901222,-0.592995385
13349,-0.877901222,-0.592995385
13350,0.020185043,0.352696669
13351,-0.703010539,-0.102645398
13352,,
13353,-0.0431180498,-0.681429709
13354,-0.377862602,-1.48528798
13355,2.45952861,0.991170189
13356,-0.66532972,0.571097514
13357,-0.66532972,0.571097514
13358,1.15969511,1.15082535
13359,0.0594341808,0.659947736
13360,,
13361,0.336456829,-0.217326333
13362,0.65804526,-0.885521467
13363,0.460955995,-0.204314299
13364,1.01888682,-1.66854004
13365,1.01888682,-1.66854004
13366,0.0613502652,1.79224588
13367,0.250678541,0.184270721
13368,,
13369,0.304481211,-1.00963399
13370,0.0204967605,-0.883970668
13371,0.287584645,-1.65470257
13372,-1.96077976,0.098463089
13373,-1.96077976,0.098463089
13374,0.444011328,1.43310249
13375,-1.64561041,0.123227529
13376,,
13377,-0.224312075,-1.88197046
13378,0.484981884,0.0419262438
13379,-1.26160829,0.464126441
13380,0.894454982,-1.16310506
13381,0.894454982,-1.16310506
13382,-2.28564037,-2.81105942
13383,0.58298148,1.25590062
13384,,
13385,-0.987559179,-0.6262105
13386,-0.984831327,-1.64880729
13387,0.31510364,-1.46037106
13388,0.35043571,-1.50515264
13389,0.35043571,-1.50515264
13390,0.36809484,1.01780377
13391,1.58853544,0.125151614
13392,,
13393,1.04089863,-0.815265493
13394,-0.085546658,-0.731437488
13395,1.19922378,-0.0912063822
13396,1.09525838,0.379074818
13397,1.09525838,0.379074818
13398,0.558817767,-0.156482705
13399,-0.198567126,-0.317354476
13400,,
13401,-0.229556912,0.706089046
13402,1.49753466,0.411901754
13403,1.88828196,0.275283953
13404,-2.6449529,0.868416059
13405,-2.6449529,0.868416059
13406,0.361379315,1.07428631
13407,-1.69459647,-2.50519535
13408,,
13409,0.32107796,-0.70150067
13410,0.535527505,-1.06380182
13411,0.66982981,-0.664053066
13412,-0.559212891,0.16565791
13413,-0.559212891,0.16565791
13414,0.472596322,0.523191684
13415,2.35635208,0.876242206
13416,,
13417,-3.33039774,-1.09310264
13418,-1.20235536,0.534772925
13419,-1.1073498,-0.345986881
13420,-0.209650385,0.866381835
13421,-0.209650385,0.866381835
13422,-0.121568136,-0.592248609
13423,1.70050554,0.468551174
13424,,
13425,0.178277521,0.734753499
13426,-0.942076498,-0.670027496
13427,0.956092414,-0.930992201
13428,-0.782642693,0
13429,-0.782642693,0
13430,0.749419795,1.08351404
13431,0.159754511,-0.252027287
13432,,
13433,0.029131706,-2.09167555
13434,-0.0624729928,-1.49339542
13435,-0.986684644,0.196952203
13436,0.612998942,1.48431223
13437,0.612998942,1.48431223
13438,0.215232974,0.985958966
13439,-1.34004971,0.336457594
13440,,
13441,1.45449905,0.792132325
13442,0.409021345,1.08518629
13443,1.33564274,0.352078342
13444,-1.36803539,-0.451764457
13445,-1.36803539,-0.451764457
13446,-0.500184814,1.6686247
13447,1.37216754,-0.637146101
13448,,
13449,1.29289115,-1.47503218
13450,1.37648973,-0.784306839
13451,0.881747149,-1.28883244
13452,1.41889559,-2.12147986
13453,1.41889559,-2.12147986
13454,0.875773176,1.26350212
13455,-0.695771715,1.30598898
13456,,
13457,-0.322511032,1.47161094
13458,0.0412246354,1.01820885
13459,1.24773686,-0.144240746
13460,-0.427843518,-0.449581392
13461,-0.427843518,-0.449581392
13462,-1.38993786,0.0208328914
13463,-1.65919264,-2.28196746
13464,,
13465,1.20690654,-0.587959168
13466,-0.279026851,-0.718152101
13467,1.82795468,0.772591263
13468,0.121675345,-0.80122334
13469,0.121675345,-0.80122334
13470,-1.60404771,-0.186312998
13471,0.549781066,0.57566277
13472,,
13473,0.524959495,0.0285917927
13474,1.20629466,-0.369389045
13475,0.394860649,-0.731343372
13476,-0.438661301,0.502000159
13477,-0.438661301,0.502000159
13478,-1.33816401,-0.226977437
13479,-0.551552643,0.195726729
13480,,
13481,-2.16207251,-0.638336942
13482,-2.15896092,-0.627378529
13483,0.0145914837,-0.51628863
13484,-0.983885425,-1.37153955
13485,-0.983885425,-1.37153955
13486,-0.22737814,0.268406504
13487,0.257526838,-0.481787499
13488,,
13489,-1.1630075,1.41859809
13490,-2.05627082,-0.104509475
13491,2.71013729,-1.36870969
13492,0.239119932,1.2193338
13493,0.239119932,1.2193338
13494,0.0203744181,-0.395690672
13495,0.214060082,-0.0974459046
13496,,
13497,0.231029391,-0.861212625
13498,0.0212469177,-0.423504646
13499,0.425111348,-1.11214103
13500,-1.60349805,-0.563099224
13501,-1.60349805,-0.563099224
13502,-0.611314276,1.89949294
13503,-0.243339404,-2.29207443
13504,,
13505,0.167665462,0.256591184
13506,0.589608065,-0.300741537
13507,-0.345350559,0.843713863
13508,-0.902684899,-0.465402737
13509,-0.902684899,-0.465402737
13510,1.34232798,0.301428637
13511,0.137837072,1.68001368
13512,,
13513,-0.59408984,-0.784976872
13514,-0.570653136,-0.49914331
13515,0.830690913,-1.38263846
13516,1.1085485,0.84121792
13517,1.1085485,0.84121792
13518,1.58085915,-0.258823245
13519,0.0822034089,0.476694699
13520,,
13521,1.35432539,0.0992732298
13522,0.50888418,0.596551818
13523,-1.78703025,0.0785495098
13524,0.409182581,-1.14476398
13525,0.409182581,-1.14476398
13526,1.11426536,-0.833691517
13527,-0.698065025,-1.31658292
13528,,
13529,0.819192053,-1.54547787
13530,0.366451602,-0.0397854775
13531,1.29691286,0.667365933
13532,0.55779468,-0.680665638
13533,0.55779468,-0.680665638
13534,-0.588645315,0.721205758
13535,-0.463093594,0.338367058
13536,,
13537,-0.0704375253,-1.0091354
13538,-0.182777045,-0.104274082
13539,1.56582733,0.393563269
13540,-0.928023311,-0.691664616
13541,-0.928023311,-0.691664616
13542,-1.04679181,1.62693065
13543,-1.57096566,-1.6157549
13544,,
13545,-0.704961858,0.696540264
13546,0.0385721693,0.584896987
13547,1.20251107,0.623272856
13548,1.28362418,0.662015663
13549,1.28362418,0.662015663
13550,-0.481067006,-0.700094304
13551,1.13429286,-0.100964813
13552,,
13553,-0.042879267,1.09332031
13554,-0.676247856,0.754920203
13555,-0.928831097,0.940166496
13556,-1.45638986,-0.900630888
13557,-1.45638986,-0.900630888
13558,0.864005228,-1.22762502
13559,-0.0797702566,-0.494328877
13560,,
13561,-0.998415137,0.422179311
13562,-0.281676696,-0.162763264
13563,-0.117688401,-0.674592768
13564,-0.394296749,-0.538605888
13565,-0.394296749,-0.538605888
13566,-1.59944199,1.04778303
13567,-0.36083933,0.700219401
13568,,
13569,0.599982825,-0.225632381
13570,1.03325315,-0.609432225
13571,-0.81566072,-0.838276686
13572,1.63625085,1.31714959
13573,1.63625085,1.31714959
13574,-1.08866719,0.140589599
13575,-1.42684652,0.548103423
13576,,
13577,0.548106548,-1.51618295
13578,0.255532474,0.249156897
13579,2.1547174,0.44403014
13580,1.03519314,-0.0204173297
13581,1.03519314,-0.0204173297
13582,-2.15662947,-0.12517127
13583,1.21739845,-1.90561614
13584,,
13585,-0.446904814,-0.365183575
13586,0,-0.061094658
13587,0.798144959,-0.505629575
13588,1.23792353,0.22670134
13589,1.23792353,0.22670134
13590,0.947312623,-0.800434602
13591,1.23793956,0.602286082
13592,,
13593,-0.387289247,-1.19410419
13594,0.161517376,-0.991986703
13595,-0.974999336,-0.510455545
13596,-1.94296206,-0.368116832
13597,-1.94296206,-0.368116832
13598,-2.32521315,1.70390001
13599,-0.906124223,-0.0611198207
13600,,
13601,-2.0093877,-0.265630806
13602,0.102998708,-0.160754374
13603,0.848876643,-0.375663469
13604,-0.478178957,-1.1668232
13605,-0.478178957,-1.1668232
13606,-0.0604866082,-0.27081934
13607,-1.5336914,0.749756182
13608,,
13609,-1.27530828,0.66915525
13610,-1.33228426,-0.37699693
13611,-1.44765691,-2.04682732
13612,0.250245113,0.825547385
13613,0.250245113,0.825547385
13614,0.373706719,-1.30428075
13615,2.446909,0.726652273
13616,,
13617,-0.506735002,0.684710858
13618,-0.30364819,0.983090133
13619,-0.800929176,0.846797381
13620,1.07268097,1.04428853
13621,1.07268097,1.04428853
13622,0.85631973,0.0396086269
13623,-0.0797883119,1.23284469
13624,,
13625,-0.986557593,0.691499028
13626,-1.32609611,0.124500049
13627,-0.838187049,-1.50791106
13628,-1.19808371,2.13339682
13629,-1.19808371,2.13339682
13630,0.668817782,-0.723983983
13631,-0.960078927,0.772423849
13632,,
13633,0.220083403,1.64086898
13634,-0.138163448,0.620464511
13635,1.426117,-0.688020349
13636,1.4412655,1.79671967
13637,1.4412655,1.79671967
13638,-0.126934152,0.194865562
13639,-0.507020584,-1.18389516
13640,,
13641,0.798758153,0.0142034999
13642,0.349259328,0.294504406
13643,-0.0603368189,1.26110118
13644,0.181367457,-0.991767833
13645,0.181367457,-0.991767833
13646,-0.674254616,0
13647,-0.355558095,0.0415175824
13648,,
13649,-0.575846384,0.210379579
13650,-0.515679668,-0.733096565
13651,1.50675649,0.779805999
13652,-0.633349042,0.100153385
13653,-0.633349042,0.100153385
13654,-0.92896863,0.464659476
13655,-1.60953563,0.790198941
13656,,
13657,-0.185849747,0.570878778
13658,-0.851256531,-0.12446312
13659,-0.35450603,-0.628097006
13660,-2.18474102,0.476767977
13661,-2.18474102,0.476767977
13662,-0.338474618,1.02869471
13663,-0.481702367,1.0717652
13664,,
13665,0.245485725,0.0141870542
13666,-0.263799224,-0.392604502
13667,1.16341321,0.818924257
13668,-0.0203320288,-0.412447551
13669,-0.0203320288,-0.412447551
13670,1.31467847,-2.13407407
13671,1.08593305,-1.23648446
13672,,
13673,1.61460213,-0.392014364
13674,0.241378891,-0.31903492
13675,0.817612692,-0.12094534
13676,0.688003485,-0.0387690961
13677,0.688003485,-0.0387690961
13678,1.34865014,0.608545122
13679,-0.0625464527,0.90390747
13680,,
13681,0.957477575,0.857694387
13682,0.201123991,1.20501744
13683,0.447868604,0.490759007
13684,-1.24651254,-0.148275493
13685,-1.24651254,-0.148275493
13686,0.968476452,-0.812781646
13687,-1.47109459,0.671559768
13688,,
13689,-0.820260619,0.0445845628
13690,-0.216551034,0.305430117
13691,-0.230359648,0.899121483
13692,-0.448884249,-1.09387015
13693,-0.448884249,-1.09387015
13694,0.880273883,0.556361096
13695,0.99900899,0.710636406
13696,,
13697,-0.0563135215,-0.634242385
13698,-0.678765353,-1.28753819
13699,1.2870042,1.83644439
13700,0.763748343,0.407096021
13701,0.763748343,0.407096021
13702,-2.25717888,-0.374029617
13703,0.401973812,0.907813792
13704,,
13705,0.739254975,0.846232487
13706,-0.28094313,1.58255446
13707,-0.820288849,3.38293267
13708,0,-0.913090854
13709,0,-0.913090854
13710,0.396679335,1.00525415
13711,-1.45175773,-0.615175528
13712,,
13713,0.353338408,-0.0286588533
13714,0.28400136,1.01394006
13715,-2.38982053,-0.786130339
13716,1.51153521,0.898005903
13717,1.51153521,0.898005903
13718,-0.761835197,0.348673356
13719,-1.12377252,1.00654388
13720,,
13721,1.60431196,-2.12763249
13722,1.79918259,-1.86074352
13723,1.53647907,-1.24990972
13724,-1.412993,1.02996021
13725,-1.412993,1.02996021
13726,0.157961939,0.167720862
13727,0.974911584,0.362226318
13728,,
13729,-0.758504023,0.511608
13730,-1.2349244,0.178482066
13731,-0.205639293,0.476924254
13732,-0.305000025,-0.62532652
13733,-0.305000025,-0.62532652
13734,0.743050631,0.940035791
13735,0.45670281,0.419568036
13736,,
13737,0.465551327,0.433063808
13738,0.0196645806,0.638914159
13739,0.119008464,0.102245631
13740,-0.698453212,-1.10203082
13741,-0.698453212,-1.10203082
13742,0.257583593,3.44934329
13743,-0.781411733,0
13744,,
13745,0.382759156,-2.41865192
13746,1.32472866,-2.16274287
13747,-0.0867990032,-0.0289657145
13748,1.9888329,1.15850322
13749,1.9888329,1.15850322
13750,-0.540705907,1.55060053
13751,-1.49918456,-0.620015406
13752,,
13753,1.67995627,1.1090436
13754,1.61839538,1.31208687
13755,0.336522283,0.0458245377
13756,1.7705069,0.155071127
13757,1.7705069,0.155071127
13758,-0.331093867,-1.21298242
13759,-1.40551168,1.12533769
13760,,
13761,0.384990806,-1.73793488
13762,1.35812416,-1.66664418
13763,-0.689272462,-1.41328948
13764,-0.04028533,-1.99842129
13765,-0.04028533,-1.99842129
13766,-0.592004844,1.30044748
13767,1.25000272,1.43452961
13768,,
13769,1.03008252,-0.226175898
13770,0.361402925,-0.673585631
13771,-1.70483674,-1.30682377
13772,-0.517730769,-1.73255304
13773,-0.517730769,-1.73255304
13774,0.799336489,1.40616845
13775,-0.041194073,-0.948142185
13776,,
13777,-1.07044398,-0.116142525
13778,-0.493564857,0.34493618
13779,-0.145585702,-0.617889912
13780,0.30121037,1.22059545
13781,0.30121037,1.22059545
13782,0.707989163,1.3135888
13783,0.196665534,0.56828039
13784,,
13785,0.948549892,-2.26583876
13786,-0.0412070877,-1.34748908
13787,1.60129168,-0.624776416
13788,-1.39352223,-0.75662155
13789,-1.39352223,-0.75662155
13790,0.683859106,-2.60238915
13791,1.33293783,0.803949307
13792,,
13793,1.7503185,0.360026732
13794,2.42941943,0.418700999
13795,-0.0470270771,0.086893078
13796,-0.156576272,0.441742507
13797,-0.156576272,0.441742507
13798,0.293696845,0.161712935
13799,-0.945420309,1.4916497
13800,,
13801,-0.274483765,0.199836526
13802,-0.631631934,-0.158561587
13803,1.36004763,0.113468404
13804,-0.340784108,-2.08036005
13805,-0.340784108,-2.08036005
13806,-0.833204097,-0.102953607
13807,-0.565692369,-0.595078335
13808,,
13809,-1.50803051,-0.100672912
13810,-0.0608670712,-0.145013879
13811,0.90494798,-1.02691657
13812,1.12161087,-0.884229066
13813,1.12161087,-0.884229066
13814,1.91155824,-0.822908381
13815,0.668180206,-0.19792041
13816,,
13817,1.07256007,1.58570334
13818,-0.423870322,0.906964293
13819,-1.17017276,0.656131941
13820,-0.279860595,-1.01008105
13821,-0.279860595,-1.01008105
13822,0.29595359,-0.295174179
13823,-0.161264518,0.551008647
13824,,
13825,-1.06248415,-1.70839246
13826,-0.948683972,-1.70873634
13827,-1.35069187,1.02263224
13828,0.142394443,-0.953442479
13829,0.142394443,-0.953442479
13830,-0.563199136,0
13831,-0.49584999,2.78022579
13832,,
13833,1.3514572,0.738426879
13834,1.35292296,-0.101073327
13835,-1.1063011,-1.23556566
13836,0.78012439,0.418980775
13837,0.78012439,0.418980775
13838,-0.755850373,1.95369229
13839,-1.66860218,-0.14249349
13840,,
13841,-0.447972232,1.08270312
13842,-0.181374472,0.684363037
13843,-1.18071003,0.74548513
13844,0.976596659,-0.583559897
13845,0.976596659,-0.583559897
13846,-0.696357403,0.43351027
13847,0.345142795,-0.207547792
13848,,
13849,1.65681057,1.48264917
13850,0.313441564,1.424057
13851,-0.963731084,0.72529679
13852,1.23979655,0.0818983994
13853,1.23979655,0.0818983994
13854,-0.142281753,0.692695985
13855,2.36411549,-0.70133279
13856,,
13857,-0.196386857,0.0139118733
13858,-0.802624865,1.2285439
13859,1.40692924,-0.28357449
13860,-0.946980501,0.513798697
13861,-0.946980501,0.513798697
13862,0.220485159,0.795743954
13863,0.598250802,-1.88604751
13864,,
13865,-1.08007376,0.31128571
13866,-0.495324201,-0.814782897
13867,1.39589907,-0.178350938
13868,1.28780899,-1.18488083
13869,1.28780899,-1.18488083
13870,-1.43894058,0.672846052
13871,-1.6302715,0.23671634
13872,,
13873,-0.0426859325,-0.869171579
13874,-0.438637175,-1.03464819
13875,-0.583714948,0.43485269
13876,0.318051427,-1.52264012
13877,0.318051427,-1.52264012
13878,0.327486608,0.603263273
13879,0.338116706,-0.803129242
13880,,
13881,1.4071971,-0.157871314
13882,0.903492135,-0.0800335449
13883,1.17736049,-0.405132144
13884,-1.68396142,0.2393678
13885,-1.68396142,0.2393678
13886,0.587598097,-0.0414415641
13887,-0.620359744,-0.691354522
13888,,
13889,-0.751902781,0.163148152
13890,-0.0988339983,1.06548358
13891,0.977159761,-0.119862642
13892,-0.717246854,-0.359828239
13893,-0.717246854,-0.359828239
13894,0.771009899,-0.269331768
13895,-0.245590976,0.530419878
13896,,
13897,0.418273847,-1.56559697
13898,1.58328346,-1.30766068
13899,-0.925070174,-1.31038772
13900,0.506640511,-0.428422088
13901,0.506640511,-0.428422088
13902,1.87695495,1.19861223
13903,0.469990597,0.715096817
13904,,
13905,0.926527086,-1.08539888
13906,0.328028135,0.0614348057
13907,-1.43036371,-0.928522425
13908,-0.549409649,0.530985119
13909,-0.549409649,0.530985119
13910,0.180382418,-0.041237064
13911,1.67656901,-1.96355119
13912,,
13913,-0.945902988,-0.466497019
13914,0.104162644,-1.5297534
13915,-1.08999573,-0.835124126
13916,-0.100022715,2.11625287
13917,-0.100022715,2.11625287
13918,1.68318986,-0.0203865114
13919,-1.03431133,1.46296758
13920,,
13921,0.570233038,-0.453780496
13922,1.10146573,-0.499626763
13923,-0.767970685,1.15483048
13924,1.33461563,1.64171255
13925,1.33461563,1.64171255
13926,1.4987938,-0.567226349
13927,0.121030754,0.965052279
13928,,
13929,0.731895926,-0.0420481883
13930,-0.124136888,0.0808012936
13931,1.28342714,1.49352902
13932,-0.0604537269,1.92264526
13933,-0.0604537269,1.92264526
13934,1.44248943,0.745470034
13935,-0.36527724,0.182624578
13936,,
13937,1.52912017,0.802769905
13938,1.70989859,1.95525739
13939,0.354484296,0.177059277
13940,0.0979130609,-1.01219371
13941,0.0979130609,-1.01219371
13942,-0.0203933951,0.525983081
13943,-1.34110897,-0.603666825
13944,,
13945,-1.2249903,0.251696056
13946,-1.58590933,0.904464156
13947,-0.26001216,0.96032859
13948,-0.568727138,-1.013029
13949,-0.568727138,-1.013029
13950,-0.749941266,0.705358091
13951,-1.65682814,-1.18599124
13952,,
13953,-0.285486143,-0.602053722
13954,-0.204167004,0.992325843
13955,0.733014114,0.471606689
13956,0.400110321,0.939646345
13957,0.400110321,0.939646345
13958,0.509437841,0.54113418
13959,-0.163146906,1.05316042
13960,,
13961,-0.488395316,1.14285899
13962,-1.14641379,1.65587823
13963,0.147006961,0.554640134
13964,0.218599857,-0.250911359
13965,0.218599857,-0.250911359
13966,1.46235067,0.91966815
13967,0.773312532,-0.866959405
13968,,
13969,-1.08483738,-0.753770204
13970,-1.30949554,-1.15786615
13971,-1.33408808,1.14950139
13972,-0.919964749,-0.602646581
13973,-0.919964749,-0.602646581
13974,0.187365633,-0.55587978
13975,0.120760615,0.892648437
13976,,
13977,0.696685917,0.358430501
13978,0.257592717,-0.510647251
13979,-1.2276436,1.34974707
13980,-0.410180813,1.86068988
13981,-0.410180813,1.86068988
13982,2.12358534,0.939616933
13983,0.0199992081,0.396057642
13984,,
13985,0.0982387622,-0.401194011
13986,-0.66922302,-1.83235293
13987,-1.56149435,0.564447151
13988,0.656267919,2.26952157
13989,0.656267919,2.26952157
13990,-0.273591952,0.303179619
13991,1.05931896,0.0407867264
13992,,
13993,-0.028856095,1.54164802
13994,0.280796084,2.52453878
13995,1.67285831,2.84277736
13996,-1.76598527,-0.594550056
13997,-1.76598527,-0.594550056
13998,-0.367981082,-0.619858645
13999,-0.770520783,1.4733479
14000,,
14001,-0.288715689,-0.444863221
14002,-1.02175343,-0.232485191
14003,0.424079581,1.07748073
14004,-0.968899135,-1.39121494
14005,-0.968899135,-1.39121494
14006,-0.971138569,0.262376089
14007,0.123130072,0.249145052
14008,,
14009,0.584615669,1.80827733
14010,1.19936892,1.08132659
14011,1.30936904,-0.601419445
14012,-0.197384738,-0.889814291
14013,-0.197384738,-0.889814291
14014,0.327234857,0.24183669
14015,-0.56228138,0.0202538242
14016,,
14017,2.0652671,1.4404373
14018,2.56790955,0.836307971
14019,0.259065305,0.182446367
14020,-0.609590182,-1.70500727
14021,-0.609590182,-1.70500727
14022,-1.2791629,-0.10378314
14023,0.237964243,0.913863138
14024,,
14025,1.35750077,-0.51661362
14026,0.978669277,0.287526037
14027,-0.568123062,0.0782971089
14028,0.0406049718,-0.221212507
14029,0.0406049718,-0.221212507
14030,-0.226235092,-1.98688503
14031,-0.533918001,0.059558162
14032,,
14033,0.615995299,0.783375047
14034,0.197872238,1.65286982
14035,0.149502803,-0.882943815
14036,-0.567412551,1.30328565
14037,-0.567412551,1.30328565
14038,0.538986884,-0.118717169
14039,1.08693046,0.488577269
14040,,
14041,0.0430960557,-0.629238
14042,-0.287461318,0.539669267
14043,0.846646115,0.607639754
14044,0.533954349,-0.119837683
14045,0.533954349,-0.119837683
14046,0.880748854,1.1194708
14047,1.31269685,0.542281841
14048,,
14049,-0.662919159,0.767009741
14050,0.144321959,-0.20320316
14051,-1.65954371,-0.929500715
14052,-0.708280993,0.101010243
14053,-0.708280993,0.101010243
14054,-0.0203109961,-0.336771363
14055,2.00849233,1.09088552
14056,,
14057,-0.375560884,-2.26075591
14058,-0.0791829357,-1.62624194
14059,0.0597777523,-1.14076342
14060,0.654803526,-0.597891198
14061,0.654803526,-0.597891198
14062,-1.30312314,1.05568975
14063,-1.57670103,0.335132126
14064,,
14065,-0.128603829,-0.777086434
14066,-0.513586234,-0.679216713
14067,0.0621494569,-0.840519218
14068,-0.937267603,-0.300424508
14069,-0.937267603,-0.300424508
14070,0.0601785078,0.201783166
14071,-1.00055934,0.37025921
14072,,
14073,-0.723064293,-0.508990607
14074,-0.713178837,0.138967672
14075,-1.18144512,1.00124516
14076,0.492498974,-0.0999962408
14077,0.492498974,-0.0999962408
14078,0.918292046,0.937817706
14079,0.72671526,0.934365116
14080,,
14081,-0.370574341,-0.096177617
14082,-1.28880953,-1.05638903
14083,1.24142624,0.982820803
14084,0.625034653,-0.448420351
14085,0.625034653,-0.448420351
14086,0.0819256036,-0.367808525
14087,0.777381112,0.324085345
14088,,
14089,-1.09910595,0.0288738009
14090,0.469764898,0.692857457
14091,-0.242531295,-0.325037564
14092,-0.306334206,0.124176193
14093,-0.306334206,0.124176193
14094,-0.676337552,0.781247513
14095,-0.0618021172,1.57139468
14096,,
14097,1.21909747,-0.329458069
14098,1.3097198,-0.0412954041
14099,-0.285542051,-0.796854526
14100,0.36708092,0.805064707
14101,0.36708092,0.805064707
14102,0.633040364,-1.83717294
14103,-0.788131787,0.102594696
14104,,
14105,-1.33286437,-0.922499337
14106,0.845447913,-1.07190787
14107,2.79714995,-1.90791559
14108,-0.467954821,0.196226063
14109,-0.467954821,0.196226063
14110,-1.67408384,-1.53778498
14111,-0.312586763,0.0616646657
14112,,
14113,-0.258158147,-0.621703559
14114,-0.346658089,0.599221129
14115,0.380495026,-0.155184283
14116,0.407305552,0.318134929
14117,0.407305552,0.318134929
14118,-1.69429655,-0.747613679
14119,0.460670942,-0.836081753
14120,,
14121,0.353035013,-0.0288930203
14122,0,-1.24013925
14123,1.40752447,1.4361819
14124,-2.14473256,0.583131597
14125,-2.14473256,0.583131597
14126,-0.662699302,0.24205361
14127,0,-0.350844836
14128,,
14129,0.219773831,-0.623475325
14130,1.06314609,-1.28072675
14131,0.764248836,-0.20116832
14132,-0.304785343,-0.444565817
14133,-0.304785343,-0.444565817
14134,2.52292297,-0.274086903
14135,0.374574042,-1.40056174
14136,,
14137,0.547434564,-1.82905251
14138,-0.184019938,-1.20709706
14139,0.390233074,-0.902709266
14140,1.93279787,0.563998061
14141,1.93279787,0.563998061
14142,-1.62344769,-0.994246681
14143,-0.557476805,0.550818893
14144,,
14145,-1.03009013,2.58524689
14146,-1.38520958,1.22492525
14147,-0.0456195874,0.492141256
14148,-0.258052233,0.541425323
14149,-0.258052233,0.541425323
14150,0.327181697,0.431905189
14151,-0.040237895,0.0400754006
14152,,
14153,0.204703116,-0.822223919
14154,0.644313086,-1.45161935
14155,-0.984125775,-3.20755479
14156,0.543851125,0.581160859
14157,0.543851125,0.581160859
14158,-1.2703772,-0.675179945
14159,-0.636340481,-0.31621074
14160,,
14161,0.0429107847,-1.68180248
14162,1.83021087,-2.0949624
14163,-0.275697994,0.180071366
14164,0.576427199,-0.705708732
14165,0.576427199,-0.705708732
14166,0.381050627,-1.6508054
14167,-0.209457809,0.603702564
14168,,
14169,2.05827896,-0.5364132
14170,0.216680299,0.481457438
14171,0.0763248823,1.21747904
14172,-1.06788048,-0.166696408
14173,-1.06788048,-0.166696408
14174,0.274115212,0.0614831608
14175,0.899546058,1.73071239
14176,,
14177,0.954426866,0.390696863
14178,1.04938468,-0.08241514
14179,-1.85210763,0.79157883
14180,1.37959256,-0.371076647
14181,1.37959256,-0.371076647
14182,-1.28646338,0.417703396
14183,-0.305792575,0.279782429
14184,,
14185,-1.82708324,-0.498749639
14186,-0.233772703,-0.959723267
14187,-0.0289866746,-1.51697766
14188,0.429604981,0.285870842
14189,0.429604981,0.285870842
14190,-1.59970152,-0.266163786
14191,-0.722313661,-0.205927455
14192,,
14193,-0.028203874,-0.232271308
14194,0.272908153,0.862281326
14195,1.11458805,-1.38229647
14196,0.156476703,0.899884537
14197,0.156476703,0.899884537
14198,1.70715868,0.0417982755
14199,0.660325128,1.21831872
14200,,
14201,1.48032229,0.126363505
14202,1.12035722,-1.16701856
14203,-0.732124152,0.473379621
14204,-1.89444772,-0.486856964
14205,-1.89444772,-0.486856964
14206,-0.15724435,-0.508192725
14207,-0.506940113,-0.0617558919
14208,,
14209,1.06321415,0.246580948
14210,-0.45704619,0.430113023
14211,-0.505784007,-1.40884023
14212,0,-0.659685608
14213,0,-0.659685608
14214,1.75999916,-2.66412663
14215,-1.7188029,-0.35749997
14216,,
14217,0.567642985,-0.743296822
14218,0.939974086,-1.20908325
14219,-1.13798751,-0.475621529
14220,0.141687938,1.06117077
14221,0.141687938,1.06117077
14222,0.997578747,0.628901893
14223,0.94465424,-0.643707133
14224,,
14225,0.444205509,1.15525155
14226,0.180840711,-0.256184864
14227,0.245027429,1.86813321
14228,-1.40532884,-1.32863408
14229,-1.40532884,-1.32863408
14230,2.07679174,0.556221634
14231,-0.950905723,0.804341742
14232,,
14233,-0.204137415,-0.630067037
14234,-0.885977366,-0.10305879
14235,-0.125701027,0.467550552
14236,2.36541285,-1.0204513
14237,2.36541285,-1.0204513
14238,-0.81492003,-1.1713892
14239,-1.06423173,0.362380457
14240,,
14241,-0.459666893,-0.372143327
14242,-0.901645303,0.262263659
14243,0.273092982,1.10213832
14244,-2.18983366,-0.619282197
14245,-2.18983366,-0.619282197
14246,0.442273745,1.32496112
14247,0.82714767,-0.502391231
14248,,
14249,1.08276596,-1.03472941
14250,0.33662684,-0.834100723
14251,-1.82560592,-1.55670848
14252,-0.857380505,0.16120395
14253,-0.857380505,0.16120395
14254,0,1.67793546
14255,-1.03026493,-0.216603639
14256,,
14257,0.523005965,-0.615810355
14258,0.744584255,-1.28581121
14259,2.24792771,0.0143514931
14260,1.06042283,-0.79621431
14261,1.06042283,-0.79621431
14262,-0.672845994,0.520518896
14263,-0.266478089,0.854739933
14264,,
14265,-1.35671165,-0.522587074
14266,-2.15211765,0.0797485588
14267,1.03512767,1.53424742
14268,-1.87776958,-0.180476563
14269,-1.87776958,-0.180476563
14270,-1.09243248,-0.880517427
14271,1.13746459,-1.80800545
14272,,
14273,0.127554607,0.356833022
14274,-0.159151855,-0.448599653
14275,-0.572539869,-1.13449527
14276,-0.490291835,0.95185322
14277,-0.490291835,0.95185322
14278,0.0634835633,0.474680372
14279,0.551028435,0.0625310591
14280,,
14281,0.788867521,1.49734974
14282,-0.300728207,1.25623173
14283,-0.146184244,0.6456087
14284,-0.811303642,0.0607752206
14285,-0.811303642,0.0607752206
14286,0.306531003,-0.868030265
14287,-0.675598269,-0.403862366
14288,,
14289,0.879472649,-1.76324617
14290,1.29801486,-1.04744734
14291,-0.407805287,-0.172896612
14292,-0.36245005,-0.243739639
14293,-0.36245005,-0.243739639
14294,0.405015069,1.97879514
14295,-0.300083192,1.10813322
14296,,
14297,-0.476329836,-0.258299478
14298,-0.208662488,-0.576346397
14299,-0.104865329,-0.144567979
14300,-0.314337771,1.46045893
14301,-0.314337771,1.46045893
14302,-0.908203944,0.373295568
14303,1.2938839,0.204978073
14304,,
14305,-0.501543804,-1.14510022
14306,-0.156523986,-1.39203295
14307,1.89717302,-0.531512029
14308,-0.954733965,0.100095022
14309,-0.954733965,0.100095022
14310,-0.416062448,0.211353368
14311,0.22370424,-0.996558677
14312,,
14313,0.0672314237,-0.341565875
14314,0.567516254,-0.419116134
14315,-0.251374482,-0.723405235
14316,-0.684489403,-0.254378935
14317,-0.684489403,-0.254378935
14318,0.774859478,-0.413494339
14319,-0.365408509,1.24877807
14320,,
14321,-0.436289269,1.11085464
14322,-0.642726173,1.54972161
14323,0.36198768,-1.45887552
14324,0.241852447,-1.74362649
14325,0.241852447,-1.74362649
14326,1.4580113,-0.471198315
14327,-2.75904716,-0.506943247
14328,,
14329,0.512057529,-0.962195312
14330,-0.647608236,-2.26452471
14331,2.03631364,0.606146754
14332,1.90100129,-1.07986902
14333,1.90100129,-1.07986902
14334,-0.599110241,0.842561308
14335,0.401108458,-0.902488327
14336,,
14337,,
14338,0.395884367,-0.207314985
14339,-20.3129557,-1.06864282
14340,0.962472371,-2.13258471
14341,1.03127597,0.773119053
14342,1.74563063,0.488046682
14343,16.1049667,0.227538446
14344,3.4153537,-1.99011631
14345,0.655394596,-0.629884495
14346,0.04141381,-0.426352865
14347,-4.85030174,-0.630463656
14348,-1.97134988,1.18567456
14349,0.91190599,-1.32333926
14350,0.271784161,0.427241361
14351,0.243961724,-1.3074617
14352,-0.808892081,-1.58013141
14353,-6.80865579,-0.620581475
14354,-0.101255172,-0.11604323
14355,0.65229986,-0.845324517
14356,-20.3146215,-1.58362985
14357,-3.05989667,1.55983586
14358,-0.417577951,0.816851514
14359,0.302883023,-0.258987414
14360,-0.0616079356,0.708901339
14361,,
14362,-0.973153382,0.199520527
14363,-0.346801808,0.89400632
14364,-2.67209178,0.278775529
14365,-1.48376776,-0.692526705
14366,-1.57042602,1.69943333
14367,-15.0469261,1.22959321
14368,-8.95241707,1.47222284
14369,-0.941826936,1.0901093
14370,-0.466681703,1.45901436
14371,6.91380823,-0.379756041
14372,2.01296677,1.30711111
14373,0.505043983,-0.884805637
14374,0.8577612,-0.624308672
14375,0.120777415,0.605314291
14376,1.49925813,-1.9138383
14377,3.83649488,-1.77949131
14378,-0.840659331,0.338032933
14379,0.743598096,0.490014633
14380,8.24474116,-0.771541673
14381,-1.26445055,-0.0282789136
14382,-1.56249572,0.818407323
14383,1.20786615,0.257531899
14384,-0.974251617,0.740513708
14385,,
14386,9.77980117,-0.458825461
14387,15.4421663,-0.0145134885
14388,2.25888054,2.31328921
14389,-0.308011031,-1.27593845
14390,0.304031252,-0.994179742
14391,-1.14659417,1.90594358
14392,-0.261125574,-1.67191094
14393,0.447531752,-0.0392703843
14394,-0.202520232,-1.26846866
14395,-7.09519719,1.14470665
14396,0.61825389,0.75708065
14397,-0.102385317,0.217357758
14398,1.00182554,0.0202607827
14399,1.12610832,0.101634454
14400,1.64209532,1.34274425
14401,-1.09250472,-0.233040074
14402,-0.49697332,0.733981342
14403,-0.737631391,0.908071045
14404,22.3814713,1.02596374
14405,0.961731268,-0.290223272
14406,-0.492430897,1.91271382
14407,-0.817885672,-0.915946879
14408,0.0598903764,1.97103836
14409,,
14410,0.374486674,-0.0190898185
14411,-11.7845256,-0.44057711
14412,0.771176976,1.2426409
14413,-0.604196399,0.626699909
14414,0.060027357,-1.59691605
14415,28.2826208,-0.784024365
14416,6.88355572,-1.54884281
14417,0.360719263,-2.04485432
14418,1.02269845,0.382382874
14419,-5.45474785,-0.322352729
14420,4.18339886,2.7660471
14421,0.161976064,0.3407332
14422,-1.4216949,0.0607527287
14423,-1.33363512,0.917406392
14424,0.42332425,-0.799578479
14425,6.0106761,-0.83201874
14426,-0.40295944,1.3493205
14427,0.789384152,0.0408031039
14428,6.89562491,0.44883422
14429,4.07157622,0.627823875
14430,0.50186426,-0.722713202
14431,-0.140210227,1.87818732
14432,-1.7754425,0.54613278
14433,,
14434,9.34084134,1.24761809
14435,20.3245238,0.917922163
14436,-0.133314882,-1.25514274
14437,-0.769337198,0.837808188
14438,0.874864874,-1.95369567
14439,-12.3120186,-0.669637083
14440,-2.94487719,0.152953104
14441,0.719404529,-0.795505064
14442,-0.370999202,1.82277081
14443,-5.80781143,0.320833871
14444,1.7925021,0.997307563
14445,-0.730770716,1.36580416
14446,-0.452875633,0.214396094
14447,0.8732662,0.545084396
14448,-2.0195826,1.12883428
14449,6.53191134,-0.691420185
14450,-1.98965302,1.08936735
14451,0.559611379,1.4612378
14452,5.63016637,0.669079062
14453,0.0147853407,0.136257724
14454,0.546063352,0.569633674
14455,-0.506087594,-0.376563908
14456,1.81256529,0.835723102
14457,,
14458,13.5087301,1.00931941
14459,-0.432962442,-0.940740314
14460,-2.87342325,1.85710727
14461,-1.20727417,-0.306025992
14462,-1.04373568,-1.53915851
14463,-1.54430349,-1.68670241
14464,-2.32018125,-1.40284935
14465,-0.0402499832,-0.0396298633
14466,-0.563818179,1.18321212
14467,-2.32322032,0.338827252
14468,-0.175918899,-0.0997154283
14469,0.122164875,1.58135206
14470,0.702504683,-0.80158868
14471,0.848193433,-1.10626445
14472,0.781978419,-0.631605874
14473,3.54999395,-0.747401393
14474,-1.00277997,0.6759086
14475,-1.07931727,0.825061327
14476,1.05803445,-2.24584381
14477,-0.577065394,-0.408193488
14478,-0.309936993,-0.347941529
14479,-0.748818197,-0.146644736
14480,-0.479317189,-0.573857928
14481,,
14482,20.3855132,0.585054609
14483,26.8006752,0.119259749
14484,0.71705639,0.710753028
14485,-0.546112252,0.0197608791
14486,-0.396966524,0.392630553
14487,-19.5438677,-0.101258201
14488,-2.71671543,0.142502694
14489,0.230103333,0.390349486
14490,2.59400164,-0.0392784313
14491,21.0814862,0.665018321
14492,0,-1.07259299
14493,-0.493389824,0.406599504
14494,1.1505949,-0.948377494
14495,-2.38610081,-0.0206976654
14496,0,0.347974117
14497,0.915671387,-1.18071738
14498,2.1897306,-0.19988361
14499,1.19829974,1.11838553
14500,14.0138316,-0.305539307
14501,0.88404326,-1.26473116
14502,0.734714702,-0.911723741
14503,-0.980041775,-1.02356009
14504,-0.432977869,-0.909812637
14505,,
14506,-4.16892278,1.1905351
14507,-5.39114221,1.90586433
14508,0.592198667,-0.625550002
14509,0.210022042,-0.0614160891
14510,-0.680948298,1.68258585
14511,2.26542223,-0.39419236
14512,2.11738824,-0.301958948
14513,0.18008171,0.470905159
14514,0.565457609,0.585616929
14515,-19.0669156,0.280869465
14516,-2.63243656,-0.669954731
14517,0.737508509,1.44328996
14518,0.0957724112,-1.02925643
14519,2.02311483,0.0783670244
14520,-0.373463475,-1.02139847
14521,-0.480516947,-0.0420163424
14522,-0.265015263,2.41308329
14523,0,0.562870886
14524,-6.59456471,-0.833747875
14525,0.168233767,0.0872819479
14526,-0.39848391,-0.0805606665
14527,1.49417617,1.96963314
14528,0.687457002,0.166069612
14529,,
14530,0.162084361,-0.174412846
14531,1.30567131,-1.51359248
14532,1.82783757,0.476293866
14533,1.03643111,-1.44614743
14534,-0.458605614,-0.594473659
14535,14.5168002,0.506787188
14536,3.14114808,1.83504188
14537,1.00136605,-0.374382495
14538,1.43398117,-1.00120887
14539,20.9536729,0.419162945
14540,-1.39229177,0.210452008
14541,1.86451429,-1.49635502
14542,0.344269709,1.55578724
14543,0.84675601,0.0212037794
14544,1.36561788,-0.826239208
14545,-12.209596,-0.915045643
14546,0.513646,-0.957560011
14547,-0.422673952,-1.84742686
14548,-6.18667936,-0.894766784
14549,-1.12316043,1.11753271
14550,-0.183487012,1.02650689
14551,2.5418502,-2.48152456
14552,-1.24737586,-1.06615776
14553,,
14554,15.7294642,0.664348229
14555,12.5284777,-0.170706705
14556,3.13785762,-0.494884584
14557,-0.358131267,2.45072816
14558,1.01236676,-0.532278083
14559,-0.729305452,0.744624212
14560,1.10480118,-0.332681641
14561,1.04316219,-0.696150239
14562,-0.519379718,-0.674303844
14563,-12.6665085,1.14543535
14564,-4.16767294,2.02963795
14565,-0.836612442,-0.83058443
14566,0.612036343,-0.144016651
14567,-1.00552022,0.310605745
14568,-0.912188635,-1.34481864
14569,-1.48675835,-0.880717921
14570,0.0209420163,0.0413449115
14571,-0.0405821717,1.30038082
14572,-13.8164984,0.779904623
14573,-1.01625998,0.861182496
14574,-0.547034381,-0.0199216756
14575,0.749280285,-1.008422
14576,0.630681149,-0.0811452543
14577,,
14578,-7.96344765,-0.342040325
14579,-19.6781374,0.290639993
14580,-0.184757818,-1.16394551
14581,-0.548972795,-0.503038474
14582,-0.437935868,-0.673808488
14583,-19.9152019,0.57628739
14584,1.88213812,1.01489871
14585,-0.0955019655,1.20562552
14586,0.454120879,0.719964115
14587,-4.2145541,2.04535906
14588,2.47420024,1.88194688
14589,0.482491689,-1.59366184
14590,-1.41055056,1.46875209
14591,-0.487453071,0.779149453
14592,0.0790389914,0.0997660865
14593,6.81979794,1.55299745
14594,-0.0410089605,-0.373673174
14595,0.874652686,-0.12160117
14596,13.071973,0.525670123
14597,1.71559542,-0.325128165
14598,0.360895481,-0.858406758
14599,1.1082981,0.38725821
14600,0.324862261,-0.481710854
14601,,
14602,-0.371846006,-1.25410921
14603,-1.02621593,0.0287410888
14604,2.99022021,-0.66335491
14605,1.63638808,-1.93210332
14606,2.04022239,0.586097255
14607,6.8892314,1.32333357
14608,-0.362093646,-0.183435772
14609,-1.2893371,0.529689409
14610,-0.328370427,-0.596779498
14611,-7.76561763,3.14721799
14612,-3.15146948,-0.0150906732
14613,-0.138239054,1.13537676
14614,0.75069078,-0.52139773
14615,1.10652277,1.15358999
14616,2.07102995,0.396436756
14617,-6.23790919,1.29543812
14618,0.0645882918,-0.225203208
14619,0.569895543,0.784683091
14620,1.4858922,-0.103073247
14621,-0.709327834,2.37397059
14622,-1.43688446,-1.48611123
14623,-0.620922264,0.229034784
14624,0.86449624,0.713123925
14625,,
14626,-4.83010387,-0.267141074
14627,-9.17946275,0.70333586
14628,-8.12534428,-1.63237462
14629,-0.934662081,-0.974740706
14630,0.422502398,-0.706388879
14631,-11.5866606,0.388014391
14632,-10.081456,1.20063269
14633,0.878806833,0.200278073
14634,0.307858162,-0.62641335
14635,-20.0691131,-0.122731687
14636,-0.647646331,-0.887501335
14637,-0.848230565,-0.740552189
14638,-1.65756098,-0.55212461
14639,-0.541922849,-0.8564123
14640,0.690079951,1.14439619
14641,1.50007907,-1.03700935
14642,1.01675614,0.390897362
14643,-0.806680039,1.55732089
14644,-19.0433846,2.95073126
14645,-2.25155691,0.184712326
14646,-0.488811857,-0.61878935
14647,-0.71284528,-2.03114135
14648,-1.18363958,0.789545303
14649,,
14650,11.7424083,1.28463981
14651,6.51457741,1.09685215
14652,0.932772808,-1.69515317
14653,2.044219,-0.43913447
14654,0.165119878,-0.770419967
14655,8.61681432,0.157237183
14656,0.491707072,-1.08763769
14657,2.36897311,0.421588185
14658,-0.536468777,1.5938286
14659,14.4604135,-0.647271194
14660,-1.92773603,0.720352544
14661,0.0407821358,-0.423176949
14662,-2.18421374,-0.572990356
14663,-0.500983597,0.761934417
14664,0.832006636,-1.92600071
14665,-2.92352975,-0.595965565
14666,-0.649636599,-0.203628436
14667,0.126278605,-0.358135014
14668,7.81835054,-2.8226092
14669,2.4777333,-1.26675001
14670,-1.68772657,-1.21213842
14671,-0.510448175,0.346741211
14672,0.884057222,0.142181089
14673,,
14674,11.1149025,0.31362554
14675,6.22982344,0.0437410397
14676,3.07676778,0.905106117
14677,-0.14238706,-0.277348833
14678,-0.179325405,0.15930932
14679,-5.35685754,0.431337182
14680,-0.907766622,0.129274261
14681,-0.766844966,-0.471093271
14682,-1.06325015,0.583925051
14683,0,0.508877599
14684,5.12799084,1.26850351
14685,1.18922853,0.473670149
14686,-1.16910344,0.832681968
14687,1.33247479,1.06358706
14688,1.05632382,-0.708130001
14689,3.42115001,0
14690,-1.06984082,-0.59799318
14691,0.880619232,3.12582876
14692,7.66978321,-0.446125899
14693,3.5040825,1.73500262
14694,-0.74873184,-2.31504231
14695,1.23499427,0.193703973
14696,0.144261725,0.404350667
14697,,
14698,-15.1375709,0.183522193
14699,-20.0453247,0.735584825
14700,1.11688286,-0.414689443
14701,0.141972496,-0.427582614
14702,0.265063305,-0.29707946
14703,-0.18262936,-0.182636447
14704,0.945553683,0.489697765
14705,0.50320167,0.863603948
14706,-0.0811117972,-0.956158293
14707,-13.7706683,0.467017084
14708,-1.19977518,-0.483625829
14709,-0.696391792,-0.232233246
14710,-1.35233611,1.41890876
14711,0.144083922,0.282921735
14712,-1.7289809,-0.0812122928
14713,-3.70629966,2.15119355
14714,-1.38034419,-0.437277843
14715,-1.65453334,0.0205949673
14716,11.3871087,0.100425829
14717,1.49406,-0.105197202
14718,-1.76602713,-0.0799437586
14719,-1.51605408,0.0602263877
14720,-0.550281166,0.347912697
14721,,
14722,12.9106854,0.236449686
14723,1.90094087,-0.433617535
14724,0.577989045,1.87106835
14725,-0.161920676,0.687371489
14726,-1.82051201,1.49851417
14727,-0.973051059,-1.45695731
14728,-1.15926569,-0.751230068
14729,1.31234299,-0.90210647
14730,-2.16218258,-1.01635125
14731,-0.76404245,-1.37555831
14732,0.509095292,1.1568154
14733,0.245764409,1.16093366
14734,1.19856618,-0.437030828
14735,0.942302587,0.993569856
14736,1.98875725,-1.56073679
14737,-2.8636102,-0.172542561
14738,-0.257790151,-0.137807345
14739,-0.85520323,-2.51239855
14740,15.0235994,-0.927007347
14741,0.547203386,0.422925361
14742,-0.712196571,1.44928482
14743,-0.776796878,1.3954551
14744,0.241345853,0
14745,,
14746,-9.33624378,0.640564806
14747,-6.85876637,0.450679915
14748,-2.49274319,-0.0865306872
14749,-0.322303288,-0.240069805
14750,-1.32440876,0.769707661
14751,18.625203,1.04638654
14752,-0.286525963,1.69121903
14753,0.897660134,-1.02092889
14754,1.55502777,1.27049569
14755,-20.9771233,-0.819275681
14756,-12.3018128,1.29899455
14757,-1.51391215,1.00875584
14758,0.596968549,-0.350204548
14759,-0.520075084,-0.061302736
14760,-0.304246852,-0.55718405
14761,-12.979783,2.27794332
14762,0.381523823,-1.33595119
14763,-0.492498974,-1.06561124
14764,26.0048434,0.36329792
14765,-0.520705264,0.26167292
14766,-1.48693437,-0.642666396
14767,0.0396686054,1.02909165
14768,0.469291751,0.602557005
14769,,
14770,-5.21465783,0.561792854
14771,-13.1730663,1.80408631
14772,-1.59503793,1.89971421
14773,0.866918917,2.65553792
14774,-0.446991447,0.771754401
14775,-6.79606886,-0.085616599
14776,-0.359590484,-0.50532458
14777,-0.122504426,1.65654342
14778,2.44638407,-0.781380287
14779,11.9477569,0.917075546
14780,-3.88008602,-1.16976346
14781,-0.099503719,-0.0208346592
14782,0.488789018,0.623036316
14783,-0.414590113,-0.957787001
14784,0.647585693,-0.965785327
14785,-13.3502222,0.109040696
14786,1.0456068,0.441207843
14787,2.21212901,0.729401311
14788,-5.82418384,-0.588250628
14789,-6.58709431,0.400850951
14790,-0.71775133,0.741076923
14791,-0.8398199,2.00884335
14792,1.36953308,1.14337781
14793,,
14794,0.218625335,-1.23466128
14795,7.58710015,-1.13928829
14796,-1.66577749,1.26353309
14797,1.31466165,-2.82500426
14798,-0.961357719,-0.779084877
14799,2.72266882,0.715370643
14800,-0.423431199,0.656640602
14801,-0.976420121,-0.624401695
14802,1.72160371,-0.527830282
14803,-5.74638996,-1.45808282
14804,2.76345564,-0.874926284
14805,-1.09838966,0.605982465
14806,0.499889275,1.11570931
14807,1.12436132,-0.815476171
14808,-0.989540117,-0.294516926
14809,5.09051698,1.06418212
14810,-1.38935303,-1.28151044
14811,-1.09222692,1.79359923
14812,32.3676249,-1.17979492
14813,0.0294551097,-0.897598281
14814,0.546560663,-0.728554031
14815,0.772663927,0.73290622
14816,-0.140989265,-0.948602468
14817,,
14818,0.538632662,1.58181733
14819,-0.567972186,-0.660431037
14820,-4.72217002,-0.604792998
14821,0.931846071,-1.14315855
14822,1.29800605,-1.01048441
14823,-0.944921969,-0.540073404
14824,-0.445801582,0.663475247
14825,-0.67513603,0.541078995
14826,-0.338541895,0.573238809
14827,-6.79970966,-0.417417255
14828,0.835811796,-1.15056517
14829,1.24222964,-0.826104156
14830,-0.447078055,-1.07031817
14831,-0.672691021,-1.16342805
14832,-0.931350887,-0.0197867675
14833,6.09201781,-0.264522494
14834,-0.100322,-0.198363955
14835,0.710570491,0.300914389
14836,-6.60424289,0.256216043
14837,0.811520942,0.648477891
14838,0.0807114545,0.369521361
14839,-0.734018559,1.99106132
14840,-0.245942611,0.751715179
14841,,
14842,4.45359914,-0.178699018
14843,0.204889896,0.84322119
14844,3.52688443,-0.117068846
14845,0.148617489,-0.041177308
14846,1.01951403,0.139503357
14847,2.44422214,-0.125635397
14848,7.93415742,-1.05437384
14849,0.538374914,-0.334799132
14850,-0.697181715,-0.389976728
14851,-10.5863548,-1.34643199
14852,-5.66628805,0.605034271
14853,1.26805624,1.2040942
14854,1.76937652,0.969302324
14855,0.387524578,0.0399659983
14856,-1.22170664,0.729049297
14857,-5.42527491,1.19544664
14858,-0.0406325173,-0.554810989
14859,-0.741170823,-0.409735295
14860,12.1014948,0.071310584
14861,2.54494542,0.748147866
14862,-2.27698883,-0.702574484
14863,0.516118935,-0.608112909
14864,1.35022118,0.101926824
14865,,
14866,-8.89783064,-2.93313384
14867,-18.6863758,-1.28523506
14868,2.78931453,-0.171922688
14869,-0.872388057,-1.43674347
14870,-0.907230726,-0.335306193
14871,14.1307358,-0.256194839
14872,1.1437052,0.637196317
14873,0.041506825,2.47306489
14874,1.04183554,-0.74403771
14875,1.00721233,0.529189597
14876,5.53919257,-0.714584297
14877,-0.627232761,1.02334635
14878,0.230004104,0.530497591
14879,-0.982492349,0.550729162
14880,0.0633081695,-1.4294208
14881,7.88169689,-1.74666313
14882,-0.279574306,0.571354737
14883,-1.17336376,-0.0209831567
14884,0.454862664,0.259094981
14885,2.79080327,-0.696260789
14886,-0.705299378,-0.415869886
14887,-1.31392563,-0.795075525
14888,-1.05842494,0.141924512
14889,,
14890,-8.75366798,-0.442233087
14891,-17.4018868,-0.511158157
14892,0.642411838,-0.523080073
14893,-1.30939452,1.09856542
14894,1.32909416,-2.3703861
14895,0.182232969,-1.72265467
14896,-0.211939841,0.744707211
14897,-0.0816876274,-1.91342243
14898,0.994564663,1.13227553
14899,-1.69377394,-0.811513466
14900,1.58583465,-0.508629296
14901,-0.340354294,-0.245357218
14902,-1.13960892,0.758165861
14903,2.08921407,-0.860469464
14904,-1.86171551,1.34966308
14905,-7.23975347,1.67146862
14906,0.0615533101,-0.731121404
14907,-0.558206828,-0.496924069
14908,26.2252851,1.04097063
14909,2.21613416,-1.83211084
14910,-0.462558685,-0.460532402
14911,-1.09149301,-0.103987024
14912,-0.430966519,-0.442308243
14913,,
14914,-3.97721659,-1.22411435
14915,-6.30010679,0.825038687
14916,2.2677472,-0.432680502
14917,-0.441639433,1.24712603
14918,-0.0390754761,-0.0399557627
14919,8.90053057,-1.68314406
14920,2.15008879,-0.308280343
14921,-0.137999164,0.614937456
14922,1.48023767,-1.46266169
14923,-27.2689505,-0.549765009
14924,-2.84754567,0.0896779233
14925,0.182498441,2.51325963
14926,1.20027195,-1.4200719
14927,-0.499151514,1.57854852
14928,-1.07349627,0.438607584
14929,-0.991712729,0.115384836
14930,0.0819135478,1.21378252
14931,-0.455436313,-1.14885028
14932,5.72880821,0.284831483
14933,0.380472319,-0.339317794
14934,-0.0834857691,-0.019776873
14935,0.693435066,0.0432364033
14936,-1.20219793,0.641138114
14937,,
14938,0.867342024,0.288237252
14939,7.11783178,-0.344990539
14940,-1.83217476,0.195431509
14941,-0.582111877,1.88276571
14942,-2.08854703,0.180540621
14943,6.61386479,0.839129112
14944,-0.0437649705,0.201716702
14945,0.296711687,-0.251145655
14946,1.00168279,-0.687427096
14947,-15.0446669,1.02582455
14948,-1.15431871,-2.12519749
14949,-0.434422485,-0.125996373
14950,1.92162559,-0.99353787
14951,0.378150918,-0.671858383
14952,-0.210161488,-0.694278073
14953,0.220159129,0.52846422
14954,-1.17047655,-0.324592735
14955,-0.722731617,-1.09072427
14956,-6.99340453,-0.177124621
14957,-2.94531911,-0.786248416
14958,-0.654551673,-0.0609574471
14959,1.33224744,0.220575797
14960,0.776448102,2.18244086
14961,,
14962,-8.40914178,-1.05312831
14963,-17.6535078,-0.815325133
14964,-5.89171868,0.411094125
14965,-0.357979839,1.99687568
14966,-0.0595012948,-1.55676572
14967,-13.9360269,-1.20950955
14968,-2.09004461,-1.65142639
14969,-2.2437588,-1.11446918
14970,1.14605301,1.161366
14971,-6.31167947,1.44376485
14972,-2.88969358,0.520307055
14973,-0.776889834,-0.160775853
14974,-0.322697344,1.05176832
14975,-0.38021818,1.52778892
14976,-0.692098292,-0.396683668
14977,-8.98719449,-2.24464896
14978,0.184135349,0.269061739
14979,0.502183268,-0.0207376927
14980,-7.4452545,0.905552805
14981,-2.11545379,0.82875339
14982,0.786842346,-0.142141412
14983,0.962475224,-0.572934301
14984,0.357262864,-0.545394062
14985,,
14986,5.02575391,0.29810982
14987,6.19604043,-0.160533906
14988,-3.6012719,1.5333164
14989,1.33376824,-0.719727539
14990,-0.0578637832,0.758313072
14991,-7.23612556,1.00701654
14992,-0.934119738,-0.542819371
14993,1.32675499,1.70507193
14994,-0.506517651,0.372693413
14995,-6.59346645,1.24121046
14996,-1.38333085,0.20434397
14997,-0.390765562,-0.4944172
14998,-0.0593271296,0.0205733708
14999,2.14970365,1.0561514
15000,-0.427925115,0.903464176
15001,-0.803194725,1.16513101
15002,-0.533723656,0.451637128
15003,-0.339580321,0.740774598
15004,-26.9186442,0.0424718729
15005,-3.24231972,-0.317975444
15006,-0.862266482,-0.570113729
15007,0.242936892,0.229316509
15008,-0.509867828,0.352807822
15009,,
15010,-10.3439635,-0.205748714
15011,-11.5984118,-0.740415461
15012,3.22608507,2.53834189
15013,0.0209847314,0.247934341
15014,-0.452010154,1.06650497
15015,-2.65121369,-0.230900687
15016,-0.916082777,-0.133113682
15017,-1.21668202,0.487305607
15018,0.931730037,-0.0403439139
15019,0.642353939,-0.448886591
15020,-0.558454485,-1.42218313
15021,0.108951269,0.325862056
15022,-0.0778154031,-1.2473836
15023,1.29125107,0.211556208
15024,-0.926449548,-0.96872331
15025,-0.912637128,-0.786511789
15026,-0.55499397,-1.6850058
15027,0.59719513,-0.682249145
15028,13.2917498,-0.640907107
15029,1.31450032,0.419447671
15030,1.21805379,2.74562589
15031,-0.0405295097,-0.823052398
15032,-1.36757105,-0.773666349
15033,,
15034,-4.31707204,-1.01272088
15035,0.468721042,0.506400018
15036,0.698314467,-1.53663044
15037,-1.00224408,0.0602556091
15038,1.36527352,0.159103886
15039,6.98172445,1.98622793
15040,0.542244975,0.487923729
15041,1.18970866,0.959804477
15042,-0.991147946,-1.73509444
15043,-25.1835761,1.53101797
15044,0.712400194,0.251360983
15045,-0.288932023,-0.0601177896
15046,0.59025539,-0.555588287
15047,-0.512194711,-0.845996164
15048,0.888328909,-1.18943005
15049,3.35218892,-1.10118414
15050,-0.101866368,-0.852739819
15051,0,-0.81101414
15052,-5.13326194,0.906487696
15053,-0.758217985,2.16682042
15054,-1.17067204,-1.59592257
15055,-0.39088754,0.11951977
15056,-0.286274684,0.459485526
15057,,
15058,-26.4394069,0.117209077
15059,-26.3532231,0.889261655
15060,-1.88458641,0.701861694
15061,0.372635205,0.0201751155
15062,1.07299231,1.41098982
15063,-0.598302966,0.396222173
15064,-0.539983449,-1.64865419
15065,1.19106836,0.93954282
15066,1.40340325,-0.0816667164
15067,-7.42899438,0.219632785
15068,-1.55609707,0.753328401
15069,3.0836803,-1.37092318
15070,0.119517869,-0.35215005
15071,-0.685243018,-1.52377785
15072,0.306364951,-0.277173216
15073,0.742566567,-0.632448409
15074,-0.810446723,0.332255149
15075,-0.716186187,-1.66829077
15076,-6.08026147,-0.331205062
15077,-2.58171193,0.274765024
15078,-1.27944002,0.252316667
15079,-0.950786303,-0.020146609
15080,-1.03186711,0.343142227
15081,,
15082,6.292462,0.397305076
15083,-13.7840757,0.358092233
15084,2.58624827,1.20226077
15085,1.33225479,-0.654368194
15086,-0.162281805,0.487500955
15087,9.19327455,-0.270376892
15088,3.10846135,-1.39582952
15089,0.551325518,0.375539039
15090,1.01728119,0.240907376
15091,-5.53221731,0.613233313
15092,-6.23436568,0.210801739
15093,-0.221822201,-0.835233472
15094,1.83952009,-0.563263108
15095,-0.0208243762,0.461364023
15096,0.397314114,1.15245076
15097,-5.753017,-1.88549219
15098,-0.220013786,2.2877375
15099,0.794243749,-0.732822032
15100,-12.635668,1.20746112
15101,-0.363874063,-0.520369226
15102,1.10816044,-0.448400585
15103,1.06253942,-0.276203545
15104,0.181282234,0.476376133
15105,,
15106,5.60872734,2.00219877
15107,7.75428588,0.707447644
15108,2.22310248,-1.39148923
15109,-1.56148632,1.10251268
15110,-0.790517069,-1.71752932
15111,14.1178544,0.630003138
15112,2.20784056,0.356702666
15113,-1.54475064,-0.69252099
15114,-0.836784869,-0.0202193044
15115,-7.44336619,1.07503709
15116,0.615699232,0.493389237
15117,-2.3447363,-0.745009337
15118,-0.355858635,-1.10697135
15119,-0.244819134,-0.930835443
15120,0.479125643,-0.060095536
15121,2.75320765,-0.384128956
15122,1.24359015,0.462305692
15123,-0.304478003,-1.0569933
15124,20.988041,-0.438338207
15125,4.29137256,-1.11519147
15126,0.774014497,0.373128691
15127,-1.82141383,-0.404589475
15128,1.47296977,2.60406488
15129,,
15130,-8.49450817,-0.862716581
15131,-5.46713996,0.539172114
15132,0.673153173,-0.53799977
15133,-1.12179224,-0.307256065
15134,-1.58830237,0.0201807159
15135,0.0675106555,-0.433058016
15136,-1.70387291,0.199417894
15137,0.749183048,-1.47427511
15138,1.72877341,-0.769090747
15139,4.19366926,0.100461904
15140,-1.31730747,1.42287738
15141,-1.14943684,-0.329322614
15142,1.18666185,-2.09398934
15143,-0.264452857,-2.01940684
15144,-0.937751687,-0.441660774
15145,-2.88288026,0.275592406
15146,-0.823842044,0.838295483
15147,-0.32079021,1.24613017
15148,-6.80550087,-0.0151795106
15149,-0.991433048,1.10433797
15150,-0.164569073,-0.368138057
15151,0.616173472,1.63041405
15152,0.33065979,-1.36487189
15153,,
15154,-18.0763434,1.57551083
15155,-5.15222623,1.50957573
15156,-3.21911511,-0.772399075
15157,0.180471106,-2.25584637
15158,0.101440305,-1.16392722
15159,0.394986971,-0.379955403
15160,0,-0.29752974
15161,-0.223085837,-0.934255109
15162,-0.930261971,1.02876908
15163,5.61631235,1.47490244
15164,-2.61444338,0.884856173
15165,0.525315866,-0.850940895
15166,1.84722229,2.41642343
15167,-1.35835699,0.655556475
15168,0.432036203,0.647257529
15169,-14.2873057,1.00677427
15170,0.870610172,-1.50402896
15171,-0.611893383,0.270689237
15172,-5.60696336,0.0719877078
15173,-4.82997673,-0.37348669
15174,1.50277523,0.550267321
15175,-0.687937592,0.8533727
15176,-0.0204590539,0.376168009
15177,,
15178,9.9929098,0.0300484819
15179,5.35036574,0.789046097
15180,0.95955442,-0.39188405
15181,0.291064767,-1.43864999
15182,-1.74646505,-0.517111948
15183,-0.0492817389,0.774146887
15184,0.810366342,-0.359590484
15185,0.43954181,0.0609611058
15186,0.384908939,-1.40272513
15187,-6.00430657,-0.535382049
15188,3.71395253,0.936206219
15189,-0.429010153,0.444297264
15190,0.409888989,-0.701053815
15191,1.019117,1.61533875
15192,0.805868487,-1.16073528
15193,6.9311906,-1.36393085
15194,-0.163390968,-1.45998317
15195,-0.219863496,0.642362572
15196,21.1209405,-0.649558941
15197,2.58999694,0.764777598
15198,-1.20208997,1.39887854
15199,-1.85419552,1.62587936
15200,-0.0208107193,-0.659833803
15201,,
15202,19.8385895,-1.0095084
15203,13.3550731,0.124833569
15204,2.05466881,0.423716844
15205,-2.06156822,0.943877673
15206,0.399112337,0.0198006449
15207,-7.56521883,-0.93690971
15208,0.258691893,0.543289787
15209,-1.02849032,1.02721806
15210,-1.02144132,1.07541804
15211,-0.793426859,-0.262842366
15212,-1.65798845,1.18331911
15213,0.458669603,1.15720866
15214,-0.874853283,-2.28877297
15215,-1.40905794,-0.571590574
15216,-0.365036194,-0.302409626
15217,-11.3695847,0.671906647
15218,-1.71323768,1.59234515
15219,1.33727477,-0.258581883
15220,-18.9268315,0.357866332
15221,-7.2603691,-1.04977293
15222,-1.33397036,-0.510016719
15223,-0.757900525,1.1629077
15224,-0.350790799,2.16104014
15225,,
15226,14.8746217,-0.40470575
15227,6.05077372,-2.32597391
15228,4.46965808,-0.365632488
15229,0.466553213,-0.493658369
15230,0.560849649,-0.844250859
15231,23.2580308,0
15232,8.59435672,-0.577137231
15233,0.5294536,0.0611310141
15234,-1.61328116,-0.831731565
15235,10.3937609,-0.860972484
15236,5.9302279,1.38864288
15237,-0.814336048,0.126054899
15238,-0.489478751,2.48372832
15239,2.2048751,-0.500341916
15240,-1.00471159,-0.178879217
15241,4.14627648,0.304027511
15242,1.7006433,0.469051021
15243,-0.361406698,0.68235933
15244,-0.245649613,-0.59553297
15245,3.0011822,0.142261721
15246,-0.203502221,-0.121093628
15247,1.40693073,-0.0615148992
15248,1.4873528,2.21285692
15249,,
15250,-1.67469058,-1.73646018
15251,0.168308787,1.39033186
15252,3.99489181,-0.342727971
15253,3.06832142,1.01780377
15254,0.392438114,-0.202705347
15255,-1.85351642,-1.02047667
15256,-1.623699,1.38145377
15257,1.23462392,-1.84675617
15258,-0.0209720051,-0.3764186
15259,15.0032816,0.920759583
15260,-0.507632086,2.44093569
15261,0.061302736,1.2126533
15262,-0.433544773,-0.450602664
15263,0.68903405,0.737449066
15264,-1.27727704,0.101067324
15265,1.23146413,-0.646192377
15266,-2.01260979,-1.30235474
15267,0.289179084,0.412245636
15268,-15.1883424,0.171602975
15269,0.315008379,-0.176720284
15270,-1.2278899,1.81416015
15271,1.20346275,-0.144380421
15272,1.06349475,-1.87667264
15273,,
15274,-5.04444265,-0.787573714
15275,6.57954514,-2.59014361
15276,2.67058925,-1.68399452
15277,-1.1810509,-0.531670257
15278,-0.226457031,0.558556375
15279,6.30522049,0.591784798
15280,2.08053404,0.464416798
15281,0.174877358,-0.141052954
15282,1.7137983,0.539348579
15283,-13.5289562,0.0859467102
15284,-6.37954383,-1.43329602
15285,-1.07560238,0.0600356709
15286,1.23582815,0.914636276
15287,1.43421929,0
15288,-0.991968481,-1.57093671
15289,-9.52960173,-0.309547459
15290,0.338982878,0.33268769
15291,0.562661379,-0.098564111
15292,5.77364899,-2.20028225
15293,-0.520683287,0.459208551
15294,-1.51163087,-0.527718135
15295,0.745570166,-0.546670827
15296,-0.0588413353,0.595773797
15297,,
15298,1.38995163,-0.490548208
15299,8.58191905,-1.04697471
15300,3.31426804,1.32954302
15301,-1.22584472,0.0991549441
15302,2.0522042,0.784473838
15303,3.90907171,1.09653047
15304,1.35481843,0.611171661
15305,2.00203619,-1.27240028
15306,-0.604014581,0.684204849
15307,27.5577143,0.140537516
15308,0.991707957,0.447157813
15309,-2.11939364,1.18321953
15310,-0.777886062,0.984174949
15311,-0.265545166,-0.11844102
15312,-0.139857411,0.882821295
15313,-3.30013192,2.10529945
15314,0.842811121,0.181345309
15315,1.14692092,-1.69663904
15316,7.29026712,1.23274502
15317,2.4778435,-1.07290532
15318,0.0979925816,1.19041855
15319,-1.00045244,0.123838586
15320,0.588476053,1.61832968
15321,,
15322,4.97232609,-0.891114697
15323,14.9699235,-0.22632273
15324,2.84007977,-0.0451273975
15325,-1.63266755,0.331588282
15326,-0.907261808,-1.34118944
15327,-6.21341853,-0.92378722
15328,-1.34672145,-0.281972721
15329,0.122511594,1.87826815
15330,-0.600741825,0.121651274
15331,7.56967371,0.237139728
15332,1.72257634,-1.2363813
15333,0.537631486,-0.532694549
15334,-0.171233919,0.632462955
15335,0.759360807,-0.491669425
15336,-1.17731971,1.09812757
15337,4.96204173,-0.691955831
15338,-0.570268415,-1.48525818
15339,0.808274188,-0.695748349
15340,12.5915719,1.33199519
15341,1.12360702,-0.0432116659
15342,1.71257849,-0.91250659
15343,1.34638498,0.650712908
15344,0.670865208,0.138538098
15345,,
15346,-5.85994001,-0.511047251
15347,-5.19501856,-0.911328598
15348,-1.16434655,-0.204598448
15349,-0.119707539,-0.165274708
15350,-1.94991169,-1.31054957
15351,0,0.515418892
15352,-1.25774508,-0.887132264
15353,-1.56484743,0.122812765
15354,-1.22130143,-0.755888839
15355,-7.00326517,0.462417746
15356,4.65822554,0.19310039
15357,1.29165773,0.930815503
15358,0.345532097,0.553683246
15359,-0.731806757,-0.679369648
15360,1.38638362,0.814106311
15361,6.8203603,1.80082634
15362,1.00445761,-0.613091476
15363,0.342874842,-0.435237363
15364,8.003444,-0.550740676
15365,0.772638508,-2.02514295
15366,0.536965917,0.869806264
15367,0.718183618,-0.484583317
15368,2.53395734,-1.78355546
15369,,
15370,-23.337616,1.65046291
15371,-21.8126708,0.322918428
15372,-5.60883936,1.67984829
15373,0.603705628,-0.609125188
15374,-1.6428013,1.35907863
15375,6.83826454,-0.11215979
15376,-2.45211986,-0.072247158
15377,0.678788756,-0.566426485
15378,-0.103388471,-0.200291564
15379,5.67793038,-0.802697434
15380,-1.183421,-0.39542373
15381,0.944845583,-0.406838524
15382,1.41281641,0.812447824
15383,0.367013759,-0.579028491
15384,-0.301886059,-1.02094273
15385,0.958333978,-0.330488884
15386,-0.495825548,1.18199923
15387,-0.467060201,-0.611301553
15388,-0.653470283,-1.01798886
15389,-3.57995003,0.222760107
15390,0,-0.763924282
15391,-0.10024112,0.705774896
15392,0.528425895,-0.377409774
15393,,
15394,-19.1550446,0.0102831203
15395,-7.29835967,0.25058696
15396,-1.83033132,-0.493546318
15397,2.22413239,0.147670614
15398,-0.415079004,2.14718545
15399,-0.160799059,0.549792391
15400,-1.29228195,0.160196318
15401,-2.08467158,0.64544505
15402,-1.43595531,0.342612964
15403,-0.390357554,-0.119683728
15404,2.03463599,0.167533984
15405,-1.09354933,0.0774763436
15406,1.50031363,0.480783598
15407,-0.228486788,0.185097515
15408,0,-0.482240187
15409,3.82372087,0
15410,-1.51886505,0.182482269
15411,-1.05176648,-0.375505951
15412,-12.2392588,-0.376549957
15413,-0.528207264,-0.778835055
15414,-0.918958434,0.560221886
15415,1.02054912,2.82792789
15416,-0.207655429,0.0211085667
15417,,
15418,0.331508977,-0.885170369
15419,-1.4558144,-0.726475854
15420,1.7290672,1.44321398
15421,1.94901247,-0.0204725028
15422,-0.332133444,-0.544081327
15423,20.3516927,-0.614091097
15424,2.46584016,0.289608734
15425,-1.4881448,0.652687637
15426,-0.316099055,0.20187053
15427,5.58621401,-1.04634801
15428,2.59839275,-1.17734644
15429,-1.16971531,0.0607634717
15430,-0.141628616,-2.23629635
15431,-0.899680813,0.139187824
15432,0.597038301,0.145036032
15433,3.89303277,0.673569235
15434,0.740221333,-0.399298491
15435,1.47474064,-0.888875137
15436,1.33775626,0.0998689349
15437,2.08558052,-0.0898335737
15438,0.385327699,-0.372764595
15439,1.09160754,-0.624602065
15440,-0.822748322,0.885594891
15441,,
15442,-13.5262668,-1.17186836
15443,1.91574996,-0.416265357
15444,3.08480382,1.72023443
15445,0.813431246,2.1048939
15446,1.95417336,-0.305053766
15447,-25.17867,-1.34942179
15448,1.47733813,1.82170326
15449,0.574962683,0.991098188
15450,1.23226014,-0.25122951
15451,-5.14223557,-0.578164289
15452,-1.1158662,-0.240463066
15453,-0.959391376,0.70553454
15454,-1.00259041,-0.346497074
15455,0.105613149,1.15817142
15456,0.0801975413,-0.600204014
15457,2.17527892,0.419194831
15458,-1.14606927,0.558531853
15459,1.79347296,-0.0402285505
15460,6.62799053,0.289377741
15461,2.85942896,-0.0145506381
15462,0.0802076427,-2.50433831
15463,0.166658146,0.894055046
15464,1.11570985,-0.710916951
15465,,
15466,-8.25950469,0.1154207
15467,1.58471613,-0.470350695
15468,2.57364302,-1.32806651
15469,0.989121651,-1.03165343
15470,-0.918612855,-0.653048371
15471,3.75350148,1.91647117
15472,-1.67355113,-0.167135107
15473,-0.125274617,0.636856361
15474,1.27689952,-0.180331591
15475,22.5399497,0.327332828
15476,1.87111391,1.10681007
15477,0.642202394,-0.537800727
15478,-0.118377567,0.880405212
15479,0.487416789,-0.517801094
15480,-0.502348665,-0.560293453
15481,2.71214102,0
15482,-0.850014557,-0.856460733
15483,1.9560919,-0.139061384
15484,-6.84141284,0.13401358
15485,-0.319858805,-0.487141598
15486,-0.405657241,-0.897606425
15487,0.323981422,1.46576302
15488,-0.241748119,2.10774526
15489,,
15490,-5.65350519,1.04912281
15491,-4.92622673,1.8061436
15492,0.89366053,1.2323275
15493,-0.754227208,-1.90456746
15494,-1.77390737,-1.40541088
15495,-18.2966173,-0.650396438
15496,0.688308477,2.06505619
15497,0.079589586,1.07902721
15498,-2.23415162,-0.200236207
15499,21.9284797,1.25185926
15500,4.71275803,-0.471651169
15501,0.143759143,1.65531301
15502,0.170369698,-0.591908411
15503,-1.50290844,-0.188398644
15504,0.29725981,-0.469656678
15505,2.66157743,1.09278622
15506,0.385111011,-1.12341004
15507,-1.10746472,-1.26514524
15508,0.588831772,0.365010184
15509,-0.308056504,-0.286416609
15510,0.297378671,1.11285666
15511,1.10385751,0.982789465
15512,-0.118350437,1.05387364
15513,,
15514,0.176144491,0.038768375
15515,-12.6536395,1.94088308
15516,3.11305938,0.96630352
15517,0.631832321,-1.81360627
15518,-0.626830551,-0.494025886
15519,1.1804088,-0.404915356
15520,2.26231696,1.08373402
15521,0.457754366,0.927637605
15522,-0.800631122,0.324088011
15523,26.3823152,0.245019041
15524,-0.249195287,-0.0446365301
15525,-0.399899787,1.08115861
15526,0.896194596,0.52001199
15527,0.831650939,-0.693781061
15528,-0.871506006,0.098513657
15529,4.31702094,-0.190703425
15530,0.243602402,0.576603615
15531,-1.51078019,0.313661574
15532,12.9594511,0.170453677
15533,2.56239954,-1.61570811
15534,0.297369884,0.902766165
15535,1.39706761,-0.547581102
15536,0.319657811,-0.24770944
15537,,
15538,10.5101781,2.52871329
15539,7.24870413,1.43670583
15540,2.36804305,0.388913001
15541,1.01634518,0.26455934
15542,-0.984453686,-0.104379721
15543,-12.6364014,1.99791469
15544,-5.15820307,1.20332557
15545,2.96238996,0.127095638
15546,-1.04397098,-0.0606320751
15547,0.621487352,1.22712077
15548,-1.21739967,0
15549,0.585526508,0.269997131
15550,-0.304441537,0.0591449185
15551,-0.186701626,-1.12345269
15552,-0.50678645,-0.0398183873
15553,-0.176790254,-0.730246952
15554,-1.06198048,-0.294760813
15555,-0.24489911,0.814479042
15556,1.8159985,-0.331512497
15557,-3.46545273,-1.1377348
15558,-0.859711963,0.817255643
15559,0.532994628,-0.281825416
15560,-0.665644372,0.135769535
15561,,
15562,0.460729556,0.197952868
15563,13.2810364,-1.44615285
15564,-2.89977746,0.779220562
15565,0.369668127,-1.34887041
15566,-0.152695039,-0.680333594
15567,0.549339211,0.44480583
15568,-1.24515059,0.895028947
15569,1.90012059,-0.0402018179
15570,-1.59325159,-0.787279386
15571,-12.3215507,-0.490193553
15572,0.160844093,-0.0736352726
15573,1.22018938,1.50222412
15574,0.162935601,-0.927323758
15575,-0.713294023,-0.989425739
15576,-0.836764058,-0.276914634
15577,3.74349879,0.232534659
15578,-0.964902259,0.364281877
15579,0.0202263934,2.47866196
15580,-26.3283259,0.139895799
15581,1.68152893,-1.48973528
15582,0.802582852,0.515628585
15583,1.05629228,-0.305140444
15584,-1.05999867,-0.336652646
15585,,
15586,-13.5088755,-2.65878225
15587,-19.1023862,-1.5474587
15588,-1.65185177,-0.718054573
15589,-1.5822685,0.535237322
15590,-1.01227279,-0.305309827
15591,16.8120623,-1.3021637
15592,-0.282057157,0.504192305
15593,0.0611010093,-0.771682626
15594,-0.907091565,-0.568124023
15595,0.705421502,-0.967135949
15596,0.798171195,0.151932523
15597,-0.372673289,-0.119237407
15598,0.0208562259,-1.50146753
15599,0.425636741,0.0204413916
15600,0.239137305,0.33266563
15601,4.6139046,-0.741161511
15602,1.7881619,-1.17770261
15603,0.633891618,-0.619317729
15604,7.89293458,0.843570848
15605,0.260208051,-0.71086704
15606,1.99200024,0.326177338
15607,0.430719595,-0.863813975
15608,-0.209084781,1.23549971
15609,,
15610,-4.63095867,-0.504817698
15611,0.298189045,0.115332594
15612,-1.15469007,-1.16516003
15613,-0.49305139,-1.01547228
15614,0.222886038,0.491584977
15615,-18.7114083,1.56100604
15616,-1.46855788,0.821819212
15617,0.237369832,0.204206476
15618,-0.243298035,-0.316292423
15619,7.5877725,-0.29540601
15620,1.69275561,0.0447888744
15621,0.545309702,1.61013365
15622,0.491732939,0.671846271
15623,-0.828203545,-1.49112592
15624,1.11830147,-0.38738407
15625,4.63055898,0.290040219
15626,0.0612911915,-0.63729063
15627,0.654072817,-1.63812847
15628,1.90400325,0.549955123
15629,-1.14097819,0.664294333
15630,-0.0400317973,-1.33806338
15631,0.0201108395,0.531406364
15632,-0.22834362,0.227268647
15633,,
15634,26.8454593,0.250618737
15635,14.7754059,0.467423951
15636,-0.0588010966,2.90597245
15637,2.38068358,0.541813151
15638,1.75467075,-1.03822975
15639,7.71309203,-0.984546927
15640,-1.96873346,0.0726167593
15641,1.19098477,-1.30197567
15642,0.0202683745,-0.351090965
15643,0.218340969,-1.02295301
15644,-1.20279311,-0.360131299
15645,0.828546028,0
15646,0.33269727,-0.304310241
15647,1.32524477,-0.26548576
15648,0.710005091,0.549811219
15649,3.94085334,-0.36358079
15650,-0.496776773,0.120401404
15651,0.727297514,0.438315884
15652,-19.9750813,0.657177816
15653,-1.95696064,0.70760862
15654,-0.958116138,1.56602426
15655,-0.880966961,0.0601311052
15656,0.332112475,-0.509289457
15657,,
15658,12.6169991,0.119478309
15659,20.6281413,-0.791800851
15660,2.31085426,0.990091941
15661,0.876844701,-0.629579694
15662,-0.79394837,0.579902631
15663,0.219130948,-0.0734544618
15664,0.0428960502,-1.44074513
15665,1.04126125,0.735502377
15666,-0.440597586,-0.154939285
15667,0.593729186,-0.683729827
15668,1.05117262,-0.0743497604
15669,0.75790583,1.49546383
15670,-1.37501767,-0.50176798
15671,0.0764045415,0.892656724
15672,0.534890902,-1.26796779
15673,-3.22585418,0.298746962
15674,-0.783188953,0.0198971497
15675,0.498829773,0.246330873
15676,1.54322867,-2.29748572
15677,2.14826324,0.416668073
15678,2.28415895,-0.168765193
15679,0,-0.0210198372
15680,-0.496870686,0.123208774
15681,,
15682,29.0337975,1.34921874
15683,19.9319582,-0.675170142
15684,1.8633547,-1.00127508
15685,-1.31439216,-1.07936389
15686,-0.673783929,1.69195351
15687,-4.55083409,1.99978769
15688,2.19748454,0.343875035
15689,-0.221777452,1.33273089
15690,-0.257891835,0.514443426
15691,19.7279465,-0.0761644758
15692,0.476002894,1.00333856
15693,1.65132076,-1.28577871
15694,-0.145158529,-1.16127985
15695,2.24650331,-0.195145083
15696,-0.827581763,1.01655191
15697,1.32954844,-0.625234619
15698,0.351121439,0.689058202
15699,-0.590676641,1.72654535
15700,-0.321352545,1.73853813
15701,0.983707205,1.10603485
15702,0,-0.144340413
15703,0.649210579,0.545709932
15704,0.437694538,0.855366028
15705,,
15706,-12.5030162,-0.330930533
15707,-5.00540147,-0.693701774
15708,1.96579072,-0.0298054761
15709,-1.5442815,1.18882409
15710,-0.565001127,-0.295108313
15711,5.89802183,-0.169074997
15712,2.04752687,1.90913456
15713,0.629455998,-0.0383371238
15714,1.0421247,-1.89379685
15715,-1.22668503,-0.863585362
15716,-2.97190611,-0.197112249
15717,-0.285516906,1.58380498
15718,-0.532062208,-0.234628397
15719,0.412637185,1.69526445
15720,-0.47288263,0.602045906
15721,-3.47932423,1.17410833
15722,0.219626567,0.479052297
15723,0.792468133,-1.19984179
15724,-7.34722346,0.782821981
15725,-1.48973731,0.771958805
15726,0.432702345,0.800345888
15727,0.296792776,0.041192146
15728,0.291531286,0.479332523
15729,,
15730,10.552744,-0.078476189
15731,-0.365335526,1.91351498
15732,3.88361873,-0.824866824
15733,1.0157428,1.5418485
15734,0.424474936,1.59035794
15735,-6.47621233,-1.20596409
15736,0.455840558,-1.04692539
15737,1.20620124,1.02649681
15738,0.0597473195,-0.370092448
15739,-0.718441706,0.98211414
15740,-0.485698481,-0.0730481407
15741,1.75276992,0.766713076
15742,1.26257657,0.0628199729
15743,2.66196002,-0.484751651
15744,0.596748042,0.979124597
15745,4.43213827,-0.0418473302
15746,0.287057582,-0.0415789243
15747,0.591440254,0
15748,-5.31339341,0.33099986
15749,3.82746943,-2.35349258
15750,0.365535764,0.35917147
15751,0.207948689,-1.30748391
15752,-1.76430428,1.47586302
15753,,
15754,-2.58528595,1.31831336
15755,-4.7874673,-0.330783799
15756,3.80876748,-0.344963777
15757,0,-0.345243388
15758,0.140248308,0.673984571
15759,-3.62043673,-0.662222718
15760,4.96588823,0.632553321
15761,-2.01458869,-1.01331126
15762,1.13802956,0.784512941
15763,5.97697577,0.812963867
15764,4.40157132,1.27763778
15765,-0.324936129,-0.262512806
15766,0.369024266,-0.499558942
15767,0.724115144,-1.20805609
15768,1.10988004,-0.181014804
15769,6.64975737,-0.9628363
15770,-0.445103208,1.55832731
15771,-0.861183727,-0.829426714
15772,13.38329,-0.210417343
15773,1.53747757,-1.36464007
15774,-0.819614582,-0.145859119
15775,0.203640923,-0.841572013
15776,-0.181674663,1.72910408
15777,,
15778,4.36585212,-1.11402762
15779,7.1525921,0.783981369
15780,1.11746113,-1.01215762
15781,0.416243076,0
15782,-1.44707793,1.66642975
15783,2.89238846,-0.779870098
15784,0.331406793,-1.39463183
15785,2.26657462,2.10074305
15786,-0.269983717,-0.63693097
15787,8.98105344,-0.52226619
15788,4.88123322,-2.34601629
15789,-1.05791199,0.28058654
15790,0.251387519,-3.01172149
15791,1.17985742,-0.513625795
15792,0.0796381986,0.867745985
15793,5.4872277,-1.41259179
15794,-1.05388953,0.0832447294
15795,-0.53879816,0.241377177
15796,20.8822027,1.14548227
15797,3.27939779,1.24887079
15798,-0.189400562,-0.571259544
15799,0.55785769,0.178180593
15800,-0.0405083772,1.16124035
15801,,
15802,10.207191,0.255265998
15803,-5.48900426,-0.166765058
15804,0.843461558,-0.296100465
15805,0.36143774,-0.229236623
15806,0.570625911,-0.161372364
15807,6.89793966,0.391894396
15808,-1.51057017,-0.847921588
15809,-0.894012024,1.62390614
15810,-0.841397162,0.0404071352
15811,-0.913035976,-0.269426847
15812,1.11642117,-0.398746118
15813,0.224744714,-0.0201578493
15814,0.0799617718,1.12652739
15815,-0.117905181,-0.738132579
15816,-0.142689529,-0.308812258
15817,3.04396039,-0.253714132
15818,0.118456755,-0.184826933
15819,-1.54989726,1.14022682
15820,7.29228456,0.796116298
15821,2.07350316,0.408869954
15822,-0.627718753,-1.11262068
15823,-0.0396969135,0.325307911
15824,0.133887979,-0.811843678
15825,,
15826,-9.35619848,-1.41715079
15827,-13.3207508,-0.0584061373
15828,-0.208217815,0.249066288
15829,-1.14921043,-1.35371687
15830,1.41349979,-1.19303819
15831,-7.35318465,-0.997249384
15832,-5.03135467,0.169735578
15833,-0.689869156,0.351228103
15834,1.08684553,0.571399644
15835,1.48191675,-0.471004031
15836,-2.27847579,0.635963825
15837,1.12883668,1.85462507
15838,-1.07536068,0.269197431
15839,0.0593470267,-0.914809668
15840,-0.877012893,-1.49376795
15841,1.09755987,0
15842,0.851070651,1.01430185
15843,-0.0593271296,0.22490336
15844,-7.41556965,-0.74097142
15845,-4.3144945,-0.465426466
15846,2.59291678,0.0411182902
15847,1.04534107,1.2073654
15848,-1.61796807,1.04319566
15849,,
15850,5.12536585,-0.52857892
15851,-1.59631198,-0.315156996
15852,-0.555743596,0.926585242
15853,0.696787518,-0.280993331
15854,-1.84840767,-0.972905405
15855,-6.33860158,0.0292576815
15856,5.28199935,0.739802921
15857,-1.04935278,0.704365054
15858,-0.529286317,0.556982875
15859,-5.6063318,2.24637445
15860,-1.12241522,-0.0427763639
15861,-0.413011855,0.49746922
15862,0.446336795,-0.826160576
15863,0.677923791,0.899945017
15864,-1.67846852,-0.736349448
15865,1.70164604,0.266683088
15866,0.182528539,0.543887464
15867,0.0789842881,-0.0801927748
15868,12.879788,-0.693915736
15869,1.87440567,-2.5234174
15870,-0.816937973,-0.0417818133
15871,-0.720071469,0.456238336
15872,-0.146347241,-1.36403909
15873,,
15874,11.3567251,0.900273808
15875,14.2711685,0.188165054
15876,0.83948507,-1.55465607
15877,-1.4681674,-1.13415294
15878,-0.846870086,-1.20208997
15879,-28.9417241,0.347448142
15880,-8.14776124,-0.552945447
15881,0.590459211,-0.0609362645
15882,0.138456027,-0.770007587
15883,-0.112924764,0.976220802
15884,-0.69172653,-0.713452732
15885,-0.160382318,-0.273877881
15886,0.296059906,2.00653897
15887,1.60085991,-1.35376367
15888,0.203046885,-2.63423485
15889,-0.575897025,-0.537537142
15890,0.0206233118,0.403524745
15891,-1.57594574,-0.615305598
15892,0.643988782,-0.970970348
15893,-1.94466011,0.382780156
15894,-0.0602592648,-1.21630699
15895,0.853858819,2.34826223
15896,0.386184532,-0.796378821
15897,,
15898,-9.46108254,1.30774205
15899,-13.5868653,-0.366608887
15900,3.44931201,0.975767812
15901,-0.0596213295,0.437079247
15902,0.0410536281,0.52635083
15903,0.104128769,1.428003
15904,3.91217555,1.25365209
15905,-0.601600618,-0.603274736
15906,-0.317204385,0.0614725491
15907,-12.9676213,-1.49419531
15908,2.14130431,0.367193211
15909,0.545489907,0.759350928
15910,-1.4563146,0.161564919
15911,-0.674245429,0.768276475
15912,1.21842479,-0.816306539
15913,5.13952004,0.0561145156
15914,1.30333456,-0.563805459
15915,0.342859462,1.47914009
15916,-10.8056084,-0.605959863
15917,2.53589344,-0.632473107
15918,-0.0404649243,0.467310448
15919,1.57571063,-0.359845209
15920,-1.47187345,-1.09606507
15921,,
15922,-18.2758721,1.05645924
15923,-12.5756968,0.363963376
15924,3.5598994,-0.650490658
15925,-1.24453859,-0.439062135
15926,1.40125882,-1.27520793
15927,-4.42955657,1.3735202
15928,2.15606394,-0.472076912
15929,-0.0410848781,0.378636893
15930,-0.16619081,-0.157367669
15931,19.9149048,0.928048715
15932,0.864814284,0.640918526
15933,0.287262268,1.31225025
15934,1.67021579,-1.2967911
15935,0.919473006,0.354698169
15936,0.603578223,0.442947245
15937,6.58113355,-1.31462557
15938,-0.521119397,-0.114333222
15939,-0.0604601265,2.1151018
15940,0.784624228,1.39672553
15941,3.38270312,-0.839762069
15942,-0.963096287,-0.979092708
15943,0.284673917,0
15944,-1.81487975,0.20512782
15945,,
15946,6.11616995,-0.607123529
15947,-0.544596946,1.09736094
15948,2.5591458,0.445073072
15949,0.204456208,0.972515448
15950,1.10679718,0.66953046
15951,-12.2695417,1.01186264
15952,2.05569373,-0.185256019
15953,-0.0398234119,0.308273715
15954,0.083966036,0.290950061
15955,22.1456872,0.165092226
15956,0.834164291,0.356895365
15957,-0.308559322,-0.366056361
15958,0.656384417,0.694150293
15959,1.42226907,1.18321953
15960,-0.533976927,0.399230298
15961,5.15773277,-0.654592534
15962,0.143793499,-0.0197518731
15963,0.307481842,-0.978424652
15964,-5.91592011,-0.375643539
15965,0.159461595,-0.09772969
15966,-0.608291465,-0.125465028
15967,0.204823915,0.163919467
15968,2.03020537,1.5435338
15969,,
15970,-21.1907904,0.2635498
15971,-16.7013834,-0.646341731
15972,3.62824657,0.960223149
15973,0.784863475,-0.119567344
15974,0.240832462,-1.3547168
15975,-1.46443167,0.0143248974
15976,-0.480319356,-0.0581873172
15977,-0.686365409,-0.725858157
15978,-0.403880922,1.32793303
15979,13.0763455,0.182547793
15980,-0.579446507,1.32636905
15981,-0.479700971,-1.43100568
15982,-0.870567233,-0.566295177
15983,0.0791149761,0.535427886
15984,-1.0325134,-0.639343368
15985,5.02475147,0.127085745
15986,0.980620027,-1.77043165
15987,1.53804429,0.164334993
15988,-0.825999143,-0.994114565
15989,0.36037303,-0.58259393
15990,-0.122410333,0.123221146
15991,-0.019805394,-0.651079398
15992,0.258920495,-0.603999947
15993,,
15994,9.12537191,-0.00982685963
15995,1.26522996,2.565802
15996,-0.0143041817,-0.391575298
15997,-0.104024695,0.790345338
15998,-0.550492768,0.225027404
15999,-6.71361151,-0.51357669
16000,-1.98762699,-0.215530447
16001,-1.31313222,-0.437026078
16002,-0.481946159,-2.48953104
16003,22.0385701,-0.372214428
16004,2.6630418,0.108526633
16005,0.679534241,-0.917211217
16006,-0.722293985,2.09290454
16007,-1.54235809,-1.91755186
16008,-0.0407908508,-0.325272865
16009,4.29245825,0.236259933
16010,-0.99954311,-0.100735709
16011,-0.0803002686,-0.814883081
16012,14.2806821,-0.268878608
16013,2.4555527,0.52788247
16014,-0.165766256,-0.924534153
16015,0.122526959,-0.393922764
16016,-0.31358543,-0.734099484
16017,,
16018,-6.14419981,-0.408582405
16019,-6.9877253,-0.747899552
16020,-1.34028707,0.184641017
16021,-0.378247136,0.804216094
16022,-0.425811265,-1.13355732
16023,19.3749768,0.652213756
16024,-1.32185379,-0.460664015
16025,-0.961190182,-0.419818635
16026,0.359852842,0.746991535
16027,18.4790336,-1.39894596
16028,-0.374948237,0.289074488
16029,-0.735139095,0.844311785
16030,0.460064656,-0.590981109
16031,-0.0413862004,-1.44264319
16032,0.954477723,-0.771463384
16033,-1.38983678,1.47945278
16034,1.09411137,-0.0409344937
16035,-0.747740844,0.0843657547
16036,0.859676257,-0.460199348
16037,-4.7648743,-0.371936829
16038,-0.787847662,-0.657027009
16039,2.32328732,0.706451459
16040,-3.78651847,-0.589083657
16041,,
16042,0.464806807,-1.79696009
16043,-0.492163094,0.238904376
16044,-0.557276441,0.896201548
16045,-1.12583789,-0.376782185
16046,0.743154015,0.608211252
16047,7.99533343,0.240060474
16048,3.68874905,-1.82380021
16049,0.398854986,-0.15695041
16050,1.5114186,0.891960411
16051,-3.68892358,0.179265593
16052,2.37040351,-3.85389334
16053,-1.706004,-0.475909725
16054,0.197802956,-0.313170633
16055,0.429536505,-0.667293113
16056,0.43635466,-1.65501214
16057,6.71057638,-1.75159022
16058,0.669367922,-0.197097031
16059,0.196671635,-1.26692337
16060,-0.320001804,-0.456961799
16061,0.822282227,0.812746789
16062,0.374871622,-1.1809896
16063,-1.54745053,0.542636764
16064,-0.84322802,-1.98234327
16065,,
16066,-3.05733173,0.38450407
16067,8.88220114,-0.226265845
16068,1.02429759,-1.19335012
16069,0.855102843,0.310600404
16070,-0.0398792855,0.613376552
16071,2.19235882,0.763286107
16072,0.394778658,3.17256456
16073,-0.954638456,-1.40216775
16074,-0.583538578,-0.226535489
16075,-5.59336934,-0.269803753
16076,5.82424532,-0.922233116
16077,-1.32690559,-0.099128958
16078,-1.06603061,-0.0811138035
16079,0.533850528,-1.27663083
16080,0.202799558,-1.02086488
16081,5.56299474,-1.17042717
16082,-1.21082133,-0.749561054
16083,-0.269009581,-0.144154351
16084,-6.91582549,0.516914026
16085,1.14835648,-1.61498229
16086,2.08754356,0.883723595
16087,-0.721264499,-0.696858673
16088,0.554852748,-1.33869683
16089,,
16090,0.579462079,1.39959948
16091,-5.13355793,0.621999608
16092,-0.416413007,1.98808453
16093,1.03282662,-0.941980003
16094,0.722674062,-0.444794847
16095,13.8016708,0.448573754
16096,2.74194896,-0.508693399
16097,0.119272238,0.80953872
16098,-0.28990716,0.538611121
16099,-20.4936826,-2.2880725
16100,-1.30229816,-0.649817902
16101,0.32503593,-2.62543877
16102,1.83241107,-1.46306649
16103,1.62853622,0.590325729
16104,0.0391585447,-0.382130741
16105,-3.643229,-1.21243065
16106,0.0804886923,-0.850821493
16107,2.23521957,-0.13897179
16108,-5.59077406,-0.527125624
16109,1.96160767,0.577744211
16110,-0.0203923323,-0.341770659
16111,0.647294632,2.32095321
16112,0.157698354,-1.74687329
16113,,
16114,5.7786462,0.517563902
16115,0.751654635,0.577212878
16116,-2.16257251,0.583602284
16117,0.951274347,1.0485178
16118,0.395970545,-1.36581107
16119,26.438585,0.110450147
16120,0.235651511,2.13660503
16121,-1.0341557,-1.08614064
16122,-0.32401039,-0.146663773
16123,-1.50036981,-1.05944388
16124,0.861067587,0.804125048
16125,0.781570596,1.20323692
16126,1.41164695,1.30025131
16127,0.596046327,-0.178889844
16128,-1.15106706,-0.307907576
16129,4.88646679,-1.9540737
16130,-1.69389363,0.968486066
16131,0.184534975,-1.18343666
16132,-0.44451212,0.0593264209
16133,1.4733953,1.3170883
16134,-1.30042352,0.579386089
16135,0.548781982,-0.706327941
16136,0.120723851,0.93911328
16137,,
16138,5.983664,-0.118347119
16139,12.9387146,-0.422112776
16140,2.65544246,-1.16105736
16141,0.328061314,0.0202193044
16142,0.47401923,-0.120049113
16143,13.8470403,-1.35843988
16144,4.24794433,0.0880173544
16145,-2.19631085,-1.25821482
16146,-0.0197809454,-0.0417600308
16147,20.9816951,-1.50274332
16148,2.3784893,-1.16263622
16149,0.0208337979,2.01491765
16150,-0.272676346,-0.380879424
16151,-1.00169363,-0.881090859
16152,2.53677552,0.456278174
16153,4.57438652,-1.68894457
16154,-0.672742263,-0.373319621
16155,-0.0821318051,0.244295993
16156,-4.39542405,0.118882922
16157,2.66679886,1.61934895
16158,0.828434681,1.07473652
16159,-2.56761883,-0.326062785
16160,0.211883496,-1.00642122
16161,,
16162,-14.3627972,-1.10910785
16163,-12.4639528,-0.901118553
16164,1.51624759,-0.224430345
16165,0.759756308,0.781322121
16166,-2.68841886,-0.899813793
16167,-11.0445935,0.553420285
16168,2.79430418,0.624769486
16169,0.475319876,0.039464618
16170,0.605264887,0.692407923
16171,0.715562325,-0.391784152
16172,0.0744274254,-1.3261599
16173,1.02507996,-0.0603066049
16174,-0.0804858337,-0.0829620829
16175,0.576211801,-0.340614366
16176,-0.609845463,0
16177,-6.88460323,-0.365172562
16178,1.85323159,0.16570778
16179,-0.123894023,0.0203839212
16180,-14.9764331,-1.4602735
16181,1.55208315,0.160307302
16182,0.594045322,-1.46103446
16183,-0.812770587,-1.19450112
16184,1.53326733,0.718686329
16185,,
16186,-0.0483541705,1.80597975
16187,13.8538281,1.1543197
16188,2.09062896,-0.761168128
16189,0.703081634,-1.09464793
16190,-1.54995179,-1.18078212
16191,7.67996776,0.348960338
16192,0.650091949,-0.599483558
16193,1.50591643,0.12793865
16194,0.194522921,1.04387836
16195,-15.9137883,0.0716541952
16196,0.708864357,-1.37356597
16197,0.301661369,-0.307931641
16198,-1.52143821,-2.72137155
16199,-1.2648493,1.45387028
16200,-0.258297737,0
16201,0.202543756,0.296854306
16202,-1.84663924,-0.0202329915
16203,-1.57819975,1.11036205
16204,-12.6461332,0.0972518713
16205,-1.74318237,0.325528981
16206,0.547016372,-2.05514857
16207,-0.270041521,-1.01269276
16208,0.238430214,-0.862650157
16209,,
16210,14.8325382,-0.19541751
16211,12.194404,1.53970633
16212,1.37650562,-0.686809789
16213,0.842270734,0.42525241
16214,-0.63265042,-2.08142413
16215,-6.00120066,-0.116185679
16216,0.338424739,-0.582173361
16217,-0.293161024,-1.4038488
16218,1.03581732,-0.0190584078
16219,1.5194563,0.643788195
16220,1.40768354,0.694341379
16221,-2.3232663,1.48417651
16222,2.38598081,-1.48701077
16223,1.01306584,0.183080469
16224,-0.179734693,-1.21432532
16225,2.47015723,0.118027991
16226,-1.5235579,0.0587613922
16227,-0.324904596,-0.0640247609
16228,6.47641107,-0.567422905
16229,1.62582521,-0.369452601
16230,0.0824490953,0.436163377
16231,0.882956102,0.141915739
16232,0.119279917,0.20485041
16233,,
16234,12.2990163,-0.326524231
16235,13.8179708,-0.48128839
16236,1.38011523,-0.314048072
16237,-0.59421352,-0.41353372
16238,-0.18048966,-0.872535558
16239,-7.5536255,-0.58416933
16240,-4.82488511,0.816462216
16241,0.97296579,0.0204114873
16242,-0.813844184,-0.589437107
16243,-6.37024921,1.02522867
16244,0.3622234,0.556789879
16245,-0.612379922,-0.776730596
16246,0.403758032,-0.749939121
16247,-0.563025608,0.25793916
16248,0.474239517,0.0589768253
16249,-0.909916726,1.31491668
16250,0.416778706,0.121520134
16251,0.298598899,-0.081338102
16252,-11.8812744,-0.29435442
16253,-0.847705636,2.41944176
16254,-1.3801005,0.359808039
16255,0.209955207,0.675303759
16256,-0.951099024,0.865469963
16257,,
16258,13.8010431,-0.420476811
16259,13.6801772,0.46680857
16260,4.05345983,0.925896684
16261,-0.100435764,-0.831932467
16262,-0.294580119,-0.302000741
16263,7.00274934,-0.111799951
16264,2.44984965,0.244780085
16265,0.189557619,0.101653825
16266,0.038966475,-1.06719506
16267,-12.0455786,0.0139359862
16268,0.0590044362,0.13159271
16269,1.63248901,-0.92649476
16270,-1.1027168,-0.405472079
16271,0.908260897,-0.319632345
16272,0.0815044989,0.284156142
16273,3.18641064,-0.8484299
16274,-0.391484282,1.43929928
16275,0.686365409,1.11220534
16276,-6.45606305,-0.7345059
16277,0.911474257,0.5975647
16278,-0.515366391,-1.14717867
16279,-0.083522252,0.375914649
16280,0.791176911,0.380571381
16281,,
16282,25.1723994,1.28483641
16283,27.3206513,1.67686689
16284,1.73525755,0.696666464
16285,1.14879575,-1.48931439
16286,-0.659325157,-1.77819429
16287,12.7092918,-1.61937344
16288,-0.151820139,0.663922743
16289,0.356309563,1.78979984
16290,-0.82644657,-0.162659348
16291,-11.5650132,-0.377350202
16292,-1.11256731,0.806679429
16293,1.9982254,-2.01225474
16294,-0.754921035,0.433999004
16295,-0.207685732,0.484500653
16296,-0.429884629,-0.249049553
16297,-5.53651208,0.811887903
16298,-1.22698059,1.82887387
16299,-1.57345918,-0.624360716
16300,12.986819,0
16301,-4.99468921,0.338000199
16302,-0.408855449,0.70421869
16303,0.718026502,0.591669109
16304,0.45905502,0.945794228
16305,,
16306,9.95220419,0.284954058
16307,6.63955432,1.28414404
16308,4.64513176,0.0734583558
16309,0.735956522,-1.21504521
16310,-0.163468745,-0.609877146
16311,15.4198344,-0.559581727
16312,2.74818974,0.492512566
16313,0.419340961,0.915215294
16314,0.160439215,1.93584267
16315,15.6397999,0.927669247
16316,-2.28487356,1.16577645
16317,-0.260055406,-1.9136642
16318,-1.66007899,1.46461648
16319,-0.473893225,0.203205474
16320,0.922440355,-1.35789163
16321,-28.7634315,1.96176213
16322,-1.51981413,-1.16266686
16323,1.72932017,-0.928073773
16324,13.4671317,-1.68406355
16325,4.91764494,0.302532539
16326,-1.03741993,2.99604336
16327,-0.221143032,-0.735964476
16328,-0.683629963,-0.373019036
16329,,
16330,18.9139441,1.13200706
16331,6.39978723,-0.690677898
16332,3.34485169,-1.11871187
16333,-0.283581967,0.65247437
16334,-0.122788399,-0.93360883
16335,24.4933224,1.39754433
16336,0.0596179546,-0.563496578
16337,0,0.939054426
16338,0.737101858,-1.0068062
16339,-0.669602497,0.456095676
16340,1.77393004,-0.613187036
16341,-1.38850391,0.298580515
16342,-0.100794174,1.08975352
16343,-0.598777281,-0.101330605
16344,0.775497582,-3.12321551
16345,0.724866952,-0.890768949
16346,0.450291899,-2.01668346
16347,-0.407888948,0.502701691
16348,2.41709821,-2.83854324
16349,-3.46690349,-0.828527391
16350,0.1603229,-0.235739874
16351,-0.558391096,1.9302572
16352,0.212563834,0.854055147
16353,,
16354,5.95691114,1.79387253
16355,0.0342795333,0.634988822
16356,1.46560169,-0.420599703
16357,-0.212085955,-1.06627689
16358,0.742010217,0.339253444
16359,6.83828237,-2.55653265
16360,0.375168264,0.202002256
16361,2.64400517,-0.234579721
16362,-0.996885174,-1.78659372
16363,-27.3849751,-0.438833698
16364,-1.31158518,0.463397354
16365,-0.407153222,0.506178727
16366,-0.547631911,0.908666603
16367,-0.898225034,0.591873805
16368,0.422661937,0.454949252
16369,6.28283964,0.177914086
16370,1.47534179,-0.685062299
16371,0.0384499222,-1.0690761
16372,7.34056462,0.127058191
16373,3.25217009,-0.335706606
16374,-1.53637727,-0.358611741
16375,0.306022162,1.11243389
16376,-0.50532834,-0.503003584
16377,,
16378,1.62205223,0.764816357
16379,-0.163355115,-0.824531339
16380,-5.57259756,-0.149731793
16381,-0.0210632186,-0.712968162
16382,-0.767979947,0.622339339
16383,-25.9155312,1.20184747
16384,-6.81995634,-0.478084229
16385,-0.243901096,-1.57917532
16386,0.627477887,-0.888250834
16387,-5.08985731,-0.957096236
16388,-4.49159673,-1.22075807
16389,-1.36329107,-0.33540098
16390,0,0.402093107
16391,-0.509013171,-0.267255628
16392,-0.655568197,-0.504550859
16393,-7.31293932,-1.00803757
16394,0.910281564,0.442602029
16395,1.73399173,-0.711112824
16396,-22.0845262,0.405589708
16397,-8.67663418,1.20471384
16398,0.26467475,0.687905731
16399,0.57343456,-0.900999784
16400,0.304683843,0.291641923
16401,,
16402,14.396697,1.21999141
16403,13.5281073,1.38735338
16404,0.31939561,0.799813866
16405,1.81045115,0.713783698
16406,0.502888243,-0.946486324
16407,21.0269876,-0.335961456
16408,2.13265966,2.12871352
16409,1.6320118,0.333746372
16410,0.350694257,0.572356267
16411,10.416301,-0.0590527628
16412,2.8534253,2.02259732
16413,0.177366693,-1.05690475
16414,0.625999856,-0.913550996
16415,1.31510979,-0.50912215
16416,-1.13787058,-1.90619796
16417,4.28216962,-0.752655355
16418,-0.514713342,-0.558160403
16419,-0.695413441,1.13468206
16420,-27.2102839,-0.609400693
16421,-0.232029858,-0.0461934864
16422,-0.985769169,-2.24995173
16423,-0.915075933,1.91714568
16424,1.43215726,1.22868901
16425,,
16426,-9.00497309,2.10612458
16427,14.8163201,0.520571638
16428,0.178873683,1.52611222
16429,-0.123682204,0.214315307
16430,-0.998949765,-0.399829282
16431,-12.9960596,-0.246496479
16432,-1.40174205,2.07055937
16433,0.665393367,-0.379055911
16434,1.16908154,0.709991374
16435,0.799970503,-1.02011622
16436,2.38592163,0.375538953
16437,0.56625048,-0.919602634
16438,-0.362199851,0.250689509
16439,1.33587154,0.368102556
16440,1.08151299,0.0618205311
16441,5.57908257,-2.40842404
16442,0.0204370259,1.36791224
16443,-0.324225065,0.263123934
16444,15.0806369,0.260518241
16445,0.812849981,0.672653993
16446,-0.0810175874,0.601176988
16447,0.896043958,-2.89085093
16448,0.407254756,0.203647061
16449,,
16450,3.76009203,0.690925597
16451,6.55878461,0.086538627
16452,-7.79541493,0.330802663
16453,-0.321558541,1.44430239
16454,0.0408631242,0.83957901
16455,0.541473265,0.269488242
16456,-3.04477537,0.276568983
16457,-1.6155435,-1.42015914
16458,-1.32865149,-0.4105701
16459,7.56846857,0.0575694881
16460,0.553674382,-0.0450150089
16461,-0.225535143,1.61354569
16462,0.202563547,-0.156415974
16463,-0.737251608,-1.36789338
16464,0.259248037,-1.55267222
16465,2.78090452,0.486861427
16466,2.22157882,-0.0611596616
16467,0.340516714,-0.376763567
16468,-18.0000746,-1.27677544
16469,0.0596495789,1.67616304
16470,-0.104059922,1.05589161
16471,-0.487541289,-1.9626767
16472,2.31853312,-0.66291895
16473,,
16474,-9.42981736,0.141158719
16475,-0.654648123,0.173951187
16476,2.16917558,0.682862555
16477,-1.80670677,1.71299528
16478,2.49481924,-0.488488487
16479,-5.01686686,0.095632324
16480,0.917891576,0.966639028
16481,-1.8283335,-0.0795349144
16482,-0.330024531,0.206138982
16483,-11.2701131,-1.23083312
16484,1.77627768,-1.39204767
16485,1.50265329,1.27569717
16486,1.66248411,0.441461121
16487,0.85468094,-0.282836926
16488,-0.323848334,1.05536813
16489,4.24306808,-0.859496571
16490,0.561637096,0.565486655
16491,0.817340783,1.01402628
16492,-7.04543795,0.972070219
16493,2.41506102,-0.976435268
16494,-0.978509613,-1.32870953
16495,0.497347819,-0.0403689524
16496,-0.438278038,1.08996617
16497,,
16498,-30.5070597,-0.227128358
16499,-25.7529039,-0.760273706
16500,-0.868032236,0.367199819
16501,-0.882788574,0.672176806
16502,-0.592214356,-0.388057403
16503,-6.08420032,2.21960255
16504,-2.32157239,0.786996976
16505,-0.472377952,1.42380638
16506,0.28498032,1.63932052
16507,-3.31581431,-1.48718031
16508,-0.878180376,-1.27543506
16509,0.619811979,-0.788439783
16510,0.383304515,-0.0203394057
16511,-1.01717699,-0.249081822
16512,-1.53394971,0.440631705
16513,4.59203913,-0.422834991
16514,-0.120186056,-1.25064728
16515,0.283904457,-0.976272288
16516,-2.53904844,-0.615201088
16517,-0.18172233,0.377058055
16518,0.896322067,0.231095407
16519,-0.792717656,0.59196033
16520,-0.395725086,0.285688193
16521,,
16522,21.1702103,0.217035827
16523,6.39272739,-1.42578105
16524,-2.96897718,-0.221274902
16525,0.11844102,0.0206429052
16526,0.220825627,0.675320451
16527,6.07632327,0.214335985
16528,-0.0437929627,1.06049464
16529,-0.789018152,0.726890977
16530,-0.549464836,0.141854379
16531,-10.0210602,-1.4626614
16532,1.42997417,-0.754666683
16533,2.07454718,0.0424959751
16534,-0.892460921,-0.0820472344
16535,-0.886400441,0.778372775
16536,1.68757461,-1.11791182
16537,5.88918676,-0.336133308
16538,-0.472374441,0.895243834
16539,0.918729924,1.20131826
16540,28.1114423,-0.0430703123
16541,3.45514737,-0.65544727
16542,-0.459708068,1.17628385
16543,1.28612861,0.801387864
16544,0.7294611,-0.67887051
16545,,
16546,6.62619825,1.08198496
16547,7.68111807,-1.07475113
16548,3.32486646,0.743124383
16549,-0.0207512958,-1.17543805
16550,-0.96781738,0.746462519
16551,-1.65284661,0.291651299
16552,1.89890526,-0.326441588
16553,0.545575865,-2.80010917
16554,0.080705196,-1.65903955
16555,6.41712015,-1.28011283
16556,2.27356241,0.145701923
16557,0.257281504,-1.18018726
16558,-0.408975406,1.01061373
16559,0.533057512,0.901736413
16560,-1.63794939,-0.943882397
16561,8.62627934,-1.04582105
16562,0.274323155,1.88861648
16563,0.814014797,-0.116856742
16564,-8.32017992,-0.376879948
16565,3.81209791,-2.08115152
16566,0.124258523,-0.185725461
16567,-2.03618914,0.407366532
16568,0.993610812,2.04752883
16569,,
16570,5.03497543,0.671079331
16571,15.4072118,-0.764259756
16572,2.34338607,0.0707826149
16573,0.840020382,1.28919611
16574,-0.0204659684,-0.984504113
16575,6.51378461,2.47594884
16576,-2.51023688,0.968942554
16577,-0.148051569,-0.24526575
16578,-0.681839691,-0.726429777
16579,20.5626413,-2.011321
16580,-1.59719292,1.6386121
16581,-1.02059223,1.46663968
16582,-0.938142624,-0.0804739941
16583,0.991619942,0.734714702
16584,0.28218101,-1.66156425
16585,-4.77924406,-0.454197831
16586,0.335990192,1.49761393
16587,0.0403103827,-0.35285277
16588,-26.0152376,-0.61026684
16589,-7.4536388,0.292365825
16590,1.47521234,-1.05652742
16591,0.0612233395,0.672471948
16592,0.631776567,-1.59309646
16593,,
16594,8.66817022,2.34193435
16595,-0.668636282,0.741811369
16596,-3.19560118,-0.777943286
16597,0.189473342,2.38033947
16598,-0.252514604,0.303601423
16599,20.1309358,-0.103889045
16600,2.86342737,-0.132175284
16601,-0.410493801,-2.09990009
16602,-1.42230679,-0.221572131
16603,-19.6602374,-1.1772934
16604,-4.09864035,0.621385364
16605,-1.91825622,-0.0622604728
16606,0.6715291,-0.505061548
16607,1.43754569,0.124639603
16608,-0.0597342572,-1.03845518
16609,3.08526299,-0.197152666
16610,0.359327364,-0.645762806
16611,0.0406569183,-0.0414173708
16612,13.5414124,-0.835993535
16613,1.03936074,-0.471402726
16614,-0.14192305,-0.532967684
16615,0.567646293,1.85416364
16616,1.04422489,-1.06357477
16617,,
16618,-9.27056956,1.42917351
16619,-5.72609044,2.45841277
16620,-2.39781125,-0.414302212
16621,-1.54629488,2.29098215
16622,2.24878687,0.167630956
16623,-28.4680409,0.42141832
16624,-3.20230536,0.336655047
16625,0.171742459,-0.719938654
16626,1.8419251,0.486369634
16627,15.3095098,-0.985146628
16628,-2.95907785,0.846497765
16629,-1.72290431,0.75990189
16630,-0.816715588,0.632128902
16631,0.14023279,0.797010639
16632,-0.180106651,-1.36296348
16633,-13.2957975,0.224335054
16634,0.177908166,-1.14628157
16635,1.01439101,-1.22144294
16636,-0.0496574956,0.0432104976
16637,-4.72065742,-1.3167803
16638,-0.433400851,-0.894406428
16639,-0.711612668,0.656536893
16640,-1.8649541,0.250262843
16641,,
16642,23.6537642,1.50189915
16643,19.21928,1.63911872
16644,1.54438462,-0.265602538
16645,-1.25024184,0.290381378
16646,1.65460541,0.203413777
16647,2.00151136,-2.0784881
16648,-4.11886519,-0.486857999
16649,1.70474882,-0.238188772
16650,1.69459233,-1.04570482
16651,7.64534147,0.254004564
16652,1.86530758,-1.11830976
16653,0.294547094,-0.0424904464
16654,-0.555840216,-0.273417186
16655,1.24295137,-1.50611185
16656,-0.0799899768,0.204389195
16657,4.99117863,1.02790432
16658,-1.48328874,0.490537663
16659,-0.0412650804,-0.612788526
16660,-6.02315894,-1.12752517
16661,-1.13067618,-1.29974001
16662,-0.431810896,-0.471244157
16663,1.46713386,1.26151681
16664,-0.164471418,2.10354977
16665,,
16666,14.9050441,1.60516627
16667,8.32554259,0.293527677
16668,2.86826926,-0.731562607
16669,-1.12823551,0.582968571
16670,-0.841349306,-0.0621949811
16671,-25.7702715,0.74999939
16672,2.03934645,-0.261944643
16673,0.0412053342,-0.597261569
16674,-0.300486142,1.03184274
16675,-10.951716,-0.105251668
16676,-1.36890143,0.384954417
16677,-0.70411495,1.78117864
16678,0.472341265,0.384937447
16679,1.12697248,-1.97066397
16680,1.0759519,0.258414865
16681,1.80237606,0.211434603
16682,0.26249993,-0.455020649
16683,0.565404975,2.26000056
16684,1.13423201,1.06198256
16685,3.10184654,-0.194323438
16686,0.831458904,0.718886912
16687,0.125613927,-1.88570451
16688,-1.2049459,-1.26652498
16689,,
16690,24.2532487,1.19065981
16691,7.68202314,-0.717899515
16692,2.98760525,-1.80918233
16693,-0.586637591,1.9438907
16694,-0.572248407,0.0201339145
16695,-12.723051,0.373375483
16696,-2.0621686,0.372101587
16697,-1.45437882,1.63742023
16698,0.638220582,-0.82809735
16699,20.4942898,-1.78283588
16700,0.509844573,-0.343216521
16701,-1.50498573,-1.20354695
16702,0.100056439,0.510293577
16703,0.971936276,-1.4022873
16704,-0.296224806,-0.938327744
16705,3.75113178,-0.290552131
16706,0.758273159,-0.242068174
16707,1.70749433,0.451608985
16708,5.59408489,-0.955820594
16709,-0.488840449,-0.0878718373
16710,0.702941069,0.0631576404
16711,0.864988167,-1.69679962
16712,1.54093376,1.63655678
16713,,
16714,-18.5594,0.36408572
16715,-24.4009791,-0.627585184
16716,-2.26216476,0.195769781
16717,1.19154798,-0.17800826
16718,3.67323101,-0.20735983
16719,12.4876915,0.391798006
16720,0.262251601,0.961337671
16721,-1.96643985,1.41110518
16722,-1.92668498,-0.772897817
16723,-5.67506601,0.391079138
16724,0.865584078,-0.822321537
16725,-0.100603566,1.11041741
16726,0.59832994,0.177301469
16727,0,0.509617136
16728,-0.825519185,-0.758087245
16729,4.90562639,-1.50372975
16730,0.185268463,-1.30165047
16731,1.60850578,0.931667065
16732,-7.34509115,0.518997755
16733,2.89846369,-0.622432438
16734,-1.14482185,-0.135716315
16735,-0.293620856,0.267820569
16736,0.0210072792,0.839614926
16737,,
16738,15.7117253,-0.50097533
16739,7.50980407,-2.62642364
16740,-3.9867715,0.447563436
16741,1.41077721,0.439982357
16742,-1.92595432,0.360694939
16743,6.4925358,-1.11222776
16744,0.105110968,0.100382341
16745,1.16583416,-1.60934439
16746,-0.0197297004,-0.228284457
16747,7.31719786,-0.613925359
16748,-5.1465754,-0.389397606
16749,-0.251228406,-0.567562
16750,0.88053864,1.24081504
16751,-0.802930636,-1.96045281
16752,-0.16098539,-0.813609549
16753,-4.49745763,1.34457932
16754,-0.466533968,-0.123412408
16755,0.466269096,-1.41421969
16756,0.456332488,-0.307883135
16757,-3.81464206,-0.195420884
16758,0.265843347,0.549379307
16759,0.310408955,1.24951501
16760,0.0622101278,0.322250856
16761,,
16762,5.19294264,-2.53988885
16763,13.7772401,0.480957508
16764,1.06691648,-0.126129437
16765,-0.18114414,1.63243549
16766,0.425225398,0.903682478
16767,0.0159913774,0.059985479
16768,3.26797293,-0.967730729
16769,-1.02556757,-0.595651675
16770,0.328140499,0.478493736
16771,19.84737,0.58157711
16772,1.82483348,1.07253029
16773,0.92907363,1.06631915
16774,-1.88633643,0.810412077
16775,-0.495311151,-0.666845
16776,-0.601855793,0.737011262
16777,1.23028717,-1.50229714
16778,-0.212184616,-1.17121697
16779,-0.0208423701,-0.534457947
16780,-6.66920411,0.799842125
16781,0.534823555,0.728250002
16782,-0.416487297,3.45127212
16783,0.124667651,-1.67429206
16784,-1.05501382,0.0815618067
16785,,
16786,-8.41441418,-0.494428004
16787,0.945528651,-1.62081094
16788,3.66227089,0.102679521
16789,2.0130082,0.641099972
16790,0.600901879,-1.1481529
16791,15.4222595,-0.0869442794
16792,1.66902778,0.439556966
16793,-0.939974111,0.0635190743
16794,-1.22130618,-1.06673623
16795,6.85848782,-0.315728177
16796,-1.55337215,-0.0295613781
16797,-1.81204171,-1.21090908
16798,1.56568445,-0.276325681
16799,-0.331630663,-0.430441035
16800,-1.76848253,-0.119774831
16801,-3.56960838,-1.23701062
16802,-1.75884617,-0.724863248
16803,-0.0636745092,-1.24890278
16804,5.01263342,-0.992387549
16805,1.32784927,-1.08278927
16806,-1.60787978,-0.698829583
16807,-1.07122359,-0.162050504
16808,0.521313587,-1.81201222
16809,,
16810,0.352094136,-0.699578085
16811,-5.83785041,-1.15394459
16812,0.522465196,-1.25737274
16813,-0.899562797,-0.322956566
16814,-0.920840106,-0.55809093
16815,-11.4540928,-0.526318313
16816,-0.540147318,-0.373525344
16817,2.16592914,-0.700812086
16818,-1.13876601,0.528394365
16819,8.26688312,1.89887262
16820,0.737725883,-0.452642848
16821,1.76883616,0.672755046
16822,-2.23998461,-0.346910531
16823,-1.00952527,-0.73875158
16824,0.904177935,-1.18508399
16825,4.70534017,-0.155053895
16826,-0.792213212,0.922043605
16827,1.32565758,-1.23894514
16828,7.17980611,-1.10265456
16829,-0.51021156,0.0889415898
16830,0.123123314,1.8135548
16831,-1.07223194,0.100718087
16832,1.18326039,-0.16093705
16833,,
16834,-19.2153294,0.291653104
16835,-13.0768783,-1.93544181
16836,0.447000509,2.3147107
16837,-0.431673687,-0.182918909
16838,0.589857443,0.87031167
16839,-12.0761482,-0.20408877
16840,1.90476939,0.924759003
16841,-0.24418011,0.619009447
16842,-0.288064118,0.624094287
16843,-4.93975392,0.804688213
16844,-3.67882447,1.82366168
16845,0.020227223,-0.906499662
16846,0.408941122,-2.01844762
16847,-0.417248539,-0.863740331
16848,-0.790043209,0.697183754
16849,-10.1977015,1.16082898
16850,-1.62358177,0.421907335
16851,1.0398391,-0.18829445
16852,-6.70433182,0.845391467
16853,-1.38114405,1.57106781
16854,-0.238095689,-0.913018521
16855,0.222551947,-0.826924801
16856,-0.185064951,0.165829616
16857,,
16858,-19.2277593,-0.942632405
16859,-7.2043352,0.389360795
16860,-0.21730987,1.78089663
16861,-0.975163266,1.06512244
16862,0.767999601,-0.402548976
16863,-13.1193289,-1.58903217
16864,-1.93515121,0.0593540129
16865,0.162192173,0.584012884
16866,-0.0415297842,-0.777501548
16867,10.7598266,2.76823002
16868,-1.0766267,0.749467431
16869,0.379040031,1.06505524
16870,-0.545394722,0.937099857
16871,-1.01331805,-1.12638054
16872,-0.162665247,-0.538995083
16873,3.48409079,-0.257204769
16874,-0.180988382,1.07200105
16875,1.62519547,0.350852957
16876,-6.77261396,0.871843611
16877,-1.8261289,-0.682815392
16878,0.654443272,0.571885032
16879,-0.73601345,1.90485014
16880,0,0.413475245
16881,,
16882,-18.4945589,1.40104807
16883,-18.7844601,0.520117686
16884,-1.02171601,0.709231553
16885,-0.427941288,2.51131417
16886,0.179816671,-1.82840801
16887,0.554115405,-3.78333031
16888,1.34494071,0.16771153
16889,-0.506677748,2.52271173
16890,-1.76295656,-0.813827664
16891,6.08972054,-0.653421951
16892,-2.20423101,-0.631053044
16893,0.255085882,-2.24373545
16894,-0.512327315,1.85066814
16895,-1.03992875,-0.0203273118
16896,-0.141522371,1.47290664
16897,-10.0072843,-1.73543541
16898,-0.195722031,-0.508054434
16899,0.357683898,-0.889387154
16900,6.61080822,1.80745239
16901,-0.598289448,0.592943213
16902,0.676193771,-0.676300131
16903,0.0393985062,0.146266827
16904,-1.10453407,0.952297509
16905,,
16906,15.7220434,1.99681178
16907,36.0959126,-0.684561199
16908,-0.149039576,-0.247437275
16909,0.179765961,0.188563144
16910,-0.222872279,0.198729011
16911,-0.844489326,1.38970074
16912,-1.90720306,-0.720377616
16913,-1.07488827,-0.0802295557
16914,0.349382794,-0.0206184771
16915,-12.3117448,0.703462871
16916,0.987506538,2.3549434
16917,-0.456810348,-0.239078299
16918,0.818071322,0.455360128
16919,1.90203299,-0.204279718
16920,-0.040611727,0.383304515
16921,4.69810322,1.25419928
16922,0.72194445,-2.14186495
16923,0.123315556,-0.106353782
16924,13.98172,-1.15348577
16925,0.834201267,-0.433408
16926,-0.445423194,0.794188457
16927,0.39475719,-0.0630794921
16928,-0.531807168,-0.235438333
16929,,
16930,-31.4697296,-1.56295154
16931,-26.1311451,-2.40108953
16932,-3.77396423,-0.27812353
16933,0.207449272,1.21338891
16934,-0.196272284,-0.636113564
16935,10.5467295,0.27947635
16936,0.933669937,-0.96046742
16937,1.14006229,0.828445788
16938,-0.512923006,-1.13904564
16939,-6.31111969,0.943317742
16940,-1.33775574,-1.50901521
16941,0.590635721,-1.41809247
16942,-1.47435863,-1.10817649
16943,-1.40611979,0.185807977
16944,-0.929516267,1.06452868
16945,-1.67717137,1.25321586
16946,1.04087065,2.26361826
16947,0.148081788,-0.823601286
16948,6.82576091,0.697182257
16949,0.121521134,1.70546828
16950,-0.266621323,-1.58789345
16951,0.118207476,0.888214272
16952,0.834925949,-0.84440579
16953,,
16954,10.06214,0.773866786
16955,8.71600386,0.207993663
16956,2.06103392,0.536478608
16957,0.480718603,0.648531535
16958,-0.520555033,0.748273135
16959,-4.28904136,0.507368717
16960,5.38165058,0.834118128
16961,0,-1.16762216
16962,-1.3580566,0.704460879
16963,-12.3266405,-0.541145945
16964,1.73276071,-1.10171964
16965,0.881808341,1.25637342
16966,-0.221580694,-0.446325678
16967,-1.25546069,1.8364447
16968,-0.735415637,1.42544029
16969,2.59595541,0.180342636
16970,-0.950048411,0.840438237
16971,-0.568891641,3.10476958
16972,-20.0968279,1.53266465
16973,2.56237777,-1.6894697
16974,0.474002084,-2.02161746
16975,0.626743653,-0.515127236
16976,-1.76711331,-0.339066246
16977,,
16978,-4.8702561,-0.137155933
16979,0.28391395,0.541043422
16980,-0.605877799,-0.565226913
16981,0.355896332,-0.737407822
16982,1.64143555,-1.57917778
16983,1.18372033,0.272366704
16984,-0.336952526,-0.361344639
16985,0.654565873,0.294315664
16986,1.55403106,0.344737751
16987,-13.502497,0.384793779
16988,-2.21126071,1.97569896
16989,1.23270541,0
16990,-0.202862508,-0.865499841
16991,-0.141686774,-2.21206144
16992,-0.319163751,-0.457939887
16993,-1.75093935,-0.109903784
16994,1.97096473,-0.923040905
16995,-0.41850856,-0.200604231
16996,0.479565595,-0.266065311
16997,-1.5852809,0.613250351
16998,-0.512795892,-0.243540281
16999,0.117440435,-0.344618432
17000,0.0202719648,-0.0601535195
17001,,
17002,-4.14915068,1.38592334
17003,0.117921393,0.659677927
17004,0.0442762357,0.274925596
17005,0.119431791,-1.67555562
17006,-0.419557358,-0.940049563
17007,-7.19302315,-1.55501869
17008,-0.272881287,0.598321326
17009,0.415692653,0.407907422
17010,1.3654475,0.675581684
17011,0.266301318,-1.89976924
17012,0.892361262,-0.178709056
17013,1.02702637,0.882995314
17014,-0.0793756465,0.123534024
17015,0.435839306,-1.13985339
17016,0.513151114,0.891116586
17017,-0.3623078,1.58498453
17018,-0.402566445,1.15540129
17019,-0.505651539,0.0198687815
17020,7.38098776,0.527765793
17021,-2.96638907,0.578286502
17022,0.296607527,0.0601639477
17023,-0.218189054,-1.09696109
17024,-0.796937178,0.441628282
17025,,
17026,13.8110381,0.658518162
17027,13.8988873,2.07900701
17028,-1.3801457,0.157912243
17029,0,-0.784286762
17030,0.385751815,0.383367119
17031,-13.2313604,0.0147910307
17032,-1.83071742,-0.727625908
17033,0.821970191,2.50795825
17034,-1.61758217,0.36442368
17035,0.773346818,0.272076798
17036,0.412972775,0
17037,2.64882209,1.38851801
17038,-0.464938257,-1.49679003
17039,-0.351849734,-0.0598492617
17040,0.351805924,-1.45791262
17041,4.05980214,-1.70194041
17042,-0.423849982,-0.165260566
17043,1.31550925,-1.46557686
17044,-12.2946245,-2.16994252
17045,-2.69645436,-0.450334489
17046,1.23630076,-0.596314077
17047,-0.661032553,0.840978019
17048,-0.55793818,-0.346906911
17049,,
17050,-9.46876636,0.162234839
17051,-6.69776199,0.632738022
17052,0.950017226,0.902019938
17053,0.408664385,-0.99900941
17054,-0.319087388,-0.438176676
17055,-13.0276965,0.945382878
17056,-2.06462851,-0.32850451
17057,-0.223996182,-0.828966839
17058,0.54804267,1.12626581
17059,12.5231452,-0.181358066
17060,2.61061104,-0.567991709
17061,2.11598871,0
17062,-0.465779071,-1.12430008
17063,-2.20363023,0.980249069
17064,1.01876546,1.6241045
17065,4.63181072,1.20532213
17066,0.896209166,-1.43484506
17067,1.13195345,0.753439699
17068,-11.5372515,-0.17415014
17069,1.34597608,-0.277445831
17070,0.591350975,0.138271494
17071,-0.894511075,-0.389137003
17072,-0.396147386,-1.07975572
17073,,
17074,10.5279206,-0.968356523
17075,13.3823557,-2.78879284
17076,3.82180359,-0.675509437
17077,-0.713718243,1.66164911
17078,-0.846945507,-0.186856468
17079,-11.8199753,0.164671565
17080,2.08871336,-0.718162807
17081,-0.666090162,-0.610141525
17082,-0.557724541,1.39134638
17083,-12.6218712,-0.299176717
17084,0.0298311081,-0.550197895
17085,1.14059303,1.81957957
17086,0.819183695,-0.817995313
17087,-1.80200899,-0.401310067
17088,-2.02547301,-1.19642387
17089,1.93453901,0.159491671
17090,-0.528853547,0.244601069
17091,0.434469086,-0.161100535
17092,-1.73484387,-1.77600364
17093,3.00242198,0.484278734
17094,0.394078592,0.180092553
17095,-0.803080082,-0.195485696
17096,-1.06871146,2.48088336
17097,,
17098,-0.563202091,0.996025114
17099,-11.8234405,-0.0589534357
17100,-0.0882016926,-2.01540567
17101,0.162509897,-0.116522239
17102,0.655868368,-1.71922555
17103,1.48540702,0.817788467
17104,-0.414064751,-0.0874064127
17105,0.389474539,0.732288079
17106,0.269178918,0.634571601
17107,0.0955441992,-1.5106094
17108,-0.153068385,1.80252962
17109,0.183291214,0.884193449
17110,0.483173834,0.921633034
17111,-0.296291423,-0.565859108
17112,0.352764634,-1.8371954
17113,-0.195012665,-0.53670264
17114,-1.02283306,-1.21187638
17115,2.31175727,1.12903975
17116,-12.2854541,-0.128000656
17117,-1.73218925,0.348485013
17118,-0.766776082,-0.566508941
17119,-0.242265916,0.204262842
17120,-0.483250809,-1.35445234
17121,,
17122,10.7682283,0.560243873
17123,2.31561405,1.86984675
17124,3.19886365,-0.600898933
17125,2.24042679,-0.266356942
17126,1.10102512,0.139737233
17127,11.0095614,-0.798638016
17128,2.27065532,0.391339763
17129,1.17874302,-0.0818953019
17130,-0.796558,-1.63244663
17131,-14.1994761,0.368381224
17132,-0.304181341,0.156210068
17133,1.47170082,-0.59086273
17134,2.23204017,-0.884855858
17135,1.19707152,-1.92808883
17136,-1.37751993,2.3890722
17137,2.95043108,1.99318116
17138,0.469125353,-1.11850033
17139,-0.31826979,0.444672775
17140,0.498981815,2.06579654
17141,3.68459274,1.44967257
17142,0.298540186,-0.236072567
17143,-0.0595682835,-0.249286485
17144,-1.28544327,0.554112958
17145,,
17146,1.81591507,-0.385264411
17147,-5.03917867,0.161920516
17148,3.31488969,0.196033432
17149,-0.589944307,0.0408936409
17150,0.175610044,0.147580766
17151,19.3306168,0.404593295
17152,1.56815936,-0.785094719
17153,0.201428903,0.302626114
17154,-0.142159042,-0.162143907
17155,6.06149799,-0.0572731597
17156,0.362471805,0.449693615
17157,1.25867901,0.449355698
17158,1.28404531,-1.03018596
17159,-0.881648524,1.24571833
17160,0.198689682,-0.707098238
17161,-14.7176672,0.0143634354
17162,0.518310902,1.67438015
17163,-0.767417676,0.205605391
17164,0.761184722,0.880334171
17165,-8.68686326,-0.534251139
17166,-0.362102498,-0.145161032
17167,-0.842746862,2.16792185
17168,-0.743548052,0.65880976
17169,,
17170,-8.80902818,0.579731445
17171,-7.36267316,-0.456743231
17172,2.37239473,-2.26239783
17173,0.120898288,1.30128153
17174,-0.826349818,1.87034466
17175,-6.86982423,-0.514599028
17176,-2.80401681,-0.398184952
17177,-1.1500755,-0.0615340957
17178,0.236324059,-0.714950464
17179,-6.32301753,-0.64883495
17180,-3.49331646,-0.599269045
17181,0.526630563,-0.826488653
17182,1.24903471,-0.219081781
17183,1.80711175,-0.0593728879
17184,1.21382159,-1.52368882
17185,-9.35368256,-0.299166384
17186,1.27572914,-0.677711647
17187,0.382710829,-1.19056399
17188,1.15828408,-1.61403201
17189,-1.73825312,-0.121694945
17190,0.357980788,-1.0164198
17191,0.020076436,0.333973706
17192,-0.458667241,-0.383023321
17193,,
17194,1.40585888,-0.831461636
17195,7.6162639,-0.28656258
17196,3.06706329,-0.668910642
17197,1.57707416,0.830333713
17198,2.44922248,0.227266216
17199,-0.0167810861,0.211399867
17200,5.81005324,-0.799981023
17201,0.257306258,2.14875413
17202,1.34974837,0.484944662
17203,13.1816593,-0.167827715
17204,0,-0.717334928
17205,0.463870576,2.24515218
17206,0.721139764,0.0829928684
17207,-0.097124315,0.73759959
17208,1.02207237,-1.04129181
17209,3.6717902,-0.311325234
17210,1.16476455,0.218299726
17211,-0.0601302575,0.569305359
17212,14.3928755,-1.12961728
17213,3.99364588,1.0307679
17214,-1.09555704,0
17215,0.858917277,-1.78986293
17216,-0.336305755,-0.400632676
17217,,
17218,10.1159038,-1.83253628
17219,-6.04143643,-0.771154096
17220,2.1102425,-0.731733949
17221,0.286678737,-2.25242429
17222,0.143365963,-1.11340407
17223,-12.9797384,-1.98130013
17224,-4.2008011,1.67015065
17225,0.628125625,0.352000931
17226,0.0635499272,-0.806234842
17227,12.6922514,-0.470896656
17228,2.50777486,0.324196599
17229,0.135533083,0.452256638
17230,1.72402994,0.808843039
17231,-0.723610746,-0.490096566
17232,-1.40988859,0.963088537
17233,6.69626252,-1.23887794
17234,0.585085511,-0.323143051
17235,1.17640721,-0.614055355
17236,12.4864532,0.503799176
17237,0.592390739,0.68064867
17238,0.200260357,-1.27460561
17239,1.53706284,-1.83224469
17240,-2.62686885,-0.10170441
17241,,
17242,14.3104311,-0.332882094
17243,8.11598001,1.05700328
17244,-2.8682037,0.990298848
17245,0.639079364,1.34265346
17246,-1.16039855,-0.713378959
17247,27.2908366,1.05233898
17248,0.686758335,0.880885524
17249,-0.347663164,-1.17127022
17250,-3.15667009,0.237373556
17251,-20.942036,0.654154445
17252,0.590621474,0.348574007
17253,0,-1.90789754
17254,-0.707104482,0.546234738
17255,-0.840591633,1.78905317
17256,0.16497902,0.389123095
17257,2.83765621,0.689630905
17258,1.46678557,-1.41834438
17259,-0.365327392,-0.258197613
17260,19.6869086,0.515270957
17261,0.922954663,0.497679419
17262,1.21029643,-0.200867567
17263,2.05369997,0.832863359
17264,-0.230906471,-2.43599824
17265,,
17266,-0.829492262,1.46877288
17267,-0.113397483,-0.0858366014
17268,-6.87283114,-1.45208715
17269,-0.687937592,1.80575865
17270,-1.57183914,0.560669268
17271,11.4765072,0.530103021
17272,0.191214873,1.2166161
17273,0.929516267,0.422878374
17274,-0.489749703,1.78367113
17275,-6.15247971,0.748794968
17276,0.469255593,-0.134614107
17277,-1.16367708,1.07071515
17278,-0.257988548,0.677757499
17279,-0.330193223,-1.22710009
17280,1.81564816,1.9603931
17281,4.02941409,0.872896332
17282,0.885301052,1.08247139
17283,0.332481247,1.16797106
17284,-5.35759141,2.04502907
17285,0.221629834,1.00676072
17286,-1.18113837,1.06657373
17287,-0.702189804,0.331706745
17288,2.35722128,-1.02887211
17289,,
17290,10.4353071,-0.181138991
17291,15.1385852,-1.6994755
17292,-0.478584333,0.222425462
17293,0.655490978,-1.01214898
17294,0.334535931,-1.14552853
17295,-6.03345601,-0.104815229
17296,3.96898938,0.295468053
17297,-0.901611171,-1.79291056
17298,-0.857936428,-1.2643055
17299,13.7053617,0.390812884
17300,3.49195144,-0.150288055
17301,0.543491228,-0.266405157
17302,-1.16469108,-0.737817735
17303,-0.0399590005,-0.040681743
17304,0.291734269,-0.24580679
17305,7.33927729,1.16489428
17306,0.224352135,1.910937
17307,2.13473907,-0.949310582
17308,-20.4466336,0.0697022589
17309,2.1431254,0.801318972
17310,-1.6952606,-0.946322354
17311,0.579084927,0.800596898
17312,-0.101988877,0.239384034
17313,,
17314,9.40828432,3.42955291
17315,-5.61532304,0.212881641
17316,2.67209737,-0.674383385
17317,0.979936103,-0.677079415
17318,0.228938787,-1.01744513
17319,6.07230618,-0.300601272
17320,2.75776747,0.37983682
17321,-0.420133327,-1.87901131
17322,0.593202401,-0.162797045
17323,14.3417616,1.0800064
17324,1.7233285,-0.238926524
17325,0.0211438248,1.20637678
17326,2.02786343,1.07198558
17327,-0.327817203,0.543557902
17328,1.20265591,-1.21326785
17329,-1.9221438,-0.918922199
17330,0.73490646,-0.526141188
17331,2.02030484,1.4059305
17332,-5.51862381,-0.0720638235
17333,0.585182568,-0.730726687
17334,-0.202197913,0.862374257
17335,0.894639553,1.27024466
17336,0.393588683,0.990888554
17337,,
17338,5.10701608,0.763939951
17339,13.6623223,-0.732993912
17340,-0.0294531244,1.67244859
17341,-1.05868406,0.594242145
17342,-0.93512946,0.0827745329
17343,-5.41719014,-1.52365569
17344,-3.85166701,1.24408528
17345,0.325415608,0.0613243031
17346,0.24536853,1.27969331
17347,-6.28328486,1.06766215
17348,-3.26903637,-0.35471362
17349,0.262424854,0.162826622
17350,-0.607033655,-0.148383993
17351,0.143721471,0.505358527
17352,1.21548338,0.0788451843
17353,-5.35275038,1.05231781
17354,-1.3334252,-1.29728082
17355,-0.34287624,-0.26152841
17356,-11.2796231,-0.268061819
17357,-5.58766898,-0.622435898
17358,-0.825222249,0.295708461
17359,-1.77088242,2.21328995
17360,-0.315383482,-1.12726629
17361,,
17362,-5.92783892,0.747695837
17363,-4.89841625,0.509406423
17364,-4.17919165,0.371884846
17365,0,1.96069202
17366,-0.695342685,-0.700827011
17367,-12.7236604,1.31710605
17368,1.06635458,-0.876957054
17369,0.408814345,0.650725721
17370,0.596684732,0.361830536
17371,8.73428496,2.5262579
17372,-2.37645722,1.76881744
17373,-1.95129741,-2.35082576
17374,0.204670749,-2.32369325
17375,-0.699623112,1.17975097
17376,-0.447170528,1.05765574
17377,1.51519521,-1.82199463
17378,-0.470990277,0.652730232
17379,1.81100834,-0.569164679
17380,-7.17643747,1.16109632
17381,-0.593298128,-0.2294764
17382,1.73234854,-1.40042529
17383,0.465255708,2.06657964
17384,1.42195394,0.266799704
17385,,
17386,3.98618657,-0.229381361
17387,12.617071,-0.21916154
17388,2.62524285,0.780830704
17389,-1.46131862,1.40590017
17390,1.08059767,-0.404961381
17391,-3.97662829,1.94024488
17392,-1.86605508,0.0756936046
17393,0.182996981,0.945851207
17394,1.64380199,0.488285739
17395,5.91049554,-1.33867966
17396,-1.72343928,-0.144321442
17397,0.909271598,0.563611337
17398,0.0624630819,0.436726854
17399,0.378999523,1.15313756
17400,-1.40920007,-0.95515749
17401,-1.41646526,-1.38310554
17402,-1.34109551,-0.921575732
17403,1.62755981,1.83213812
17404,12.9722707,-1.52831681
17405,-0.536378563,-0.829449371
17406,-0.415877296,-0.0631288963
17407,1.52183106,-0.742919684
17408,-1.48712837,0.462766807
17409,,
17410,,
17411,-2.67746921,-1.48249399
17412,-1.01357032,0.0945142096
17413,12.9553606,-1.00511071
17414,0.284942027,0.218166516
17415,0.347848439,-0.265763697
17416,-0.326899179,1.59812132
17417,0.375952029,-0.15961881
17418,0.104398195,0.597845644
17419,,
17420,-0.741539789,1.01202746
17421,-0.748242933,-0.279634731
17422,-0.140877587,0.987117159
17423,0.0904337281,-0.0290699411
17424,-2.68431315,1.87219158
17425,-2.68431315,1.87219158
17426,1.47829401,0.102584304
17427,0,-0.594793963
17428,,
17429,-2.0317664,-0.946643047
17430,0.624759767,-0.764232516
17431,0.258289559,-0.687731304
17432,0.485541235,0.0297829389
17433,0.23576975,1.39104747
17434,0.23576975,1.39104747
17435,1.99569141,-0.859413043
17436,0.945328195,-0.946739188
17437,,
17438,-1.19208994,1.75987647
17439,1.13883818,-0.482605475
17440,1.12654266,-0.485492121
17441,0.813029636,1.45613776
17442,1.56362838,-0.412096746
17443,1.56362838,-0.412096746
17444,1.17636449,-1.0936902
17445,-0.223755271,-0.123394484
17446,,
17447,0.0292955262,-1.78340891
17448,0.820456513,-0.217689226
17449,1.37756933,0.855306098
17450,1.06661508,0.503401931
17451,-1.09849865,0.770737633
17452,-1.09849865,0.770737633
17453,0.363113375,-1.55922709
17454,-0.557405373,-1.78352241
17455,,
17456,0.93233608,0.144973753
17457,2.2707014,2.95857412
17458,1.54882859,1.96625469
17459,3.20994634,-0.0574650188
17460,1.94054001,-1.10602218
17461,1.94054001,-1.10602218
17462,0.87492289,-0.731897304
17463,-0.816822822,-0.559695749
17464,,
17465,1.10565056,0.956850873
17466,-0.252449734,-0.322366085
17467,0.265431942,-0.856956154
17468,-0.117817365,-0.919667021
17469,0.440153143,-1.70337753
17470,0.440153143,-1.70337753
17471,-0.837457073,0.145057884
17472,-0.483611583,-0.69745224
17473,,
17474,0.170890551,-0.510408408
17475,0.87500287,-0.287979928
17476,1.31780024,-0.49823917
17477,1.84764674,0
17478,-1.63202402,-0.838855698
17479,-1.63202402,-0.838855698
17480,0.250711448,0.471164491
17481,0.0605316453,-0.121757572
17482,,
17483,-0.24333336,0.612736223
17484,-1.04760767,0.356149353
17485,-0.536120676,0.920972445
17486,0.685811398,0.244441778
17487,0.473359292,1.33540827
17488,0.473359292,1.33540827
17489,1.46033196,-0.654940209
17490,-0.0205378455,0.753804469
17491,,
17492,-0.461183264,-0.802542735
17493,0.465848855,-0.241317029
17494,1.04036032,0.412630553
17495,1.30801813,0.568139612
17496,0.598800599,-0.934450526
17497,0.598800599,-0.934450526
17498,-0.497940861,1.31472905
17499,-0.3796426,-1.29514867
17500,,
17501,-0.75294185,2.37650612
17502,-1.70797166,0.706288032
17503,-1.41708138,0.0207854211
17504,-0.938259832,-1.79741207
17505,0.516593717,0.0403762091
17506,0.516593717,0.0403762091
17507,1.36830801,-1.84709789
17508,0.495109539,0.300080784
17509,,
17510,0.837296416,0.176618936
17511,0.630811364,0.345791245
17512,1.4668551,-0.721063049
17513,0.149532961,-0.765090249
17514,1.23165839,-1.42242212
17515,1.23165839,-1.42242212
17516,-0.515861115,-0.0825025259
17517,-1.40783204,0.194189048
17518,,
17519,0.705487578,0
17520,0.342520587,1.47081785
17521,0.466037321,1.44700172
17522,-1.47363336,-0.83702924
17523,-0.808843039,1.04013557
17524,-0.808843039,1.04013557
17525,0.395300703,-0.910918827
17526,0.260837726,-0.319444218
17527,,
17528,-0.240727643,0.657263893
17529,1.24652037,0.353148152
17530,1.05043723,0.567379381
17531,0.218805836,0.692340811
17532,-0.64561061,-0.0808641692
17533,-0.64561061,-0.0808641692
17534,-0.989955373,0.847308606
17535,1.48961389,-0.285336123
17536,,
17537,2.01396485,0.217034873
17538,-1.2613882,0.193041688
17539,0.425268227,-0.571174772
17540,0.595992605,-0.542858038
17541,-0.358399253,-1.23762118
17542,-0.358399253,-1.23762118
17543,0.258500895,-0.182201639
17544,-1.68147199,0.0793643684
17545,,
17546,-0.297536061,0.541304417
17547,0.173572699,1.7050241
17548,1.80500072,-0.824979521
17549,0.627595091,0.420721539
17550,0.92237302,-0.759654584
17551,0.92237302,-0.759654584
17552,-1.1434037,-1.04274687
17553,1.06134876,-1.83494884
17554,,
17555,-0.522634457,-1.02016534
17556,-1.12966655,1.29697488
17557,-1.18525469,0.50631125
17558,-0.363229067,-1.1016183
17559,-0.201075073,-1.56898333
17560,-0.201075073,-1.56898333
17561,-0.818289622,0.454427288
17562,-0.416552949,0.852976363
17563,,
17564,0.511473807,0.421128155
17565,-0.600189133,-0.956405695
17566,-0.298978623,-1.14534157
17567,-0.345439579,-0.488939619
17568,0.935785836,0.0624587389
17569,0.935785836,0.0624587389
17570,-0.350460344,-1.77246026
17571,-0.0402499832,-0.222214352
17572,,
17573,0.160553105,-0.274766608
17574,-1.51087693,-0.549225329
17575,-1.29388515,0.235582928
17576,-1.74360478,0.901963228
17577,0.0210754549,-0.539582318
17578,0.0210754549,-0.539582318
17579,1.34485362,1.30790463
17580,-3.46796359,1.59449617
17581,,
17582,0.87544721,0.172417979
17583,-0.0707060177,-1.02648985
17584,-0.570388936,-0.364363796
17585,0.149796365,-1.16791689
17586,3.0033975,-0.185209462
17587,3.0033975,-0.185209462
17588,-0.892795332,0.55534082
17589,-0.344876401,1.3885203
17590,,
17591,-1.08529415,-1.14329581
17592,-0.257549836,-0.523288528
17593,-1.37372315,-0.379650198
17594,-0.429368107,0.905986254
17595,0.291869642,0.870386635
17596,0.291869642,0.870386635
17597,1.55989777,-1.2502353
17598,-0.199870002,0.490232925
17599,,
17600,0.790850601,0.600122794
17601,-0.799033619,-0.382290991
17602,-1.25714803,-0.220102076
17603,1.73563081,3.10742819
17604,-0.481893133,-0.742823756
17605,-0.481893133,-0.742823756
17606,-0.180937041,0.246670809
17607,0.323741981,0.865538967
17608,,
17609,-0.523830338,-0.321434775
17610,0.505937814,0.094835557
17611,1.14504954,-0.605156857
17612,1.40673344,1.44537929
17613,-1.91504096,-1.50646116
17614,-1.91504096,-1.50646116
17615,-0.440847152,-0.26598835
17616,-0.698140316,-1.69109782
17617,,
17618,-1.05970846,-0.21045222
17619,-0.116983991,-1.03220642
17620,0.248920602,-0.504571924
17621,-0.976170825,1.84790039
17622,-0.965353582,0.375950058
17623,-0.965353582,0.375950058
17624,0.0416493635,2.20504741
17625,1.41004247,-1.51667454
17626,,
17627,-0.313847939,1.00430938
17628,-1.23731275,0.721026818
17629,-0.635984457,-0.228092495
17630,-0.692197442,1.30686832
17631,-0.164631244,0.388735074
17632,-0.164631244,0.388735074
17633,0.620911046,-0.242449508
17634,1.6210006,-0.296367363
17635,,
17636,-0.281307357,1.98903246
17637,0.382045147,0.271272175
17638,0.897737843,0.319418691
17639,1.45956425,1.15319272
17640,-0.677049266,1.35980073
17641,-0.677049266,1.35980073
17642,1.50272087,-0.118892281
17643,1.13307015,-0.341455357
17644,,
17645,-0.944659299,0.0142159545
17646,-0.426348333,0.820445924
17647,-1.22542729,0.262790112
17648,-0.418593544,1.81527424
17649,-0.118649782,-0.583705639
17650,-0.118649782,-0.583705639
17651,0.370961682,0.988782417
17652,0.691348791,1.95046553
17653,,
17654,-0.117810193,-0.117685593
17655,1.92318583,1.2214451
17656,2.61359795,1.45028513
17657,-0.727381176,-0.699097857
17658,-1.25333942,1.67797099
17659,-1.25333942,1.67797099
17660,0.5223719,-0.660710771
17661,0.164461837,-1.72084208
17662,,
17663,-0.44133616,1.04222537
17664,0.490342068,0.189356341
17665,0.697257257,0.538365645
17666,-0.95704474,-0.257302101
17667,0.93958799,1.1906441
17668,0.93958799,1.1906441
17669,1.16489997,-0.290551998
17670,1.44041428,-0.10050368
17671,,
17672,-1.18463056,-0.223346745
17673,-0.0721994199,-0.313350313
17674,-0.0415972673,-0.183036434
17675,1.92723954,0.21352099
17676,-0.905498248,0.0992773334
17677,-0.905498248,0.0992773334
17678,1.16467391,-1.49132019
17679,0.102557907,-0.735350112
17680,,
17681,-0.494463453,0.843084986
17682,0.68646151,-1.45721049
17683,0.426895825,0.142684774
17684,1.42660238,-1.14443049
17685,-0.892165153,1.07428358
17686,-0.892165153,1.07428358
17687,-1.0533185,2.21109103
17688,-0.441147814,-0.352791828
17689,,
17690,-0.617306066,0.588756572
17691,-0.0987498638,-1.26528261
17692,0.256334103,0.267051849
17693,0.139425933,-0.599983309
17694,1.75716848,1.45749555
17695,1.75716848,1.45749555
17696,-0.506562893,0.666176811
17697,-0.547981188,-1.06230231
17698,,
17699,-0.433259127,-0.24341837
17700,-0.501468389,0.272475301
17701,-0.554605089,0.209616213
17702,-0.346972227,-0.0737011641
17703,-0.0194585301,1.0401607
17704,-0.0194585301,1.0401607
17705,-0.956354729,1.18799245
17706,0.323534895,-0.662334893
17707,,
17708,1.28442496,0.892173881
17709,-1.08162094,-0.751449287
17710,-0.414847003,-1.25968748
17711,-0.161203733,-0.887071949
17712,0.598286538,-0.229338992
17713,0.598286538,-0.229338992
17714,0.442007439,-0.496313114
17715,-0.190502437,1.59832287
17716,,
17717,-0.271218273,0
17718,-1.02758112,0.0143568004
17719,-0.737926501,0.231875046
17720,0.376726824,0.475831408
17721,-1.19551443,0.857218471
17722,-1.19551443,0.857218471
17723,-0.741117536,0.299581778
17724,-0.965437245,-0.815565141
17725,,
17726,-0.0289071612,-0.227239856
17727,-1.00493447,-1.11889835
17728,-1.34869825,-1.99345549
17729,0.106536381,1.10534533
17730,-1.2468627,0.0395162863
17731,-1.2468627,0.0395162863
17732,-1.77498941,0.0407991459
17733,1.66799297,0.970456514
17734,,
17735,0.36936281,-0.134683448
17736,0.234404927,-1.70743504
17737,0.352176563,0.0206478454
17738,-0.957225011,0.314739058
17739,0.915877013,-0.442486046
17740,0.915877013,-0.442486046
17741,0.333330764,-0.935864594
17742,0.145226787,-0.612518931
17743,,
17744,0.820722123,3.03291051
17745,0.796768699,0.631569544
17746,0.542757246,1.30445034
17747,-0.106705628,0.914781795
17748,-0.118603295,-0.231888868
17749,-0.118603295,-0.231888868
17750,-0.0805868868,0.791475748
17751,1.3137771,0.775270566
17752,,
17753,-0.522868723,0.450378431
17754,0.0893917025,0.805180913
17755,0.540737912,-1.5105244
17756,0.0905211288,0.777766264
17757,-1.68133236,0.0628505092
17758,-1.68133236,0.0628505092
17759,-2.1635149,-0.384114427
17760,-1.42062441,-1.44386176
17761,,
17762,0.715522322,-0.882419768
17763,-0.0842035518,1.88343683
17764,-0.241097406,1.13925868
17765,1.10923671,2.71993154
17766,0.9936231,0
17767,0.9936231,0
17768,-0.93279812,1.16728643
17769,0.62486543,-1.52928149
17770,,
17771,0.143360976,-0.321972678
17772,0.412533985,1.02152297
17773,1.11653004,0.829983654
17774,-0.414727422,-1.41294303
17775,-1.22997904,0.758244427
17776,-1.22997904,0.758244427
17777,-0.488747866,0.909778086
17778,-1.335548,-1.03282377
17779,,
17780,0.866000181,1.25541077
17781,-0.99942035,-0.327568444
17782,-1.34071053,-1.09154882
17783,-0.150461226,1.16533606
17784,-0.138089582,0.363707008
17785,-0.138089582,0.363707008
17786,-1.38241043,-0.886200666
17787,0.403937073,-1.01939725
17788,,
17789,1.37959737,-1.01424354
17790,1.11434043,-1.38734169
17791,0.406185276,-0.451581802
17792,1.24102124,-0.955468401
17793,-1.49956253,0.263559974
17794,-1.49956253,0.263559974
17795,1.01464224,0.952030573
17796,-0.948254465,-1.57393441
17797,,
17798,2.13014035,-1.50355736
17799,0.456744805,0.553624752
17800,-0.576697024,0.141788723
17801,1.55769774,0.810433822
17802,-1.85359336,-1.22602072
17803,-1.85359336,-1.22602072
17804,1.17040589,-1.60702298
17805,0.480346359,0.613858596
17806,,
17807,-0.120567253,0.892868768
17808,0.130089139,-0.418830378
17809,-0.71797652,0.495606709
17810,-0.134069021,0.359613218
17811,0.701364329,1.42078717
17812,0.701364329,1.42078717
17813,1.31677605,-0.0801171893
17814,-0.905678426,0.214032457
17815,,
17816,-0.759621375,0.658350251
17817,2.48767966,0.733266737
17818,2.43585547,1.03588651
17819,2.22597403,-0.297739879
17820,-1.23938858,-0.453123723
17821,-1.23938858,-0.453123723
17822,-1.21972185,0.279228464
17823,2.37415864,-1.02069961
17824,,
17825,0.17543904,-0.726478893
17826,0.568470199,0.652138898
17827,0.141855839,1.02961636
17828,1.4067433,2.88570023
17829,-0.5127614,-1.03189053
17830,-0.5127614,-1.03189053
17831,0.0617263987,0.0404967206
17832,0.0594283352,0.379634468
17833,,
17834,0.614151439,1.0141646
17835,-1.661243,-1.01347643
17836,0.143786809,1.03813235
17837,-1.34890102,-0.37669151
17838,0.708781429,0.220941701
17839,0.708781429,0.220941701
17840,0.611596846,-0.44872509
17841,-0.598886072,-1.03881868
17842,,
17843,1.74617688,-0.623229089
17844,-0.805544295,-0.370702704
17845,-1.54159448,-0.865645759
17846,-0.103292948,-1.06847129
17847,0.582703185,-1.92312988
17848,0.582703185,-1.92312988
17849,-0.342141702,-0.270310514
17850,-1.07799312,0.760105779
17851,,
17852,0.131438569,0.586263443
17853,-0.0140690291,-0.603355899
17854,-0.745170198,-0.794088599
17855,0.211358893,-0.0879131034
17856,-0.203962547,0.579866602
17857,-0.203962547,0.579866602
17858,0.478881547,-0.724936934
17859,0.750729507,0.227195254
17860,,
17861,-1.18556542,0.515135765
17862,-0.513807109,1.75327255
17863,0.429396952,2.47205757
17864,-1.50677169,-0.875263292
17865,-0.482928233,0.419209187
17866,-0.482928233,0.419209187
17867,-1.22181681,-0.762458353
17868,1.40638239,0.344857905
17869,,
17870,-1.21876763,-0.137200794
17871,0.433634891,-0.161301872
17872,0.885589424,-0.772088117
17873,-0.0434206529,1.02082743
17874,-0.0597633622,-1.41102652
17875,-0.0597633622,-1.41102652
17876,-0.162982543,0.52540188
17877,0.189673604,-0.849184347
17878,,
17879,-0.437682506,0.479157646
17880,-0.0752231655,-1.56501192
17881,-0.917589927,-0.263103945
17882,-2.1814568,0.538633764
17883,0.387961692,0.275385496
17884,0.387961692,0.275385496
17885,1.18958844,0.95357368
17886,0.739510599,-0.059149413
17887,,
17888,-0.308496058,1.05305657
17889,0.267210297,2.53767664
17890,-0.263157981,1.25175071
17891,1.33769128,0.148737813
17892,-0.391371784,0.163426509
17893,-0.391371784,0.163426509
17894,0.162208717,0.263360915
17895,-0.463656032,-1.20989783
17896,,
17897,2.3438104,-1.02252821
17898,0.691944421,0.0431752669
17899,0.227334324,0.26219039
17900,1.60872514,-0.924092453
17901,-0.273807837,-1.61504348
17902,-0.273807837,-1.61504348
17903,-0.298385015,-0.428751381
17904,0.471164491,-2.27256568
17905,,
17906,-0.0997436366,-0.279690005
17907,1.47705755,0.530601126
17908,0.72562235,-1.30089822
17909,0.495621145,-0.153947417
17910,-1.00654388,0.159230213
17911,-1.00654388,0.159230213
17912,-2.36543584,1.21070267
17913,0.835498929,0.412341227
17914,,
17915,0,0.0274821864
17916,1.20845699,-0.545512907
17917,1.20447756,0.493157295
17918,-0.824456285,0.2359493
17919,0.39827053,0.116398966
17920,0.39827053,0.116398966
17921,0.400592794,-0.0204436183
17922,-1.54291924,-0.0203207892
17923,,
17924,0.509403178,0.935551459
17925,0.420837404,0.175094674
17926,1.08789874,-0.0602935387
17927,-0.229230486,0.0752757069
17928,-1.66043379,0.0425190748
17929,-1.66043379,0.0425190748
17930,-0.668858811,-0.605828813
17931,0.47721327,0.245926818
17932,,
17933,1.18130996,-0.342166541
17934,0.381251266,-1.27843269
17935,0.400484488,-0.785492792
17936,-1.0394829,-0.0590594734
17937,-0.505584154,-0.261965083
17938,-0.505584154,-0.261965083
17939,0.0796003284,0.371798499
17940,-0.221839385,0.523710462
17941,,
17942,-1.36346643,2.29523878
17943,0.532583989,-2.11381349
17944,-0.348971501,-2.41571021
17945,-0.700403934,-3.42420799
17946,0.408345954,-0.712699897
17947,0.408345954,-0.712699897
17948,-0.712996341,-1.19500554
17949,0.517659552,1.18067783
17950,,
17951,0.663616443,0.468209634
17952,1.35341074,0
17953,1.35747321,0.62654812
17954,2.44206576,0.1031522
17955,0.733184578,0.673134952
17956,0.733184578,0.673134952
17957,-0.487092127,-0.203623146
17958,0.336105378,0.167555562
17959,,
17960,0.0705671606,0.275394713
17961,1.29156751,1.6140956
17962,0.901989128,1.21855273
17963,-0.516980728,-0.461836961
17964,1.48635861,1.15281884
17965,1.48635861,1.15281884
17966,-0.0207154663,0.260051755
17967,0.729173281,-0.961587639
17968,,
17969,0.534228249,-0.560589214
17970,0.48743259,-0.0284178715
17971,1.12041816,1.13743166
17972,-1.13925419,-0.831451856
17973,-0.285300483,-0.562626646
17974,-0.285300483,-0.562626646
17975,-0.690922485,-1.21146397
17976,1.99800089,0.0619469783
17977,,
17978,-1.30778452,-0.21382125
17979,0.99326834,0.88771329
17980,0.631695035,0.763609729
17981,1.49772545,0.183668973
17982,-0.0418275898,0.505097716
17983,-0.0418275898,0.505097716
17984,-1.36710989,0.33377682
17985,-0.800426152,-0.621463654
17986,,
17987,-0.979083947,-1.52068511
17988,0.203443811,-0.872244976
17989,-0.284155262,-0.0603080708
17990,-1.46864483,-1.60964825
17991,1.53516567,-0.632705899
17992,1.53516567,-0.632705899
17993,-0.427902849,-0.498371952
17994,1.84256106,-1.04060562
17995,,
17996,-0.764420354,-1.34484266
17997,-0.289592299,-1.51374075
17998,-0.140383111,-1.749476
17999,-0.030237461,-0.139540127
18000,-1.09534796,1.01600545
18001,-1.09534796,1.01600545
18002,-0.301994605,-0.852253847
18003,1.24978928,0.0845613252
18004,,
18005,0.703722219,-0.382814558
18006,-0.145981805,-0.0286772327
18007,1.1266269,1.16602919
18008,-0.689897349,-0.376759689
18009,1.47923184,-0.171837757
18010,1.47923184,-0.171837757
18011,0.421723465,-0.538814442
18012,0.678410465,0.38396305
18013,,
18014,0.180360035,1.22473251
18015,1.21590245,0.197276641
18016,0,-0.750385374
18017,-0.81584997,-0.501550626
18018,0.928266542,-0.312316767
18019,0.928266542,-0.312316767
18020,-0.485770516,-0.100404699
18021,-1.32489693,1.87860926
18022,,
18023,-1.05571377,-1.18033078
18024,-0.263716633,-0.27989788
18025,0.447265015,0.878398654
18026,-1.12615941,-1.50944965
18027,0.729996557,0.142462423
18028,0.729996557,0.142462423
18029,1.22171729,0.7845723
18030,0.969039513,-1.00454843
18031,,
18032,-0.0289462433,-0.939204208
18033,0.473803297,0.0431728018
18034,0.411763894,0.270619415
18035,1.8913095,0.434093759
18036,-0.523871257,-0.102834133
18037,-0.523871257,-0.102834133
18038,0.555888533,-0.273670341
18039,0.75935275,0.306874512
18040,,
18041,-0.620215967,-0.258075813
18042,-0.191696948,1.92719336
18043,1.42988804,0.618522351
18044,0.995138168,-0.755288765
18045,0.0396039945,0.799970236
18046,0.0396039945,0.799970236
18047,0.744210799,1.28039853
18048,0.623961715,-2.45154123
18049,,
18050,-3.38383519,-1.76550526
18051,0.43529618,-0.986988517
18052,1.10111247,-1.61406035
18053,1.34894809,-0.0306276365
18054,0.796457949,-1.59815682
18055,0.796457949,-1.59815682
18056,-0.35786492,-0.861919096
18057,-1.66825166,-1.11858235
18058,,
18059,-1.15751324,-0.426362971
18060,0.890033472,-0.396739286
18061,-0.20068521,-0.26006897
18062,-0.761048727,1.01649322
18063,0.123019623,-0.0197818766
18064,0.123019623,-0.0197818766
18065,0.183461405,1.0384208
18066,1.57498164,0.179611577
18067,,
18068,0.490599397,-2.16635409
18069,0.411419878,-0.0849322487
18070,0.168720035,-0.40458906
18071,0.0607736774,-0.864128966
18072,-0.782388801,-0.47097164
18073,-0.782388801,-0.47097164
18074,0.38193951,1.77979362
18075,-0.101679319,0.379131558
18076,,
18077,-0.419776974,0.0729713596
18078,-1.55412034,0.168799755
18079,-2.12157935,1.03975195
18080,0.124918776,-0.180182137
18081,0.372116958,1.02358482
18082,0.372116958,1.02358482
18083,0.549675976,0.788092738
18084,-0.802211699,-0.491601174
18085,,
18086,0.234250365,-0.0572611568
18087,-0.255728237,0.886625096
18088,-0.381164378,1.23592555
18089,1.01890135,-0.652011929
18090,1.73281007,1.17295911
18091,1.73281007,1.17295911
18092,-1.10764876,1.27187852
18093,0.487236017,-0.220872035
18094,,
18095,0.243082849,-0.454782945
18096,0.513267592,-0.656632554
18097,0.81076044,-0.184205318
18098,-0.0151695272,0.295140668
18099,-0.496100484,0.930505726
18100,-0.496100484,0.930505726
18101,0.263294301,0.515990592
18102,1.9788163,-0.505716875
18103,,
18104,1.23946158,-0.0994195729
18105,-0.172144578,-0.538397037
18106,-0.262392698,0.203552298
18107,0.724299968,0.575366041
18108,-0.0616121035,1.82103047
18109,-0.0616121035,1.82103047
18110,-2.56329908,-1.31228708
18111,0.20341884,-0.121715371
18112,,
18113,0.847245575,1.24755981
18114,-0.345394646,1.11645809
18115,-0.425128519,1.35375171
18116,-0.378907261,-2.04079665
18117,0.0205340687,0.0821352767
18118,0.0205340687,0.0821352767
18119,0.660997716,-2.0799507
18120,-1.20914646,0.263266154
18121,,
18122,-0.574953918,0.7737046
18123,0.86231479,-0.42169873
18124,0.981310866,0.163426509
18125,-0.966641427,-0.123152374
18126,-1.35045488,0.0399663583
18127,-1.35045488,0.0399663583
18128,0.0213469973,1.56495552
18129,-0.637255648,0.316756943
18130,,
18131,-1.54028936,0.277198255
18132,0.883098954,-0.294723379
18133,0.935903196,-0.594110866
18134,-1.9664531,-0.0445753355
18135,-0.706443907,-1.13976293
18136,-0.706443907,-1.13976293
18137,-1.35927868,-0.144121573
18138,0.0786212613,-1.08175767
18139,,
18140,0.886505409,0.919842442
18141,0.867704295,0.686636989
18142,0.870038273,-1.17463367
18143,1.07926834,-1.52822607
18144,-0.224274988,0.254066564
18145,-0.224274988,0.254066564
18146,-0.89738562,-1.02705673
18147,0.682669763,-0.983934232
18148,,
18149,-0.64928903,0.0577853757
18150,-0.0877008237,-0.228696625
18151,-0.0401187017,0.441503289
18152,1.52425411,-1.37282154
18153,0.744155355,0.631495281
18154,0.744155355,0.631495281
18155,0.940589054,-0.201048998
18156,0.355290204,-1.15774605
18157,,
18158,-0.343203177,0.359489096
18159,1.46398769,0.271295469
18160,0.838654066,0.750993007
18161,0.0584926225,0.904003295
18162,0.517921194,0.995801121
18163,0.517921194,0.995801121
18164,1.40432027,-0.433130888
18165,0.381471552,0.82670085
18166,,
18167,-0.618554008,1.30644331
18168,-1.27611957,-0.359994651
18169,-0.13786923,1.11973824
18170,0.0748221221,-0.657055284
18171,0.692049239,0.496670652
18172,0.692049239,0.496670652
18173,-0.397251645,-1.25050476
18174,-0.386846308,1.09668308
18175,,
18176,-0.145499163,-0.148472971
18177,1.15928445,1.10514142
18178,-0.0201103095,1.66910105
18179,-1.89822432,1.06607796
18180,-2.48373948,-0.85620928
18181,-2.48373948,-0.85620928
18182,0.720848897,-0.476049371
18183,0.338342871,-1.02695579
18184,,
18185,1.59421423,-0.969106537
18186,-1.4566661,1.16364263
18187,-0.826429739,-0.0398527271
18188,-0.392345436,-1.54202933
18189,-3.803773,-0.181994626
18190,-3.803773,-0.181994626
18191,-0.783001314,0.921712518
18192,0.412006884,-0.708039179
18193,,
18194,1.26270149,1.04993586
18195,2.15127067,1.75492669
18196,1.05934686,0.665523583
18197,-0.18039428,-0.153061644
18198,0.0196079565,-0.363115498
18199,0.0196079565,-0.363115498
18200,-1.09557269,0.565619319
18201,-1.34711386,-1.66087079
18202,,
18203,0.893612234,-0.750914079
18204,-1.12541936,-0.131027236
18205,-0.784883038,-0.59049209
18206,2.66591577,-0.283452757
18207,0.298080683,1.55668659
18208,0.298080683,1.55668659
18209,-0.781193724,0
18210,0.0635720948,-0.917750611
18211,,
18212,1.31324046,0.308873506
18213,-1.26565927,-1.18465589
18214,-1.31725628,-0.886850089
18215,-1.38296096,1.50766509
18216,0.205862046,-0.252312796
18217,0.205862046,-0.252312796
18218,0.573735641,-0.444383938
18219,1.26180028,-0.0813869513
18220,,
18221,1.10387127,-0.129322417
18222,0.498299467,0.284375054
18223,0.686107928,-0.669114061
18224,0.132131865,-1.54776678
18225,-0.443995011,1.87232792
18226,-0.443995011,1.87232792
18227,0.497060809,-1.10871784
18228,-1.0977277,0.919910549
18229,,
18230,0.259293254,-0.299751737
18231,0.242296169,0.60928196
18232,0.252152931,-0.0788736841
18233,-0.0447361245,-0.892953602
18234,-0.996926542,-1.16875743
18235,-0.996926542,-1.16875743
18236,0.743364491,1.79773522
18237,0.203972755,1.4888235
18238,,
18239,-1.51009591,-0.628944061
18240,2.1038968,-0.726016061
18241,2.5905154,-1.1364481
18242,-1.0966017,-0.767985775
18243,-0.848925099,-1.45261054
18244,-0.848925099,-1.45261054
18245,-0.678646099,1.4177976
18246,0.586617233,-1.98424756
18247,,
18248,1.1194135,0.299577769
18249,0.213877242,0.762726997
18250,0.0620798003,-0.484910398
18251,1.16805784,-0.538957315
18252,0,0.702430568
18253,0,0.702430568
18254,1.47366962,-1.6865985
18255,-0.24039798,0.319350753
18256,,
18257,-0.635129404,0.923916746
18258,1.50179541,-0.176142948
18259,0.199372589,-0.6156952
18260,0.475776114,-0.598155309
18261,-1.89372201,0.715120759
18262,-1.89372201,0.715120759
18263,-1.39476769,0.162092015
18264,-0.0204790434,-0.215589906
18265,,
18266,-0.609171858,-0.569615242
18267,-0.17159207,-0.847377298
18268,-1.59331491,0.352797238
18269,0.0883549552,-0.828293575
18270,0.18111656,-0.415226423
18271,0.18111656,-0.415226423
18272,1.489799,0.903848195
18273,0.15967729,0.661136009
18274,,
18275,-0.911503374,1.46044477
18276,-0.705232836,-1.48860806
18277,-0.918451809,0.892460654
18278,0.0149731498,0.370613124
18279,-0.809767181,1.47016217
18280,-0.809767181,1.47016217
18281,-0.176776097,0.621494943
18282,-0.616913261,-1.15276259
18283,,
18284,-0.980288243,0.564234704
18285,-0.440620503,1.24351913
18286,0.0616280015,0.825952208
18287,-0.737277671,0.180900212
18288,0.585932561,-0.791744183
18289,0.585932561,-0.791744183
18290,-0.889300486,-0.145048518
18291,-2.42829999,2.50417711
18292,,
18293,0.398909088,0.934879615
18294,1.38667974,1.29288461
18295,1.76833129,0.629547155
18296,-0.171081963,0.136477387
18297,-0.270654535,-2.15053014
18298,-0.270654535,-2.15053014
18299,-0.521580996,0.186053397
18300,-0.945391548,-2.05212475
18301,,
18302,1.10912726,1.73191118
18303,-1.92655963,0.226644032
18304,0.188242417,0.403616996
18305,0.0564348414,-1.04299017
18306,0.800874863,0.981240738
18307,0.800874863,0.981240738
18308,0.937361238,1.45855071
18309,0.168103699,-0.388803608
18310,,
18311,1.22850413,1.06921877
18312,-1.22475446,-1.01831086
18313,-1.64427475,-1.49295002
18314,0.215961553,-0.279678461
18315,0.0210616261,0.842075032
18316,0.0210616261,0.842075032
18317,0.8336771,-1.32458127
18318,0.719621352,-0.0201481257
18319,,
18320,-0.722755096,0.279330936
18321,1.29443728,0.100215646
18322,1.4615411,0.281706421
18323,1.32491963,-1.00318284
18324,1.07431125,0.0200471335
18325,1.07431125,0.0200471335
18326,0.618048454,0.0796458741
18327,-0.198161797,-1.43949335
18328,,
18329,-0.219399253,-1.03669406
18330,0.759540724,0.755892379
18331,-0.571425887,-0.568655272
18332,-0.99660662,1.2409922
18333,-0.14061007,0.240098948
18334,-0.14061007,0.240098948
18335,1.08710138,0.527273916
18336,0.15437937,-0.774481831
18337,,
18338,1.21976376,-1.40309991
18339,-1.01810976,1.80409531
18340,-1.50768501,0.803710061
18341,-0.989402378,0.13043232
18342,0.0975198285,0
18343,0.0975198285,0
18344,0.201791403,0.792882881
18345,0.69941302,1.10319573
18346,,
18347,0.290123453,-0.471429174
18348,0.0412630064,-0.672116935
18349,0.294719743,-0.381584137
18350,-0.449013759,-0.375593401
18351,0.822706642,-0.793261496
18352,0.822706642,-0.793261496
18353,1.38140011,-0.100425406
18354,0.598951376,-0.504306632
18355,,
18356,-0.128128291,0.416368003
18357,-1.74694627,0.426013296
18358,-0.777751297,1.00159176
18359,-0.0159433014,2.76649056
18360,-0.356821543,0.240541254
18361,-0.356821543,0.240541254
18362,-0.63944537,-0.186022716
18363,0.294919551,-1.57428724
18364,,
18365,1.26667991,-0.088562359
18366,-0.532706782,0.876639281
18367,-0.200236006,0.810033469
18368,0.819463648,-0.715536723
18369,0.20585658,0
18370,0.20585658,0
18371,0.102618304,-1.198806
18372,0.425894656,-1.28092152
18373,,
18374,-1.17334594,0.518086446
18375,-0.647994097,-0.614728546
18376,-0.767344254,-0.928000878
18377,-0.624554774,-0.118672471
18378,-0.179959683,1.51147855
18379,-0.179959683,1.51147855
18380,-0.322397402,-0.457425153
18381,0.875899521,1.60835034
18382,,
18383,0.373297346,-0.611432666
18384,-0.696955354,0.0288862522
18385,-1.70327753,0.409462744
18386,0.146992074,-0.936424174
18387,1.37352015,-0.289718328
18388,1.37352015,-0.289718328
18389,0.326899179,2.30299792
18390,-0.041442679,-0.300702762
18391,,
18392,-0.695289007,-0.837044701
18393,0.462867569,0.374768606
18394,-0.122890214,-0.0408491513
18395,-0.708028575,1.36728195
18396,-0.201751875,2.31166656
18397,-0.201751875,2.31166656
18398,0.44273139,0.970627561
18399,-0.488103481,0.0202346524
18400,,
18401,0.73304404,-1.50745779
18402,-1.76641,1.67729402
18403,-0.403359755,1.61709672
18404,-0.0416154438,1.35468979
18405,-0.385582812,1.56539755
18406,-0.385582812,1.56539755
18407,0.246678907,0.143078953
18408,-1.8552147,0.644828925
18409,,
18410,-0.548824471,0.274709451
18411,0.130229964,-0.102209238
18412,0.775842589,-0.30802926
18413,1.47978498,-0.545092167
18414,1.83131196,-0.869262663
18415,1.83131196,-0.869262663
18416,0.691492117,0.23119477
18417,0.226360873,-0.268857854
18418,,
18419,-0.58049158,-1.55513458
18420,-1.46296344,0.662483872
18421,-2.25827895,0.0622537531
18422,0.764744445,-0.809352017
18423,0.370620579,-1.77486963
18424,0.370620579,-1.77486963
18425,-0.120518225,-0.326965659
18426,0.0804949823,-0.807804777
18427,,
18428,-0.666467534,-1.0079371
18429,0.240568835,0.198873987
18430,0.0777013258,1.14038019
18431,-1.52341911,-1.37419018
18432,0.685429319,0.0398197718
18433,0.685429319,0.0398197718
18434,-0.552159332,0.691536025
18435,1.52941775,-0.181299932
18436,,
18437,1.32265488,-0.175791592
18438,-0.643556823,-0.432700615
18439,0.591553992,-1.33847454
18440,-0.108071208,-0.566645287
18441,-0.811036318,1.52667289
18442,-0.811036318,1.52667289
18443,-1.20162736,-0.39720473
18444,-0.820240578,1.83737163
18445,,
18446,-1.10841838,0.733604996
18447,2.22187419,0.857991175
18448,2.39942676,0.0206241472
18449,1.65014795,0.839386315
18450,1.79901915,0.986421987
18451,1.79901915,0.986421987
18452,0.197526553,-0.682482655
18453,0.90329216,0.435570424
18454,,
18455,-0.56582018,0.463256447
18456,-0.288837455,-0.29210265
18457,-0.533554633,-0.212361685
18458,-0.300009418,-0.308430672
18459,0.910920247,1.6611411
18460,0.910920247,1.6611411
18461,0.81143162,-0.917991794
18462,-0.95429916,0.652536178
18463,,
18464,-1.45235169,0.843142779
18465,1.16518676,-0.580380522
18466,1.85854933,0
18467,-0.214979148,-2.84321954
18468,-0.0399724395,-0.273848935
18469,-0.0399724395,-0.273848935
18470,-0.334262916,-0.588701158
18471,0.37904796,-0.0414608421
18472,,
18473,0.294846722,-0.0727013609
18474,-0.687632776,-0.184403428
18475,1.86057427,-1.24640981
18476,0.22536768,0.666171558
18477,1.17460259,-0.398974183
18478,1.17460259,-0.398974183
18479,0.183677688,0.805760678
18480,-1.33431346,-1.66008029
18481,,
18482,-0.570042076,-0.550317817
18483,2.16660919,-0.832560879
18484,1.4105175,-0.503646781
18485,-0.306086836,-0.848167493
18486,-0.399693185,-0.162438515
18487,-0.399693185,-0.162438515
18488,-0.225471488,-0.827221929
18489,1.87469214,-1.43939549
18490,,
18491,-0.89141664,1.84790229
18492,-0.780997614,-1.30780721
18493,-0.0210415177,-1.04570482
18494,-0.0294323988,0.303576274
18495,0.102917524,1.38710267
18496,0.102917524,1.38710267
18497,-1.38922599,-0.921020789
18498,0.883633441,-0.96379436
18499,,
18500,-2.0501195,-1.80251255
18501,-0.232649471,1.66367371
18502,0.980891812,1.45236893
18503,2.04969727,0.538517077
18504,-2.61840256,-1.15617298
18505,-2.61840256,-1.15617298
18506,-0.220151565,-0.187778106
18507,-0.569290613,-0.504071849
18508,,
18509,0.159743697,-0.435009608
18510,0.575786611,0.0575267374
18511,0.790947219,-0.549180766
18512,0.786127713,-0.617838063
18513,-1.67409531,-1.37888692
18514,-1.67409531,-1.37888692
18515,1.09647124,-0.276723679
18516,1.20316198,-0.257786594
18517,,
18518,1.55555163,-0.548156855
18519,-0.782389052,-0.769254293
18520,-0.809363431,-0.783279268
18521,0.448248094,0.711491577
18522,1.42994247,-0.786308282
18523,1.42994247,-0.786308282
18524,0.0404021756,0.754019924
18525,0.634818319,0.346588745
18526,,
18527,0.0853320619,0.682393296
18528,0.282686888,-0.216538252
18529,0.594949037,0.0610719366
18530,-0.0148203461,0.643791586
18531,-0.243810237,0.541261701
18532,-0.243810237,0.541261701
18533,0.062040928,0.21070682
18534,0.541507189,0.882357212
18535,,
18536,0.0713602952,-0.129026972
18537,-0.736020351,-1.2205227
18538,-1.76745748,-1.33358751
18539,-1.38284845,-0.336655242
18540,-0.609644813,-0.788214708
18541,-0.609644813,-0.788214708
18542,-2.55269041,1.67976089
18543,-1.12604916,-0.0785167222
18544,,
18545,1.47338362,-0.505410202
18546,-1.69236838,1.27945006
18547,-2.23403932,-0.376550691
18548,-0.296544487,0.828914931
18549,-0.507156678,1.60354658
18550,-0.507156678,1.60354658
18551,1.68549554,0.160942111
18552,0.375128632,-1.34332032
18553,,
18554,-0.0303108268,0.506877754
18555,-0.380288471,1.35739262
18556,-0.452896502,0.560982792
18557,-2.95374252,0.421046025
18558,-0.329113364,-1.01740602
18559,-0.329113364,-1.01740602
18560,-1.61956574,0.382124542
18561,-3.21906646,-0.348569737
18562,,
18563,0.455629403,-1.29306255
18564,1.03247346,0.327956637
18565,-0.0603179685,0.0600689608
18566,1.12701686,1.35804321
18567,0.436182241,-1.18249465
18568,0.436182241,-1.18249465
18569,-3.08505866,0.811797584
18570,0.494328877,-1.96077976
18571,,
18572,-0.319304248,-1.13742602
18573,-0.0442183388,-0.250570041
18574,-0.611749887,-0.472721392
18575,-1.66910871,0.320408858
18576,1.78308372,-1.25281705
18577,1.78308372,-1.25281705
18578,0.316299472,0.195893629
18579,0.961054759,0.020897182
18580,,
18581,1.86460123,-0.684397433
18582,1.19282773,-0.939183621
18583,1.18896561,0.200368132
18584,0.255815655,0.220550164
18585,0.501153227,0.158996114
18586,0.501153227,0.158996114
18587,2.33348819,-0.94373741
18588,-0.10050368,-0.727669406
18589,,
18590,-0.776036711,1.00728584
18591,0.169004968,0.252233746
18592,-0.279652578,1.60374924
18593,0.457234349,0.325410961
18594,0.157080323,-0.378986048
18595,0.157080323,-0.378986048
18596,-0.950010695,-0.702930322
18597,0.256425572,0.37407703
18598,,
18599,-1.46992153,0.0563744624
18600,0.906354123,0.610642773
18601,-0.203035137,-0.179850502
18602,0.11470243,1.18561194
18603,-0.763870711,0.543504333
18604,-0.763870711,0.543504333
18605,-0.358433502,0.141587947
18606,-0.0607778463,1.14729314
18607,,
18608,1.06171919,1.60667143
18609,-1.23749218,-1.0466044
18610,-0.102239726,-0.454712215
18611,0.531260781,-0.437260273
18612,0.373727673,-0.734826204
18613,0.373727673,-0.734826204
18614,1.78106513,-1.20166243
18615,2.29344864,0.731896415
18616,,
18617,0.819617063,-0.17320689
18618,0.406936515,1.25426612
18619,0.160507669,3.42589136
18620,2.32844206,0.824152349
18621,0.853650124,-0.370048931
18622,0.853650124,-0.370048931
18623,0.957242125,-0.831939241
18624,0.809047361,-0.398349554
18625,,
18626,0.186376517,-1.38748574
18627,1.35705349,0.593140988
18628,1.82756539,0.696141956
18629,0.872162424,-0.409465913
18630,-0.123517228,0.998934063
18631,-0.123517228,0.998934063
18632,-0.283829579,1.1793883
18633,0.496924069,1.22668404
18634,,
18635,-0.0859972742,-0.181363374
18636,-0.878265548,2.97746668
18637,-1.05692538,0.533015045
18638,1.17996366,-0.64340333
18639,-0.53485516,-1.12348851
18640,-0.53485516,-1.12348851
18641,0.0840019453,0.445792035
18642,1.96143612,0.665227579
18643,,
18644,-0.635952062,0.312496669
18645,0.17717571,1.01170615
18646,-0.0421189211,0.783611363
18647,1.26537139,-2.64511281
18648,0.139409303,-1.09987706
18649,0.139409303,-1.09987706
18650,-0.829683732,0.763200852
18651,1.25314776,2.3490865
18652,,
18653,-0.716437783,0.873109556
18654,-1.01978282,-1.22613911
18655,0.457701459,-0.357100839
18656,-0.797383567,-1.45789771
18657,1.31704573,-1.45603869
18658,1.31704573,-1.45603869
18659,0.597000093,-1.00722735
18660,-1.83300209,0.2799349
18661,,
18662,1.28722502,-1.62616909
18663,1.42777647,-0.512037019
18664,0.777804582,0.434243677
18665,1.78569272,0.366615318
18666,-3.07270969,1.04073159
18667,-3.07270969,1.04073159
18668,-0.524507153,-0.462478994
18669,-0.409600459,-1.89428003
18670,,
18671,-0.0282236449,0.0992281234
18672,-0.0991126877,-0.0141004296
18673,-0.197480212,0.120189078
18674,0.689007572,0.229404859
18675,-0.0626543903,1.28116031
18676,-0.0626543903,1.28116031
18677,-2.27732929,0.899966167
18678,-0.127265777,-0.426740106
18679,,
18680,-0.564416279,2.21994645
18681,0.229620749,-0.0441061856
18682,-0.178112369,0.599017981
18683,0.303992227,1.97927625
18684,-0.0206940219,-1.08792519
18685,-0.0206940219,-1.08792519
18686,0.099204237,0.385030144
18687,0.403144463,-1.38360672
18688,,
18689,-1.55720203,-0.130381944
18690,0.0145272076,0.200403756
18691,1.11177669,0.355583959
18692,2.19361314,-0.611363038
18693,1.46539243,-0.221619462
18694,1.46539243,-0.221619462
18695,0.909863682,0.73626829
18696,-0.563427761,1.2024797
18697,,
18698,0.204183552,-0.575378015
18699,-1.39335587,1.37264124
18700,-1.00574147,0.769764633
18701,1.84621697,-1.19840327
18702,2.86235542,-0.614064635
18703,2.86235542,-0.614064635
18704,-0.409658275,-0.607960333
18705,2.09883217,0.0823240981
18706,,
18707,0.490293537,-0.23400912
18708,-2.25333232,-0.19034262
18709,-2.41827829,0.271792496
18710,0.683994195,0.574845785
18711,-0.340492748,-1.3701789
18712,-0.340492748,-1.3701789
18713,-0.0201779975,1.96034529
18714,-0.244531818,0.432180181
18715,,
18716,-0.04276229,-0.883048176
18717,-0.557183082,-0.714339269
18718,-1.1474606,-1.62891214
18719,0.742159556,0
18720,-0.560379332,-0.804620333
18721,-0.560379332,-0.804620333
18722,1.43772592,-0.991184745
18723,-0.964491917,0.514266627
18724,,
18725,-0.8845674,-0.885548993
18726,-1.45904471,-0.662392109
18727,-2.5588117,-0.574311258
18728,-3.30098045,-1.03205304
18729,0.342492353,1.10156053
18730,0.342492353,1.10156053
18731,0.468310607,-1.04480135
18732,2.02652085,0.303341787
18733,,
18734,2.76748613,-0.0887340458
18735,0.780749701,-0.0291959868
18736,0.142210206,-0.121627592
18737,-1.08994295,-0.231435526
18738,1.00552543,0.465421842
18739,1.00552543,0.465421842
18740,0.678803367,1.54247986
18741,1.35272944,0.448942338
18742,,
18743,0.747015373,1.85161595
18744,1.77716929,1.13104122
18745,0.187008053,0.969777502
18746,-0.947038342,2.08603814
18747,-1.29177657,1.70288275
18748,-1.29177657,1.70288275
18749,-1.6033702,0.872422067
18750,-1.28690233,-0.404781741
18751,,
18752,-0.181989419,-0.880178429
18753,-0.99614378,-1.17090654
18754,-0.362279269,-1.13759634
18755,1.9053847,0.675492769
18756,-1.9766236,-0.229600279
18757,-1.9766236,-0.229600279
18758,-1.48199342,1.11704528
18759,0.0794153934,-1.40272393
18760,,
18761,-0.100651522,1.70794561
18762,-0.0991229478,-1.55885673
18763,-0.433176366,-0.507421948
18764,-0.79996934,-2.01286305
18765,-0.795338229,0.259158161
18766,-0.795338229,0.259158161
18767,0,0.608226289
18768,-0.0425969761,-1.53207707
18769,,
18770,-1.01789897,-0.241463404
18771,-0.043076588,-0.546455568
18772,-0.398983002,-0.825511254
18773,-0.668345056,0.176312788
18774,0.381808061,1.25835472
18775,0.381808061,1.25835472
18776,2.22563268,-0.190810365
18777,0.692050819,1.67857197
18778,,
18779,1.85611643,-0.613593058
18780,0.618570258,-0.29944767
18781,-0.0834843108,-1.89809703
18782,-0.403231441,0.414833607
18783,-0.786094645,0.144267867
18784,-0.786094645,0.144267867
18785,-0.421835329,-0.405110206
18786,1.05849689,0.159563258
18787,,
18788,-0.175605153,0.262067211
18789,-0.0145991201,-0.565834306
18790,0.182943912,-0.0198573111
18791,0.619035284,-0.390474068
18792,1.3960048,0.58786693
18793,1.3960048,0.58786693
18794,0.627011765,-0.0816854929
18795,-0.165122698,-0.610941182
18796,,
18797,1.44560331,-0.546064286
18798,1.1000633,0.485411293
18799,2.11231411,0.0752854932
18800,1.92230345,-0.9640562
18801,0.955655535,1.76143088
18802,0.955655535,1.76143088
18803,-0.456433167,-0.761589736
18804,1.26385551,1.14216966
18805,,
18806,-1.37343788,2.17563154
18807,-0.707626058,-0.90524474
18808,-0.777936429,-1.1730011
18809,-0.17732303,-1.35555629
18810,0.283792162,0.605403867
18811,0.283792162,0.605403867
18812,-1.21144718,-1.03227663
18813,-0.926349283,-0.812217764
18814,,
18815,-1.40102755,-1.59429388
18816,1.94106154,1.38411414
18817,0.988711787,0.744395794
18818,0.148415994,0.506352738
18819,2.20548012,-0.162158767
18820,2.20548012,-0.162158767
18821,1.98585362,0.966361319
18822,0.479324856,-0.222236174
18823,,
18824,-0.317516492,-1.59595438
18825,1.27725432,-0.384982973
18826,-0.0203902073,0.310335727
18827,0.47225832,-0.0444881816
18828,-0.537898815,-0.63818624
18829,-0.537898815,-0.63818624
18830,-0.676259244,-1.28958961
18831,-0.101044976,0.988282609
18832,,
18833,0.495906066,-0.638434306
18834,-0.688254294,-0.57194394
18835,-1.67189991,0.39185462
18836,0.287998865,-0.957254529
18837,1.35694903,-0.992974733
18838,1.35694903,-0.992974733
18839,0.225215038,0.293765724
18840,1.58214016,0.329978112
18841,,
18842,0.599640342,1.12878498
18843,1.28390362,1.55505378
18844,1.66983463,1.64585929
18845,0.298705754,1.19354037
18846,0.645282047,-1.93136998
18847,0.645282047,-1.93136998
18848,-0.623894077,-1.26940275
18849,0.118670137,-0.0412722586
18850,,
18851,1.40892745,0.0822089685
18852,-0.788513699,0.0724478283
18853,0.120630498,-0.446378555
18854,-0.0832334768,-0.152808384
18855,0.593394739,1.25904984
18856,0.593394739,1.25904984
18857,-0.392686769,1.14026581
18858,1.00296165,-2.80715452
18859,,
18860,-0.818050984,0.475107209
18861,0.894360147,0.986895885
18862,1.05677296,0.76534923
18863,0.892110344,-0.256111757
18864,-0.523561839,0.0598536798
18865,-0.523561839,0.0598536798
18866,-0.0201722347,1.46011919
18867,-0.530223554,0.351196545
18868,,
18869,-0.930414497,-0.322881742
18870,0.705510325,0.688595032
18871,1.10831688,1.95822013
18872,-0.274376149,0.305436465
18873,1.20338259,1.10405677
18874,1.20338259,1.10405677
18875,-0.200701214,0.43125185
18876,-0.641586298,-0.38940319
18877,,
18878,-0.455594638,-0.129210937
18879,0.143410625,0.392971504
18880,0.538300285,0.470908128
18881,-0.628020355,0.675910036
18882,-0.784012862,0.234330395
18883,-0.784012862,0.234330395
18884,0.912273476,0.808359559
18885,0.433717783,-0.252677017
18886,,
18887,2.06807732,-0.730989439
18888,-1.8330679,0.251035446
18889,-1.01884679,-0.675902794
18890,0.726987935,0.906590718
18891,-0.714489209,0.366574997
18892,-0.714489209,0.366574997
18893,1.41416927,-0.599963312
18894,-2.1349115,1.14403223
18895,,
18896,0.518532887,0.790931458
18897,-1.71489815,0.77809872
18898,-1.94517647,0.658312599
18899,-0.938645302,0.976545391
18900,-0.952068617,-0.654145448
18901,-0.952068617,-0.654145448
18902,0.136744871,-0.116762649
18903,0.695666802,0.220465181
18904,,
18905,-0.707757768,1.37907876
18906,-0.308536111,-2.40200914
18907,-1.17400465,-1.39328028
18908,-0.547676077,-0.44696804
18909,0.458665946,-0.575615192
18910,0.458665946,-0.575615192
18911,-0.0614385511,-2.33380053
18912,-0.622664394,0.627182882
18913,,
18914,0.583599014,-0.156594563
18915,0.755129074,-1.77050773
18916,0.923264583,-1.7921123
18917,1.4569413,-0.814556345
18918,0.620663132,-0.49092074
18919,0.620663132,-0.49092074
18920,-0.737783323,-2.17230649
18921,-0.836721557,1.9923644
18922,,
18923,-1.39970172,-0.390223095
18924,-0.181121523,0.243854318
18925,-0.0854003283,-0.161378947
18926,-0.148520571,-1.22649315
18927,0.559580052,0.596536094
18928,0.559580052,0.596536094
18929,-1.31655272,-0.951573693
18930,-0.11863304,1.20898303
18931,,
18932,0.74495892,0.850889074
18933,-0.99940568,0.2668402
18934,-0.50888418,1.01949068
18935,-0.40513508,0.183410854
18936,-0.648370643,-0.118316176
18937,-0.648370643,-0.118316176
18938,-0.0815160357,-0.922966128
18939,-0.379354221,-0.984910636
18940,,
18941,-0.100578793,-1.75874121
18942,-1.8931325,0.37445136
18943,-1.84573647,0.100447954
18944,-1.97120345,1.58539059
18945,-0.25701974,0.058392327
18946,-0.25701974,0.058392327
18947,1.44342923,-0.846700999
18948,0.545768508,-0.313075908
18949,,
18950,-1.42407249,-0.600416268
18951,0.41487446,-1.42539188
18952,0.616643066,-1.24872561
18953,-0.776652045,-1.02751591
18954,0.564074532,0.726740555
18955,0.564074532,0.726740555
18956,0.253724329,-0.216184712
18957,0.463425077,0.161221178
18958,,
18959,-0.274413442,-1.53354422
18960,-0.189632023,-0.486273732
18961,-0.930023543,-0.797788453
18962,-0.675421063,0.532809521
18963,0.14495776,-0.726662471
18964,0.14495776,-0.726662471
18965,0.658929737,1.39856956
18966,1.24478493,1.21136157
18967,,
18968,-0.960635516,-1.72134789
18969,0.260503061,-1.10171355
18970,-0.236572184,-0.520895949
18971,-0.945671075,-1.7102037
18972,0.77843687,-0.470228834
18973,0.77843687,-0.470228834
18974,0.345069706,0.139993614
18975,-1.0179888,-0.158665505
18976,,
18977,-0.419531035,-0.115292064
18978,-0.316527855,-0.613320453
18979,0.0206973099,-0.374239102
18980,-0.961261963,0.626277647
18981,-1.21099933,-0.401650663
18982,-1.21099933,-0.401650663
18983,1.04159074,1.02171248
18984,-0.914955609,-1.22822868
18985,,
18986,-0.395695096,-0.164690768
18987,0.235858303,0.028663574
18988,-0.392067836,0.5901797
18989,-0.480797411,1.18646156
18990,-1.08808489,0.407652742
18991,-1.08808489,0.407652742
18992,0.968273683,-0.265620729
18993,-1.44646258,2.07171627
18994,,
18995,2.3731077,1.27471994
18996,0.358662934,-0.205189956
18997,-0.22233764,-0.971648763
18998,1.38855557,0.135056916
18999,-0.32980376,-0.378528336
19000,-0.32980376,-0.378528336
19001,0.768656346,-0.899820395
19002,1.25230351,-0.496385156
19003,,
19004,0.317927508,0.324575886
19005,-0.872206767,0.667986883
19006,-1.12426622,0.818036547
19007,0.78840995,-0.428789178
19008,1.07298412,-0.355375801
19009,1.07298412,-0.355375801
19010,0.0777988754,-1.84688285
19011,-0.100692695,1.5986678
19012,,
19013,0.21963491,-0.144231346
19014,0.895072808,0.609578584
19015,0.56088349,0.119464656
19016,-0.620362104,-0.227331702
19017,0.161849735,-0.509220608
19018,0.161849735,-0.509220608
19019,-0.54377593,1.96369326
19020,-0.100435764,0.792284693
19021,,
19022,-0.181940097,-0.579154166
19023,0,0.0146801288
19024,-0.733928348,-0.14352811
19025,-0.897227153,2.58975965
19026,1.18113208,-1.02563045
19027,1.18113208,-1.02563045
19028,-0.345167757,1.33050952
19029,-0.603504308,0.0404807508
19030,,
19031,0.928264726,-1.72125751
19032,-0.501694161,0.0840410929
19033,0.226145924,0.3471316
19034,1.35263254,-0.374487858
19035,-0.16240915,-1.3131284
19036,-0.16240915,-1.3131284
19037,-0.378280629,0.512778724
19038,0.440613089,0.394844664
19039,,
19040,1.3903235,3.08513048
19041,-2.47638439,1.49313926
19042,-2.52447584,2.1589532
19043,-0.0153153441,0.60178713
19044,1.75274195,-0.162694246
19045,1.75274195,-0.162694246
19046,-0.999468065,-0.263581697
19047,-0.102971115,0.144467322
19048,,
19049,-1.53672232,1.04655633
19050,-0.0428705756,-0.199527332
19051,0.208169678,-0.145435286
19052,-0.603702564,0.149749211
19053,-3.10345882,1.07359562
19054,-3.10345882,1.07359562
19055,0.28243505,-0.3271433
19056,-0.694540146,-0.0852601831
19057,,
19058,-1.00609966,0.229491544
19059,0.880482744,1.53888045
19060,1.54659342,1.06956703
19061,-0.593191938,0.598273682
19062,-0.356696851,-0.245814287
19063,-0.356696851,-0.245814287
19064,-1.03318725,-2.1481737
19065,-0.661062863,-1.55440436
19066,,
19067,0.990980716,-1.61886877
19068,0.469907816,0.57147447
19069,1.33595257,-1.24996845
19070,1.09213801,0.853758317
19071,-1.09038865,0.707804581
19072,-1.09038865,0.707804581
19073,-1.32732321,0.0796914187
19074,1.61029882,-0.0802678454
19075,,
19076,0.431283558,-0.194184194
19077,-0.818342697,-0.704053185
19078,0.227327997,-0.39926165
19079,-1.33345501,1.50345065
19080,1.9288029,-1.7901037
19081,1.9288029,-1.7901037
19082,0.888257773,0.708124189
19083,-1.85915819,-0.633873019
19084,,
19085,-0.969949972,-1.25382207
19086,1.518924,-1.19833232
19087,0.766630577,-1.38976186
19088,0.684344594,0.0751073659
19089,2.08183547,-1.29186189
19090,2.08183547,-1.29186189
19091,-0.280925268,-0.663587751
19092,1.11760408,0.448241163
19093,,
19094,-0.867539079,-0.479056917
19095,0.028672978,0.127602667
19096,-0.0197105188,0.165689786
19097,-0.792639527,-0.698844374
19098,-0.704970694,-0.0804805256
19099,-0.704970694,-0.0804805256
19100,0.495446923,0.439835526
19101,1.94503079,0.0194499678
19102,,
19103,1.36947433,-0.984779112
19104,0.296660928,1.33238725
19105,0.184737522,1.49937814
19106,0.919285882,-0.891034272
19107,-0.860494009,0.475773603
19108,-0.860494009,0.475773603
19109,-1.13637241,0.0619671123
19110,-1.65543303,0.546744367
19111,,
19112,1.19795531,1.0765212
19113,-0.167128145,-2.38183422
19114,0.377133134,-0.932785001
19115,0.956556736,0.47557667
19116,-0.185560362,-0.0196603891
19117,-0.185560362,-0.0196603891
19118,1.71900375,-1.11152432
19119,-0.401868043,1.32379637
19120,,
19121,-1.02008661,0.411843189
19122,-0.0587597396,0.919426176
19123,-0.145498578,0.139277561
19124,0.371909773,0.127665714
19125,-0.103678407,-1.15344386
19126,-0.103678407,-1.15344386
19127,-0.0611195664,-0.238755255
19128,-0.538291033,-0.53131401
19129,,
19130,1.05710076,1.16152176
19131,1.03453175,-2.52477054
19132,0.934255109,-2.16027508
19133,-0.466327022,-0.058354679
19134,-0.54090289,2.18912795
19135,-0.54090289,2.18912795
19136,0.261577765,0.0405053372
19137,1.10473085,-1.1555615
19138,,
19139,-0.58200478,-1.47658446
19140,0.37178682,-0.524900727
19141,-0.397000103,-0.658960197
19142,0.0289347009,0.532287752
19143,1.06803741,-0.763705935
19144,1.06803741,-0.763705935
19145,0.892037603,-0.424325113
19146,-1.25989557,-0.508067055
19147,,
19148,1.02275161,0.389420172
19149,0.363139088,0.57774866
19150,-0.0209373221,-0.74022568
19151,-0.197942471,-1.83998445
19152,-0.525418206,1.6828212
19153,-0.525418206,1.6828212
19154,0.981240738,-1.73921573
19155,-1.43025125,0.499904038
19156,,
19157,-0.547845233,-0.693370836
19158,-0.191584991,1.54981768
19159,-0.736810366,1.55651182
19160,-0.612968609,0.239349198
19161,1.8356216,-1.27359958
19162,1.8356216,-1.27359958
19163,0.441739545,-0.686025872
19164,1.54020265,0.506764777
19165,,
19166,-0.14509326,0.529659
19167,-0.367258574,-0.229683002
19168,-0.759798937,-0.715287834
19169,-0.0436530725,-0.749042907
19170,-0.536406153,-2.02349074
19171,-0.536406153,-2.02349074
19172,0.445672345,-2.3037767
19173,1.15474107,0.572008936
19174,,
19175,3.01076195,0.799663278
19176,-0.64458165,1.02331266
19177,0.395796524,0.102619604
19178,-0.27972586,0.518772164
19179,-1.15836883,-0.930995197
19180,-1.15836883,-0.930995197
19181,-0.627602765,1.20220274
19182,0.978859231,1.23895283
19183,,
19184,-0.162892047,0
19185,0.868127914,0.542414162
19186,0.857008233,0.347597954
19187,-0.388496995,1.03630941
19188,-1.82618453,-0.577009126
19189,-1.82618453,-0.577009126
19190,-0.0999908283,1.54729519
19191,0.351925308,-0.717069418
19192,,
19193,0.14523778,-0.795948535
19194,-0.545004202,0.174657479
19195,0.117166362,1.09673525
19196,0.642783246,-1.21249791
19197,-1.34387106,-0.337127474
19198,-1.34387106,-0.337127474
19199,-1.14435916,-1.19861223
19200,1.4687974,-1.23505778
19201,,
19202,0.19912682,-1.19066468
19203,-0.317449343,-0.176098229
19204,-0.46657246,-0.256914562
19205,0.829746322,-0.189155037
19206,0.926701762,-0.105828983
19207,0.926701762,-0.105828983
19208,-0.26358224,-0.410308965
19209,0.384069203,-1.17151031
19210,,
19211,-0.462062645,0.171998445
19212,1.19134728,-0.0145486156
19213,3.10097893,-0.237665779
19214,0.165449298,-0.367985187
19215,-0.437101022,-0.634250632
19216,-0.437101022,-0.634250632
19217,0.956895888,-1.07013735
19218,0.019335545,0.244164907
19219,,
19220,0.288602771,0.228272608
19221,-0.613413637,-1.11150121
19222,0.558715804,-0.473670149
19223,1.60126172,0.0674365055
19224,-0.856675707,-0.953599147
19225,-0.856675707,-0.953599147
19226,-0.336464201,-1.21058954
19227,-1.03986136,-0.623761097
19228,,
19229,-0.515312538,2.20227716
19230,-0.634123844,-1.46765189
19231,-1.50018553,-1.60799674
19232,-0.856546826,-0.937856511
19233,0.403999632,-2.19893991
19234,0.403999632,-2.19893991
19235,-1.95234646,-0.765340337
19236,-0.0412968161,-0.205005707
19237,,
19238,0.698398104,0.496071761
19239,1.14666916,-1.42328948
19240,0.766348448,-0.889797558
19241,1.54719992,0.930651134
19242,0.38387662,-0.516110838
19243,0.38387662,-0.516110838
19244,1.19841816,0.410180813
19245,1.05447836,-1.81166122
19246,,
19247,1.20082156,0.731844093
19248,-0.0870679466,-0.17630096
19249,0.659762094,0.417903621
19250,0.564158643,1.32734576
19251,-2.07405053,0
19252,-2.07405053,0
19253,0.692785358,1.49825693
19254,-0.0615763131,-0.974080327
19255,,
19256,0.196049617,-1.19171646
19257,2.67934466,0.131130091
19258,1.48372266,-0.514572321
19259,-0.50853377,-1.36668626
19260,-1.00197872,0.776861156
19261,-1.00197872,0.776861156
19262,-0.445973808,0.515842439
19263,-0.863505551,-0.0798371303
19264,,
19265,-1.83644302,0.152732964
19266,-1.33936213,-1.06466029
19267,0.042282415,-2.10748521
19268,1.95674626,-0.374656098
19269,-0.474402928,-0.859952168
19270,-0.474402928,-0.859952168
19271,0.142384107,0.319074666
19272,-0.380984557,0.204172337
19273,,
19274,-0.965411775,1.305882
19275,0.164013628,1.6340712
19276,0.125446471,0.813444247
19277,0.21071164,-0.668918051
19278,0.136816861,0.322372472
19279,0.136816861,0.322372472
19280,-0.767501465,-0.542399203
19281,-0.671304131,0.31365415
19282,,
19283,0.55310964,-1.59646586
19284,-0.442477534,-2.44289483
19285,-0.878321806,-2.20676641
19286,-1.08388303,0.332426001
19287,-0.499201305,-1.36866928
19288,-0.499201305,-1.36866928
19289,0.330305145,-1.47269524
19290,-0.58307724,-1.52213477
19291,,
19292,1.13606661,1.29354149
19293,0,-0.795515049
19294,-0.0390721867,-1.18961089
19295,0.417199545,-1.81775106
19296,1.20144942,0.412546974
19297,1.20144942,0.412546974
19298,-0.634837001,0.990392037
19299,-1.43772601,-1.62659348
19300,,
19301,0.366892735,-0.991659906
19302,0.306708029,0.544661342
19303,-1.27716836,0.0204915829
19304,0.132072327,-1.58396395
19305,-1.80657978,1.118691
19306,-1.80657978,1.118691
19307,-2.31049448,-0.484266676
19308,-0.996955502,0.478760905
19309,,
19310,0.203165405,0.863405816
19311,1.20072742,-0.978935977
19312,-0.598236974,-1.19444483
19313,-0.203319504,-1.09007206
19314,-0.74703885,-0.451195216
19315,-0.74703885,-0.451195216
19316,1.24486039,0.372996956
19317,-0.8067154,-0.335363685
19318,,
19319,-0.792271005,2.93356928
19320,0.857227922,-0.0144306113
19321,0.477008064,-0.418080814
19322,0.0293993063,-0.0717251134
19323,-0.680563486,-0.0625804134
19324,-0.680563486,-0.0625804134
19325,2.2688243,-1.40520489
19326,0.424901541,0.487715345
19327,,
19328,2.53070098,1.18130996
19329,-0.0293832708,0.57549744
19330,0.079760717,0.442892021
19331,-0.551284869,0.374258934
19332,0.572382642,-0.351951116
19333,0.572382642,-0.351951116
19334,1.32500455,-0.80120639
19335,2.07704691,-1.65389723
19336,,
19337,-0.239571489,0.0831967294
19338,1.32494686,0.343918275
19339,1.23940653,0.6858997
19340,-0.101235481,0.537208018
19341,0.964199425,-0.104308197
19342,0.964199425,-0.104308197
19343,0.0198347036,0.309055295
19344,-0.264763333,1.30779923
19345,,
19346,-1.71987152,-0.873826607
19347,-0.823683391,-0.113848767
19348,-0.708422231,0.878393936
19349,0.38939408,-1.8688853
19350,0.665496448,-3.01981353
19351,0.665496448,-3.01981353
19352,-0.102681846,0.142597192
19353,0.401725385,-0.394559173
19354,,
19355,-1.39333963,0.287773349
19356,-0.787309982,0.0143844995
19357,-1.38495024,1.22592642
19358,0.844273225,-0.221085434
19359,-1.2822504,1.24556122
19360,-1.2822504,1.24556122
19361,0.351676593,-1.1138803
19362,0.266448348,-0.0204681172
19363,,
19364,-0.250651586,0.128788499
19365,-0.269507266,1.67614152
19366,0.771320729,1.04860805
19367,-0.495230575,0.513930547
19368,-0.0636308437,1.30339402
19369,-0.0636308437,1.30339402
19370,-0.105590246,0.433474641
19371,0.197116992,0.0401014372
19372,,
19373,0.935082666,0.953033916
19374,0.0805918424,0.198411037
19375,-0.532367004,0.58391523
19376,-0.551094796,-1.99842393
19377,-0.197946841,-0.167021874
19378,-0.197946841,-0.167021874
19379,-1.56678007,0.329384172
19380,-0.208259267,0.647133456
19381,,
19382,-0.563043676,-1.01641197
19383,0.860326549,-0.977881994
19384,0.713959365,-1.23329824
19385,0.863739644,-0.687055562
19386,0.441440045,-0.46591723
19387,0.441440045,-0.46591723
19388,0.353332265,0.281356888
19389,-0.209043329,0.122982182
19390,,
19391,-0.51456659,0.252938483
19392,-0.0144378319,-1.54993004
19393,0.226627048,-0.293543454
19394,-0.323364352,0.147807538
19395,-0.220339662,0.0596029242
19396,-0.220339662,0.0596029242
19397,0.736587374,-0.702268032
19398,-3.16340379,-1.40433077
19399,,
19400,1.09293343,0
19401,1.70935664,-0.32442177
19402,2.25544326,-0.453279412
19403,-0.795706594,0.657316875
19404,-0.0832742929,0.0591039391
19405,-0.0832742929,0.0591039391
19406,0.54122059,0.0402285505
19407,0.8910359,0.1426821
19408,,
19409,2.12087043,-0.595224246
19410,-0.601948998,0.100777137
19411,-1.59235658,0
19412,0.0625773935,0.967448762
19413,0.740093943,-0.746177895
19414,0.740093943,-0.746177895
19415,0.378290651,-0.120362903
19416,-0.850165556,-0.337949221
19417,,
19418,0.130048287,0.172639646
19419,-0.472066641,-1.89752828
19420,-1.46361874,-0.920246577
19421,-1.41407854,-0.3980534
19422,0.24614975,0.249685137
19423,0.24614975,0.249685137
19424,-0.605525409,1.00339809
19425,-0.970695619,0.659958289
19426,,
19427,0.520169358,0.172569746
19428,-0.617265103,0.501563877
19429,0.185484889,0.46087357
19430,0.0448494967,0.534468445
19431,-1.33358751,-0.241179648
19432,-1.33358751,-0.241179648
19433,0.312501578,-0.251033465
19434,0.979274281,1.63151024
19435,,
19436,-2.46399462,0.619966642
19437,0.290326255,-1.67424516
19438,0.982768954,-1.93611574
19439,-1.89152398,-0.763076017
19440,0.141161597,1.70284044
19441,0.141161597,1.70284044
19442,-0.358218544,0.900425088
19443,-1.56189392,-1.13167439
19444,,
19445,0.0143885293,0.937341128
19446,1.09884399,0.150728287
19447,1.63848451,-0.210303776
19448,-0.726786338,-0.553112853
19449,-1.15852481,-0.252514604
19450,-1.15852481,-0.252514604
19451,0.630273125,-0.179168593
19452,-0.673753578,2.0086995
19453,,
19454,0.959421854,0.15580269
19455,0.929635775,-0.745811758
19456,1.09367925,0.0206360742
19457,0.0880119906,-0.444205265
19458,0.197008052,0.907445383
19459,0.197008052,0.907445383
19460,-0.359798344,0.125020809
19461,1.83015268,1.02086062
19462,,
19463,-0.32686382,-2.88952926
19464,0.836924133,0.500935178
19465,1.00586575,-0.410762965
19466,0.147678218,1.96984207
19467,2.00812033,-0.589360224
19468,2.00812033,-0.589360224
19469,0.489554012,1.66511472
19470,0.72115787,-1.244036
19471,,
19472,0.320809761,1.1741945
19473,-1.53506459,0.932287047
19474,-1.15363329,0.754271147
19475,0.354518034,0.50219818
19476,-1.88801475,0.687714543
19477,-1.88801475,0.687714543
19478,-1.04894152,-0.334555811
19479,-1.62210427,-1.60233734
19480,,
19481,0.572215246,0.622964145
19482,-0.557553809,-0.0960485539
19483,-1.72765095,-0.679552562
19484,-0.700362795,0.598593271
19485,-1.107438,2.75147628
19486,-1.107438,2.75147628
19487,-0.293076866,-1.77125411
19488,0.181299932,0.818174983
19489,,
19490,0.790931709,0.0137272343
19491,0.223795399,-0.816253511
19492,0,0.991744282
19493,0.391996614,0.544842716
19494,0.910576179,2.54363916
19495,0.910576179,2.54363916
19496,-1.23825384,0.0380673445
19497,-0.619579326,-0.17626384
19498,,
19499,-0.206789182,-1.32764688
19500,0.876227533,0.306376365
19501,2.36924582,1.52717581
19502,-0.790313544,-0.119754687
19503,0.556535798,-0.10322511
19504,0.556535798,-0.10322511
19505,0.376314263,0.942515313
19506,-1.32564686,1.42911005
19507,,
19508,-1.32669279,-0.271651044
19509,0.755419425,-1.34730797
19510,1.17452745,-0.621959508
19511,0.455206465,0.510345933
19512,0.320648059,-0.34173189
19513,0.320648059,-0.34173189
19514,1.39232073,-0.439897259
19515,-1.59154973,0.0603723091
19516,,
19517,-0.679472525,-0.461044148
19518,-0.0563152839,0.189023138
19519,0.21913102,1.13184335
19520,0.166471405,-0.236676018
19521,-0.0791018703,-0.614060601
19522,-0.0791018703,-0.614060601
19523,0.118812917,1.22232203
19524,0.616680288,-0.717653201
19525,,
19526,-0.378647776,1.22750342
19527,-1.65173563,-0.582532617
19528,-1.26705515,-0.696284184
19529,1.61890788,-0.276098155
19530,0.500019299,-1.62415612
19531,0.500019299,-1.62415612
19532,-0.119174079,0.491650808
19533,1.28552833,-1.13392442
19534,,
19535,0.273456701,-0.232731989
19536,0.411649592,0.304346992
19537,0.861182726,-1.00017649
19538,-0.219307553,0.358701049
19539,-0.319452835,1.65282134
19540,-0.319452835,1.65282134
19541,1.28297463,1.06503923
19542,0.774937683,-0.72678587
19543,,
19544,0.111701306,0.518150613
19545,0.979180297,0.10062754
19546,0.924443373,-0.155277586
19547,-0.122947136,1.38924257
19548,1.22265887,0.449631294
19549,1.22265887,0.449631294
19550,-0.596557901,-1.39379094
19551,-0.986973021,1.11310611
19552,,
19553,0.798293034,0.833504209
19554,0.499843176,0.864562231
19555,1.55996433,-0.286334703
19556,-1.4359627,1.40243747
19557,0.0404085821,0.737232003
19558,0.0404085821,0.737232003
19559,1.80764875,-0.159357475
19560,0.220095009,0.040741398
19561,,
19562,1.17213242,1.00209058
19563,-1.44051592,1.10259076
19564,-1.63212303,1.07974905
19565,-1.50287413,0.374215637
19566,-0.666303762,0.482189446
19567,-0.666303762,0.482189446
19568,-1.09732262,1.22130618
19569,3.24330053,0.692154725
19570,,
19571,0.0441430759,-0.462139376
19572,0.640785815,0.475364389
19573,-0.207948689,-0.104923194
19574,0.269273889,0.151133721
19575,0.290814103,-0.178610982
19576,0.290814103,-0.178610982
19577,0.0808105503,0.590449969
19578,0.0424750735,-0.530373409
19579,,
19580,0.728758012,0.243869913
19581,-0.101153749,2.02460205
19582,-0.191726055,1.50125471
19583,0.325765212,-1.20278246
19584,-1.63980128,0.0192567475
19585,-1.63980128,0.0192567475
19586,-1.30578378,0.20635887
19587,1.1880724,0.883689919
19588,,
19589,-0.244268345,0
19590,0.0583080138,1.06591373
19591,-0.0399890571,0.141663502
19592,-0.0309773645,-1.10574923
19593,0.967460019,1.08385659
19594,0.967460019,1.08385659
19595,0.04028533,0.436036112
19596,1.64958626,-0.140800427
19597,,
19598,1.8060785,0.723850641
19599,-1.93096763,0.667335817
19600,-0.777947343,-0.101246639
19601,1.29708653,-0.178817231
19602,-0.472308254,-0.957651712
19603,-0.472308254,-0.957651712
19604,-1.64479956,0.412112094
19605,0.718860815,-0.445489105
19606,,
19607,0.939601977,0.535806711
19608,0.384594318,0.628559533
19609,-0.0421379883,0.414799879
19610,0.514707138,-1.79003102
19611,0.254459041,-0.198836104
19612,0.254459041,-0.198836104
19613,-0.707762301,-0.401494319
19614,-0.266542094,0.805944797
19615,,
19616,1.06757839,-1.01643539
19617,-0.0867629682,0.471374207
19618,0.289773071,0.468954246
19619,-0.0292600671,-0.0715540869
19620,0.832063389,0.395468059
19621,0.832063389,0.395468059
19622,0.465965405,0.517220664
19623,-0.690644864,-1.17869323
19624,,
19625,-0.400708252,-1.00591637
19626,-0.401572836,0.366661959
19627,-0.936712177,0.880044114
19628,0.653728816,-0.846819406
19629,0.909810905,1.31112305
19630,0.909810905,1.31112305
19631,1.54014283,0.307692541
19632,1.02415362,-0.624685459
19633,,
19634,-0.310509691,-0.315185757
19635,-0.328957719,0.879174984
19636,-0.55503988,-0.241561453
19637,-0.566763244,0.399476125
19638,-1.52313326,1.25538586
19639,-1.52313326,1.25538586
19640,-0.382369601,0.381607283
19641,-0.590065499,-0.659060322
19642,,
19643,0.0834525606,0.0701208572
19644,1.2308178,0.553648454
19645,1.0170942,-0.0595164356
19646,1.58473097,1.83000667
19647,-0.322960853,0.082409441
19648,-0.322960853,0.082409441
19649,-1.32838969,-0.102095396
19650,-0.63457194,-0.0626848229
19651,,
19652,-1.11398434,0.468110453
19653,-1.24581589,-0.55315985
19654,-0.20225595,-0.601145629
19655,-0.643734519,1.2012276
19656,0.663359706,0.681319206
19657,0.663359706,0.681319206
19658,1.07979218,-1.66441873
19659,-0.329677046,-0.17924374
19660,,
19661,-0.128193034,0.401162482
19662,-1.33083568,0.754048633
19663,-0.951531823,1.2994515
19664,-1.85942696,0.674245002
19665,-0.0412793083,-0.379827356
19666,-0.0412793083,-0.379827356
19667,-0.951345019,0.125816429
19668,0.822316316,-1.1653131
19669,,
19670,-0.837020194,-1.36756225
19671,-1.33579746,-1.12175026
19672,-1.9984417,-0.727885415
19673,0.896955874,-0.530982991
19674,-1.28979043,-0.840926427
19675,-1.28979043,-0.840926427
19676,-0.576248499,1.08493064
19677,-0.880285091,-1.20499516
19678,,
19679,1.23394729,0.150977902
19680,0.690507051,1.51400726
19681,1.07243693,0.903846931
19682,-0.922730558,0.737561973
19683,0.100644013,-0.525615485
19684,0.100644013,-0.525615485
19685,-0.905056953,-0.0417975435
19686,-1.07849405,0.207826197
19687,,
19688,0.429230567,0.666823027
19689,0.754780898,1.0683464
19690,-0.102041455,-0.566806754
19691,1.70233564,0.144965631
19692,0.455463169,0.624094287
19693,0.455463169,0.624094287
19694,0.614538204,-1.48210989
19695,0.731616653,-0.966133435
19696,,
19697,-2.92949334,1.44768011
19698,2.04641497,-0.666544648
19699,1.38828074,-0.637643
19700,0.40690417,-0.742757266
19701,-0.536565409,-0.0202282601
19702,-0.536565409,-0.0202282601
19703,-0.16536229,0.861616807
19704,-0.217808378,0.10625142
19705,,
19706,-0.670798346,-1.26710512
19707,0.361576896,0.432167336
19708,0.616142204,-0.104338702
19709,-2.07044129,-1.1838209
19710,-1.12217023,0.78407172
19711,-1.12217023,0.78407172
19712,1.33654973,-0.0413124905
19713,-0.0198671304,0.189092285
19714,,
19715,-0.192211011,0.512387553
19716,0.483151002,-1.57806115
19717,0.460271629,-0.427222322
19718,0.94684972,1.34919723
19719,-1.29962625,-2.00616204
19720,-1.29962625,-2.00616204
19721,-1.41191748,0.0803749911
19722,-0.0415515678,-0.644543498
19723,,
19724,-0.805526607,-0.603149386
19725,0.758767386,0.677201123
19726,1.23730193,-0.621259894
19727,-0.178886534,-0.192815917
19728,2.29601632,0.7160619
19729,2.29601632,0.7160619
19730,0.0607577248,-0.710529462
19731,0.867203485,-0.805652532
19732,,
19733,0.668622452,-2.29227751
19734,1.54342244,0.781175116
19735,1.03547675,-0.460629611
19736,-0.581092338,0.602684984
19737,-2.10640497,-2.00932244
19738,-2.10640497,-2.00932244
19739,-0.267492414,-2.06011087
19740,-1.44964381,-1.08391477
19741,,
19742,0.446139793,-0.816854788
19743,-0.237693074,-0.521458415
19744,1.18937671,-0.325272865
19745,1.48772454,-0.10314277
19746,-0.104584395,0.751500639
19747,-0.104584395,0.751500639
19748,0.559568004,1.12987201
19749,0.364160409,1.83775464
19750,,
19751,0.87850367,1.03135575
19752,-1.97823168,0.443110533
19753,-0.475342306,0.521436386
19754,1.61323008,0.269813325
19755,0.581241132,1.64634177
19756,0.581241132,1.64634177
19757,0.35941209,-0.604644123
19758,-1.22356481,2.54171416
19759,,
19760,1.50430323,-1.41291509
19761,-0.34773814,1.25563861
19762,-0.396290444,2.12332851
19763,-0.22301122,-0.146297118
19764,0.587403177,0.695129553
19765,0.587403177,0.695129553
19766,-0.5555059,0.190781138
19767,-0.588552945,0.120336326
19768,,
19769,0.941187037,-0.136840257
19770,0.0712889997,-1.21173032
19771,-0.415165407,-1.31973986
19772,0.843176593,0.779935333
19773,-0.175646585,-0.488871864
19774,-0.175646585,-0.488871864
19775,-0.348419249,1.46818867
19776,-0.806460585,-0.806802585
19777,,
19778,0.0284256972,0.496511763
19779,-0.132114024,1.03896243
19780,-0.41331235,1.40965307
19781,0.713549087,-0.816117945
19782,-0.156278881,2.34306173
19783,-0.156278881,2.34306173
19784,2.06652054,-1.14451598
19785,-0.378527649,-0.140249719
19786,,
19787,-1.40857474,-0.471753989
19788,-0.34452735,-0.40286931
19789,-0.0403432556,-0.339274043
19790,0.449041997,0.855509418
19791,-0.902461035,0.10198356
19792,-0.902461035,0.10198356
19793,0.607489437,0.589173634
19794,0.242843367,-0.892755268
19795,,
19796,0.563058383,-0.0138120994
19797,-0.802687514,0.77150058
19798,-1.30582874,0.908312096
19799,0.366149112,-2.1378334
19800,-1.47603213,1.22566156
19801,-1.47603213,1.22566156
19802,1.04401317,-0.546865735
19803,-0.997897377,-1.56576272
19804,,
19805,-2.15302562,-1.0363283
19806,0.684265112,-0.678534152
19807,1.96865545,0.408653475
19808,-0.616388489,-1.66437045
19809,-1.95595605,-0.497654947
19810,-1.95595605,-0.497654947
19811,-0.0406838946,-0.597817084
19812,-2.7466599,0.670045374
19813,,
19814,0.17044342,0
19815,-2.1454988,0.509333418
19816,-1.3039492,-0.373986032
19817,-1.45930127,-0.141922985
19818,-0.667299952,-0.986971041
19819,-0.667299952,-0.986971041
19820,-1.81125154,0.811123408
19821,0.15304648,1.53080985
19822,,
19823,-0.786516411,2.11856557
19824,-0.481888873,0.935071976
19825,-0.186127971,0.379639561
19826,-0.0149496982,-0.0580600998
19827,0.647173576,-1.84785042
19828,0.647173576,-1.84785042
19829,1.35147282,-0.41960078
19830,0.509082994,-0.835784289
19831,,
19832,0.084321842,-1.57966524
19833,1.51985541,0.282354005
19834,0.694958917,1.40221578
19835,-0.387529867,1.93478056
19836,0.98669891,-0.378649642
19837,0.98669891,-0.378649642
19838,-1.14179034,1.14103512
19839,-2.1067949,-1.2647056
19840,,
19841,1.94740429,-1.19638467
19842,-0.818081193,-0.180477088
19843,-0.857769261,-0.301279264
19844,-0.792718625,-0.668755116
19845,-0.341746427,-1.09010086
19846,-0.341746427,-1.09010086
19847,0.771431463,-1.23787568
19848,0.785128772,-0.504078693
19849,,
19850,-0.15732696,0.324584058
19851,-0.552725502,-0.293512466
19852,0.771151187,-0.849805965
19853,-1.1899417,-1.88018609
19854,-0.527391935,-1.43709189
19855,-0.527391935,-1.43709189
19856,-0.432302262,1.09014874
19857,-0.909680441,-0.864061176
19858,,
19859,1.41827426,-0.0678472591
19860,-0.028885633,0.660703303
19861,0.0411046632,0.159733599
19862,0.133099427,-2.09336788
19863,0.138910055,-1.57381104
19864,0.138910055,-1.57381104
19865,-0.0605800022,0.160523379
19866,-1.39041131,0.561545745
19867,,
19868,-0.458580048,0.148067201
19869,0.516980728,1.32444069
19870,-0.231564125,1.78908474
19871,1.09127238,-0.0288182312
19872,-0.868855186,-0.326024781
19873,-0.868855186,-0.326024781
19874,-0.973043785,0.0592190354
19875,0.797123764,1.3152902
19876,,
19877,0.48206897,-1.43783943
19878,-0.464142461,-1.14655584
19879,1.43164165,-1.07191184
19880,1.78668106,-1.33623675
19881,-0.348937599,0.195713012
19882,-0.348937599,0.195713012
19883,0.37253218,-0.217447147
19884,2.04189292,-1.35208313
19885,,
19886,0.891043699,0.0874814503
19887,-0.339103619,0.540331494
19888,0.231929169,-0.124736638
19889,-0.356893981,0.881073317
19890,0.451301436,-0.63850763
19891,0.451301436,-0.63850763
19892,-0.300793058,0.46164705
19893,-0.335320957,-0.217690332
19894,,
19895,1.53096496,-0.723465318
19896,-0.44425601,-0.192259154
19897,-0.506509147,0.467703538
19898,-0.389079022,0.514601158
19899,0.633047021,-0.277304005
19900,0.633047021,-0.277304005
19901,0,-0.644321704
19902,-0.0618545085,0.43176789
19903,,
19904,-1.77360499,-0.745250497
19905,-0.556151915,-1.21904404
19906,0.327064834,-0.911568303
19907,0.514859528,1.45361032
19908,0.333238011,0.570997505
19909,0.333238011,0.570997505
19910,0.624914354,1.19429803
19911,0.20627413,0.580237317
19912,,
19913,-0.303995967,0.929363788
19914,-1.28541452,-0.78285167
19915,-1.14096408,-1.3171598
19916,0.387522723,-0.0711044107
19917,-1.88532186,-0.354413216
19918,-1.88532186,-0.354413216
19919,-0.418505072,0.73914251
19920,-1.66215846,0.243209101
19921,,
19922,0.956618683,1.18522451
19923,-1.03447308,1.65088708
19924,-1.73624034,1.58483213
19925,-1.00898639,-0.604883389
19926,0.487084655,-0.502735316
19927,0.487084655,-0.502735316
19928,0.69602598,-2.21380894
19929,-0.752026431,-0.0802238129
19930,,
19931,0.309951706,0.330468049
19932,0.0438555432,-0.92917703
19933,-0.163390968,-0.806811634
19934,-1.3636903,0.0740752303
19935,0.451912151,-0.321687195
19936,0.451912151,-0.321687195
19937,-0.0832302755,-0.201156623
19938,-0.366385006,-0.748533351
19939,,
19940,1.10549533,-1.18592268
19941,-1.42551642,0.393630354
19942,-0.24341844,1.44237761
19943,1.4994718,-0.277313345
19944,-0.734782962,1.06734499
19945,-0.734782962,1.06734499
19946,-0.838023338,-0.0589614075
19947,-0.417142482,-0.542729763
19948,,
19949,0.0720564711,-0.379830318
19950,0.196582402,1.15511134
19951,-1.22646714,1.04060733
19952,0.449490737,1.25332998
19953,0.851215137,-0.0623572086
19954,0.851215137,-0.0623572086
19955,-0.0201947375,2.68992534
19956,-0.187381917,0.468267759
19957,,
19958,-0.0446975297,0.326972254
19959,-2.58197048,-1.44196467
19960,-1.21987866,-1.07407125
19961,0.442430658,0.330650128
19962,0.0598879836,1.46064656
19963,0.0598879836,1.46064656
19964,-0.0403889591,0.950008573
19965,-0.790930912,1.20549937
19966,,
19967,0.14074298,0.601740346
19968,0.118661412,-0.90780777
19969,0.546676514,0.285260107
19970,-1.3340944,1.18153745
19971,-1.33575464,-0.539742562
19972,-1.33575464,-0.539742562
19973,0.2664332,-0.884613654
19974,0.183610232,0.64121744
19975,,
19976,0.631881341,-0.0145267466
19977,-0.822714482,-0.0732618853
19978,-0.828228082,1.18276699
19979,-0.733985501,-1.41344722
19980,-0.808843248,0.261100248
19981,-0.808843248,0.261100248
19982,0.0827290854,-0.980723189
19983,0.761776857,1.09108454
19984,,
19985,1.62272809,0.550574496
19986,0.58168656,-0.264068769
19987,1.4836971,-1.20966623
19988,0.624250402,-0.89863821
19989,-0.798329856,-0.461261843
19990,-0.798329856,-0.461261843
19991,-0.282283061,1.50338945
19992,0.635810757,1.26309213
19993,,
19994,0.67032838,-0.93551467
19995,-0.0432244341,0.741152525
19996,0.0819135478,0.492148496
19997,0.286094171,1.85770585
19998,-0.230966166,1.27747954
19999,-0.230966166,1.27747954
20000,-0.790955372,0.489922507
20001,0.824175953,0.919542877
20002,,
20003,0.834428416,-1.89844167
20004,0.257173376,-0.192614632
20005,-0.561511669,0.0779565382
20006,-1.01320461,-0.589792619
20007,1.02163436,0.856500099
20008,1.02163436,0.856500099
20009,1.06916551,0.669048812
20010,0.559857458,-0.530861387
20011,,
20012,-0.157258928,0.82002245
20013,0.260702394,-0.737352543
20014,1.56020548,0.993776736
20015,2.61980493,-0.0145755481
20016,-0.140720542,0.122878717
20017,-0.140720542,0.122878717
20018,-1.38318102,-1.33723506
20019,-0.446341254,-0.0581608473
20020,,
20021,0.424325542,-2.06587179
20022,0.835171936,0.312664307
20023,0.989951163,0.697874621
20024,0.719005972,-0.105347577
20025,-0.446212844,-0.24351816
20026,-0.446212844,-0.24351816
20027,0.489350444,-0.268417975
20028,0.309774623,1.61854216
20029,,
20030,-0.127810175,-0.416389926
20031,-0.31980864,0.0442018316
20032,0.554876514,0.198151462
20033,-0.572626479,0.578429186
20034,0.293623445,-0.807842368
20035,0.293623445,-0.807842368
20036,2.64788246,0.319633313
20037,1.02161231,-1.24449213
20038,,
20039,1.19870139,1.17465721
20040,-1.15849691,0.392094435
20041,-0.524732382,-0.204348334
20042,-0.114171897,-1.43380405
20043,0.641193506,1.83205644
20044,0.641193506,1.83205644
20045,-0.123511981,-0.202230034
20046,0.608300867,-1.58197042
20047,,
20048,-1.04884327,-0.419779651
20049,-0.312403793,-0.47622724
20050,-1.43065376,0.457343206
20051,-0.265032026,0.137669862
20052,2.92302508,-0.414860512
20053,2.92302508,-0.414860512
20054,-1.01206896,0.286197915
20055,-1.35797285,-0.123440552
20056,,
20057,1.18235081,0.37774586
20058,0.297816387,-1.08186597
20059,0.693944558,-1.41429732
20060,-0.165080931,-0.0743530568
20061,0.672586757,-2.36409258
20062,0.672586757,-2.36409258
20063,1.42913283,-0.178534162
20064,-0.207021002,0.684105291
20065,,
20066,-0.128386151,-0.193161284
20067,-2.41043376,1.19266105
20068,-3.61541151,0.993694405
20069,-2.74200958,0.307340939
20070,1.22618626,-0.0593466774
20071,1.22618626,-0.0593466774
20072,-0.198339898,0.816585665
20073,-0.359160957,-0.248534946
20074,,
20075,-0.204821348,0.497418348
20076,0.255274727,-0.240018949
20077,0.864030718,0
20078,1.26353007,0.861044433
20079,-0.713204071,1.8862969
20080,-0.713204071,1.8862969
20081,-0.677428145,-1.56078054
20082,1.49779232,0.344587912
20083,,
20084,-0.208689799,-1.19392213
20085,-1.73491939,-0.346781652
20086,-0.982951314,-1.01840791
20087,0.150844542,-0.681870951
20088,-2.46282123,1.14298598
20089,-2.46282123,1.14298598
20090,-0.534945946,0.514136962
20091,0.346138307,1.12013393
20092,,
20093,-0.856801113,-0.0292720034
20094,-0.929671662,-0.785880809
20095,-0.615692262,-2.22149658
20096,-0.747539549,-0.130444809
20097,-1.64149655,0.0399935855
20098,-1.64149655,0.0399935855
20099,-1.2538721,-0.626507264
20100,0.88837824,0.0414451321
20101,,
20102,0.483963638,-0.951020166
20103,0.172885908,1.89667922
20104,0.331005779,2.42488934
20105,-0.971651591,0.262842362
20106,0.949247569,-0.227032681
20107,0.949247569,-0.227032681
20108,-0.585290554,-0.650826231
20109,-0.919363663,0.261264066
20110,,
20111,1.5115393,-1.10335573
20112,1.36773622,-0.221355796
20113,1.73728178,0.237873297
20114,-1.02776761,0.662199241
20115,0,0.948001388
20116,0,0.948001388
20117,-0.0614314484,1.31367302
20118,0.185172909,0.776479627
20119,,
20120,0.127905244,-0.414827651
20121,-0.211700425,-0.800175097
20122,0.120963666,-1.81399044
20123,1.11947424,-0.828517229
20124,2.09387219,-0.632487732
20125,2.09387219,-0.632487732
20126,0.52993146,-0.0608639316
20127,-0.308772901,1.25846743
20128,,
20129,-1.04651234,-0.236388128
20130,-1.59205185,-0.306008312
20131,-1.34104703,0.0206879832
20132,0.187317162,0.893131123
20133,0.80653898,1.43095361
20134,0.80653898,1.43095361
20135,-1.00381014,-0.609790045
20136,-0.794209091,-0.505672278
20137,,
20138,-0.380873792,0.780396284
20139,0.140656767,0.461414266
20140,1.705634,-0.699340232
20141,1.27359622,0.288459013
20142,0.721159849,2.44689388
20143,0.721159849,2.44689388
20144,-0.390034386,0.99048443
20145,0.804240579,-0.734968959
20146,,
20147,0.25668183,-2.719795
20148,-0.443071466,-0.697040889
20149,-0.99932901,-0.988745324
20150,0.104833492,1.18786087
20151,-0.0799082483,0.0823114287
20152,-0.0799082483,0.0823114287
20153,-0.574409993,0.434841276
20154,0.0411015739,-0.83263802
20155,,
20156,-0.733047836,0.0709095928
20157,0.662347993,-0.649537842
20158,1.06498965,-0.926264062
20159,-0.315828482,-0.187065207
20160,1.17085297,-0.805817227
20161,1.17085297,-0.805817227
20162,0.573450119,-0.11629119
20163,-0.100895341,1.0213577
20164,,
20165,0.314424414,0.403780168
20166,-1.59070472,2.07106133
20167,-0.7879476,1.28347232
20168,0.856508756,0.157367174
20169,0.539831447,-0.308082664
20170,0.539831447,-0.308082664
20171,-0.963825456,-0.277193095
20172,0.143196554,0.884514209
20173,,
20174,0.33313908,0.938873048
20175,0.472849243,0.666790409
20176,0.332066739,1.0227232
20177,-1.1014861,0.128498528
20178,0.120793118,-1.50241034
20179,0.120793118,-1.50241034
20180,0.200194971,1.3496294
20181,1.15141515,0.41356031
20182,,
20183,-0.778374225,-0.308847448
20184,2.28014199,-0.535683528
20185,1.84666788,-0.696003954
20186,0.694627162,-0.944476027
20187,0.301051062,0.887264842
20188,0.301051062,0.887264842
20189,-0.426118739,-0.527302766
20190,-0.968632346,-0.412800135
20191,,
20192,1.94267202,-0.363200553
20193,1.82669215,-0.894340662
20194,0.510325552,-0.33416168
20195,0.39445719,0.749795385
20196,1.14406496,0.348958234
20197,1.14406496,0.348958234
20198,-0.474462435,-0.0413651192
20199,0.911740852,-0.445420087
20200,,
20201,-2.03610031,0.383642721
20202,0.923064988,-2.01935737
20203,0.352588662,-1.59482575
20204,0.370541699,-1.55728639
20205,0.814487891,0.793111343
20206,0.814487891,0.793111343
20207,-0.346154852,-1.05910894
20208,-0.295980552,0.598814949
20209,,
20210,0.555708446,-0.910869076
20211,-1.53416942,-0.0541777297
20212,-0.407960825,-0.630362125
20213,0.427484415,0.0304842955
20214,0.883103083,2.25755307
20215,0.883103083,2.25755307
20216,0.162483013,-0.143099932
20217,0.0582110972,0.32547487
20218,,
20219,0.575167402,-0.457218683
20220,-0.433579752,0.380619056
20221,-0.748356855,-0.289969061
20222,-0.679994227,-0.749518332
20223,-0.327031957,-0.467289176
20224,-0.327031957,-0.467289176
20225,-1.28234572,0.555107673
20226,-0.825747942,0.304273834
20227,,
20228,-1.44671961,-2.21469329
20229,-0.0421412443,0.0283079065
20230,-1.03182408,-0.425483466
20231,-0.460016257,-0.386853795
20232,-0.101788887,-1.70391721
20233,-0.101788887,-1.70391721
20234,-1.02204421,1.37983872
20235,0.847696934,-0.622767099
20236,,
20237,1.02174994,0.619399201
20238,0.376100318,-0.125601663
20239,-0.621248422,-0.69980254
20240,0.259193522,0.398613225
20241,0.647914763,-0.762086273
20242,0.647914763,-0.762086273
20243,0.863313869,0.457245351
20244,0.828974432,0.753117076
20245,,
20246,0.374850848,-0.958606326
20247,1.56418961,-0.230147516
20248,0.278609169,0.644502641
20249,0.0451468601,-0.655158388
20250,0.715111651,0.0584352877
20251,0.715111651,0.0584352877
20252,0.898466934,-0.585049705
20253,-0.945813643,-0.142867284
20254,,
20255,1.76889027,0.856187346
20256,0.250255476,0.49299049
20257,0.612516371,0.161494939
20258,-0.875164832,-0.995790069
20259,1.24874365,-0.846133134
20260,1.24874365,-0.846133134
20261,-0.29116856,-0.578975004
20262,1.1061515,1.16226638
20263,,
20264,1.25394648,-1.24103194
20265,1.10005601,-1.03955961
20266,0.990330231,-2.09219786
20267,1.79047566,-1.01732816
20268,0.121616195,-0.298752635
20269,0.121616195,-0.298752635
20270,-1.81995092,-0.332282881
20271,-1.06411989,1.59338505
20272,,
20273,1.393014,-1.70080967
20274,-0.318051645,-0.447398923
20275,0.344070817,0.0642745582
20276,0.342367862,-0.0617555475
20277,0.193804504,-1.87193498
20278,0.193804504,-1.87193498
20279,-0.05988918,-1.00051267
20280,1.5738787,1.68632884
20281,,
20282,-0.905700888,1.48581024
20283,1.04105851,-0.251441608
20284,1.07233163,-0.371103922
20285,0.556386996,-1.63144439
20286,0.714513978,-0.336930933
20287,0.714513978,-0.336930933
20288,-0.407790762,0.257364384
20289,1.02173232,1.17809929
20290,,
20291,-1.06306123,0.0720109065
20292,0.37290857,0.700519913
20293,1.08315689,-0.329328558
20294,-0.308159231,-0.0727296529
20295,0.82207325,0.74791042
20296,0.82207325,0.74791042
20297,-0.787184525,-1.37074511
20298,1.22837105,0.100437796
20299,,
20300,0.635764317,1.41516909
20301,2.51126531,-0.216305014
20302,2.14395483,-1.02612725
20303,0.949700005,2.09836449
20304,1.28775734,0.422331053
20305,1.28775734,0.422331053
20306,0.582733348,1.08084442
20307,-0.956784469,1.28659139
20308,,
20309,-0.31571601,-0.114524137
20310,1.44703047,-0.591962241
20311,0.928485906,-1.93106613
20312,-0.27941184,-1.47058253
20313,-0.417848756,-0.10038076
20314,-0.417848756,-0.10038076
20315,-0.184819509,0.619869825
20316,-1.4573354,-1.47604575
20317,,
20318,0.181152655,0.304934296
20319,-0.531057303,0.185730674
20320,-0.833191957,0.421725838
20321,-1.98070748,2.53873845
20322,-0.73418814,-0.503426636
20323,-0.73418814,-0.503426636
20324,-0.418322733,-0.915653082
20325,0.653132473,0.87346023
20326,,
20327,-1.60289087,-0.575653693
20328,0.117684571,-0.551840035
20329,0.334105072,-1.04591862
20330,1.16334564,0.642632546
20331,0.764932172,-0.315493507
20332,0.764932172,-0.315493507
20333,-1.73911466,-0.789951733
20334,1.74972824,0.536395113
20335,,
20336,-1.67811322,0.761988952
20337,-0.210783791,-0.306482655
20338,-0.122786981,-0.628633381
20339,0.257759201,-0.935037959
20340,0.671786901,-0.539674951
20341,0.671786901,-0.539674951
20342,-0.142969713,-0.141409712
20343,-0.263329497,-1.32755092
20344,,
20345,0.330227063,-1.16531409
20346,-0.532429929,0.70298965
20347,-1.71143571,-0.221122427
20348,-0.350030227,-0.978138268
20349,-0.0202161148,0.0198452337
20350,-0.0202161148,0.0198452337
20351,0.389399219,1.48478577
20352,-1.36096433,-1.24169116
20353,,
20354,0.242806788,-1.53522374
20355,-0.628862875,-0.751194998
20356,-0.607552249,-1.17970204
20357,0.153722325,-0.577871719
20358,-0.827874242,-0.399495293
20359,-0.827874242,-0.399495293
20360,0.626075261,-0.858807967
20361,-0.205420697,1.30329613
20362,,
20363,-0.585708672,-0.464655225
20364,0.249833024,-0.393524588
20365,1.74986295,1.42962204
20366,0.547909816,-0.650940117
20367,-0.138188006,-0.208618784
20368,-0.138188006,-0.208618784
20369,1.80620504,1.14584174
20370,-2.37721975,-0.401637279
20371,,
20372,0.574380931,-0.29481468
20373,-0.57067188,-2.56995081
20374,-0.750110598,-0.472797484
20375,0.632038774,0
20376,-0.762161262,-0.733286444
20377,-0.762161262,-0.733286444
20378,-0.201740967,-0.270639247
20379,0.47182409,-0.526429433
20380,,
20381,-0.889850165,0.0436355242
20382,1.64075851,0.528191854
20383,0.930251954,0.922494102
20384,1.3912776,-0.514145964
20385,0.15949966,0.239288589
20386,0.15949966,0.239288589
20387,-0.352152322,0.42872003
20388,0.516616937,0.469161554
20389,,
20390,0.706310639,0.310155198
20391,-1.21704827,-2.70237624
20392,-0.139889604,-1.21496101
20393,0.98899801,-0.193976469
20394,-0.398465021,-2.33895648
20395,-0.398465021,-2.33895648
20396,-0.395543857,1.12990523
20397,0.507904906,0.355464729
20398,,
20399,1.0178914,-0.347410472
20400,0.56881463,0.427305658
20401,-0.178401196,0.200787382
20402,1.55485964,-0.450923417
20403,-0.36997487,1.15923548
20404,-0.36997487,1.15923548
20405,-1.21429661,-1.06333057
20406,1.84377198,-1.50996689
20407,,
20408,-1.29372939,-0.146104449
20409,-2.39129482,0.402128683
20410,-2.3784679,1.86432207
20411,0.293897523,0.674187416
20412,1.53441753,-2.07436802
20413,1.53441753,-2.07436802
20414,-0.860673201,1.12624754
20415,-0.144190524,-0.197679902
20416,,
20417,-0.0596826855,-2.20145217
20418,-0.575510011,0.655898028
20419,-0.189069277,-0.902772306
20420,-0.271861492,0.119037418
20421,-0.613363483,1.28812877
20422,-0.613363483,1.28812877
20423,0.935399953,0.409669368
20424,-1.19195257,-1.44389721
20425,,
20426,0.366098453,-0.136458278
20427,1.11476465,1.5820956
20428,-0.167755053,-0.0210100214
20429,0,0.205399126
20430,1.50516486,0.209538926
20431,1.50516486,0.209538926
20432,-0.238859786,-1.24532701
20433,0.672436957,-0.861230777
20434,,
20435,0.188839116,0.603547686
20436,-0.0413372774,-1.91693754
20437,0.483404026,-1.64768662
20438,0.138537988,-1.81049676
20439,0.186791904,-1.16878414
20440,0.186791904,-1.16878414
20441,-0.0209063365,0.759272858
20442,-0.28611402,0.363741252
20443,,
20444,-0.0560491718,0.321210757
20445,-0.0416812285,-0.819626149
20446,-0.750879823,-0.0591295988
20447,-0.659531991,0.23004486
20448,-1.39703997,-0.494076783
20449,-1.39703997,-0.494076783
20450,0.500124054,-0.707916082
20451,0.0588877975,-0.580839794
20452,,
20453,1.5651775,0.364315386
20454,1.29057466,1.07624707
20455,0.494073236,1.02111606
20456,-0.413372517,1.11591465
20457,1.39613658,-1.01071121
20458,1.39613658,-1.01071121
20459,0.380437341,-0.669129988
20460,1.01244875,0.379856272
20461,,
20462,1.35079598,-0.878370826
20463,-0.0849962995,-0.160422622
20464,0.479437981,-0.365535764
20465,2.02186927,-0.149283364
20466,1.12326475,1.95809132
20467,1.12326475,1.95809132
20468,0.178095588,-2.12747795
20469,0.0580655338,-0.706291896
20470,,
20471,-0.609333207,-1.1876211
20472,1.38285996,-0.157565444
20473,0.515182059,0.411295736
20474,0.0544971635,-1.88879847
20475,0.124435612,1.4888373
20476,0.124435612,1.4888373
20477,1.31902712,0.563565552
20478,1.06367499,0.344701516
20479,,
20480,1.25264444,0.0404572371
20481,1.09839356,1.37973299
20482,1.35210103,0.983500243
20483,0.642631205,0.873805557
20484,-0.323317616,-0.585593522
20485,-0.323317616,-0.585593522
20486,-1.22927701,-1.64610978
20487,0.86863111,-0.975523596
20488,,
20489,-0.56511685,0.744046223
20490,-0.375959267,1.8155979
20491,-0.602975981,1.54098458
20492,-0.47401778,1.78084971
20493,0.700622936,-1.18849716
20494,0.700622936,-1.18849716
20495,0.0821943612,0.890703645
20496,-0.980917427,-1.3775029
20497,,
20498,-0.0579683445,-2.31766395
20499,-0.606459122,1.4899337
20500,-0.607950153,1.02295004
20501,0.601537988,0.0358345985
20502,-0.381281309,-0.248279232
20503,-0.381281309,-0.248279232
20504,-0.555143084,0.43465844
20505,-0.297578247,-1.15746737
20506,,
20507,-0.517129489,-0.454474427
20508,0.341537559,0.279261999
20509,0.123397754,0.116483819
20510,0.592852193,0.963521438
20511,-1.04637978,2.13262575
20512,-1.04637978,2.13262575
20513,-1.16370043,0.160139088
20514,-0.775303457,1.53524813
20515,,
20516,-0.639282272,0.875133076
20517,-0.703790466,-0.146738017
20518,-0.364581393,0.455306844
20519,-1.39804008,-0.755650488
20520,-0.411543167,1.04066643
20521,-0.411543167,1.04066643
20522,1.22237416,0.986456629
20523,-0.320431709,-0.0603953625
20524,,
20525,1.01275277,-0.133347592
20526,0.552543957,-0.362912706
20527,1.07474309,-0.0799970327
20528,0.542592724,-1.60887826
20529,0.403638009,-0.215518543
20530,0.403638009,-0.215518543
20531,0.632542907,2.03316734
20532,0.16763686,1.58453957
20533,,
20534,0.914690755,-1.39244852
20535,-0.202837644,-0.709517188
20536,-0.289632853,-0.858211021
20537,-1.63886648,-0.222901099
20538,0.657262822,0.711352146
20539,0.657262822,0.711352146
20540,-0.368533892,-1.66313896
20541,-0.834694895,-0.442108981
20542,,
20543,1.00799509,0.373802125
20544,2.47184582,-0.0291673219
20545,1.37936547,0.122988398
20546,0.892512722,-0.436478614
20547,0.0802156458,2.20955286
20548,0.0802156458,2.20955286
20549,-0.797879936,-0.595818557
20550,-0.120191011,-1.17290354
20551,,
20552,-0.104264656,0.958332013
20553,-0.833495291,-0.278210825
20554,-2.70807499,0.0975667217
20555,-1.41331909,0.147966419
20556,1.05826629,-0.473549355
20557,1.05826629,-0.473549355
20558,0.423762163,1.11547978
20559,-1.22599007,0.166710195
20560,,
20561,0.374485625,-0.641100793
20562,-0.188807966,0.962679103
20563,-0.6355599,0.685239588
20564,-1.02363356,-1.78768905
20565,-0.2810183,-0.78290135
20566,-0.2810183,-0.78290135
20567,-2.22168423,-1.08424342
20568,1.08929916,0.220436332
20569,,
20570,0.4976861,-0.173733106
20571,-1.06295263,-1.08064684
20572,-1.07671046,-0.224137255
20573,-0.699043735,0.13525523
20574,1.56010816,-0.240479266
20575,1.56010816,-0.240479266
20576,-1.21665104,-0.547168373
20577,0.648795429,-0.0609820617
20578,,
20579,-0.622840302,0.918910231
20580,-1.72940307,1.94709128
20581,-0.911334019,0.83610654
20582,0.316283763,-0.0460124593
20583,0.0788257668,-0.692843756
20584,0.0788257668,-0.692843756
20585,-0.441806798,0.159038314
20586,-2.43972845,0.836472942
20587,,
20588,-1.18694468,0.0906839705
20589,-0.267266854,1.38188511
20590,-0.872208417,1.77385348
20591,-1.21295461,0.525862348
20592,0.427671497,-1.11590894
20593,0.427671497,-1.11590894
20594,0,-0.818880758
20595,0.796863853,-2.24249741
20596,,
20597,0.690724553,0.646224007
20598,-0.600358295,-0.0994931387
20599,0.557912855,0.0201242664
20600,0.228306029,0.425429181
20601,0.636314625,1.24803109
20602,0.636314625,1.24803109
20603,-0.220715971,0.651620724
20604,-0.46584562,1.44378267
20605,,
20606,0.409407683,-2.35594829
20607,0.521952111,-1.79082218
20608,0.683883279,-2.0142671
20609,-0.246321573,0.301199429
20610,-0.470851737,-1.01507501
20611,-0.470851737,-1.01507501
20612,1.03763572,1.8714642
20613,-1.2376662,-2.49277837
20614,,
20615,1.69186827,-0.205589902
20616,1.29497986,0.156305056
20617,1.73760108,-0.913253608
20618,0.720512767,-1.44310895
20619,-0.122139497,1.60229076
20620,-0.122139497,1.60229076
20621,0.0207229563,0.564989406
20622,-0.739647776,-2.06484431
20623,,
20624,-1.27496177,1.72462414
20625,2.22032477,-0.0717799976
20626,-0.794817336,0.257989057
20627,-0.909598999,-0.879363554
20628,-0.784981812,0.682416562
20629,-0.784981812,0.682416562
20630,-1.69958885,-0.512081594
20631,-0.25429625,-0.0806490164
20632,,
20633,-1.5852299,1.83457355
20634,-0.901512313,0.680294042
20635,-1.54819933,0.903098484
20636,1.96838953,1.86057756
20637,-0.293620532,0.354155302
20638,-0.293620532,0.354155302
20639,-0.534868775,0.0829070409
20640,-1.10544374,-0.308862789
20641,,
20642,0.766097493,2.37591739
20643,-1.0535732,-0.0274122386
20644,-0.67128809,-0.328142691
20645,-0.217951434,-0.950750079
20646,-0.718140136,-0.157459317
20647,-0.718140136,-0.157459317
20648,0.201150911,-0.169543237
20649,0.565856295,0.558257709
20650,,
20651,-1.15139873,-1.42296757
20652,1.11621425,0.373925139
20653,1.27217892,1.31657434
20654,0.734966088,1.17764053
20655,1.11675243,0.55105147
20656,1.11675243,0.55105147
20657,-0.0614176374,-0.719981234
20658,0.38314041,-0.791273558
20659,,
20660,0.329650362,-0.699181511
20661,2.69949941,1.63940968
20662,1.02538053,0.594957582
20663,1.62291852,0.473737739
20664,-0.22325851,1.6090402
20665,-0.22325851,1.6090402
20666,-0.284904587,-2.03577692
20667,-0.139407918,1.36256116
20668,,
20669,-0.77760954,0.438828849
20670,0.450067938,1.11831346
20671,0.0601311052,0.577747494
20672,-1.26218128,-0.523271117
20673,0.769210088,-0.302047386
20674,0.769210088,-0.302047386
20675,1.03519786,0.581105638
20676,-1.74831202,1.65116134
20677,,
20678,-1.02705823,0.280812437
20679,0.543731647,-1.46295457
20680,0.41719323,-0.859934097
20681,-1.28955481,-0.525519609
20682,-1.5537923,-0.0581910036
20683,-1.5537923,-0.0581910036
20684,-1.52481909,-2.04971965
20685,0,0.39845749
20686,,
20687,0.259762188,0.441721244
20688,-0.274365735,-0.937482896
20689,0.410517405,0.377294877
20690,1.0162855,-2.54609773
20691,0.966763844,0.0817628691
20692,0.966763844,0.0817628691
20693,-0.464893504,-0.882575782
20694,0.576258287,1.35933093
20695,,
20696,1.09663133,0.059610355
20697,1.06130263,0.299715076
20698,1.17213764,-0.635810757
20699,1.86079382,-2.30821003
20700,1.15351254,1.05184525
20701,1.15351254,1.05184525
20702,0.340368206,0.74255214
20703,1.07262592,0.352010009
20704,,
20705,-0.0283631008,0.0879839537
20706,-0.519976139,-1.02916932
20707,0.215402523,-0.523434184
20708,-0.57965507,1.50738844
20709,-1.66369807,0.246748169
20710,-1.66369807,0.246748169
20711,-1.90978198,0.436124239
20712,-1.6046623,0.677615052
20713,,
20714,-0.112561084,-0.811247514
20715,-0.731574501,-1.50325646
20716,-1.39350166,-1.08811891
20717,-0.862810342,-2.2317541
20718,0.700842571,1.85909783
20719,0.700842571,1.85909783
20720,-1.42318371,0.865032092
20721,0.705464378,0.122375487
20722,,
20723,0.786289776,0.328653304
20724,-0.776366303,1.5438778
20725,0.935099236,1.64263888
20726,0.492051302,2.42342081
20727,-0.971525042,0.283642642
20728,-0.971525042,0.283642642
20729,1.83811764,0.506432044
20730,1.63484177,0.0994987811
20731,,
20732,-0.246313803,1.19265055
20733,-0.108730848,-0.760403146
20734,0.160583021,-0.237194047
20735,1.4118067,0.823539175
20736,-0.417649563,0.209983047
20737,-0.417649563,0.209983047
20738,1.45477007,1.54902881
20739,1.39365962,-0.547550346
20740,,
20741,0.347577245,0.713731541
20742,-0.0579754247,-0.01460955
20743,-0.438138081,-0.341196715
20744,0.256743157,-0.53823994
20745,1.75607292,1.12363098
20746,1.75607292,1.12363098
20747,0.121409721,-0.0416700211
20748,0.799230385,0.128111616
20749,,
20750,-1.305432,1.77391822
20751,-0.472763922,-0.172046642
20752,-0.7457997,1.41667283
20753,1.72711643,0.493557939
20754,0.728191016,-0.785108004
20755,0.728191016,-0.785108004
20756,-1.35254982,0.849001602
20757,-2.54907979,-0.429318682
20758,,
20759,0.560890778,0.931746513
20760,-1.1420392,-0.619623085
20761,-0.0798065386,-0.767003831
20762,0.498873061,-0.705703097
20763,0.254919647,0.588291868
20764,0.254919647,0.588291868
20765,-0.80631501,-1.1997186
20766,-0.806669024,-0.658765188
20767,,
20768,-0.542088385,0.277347558
20769,-0.0291365247,-0.0136067387
20770,-1.02323691,-0.0388037916
20771,-0.948432267,-0.719803973
20772,0.553739135,-1.24277093
20773,0.553739135,-1.24277093
20774,1.8786047,0.157189718
20775,1.11689376,0.171761506
20776,,
20777,1.31734161,1.66612575
20778,-1.25231301,-0.103336831
20779,-0.625884342,0.0618732332
20780,0.0585037542,-0.302283992
20781,0.121345981,-0.202722049
20782,0.121345981,-0.202722049
20783,0.180466741,0.766050153
20784,0.17980372,-1.74126032
20785,,
20786,-1.40348667,0.18634369
20787,-0.875619337,0.857080767
20788,-1.38194597,0.802882674
20789,-0.613237934,0.219046016
20790,0.495049465,-0.914949839
20791,0.495049465,-0.914949839
20792,0.0405095018,-0.941875307
20793,1.30850054,0.226617405
20794,,
20795,0.255677153,-0.44244919
20796,-0.227697072,0.968648132
20797,-0.748715095,0.398632012
20798,-0.435965791,1.18248497
20799,0.778913396,-0.374428406
20800,0.778913396,-0.374428406
20801,-1.40665208,1.20828388
20802,1.40593223,0.120503604
20803,,
20804,-0.261532343,1.38066759
20805,-0.189935936,-2.50887832
20806,0.345755989,-2.36526321
20807,-0.456349326,0.121683004
20808,0.282836926,0.335482812
20809,0.282836926,0.335482812
20810,0.567059828,-1.42297593
20811,-0.262502612,-0.382092007
20812,,
20813,0.400935191,-0.389971269
20814,1.78008087,1.9869674
20815,0.226235092,2.32810262
20816,-0.785659946,-1.02246194
20817,-1.18300958,-1.86737177
20818,-1.18300958,-1.86737177
20819,0.204524788,-2.13413315
20820,-0.29394346,1.38698926
20821,,
20822,0,-0.0837480768
20823,0.680755854,1.25771874
20824,1.46768382,0.935670871
20825,-0.674378389,-0.0878143206
20826,0.15944074,-0.578297571
20827,0.15944074,-0.578297571
20828,0.975725464,-0.635278899
20829,0.0207309458,0.603284519
20830,,
20831,0,-0.480604529
20832,1.00559285,-1.24726183
20833,-0.19620243,-0.505639096
20834,0.862753147,0.285131195
20835,1.19651535,0.0405674391
20836,1.19651535,0.0405674391
20837,0.141566175,-0.72247791
20838,0.279520672,0.839191042
20839,,
20840,0.809855043,0.916794612
20841,-0.490904878,-2.13912569
20842,-1.47770797,-1.52683268
20843,-2.10988332,-0.273032565
20844,1.52045373,-0.971724596
20845,1.52045373,-0.971724596
20846,0.462032149,0.766978771
20847,0.020435058,-1.03702762
20848,,
20849,-0.412611839,-0.272852258
20850,-0.184505991,0.0708942279
20851,-0.585891409,0.061050888
20852,-0.482745314,-1.11117885
20853,-0.0199088475,-1.09904121
20854,-0.0199088475,-1.09904121
20855,0.0811707094,-1.31212329
20856,-1.01038306,-0.103165398
20857,,
20858,-1.66891095,-0.0851776203
20859,-1.20051016,-0.904968779
20860,-1.03314593,-0.556485471
20861,0.314460009,0.0353134623
20862,-0.64581261,0.21860981
20863,-0.64581261,0.21860981
20864,-0.68272212,-1.71841583
20865,-0.119665524,0.548095498
20866,,
20867,-0.318595225,1.3408644
20868,0.430526521,-1.12588299
20869,-0.0996180888,-1.24873349
20870,-0.226998425,1.01068646
20871,0.276228606,0.234772465
20872,0.276228606,0.234772465
20873,0.491643052,-2.48145772
20874,0,0.102883663
20875,,
20876,0.0423396623,1.24306984
20877,0.675706674,-0.209153438
20878,-0.221506819,-0.302391144
20879,0.351132671,1.6875498
20880,-0.423933525,-1.15879246
20881,-0.423933525,-1.15879246
20882,-1.05575778,-1.46655186
20883,0.714390916,-1.92312452
20884,,
20885,0.0966853427,0.159649216
20886,0.551118167,-0.787870541
20887,0.917366462,-0.195876299
20888,0.797919844,-2.06788386
20889,0.439899022,-1.08589391
20890,0.439899022,-1.08589391
20891,-0.786308282,1.61441062
20892,-0.176601667,1.0384967
20893,,
20894,-2.29527406,0.517891704
20895,0.940967575,0.586206878
20896,-0.125776515,0.53704174
20897,-0.985536883,0.249995461
20898,0.317408623,0.199440949
20899,0.317408623,0.199440949
20900,-0.212285158,-0.66309
20901,-0.697928629,-0.931240867
20902,,
20903,-1.95776953,0.744818556
20904,1.12975988,-0.101160632
20905,0.904831868,-0.43139966
20906,-0.274154887,-0.177138163
20907,-0.864136117,0.531702748
20908,-0.864136117,0.531702748
20909,-1.07505694,1.97433711
20910,0.62355892,0.880943394
20911,,
20912,0.940585278,-0.906802345
20913,0.17519267,1.27320565
20914,-0.268357768,0.232765441
20915,0.878481723,1.12171241
20916,0.946015296,0.123822062
20917,0.946015296,0.123822062
20918,-0.962968606,-0.0983455899
20919,-0.56285224,-0.265041213
20920,,
20921,0.193304878,-0.208490769
20922,0.461681864,0.482051483
20923,0.881998004,0.196884562
20924,0.166495139,1.581124
20925,1.99487021,-0.180558468
20926,1.99487021,-0.180558468
20927,-0.418138969,0.182944669
20928,0.142392376,-0.193840369
20929,,
20930,-0.956979523,0.415338299
20931,-0.0287185044,0.60465877
20932,0.799576077,0.408462047
20933,-0.732127184,-0.0924016065
20934,1.58515007,0.985214248
20935,1.58515007,0.985214248
20936,-1.05966291,-0.851474222
20937,-1.34382986,-0.466827707
20938,,
20939,-0.939461211,-0.0582552967
20940,-0.685422382,-0.083367277
20941,-1.81408293,0.196899866
20942,0.0312091035,-0.613921092
20943,-1.29527303,0.329452781
20944,-1.29527303,0.329452781
20945,0.243225878,-0.917808018
20946,-0.0603320291,1.63659091
20947,,
20948,0.627344088,1.41283649
20949,0.650406871,0.165917945
20950,1.0361994,0.137584343
20951,1.93481144,2.28729097
20952,-0.0802607176,0.616590836
20953,-0.0802607176,0.616590836
20954,0.221687131,0.441567209
20955,0.180996454,-0.649049853
20956,,
20957,-2.93395506,-1.78303958
20958,-0.977213459,0.206071537
20959,-0.204420873,0.410589182
20960,0.303394131,-0.704527053
20961,0.0799271173,-2.09173601
20962,0.0799271173,-2.09173601
20963,0.712908576,-1.09270514
20964,-0.381711494,1.62287161
20965,,
20966,-0.547785596,-0.144319031
20967,-0.960894217,-0.686334869
20968,-1.36623495,0.306775121
20969,0.99011976,0.948025949
20970,-0.515091063,-1.85497933
20971,-0.515091063,-1.85497933
20972,-0.691297215,-0.305599104
20973,-1.16749447,-0.336000354
20974,,
20975,0.859610635,-0.131442644
20976,0.431712893,-1.9112862
20977,-0.124414155,-1.56780263
20978,0.135810323,-0.530970435
20979,-1.1117269,1.19689167
20980,-1.1117269,1.19689167
20981,-1.20879987,0.118763323
20982,0.164027373,1.28717266
20983,,
20984,1.1411654,0.241340918
20985,-0.720529289,0.937367625
20986,-0.0610502543,1.13993658
20987,1.46194522,0.425128316
20988,-1.34451559,-0.188467789
20989,-1.34451559,-0.188467789
20990,-0.0821324994,-0.136010575
20991,1.19969411,1.07358625
20992,,
20993,-0.36823304,-1.12356028
20994,-0.612304746,0.0293408905
20995,-1.59061168,-0.617680084
20996,-0.283469111,1.55034374
20997,-0.607960333,-1.4360265
20998,-0.607960333,-1.4360265
20999,0.428447116,-1.02459401
21000,0.487545827,0.4698549
21001,,
21002,-0.489984131,0.735874384
21003,0,0.737327855
21004,-0.565951804,0.68095809
21005,-0.691285922,1.81512155
21006,-0.691583893,-0.361613185
21007,-0.691583893,-0.361613185
21008,0.584427821,0.995131809
21009,1.04075776,1.06262866
21010,,
21011,0.544590279,-0.369267192
21012,0.846513521,1.22074298
21013,-0.407831558,1.41825427
21014,-1.66741055,-0.28098072
21015,0.203455979,0.97502806
21016,0.203455979,0.97502806
21017,-0.937778755,-0.202787226
21018,1.72721846,1.28962138
21019,,
21020,-0.631631845,-0.545754533
21021,-0.162304381,0.352654023
21022,0.80930762,-0.60772603
21023,-0.840209393,-0.152777005
21024,0.887626757,-1.06598965
21025,0.887626757,-1.06598965
21026,0.533341331,-1.27595309
21027,0.51332464,-1.3944692
21028,,
21029,-0.363113394,0.029127989
21030,0.358680327,0.841948362
21031,0.335189258,-0.119369811
21032,0.670967899,-2.32602594
21033,0.436616475,1.32310803
21034,0.436616475,1.32310803
21035,-0.608429689,-0.674062092
21036,-0.715502657,1.96124357
21037,,
21038,-2.2942264,-0.0440948643
21039,0.133205049,-1.19790929
21040,-1.89450721,-0.849438098
21041,0.373710715,0.292132719
21042,-0.576395976,1.31510839
21043,-0.576395976,1.31510839
21044,1.27159939,0.901636763
21045,0.235089539,1.13317949
21046,,
21047,-0.342948194,-1.6620838
21048,0.428069014,0.0412302554
21049,0.461703927,-1.11238729
21050,-0.253386589,-0.990762902
21051,0.562896397,-0.351489917
21052,0.562896397,-0.351489917
21053,-0.516668918,0.342543231
21054,0.163664963,1.30996706
21055,,
21056,-1.00315744,-1.48843633
21057,-0.892851688,0.337555988
21058,-0.668245675,0.262892443
21059,-0.926946972,0.461142859
21060,-1.03021994,0.779547252
21061,-1.03021994,0.779547252
21062,0.079119553,1.87656135
21063,-1.06585904,-0.460426624
21064,,
21065,-0.944682946,0.711964715
21066,2.18134782,1.15451641
21067,1.6369364,0.412686706
21068,0.719871598,0.20676578
21069,2.00718858,2.58386361
21070,2.00718858,2.58386361
21071,0.571125884,0.71775133
21072,-0.28380473,-0.159936199
21073,,
21074,0.14298438,0.926516147
21075,1.07616091,-0.114100861
21076,1.01028385,0.574097992
21077,1.18123685,-1.48978411
21078,0.251525884,-0.740288437
21079,0.251525884,-0.740288437
21080,-0.0404641356,-0.181087521
21081,0.280396067,-0.227883855
21082,,
21083,0.753091949,2.16051764
21084,-0.577405057,-0.635411845
21085,0.522816911,-1.01052889
21086,0.157166842,1.15051655
21087,1.15372726,-0.277136464
21088,1.15372726,-0.277136464
21089,0.748857176,0.628336429
21090,0.283729054,-0.478750484
21091,,
21092,-1.15923449,0.531124905
21093,-0.521892866,0.25146436
21094,-1.26385551,-0.460694452
21095,-0.344698098,1.36513236
21096,0,1.36916608
21097,0,1.36916608
21098,-0.225478611,0.557277527
21099,-0.0582034086,1.60361292
21100,,
21101,0.382555218,0.0964682458
21102,-1.28733794,0.0858235717
21103,-1.93850955,-0.0602593867
21104,-0.76876052,0.269900928
21105,-1.3817629,-0.476203806
21106,-1.3817629,-0.476203806
21107,1.21934389,1.45781646
21108,0.589106429,0.139785546
21109,,
21110,0.366214936,0.646520902
21111,0.464300533,0.0143301752
21112,-0.861225724,1.3936981
21113,0.0621946671,-0.480582381
21114,-0.41577514,0.736549013
21115,-0.41577514,0.736549013
21116,0.0585174764,-1.0269799
21117,-0.753109706,-0.344390083
21118,,
21119,-0.520651201,-0.560676052
21120,0.0542336139,0.434355967
21121,1.10731006,0.99379498
21122,0.33919322,0.865743826
21123,0.297846715,-0.930774826
21124,0.297846715,-0.930774826
21125,-0.812119572,-0.102731374
21126,0.768119606,-1.17580726
21127,,
21128,-0.342271133,0.592505452
21129,-0.256053212,0.169819474
21130,-0.369904769,0.481869756
21131,0.75694987,-0.972906025
21132,-0.348663799,-0.448457709
21133,-0.348663799,-0.448457709
21134,-1.84566774,-0.600957409
21135,0.741009244,-0.88866156
21136,,
21137,-1.84909863,-0.583978998
21138,0.35812575,0.67701445
21139,-0.291080218,1.47045831
21140,-0.583112052,1.49638891
21141,0.771692994,1.24082726
21142,0.771692994,1.24082726
21143,-0.163737631,-0.778442721
21144,0.57351058,-0.158494813
21145,,
21146,0.175213918,0.52501354
21147,0.670556458,1.25656226
21148,0.155832546,1.29745586
21149,0.076540103,1.43657909
21150,-0.723678893,-0.393928706
21151,-0.723678893,-0.393928706
21152,-0.421972685,-1.07826579
21153,-0.773048516,-0.0401757887
21154,,
21155,0.175210922,1.0753145
21156,-0.818398359,-0.405251449
21157,-0.769410503,0.0604584033
21158,-1.51492167,0.870778103
21159,-1.44107618,1.339372
21160,-1.44107618,1.339372
21161,0.809623185,-0.146732561
21162,0.519273556,-0.35145904
21163,,
21164,-1.89136784,-1.07180074
21165,-0.704128797,0.303197638
21166,1.45605209,-0.398214458
21167,0.965260568,1.10584992
21168,0.811337084,-0.920910435
21169,0.811337084,-0.920910435
21170,1.19335656,-0.387672558
21171,1.10884864,2.73801938
21172,,
21173,-0.401313794,0.51345528
21174,0.602438241,0.324544138
21175,0.741259272,-0.875293366
21176,-0.711785679,-0.089995771
21177,1.90839746,0.290511714
21178,1.90839746,0.290511714
21179,-0.827904394,0.433920715
21180,1.89488238,0.968234185
21181,,
21182,-0.784139345,0.127821288
21183,-0.013958766,-1.09957056
21184,0.435823437,-0.217020353
21185,-0.532705711,-1.4704443
21186,0.441763934,1.20762086
21187,0.441763934,1.20762086
21188,-0.429137116,0.140644778
21189,-0.176770628,-0.593272733
21190,,
21191,-0.595460905,0.126979945
21192,0.486512998,0.904950214
21193,-0.539219241,0.88634901
21194,0.974602957,-0.656556432
21195,-1.14584642,-1.93310959
21196,-1.14584642,-1.93310959
21197,-2.78191204,0.300380422
21198,-0.311685484,0
21199,,
21200,0.419816252,-0.317433112
21201,0.512330113,1.52417648
21202,1.35525173,0.990776373
21203,0.913168206,1.59701708
21204,-1.40647885,1.48298348
21205,-1.40647885,1.48298348
21206,0.155179887,-0.713079411
21207,0.225263795,-2.36413975
21208,,
21209,-0.824429118,-0.39126398
21210,1.95960505,-0.579856406
21211,0.800806677,-0.656523867
21212,-0.327089613,0.207947655
21213,0.439636541,0.516039495
21214,0.439636541,0.516039495
21215,0.319191446,-0.409373734
21216,-0.204784085,-0.764364937
21217,,
21218,-0.903849788,1.41976503
21219,0.330284563,1.29107553
21220,1.68546963,1.39055258
21221,1.00511318,0.958800268
21222,-0.552987651,2.53067801
21223,-0.552987651,2.53067801
21224,0.547857904,0.453294845
21225,-0.040736865,-1.84703251
21226,,
21227,-1.06203655,1.11292038
21228,-0.218154256,0.953092361
21229,0.281279738,0.246968886
21230,1.52742681,-0.534565196
21231,0.814388017,-1.26473755
21232,0.814388017,-1.26473755
21233,0.0966673998,1.04192582
21234,0.209170741,0.26977791
21235,,
21236,-1.83277316,0.915432958
21237,3.29998397,0.561363814
21238,3.25998061,0.587622095
21239,1.84634903,-0.929973579
21240,-1.03296415,-0.196170225
21241,-1.03296415,-0.196170225
21242,-0.902911419,0.271410397
21243,-1.30804152,-0.98789761
21244,,
21245,-1.45398473,-0.145994204
21246,-0.0987651361,-1.37589709
21247,0.240452404,-2.17826408
21248,-0.670457723,0.337736567
21249,0.403976723,0.364770468
21250,0.403976723,0.364770468
21251,0.345833728,1.81058249
21252,0.0201363696,-1.07089262
21253,,
21254,0.888114109,-0.737875029
21255,0.145701923,-1.17127888
21256,-1.01263759,0.782321479
21257,-1.09315542,0.332862664
21258,-0.325568074,-1.2803979
21259,-0.325568074,-1.2803979
21260,-1.17560339,0.945527708
21261,-0.142800213,-1.02117505
21262,,
21263,0.467268075,1.98709577
21264,0.816043564,-0.545271638
21265,0.357468871,0.361615745
21266,0.717938748,0.275554971
21267,1.56090476,-1.53395754
21268,1.56090476,-1.53395754
21269,-2.33842949,0.100128417
21270,0.0416355636,0.141337451
21271,,
21272,3.43706292,-0.729851665
21273,0.384300009,1.92118478
21274,0.705900305,1.71868802
21275,0.0297038023,-1.49925253
21276,-0.847073621,0.640453454
21277,-0.847073621,0.640453454
21278,0.378557776,-0.332975665
21279,-0.681734469,3.36858973
21280,,
21281,1.04056628,-0.664477348
21282,-0.0137354101,-0.716596799
21283,0.657221821,-0.179554591
21284,0.634980536,1.69265765
21285,0.810010564,1.06812444
21286,0.810010564,1.06812444
21287,-1.79093611,0.0824459349
21288,-0.800512974,0.762862568
21289,,
21290,1.37104854,1.64387399
21291,-0.0297015692,1.61189039
21292,-0.143964734,-0.815469258
21293,-0.578697413,0.506402002
21294,1.23576307,0.020711368
21295,1.23576307,0.020711368
21296,2.73017128,1.09689189
21297,1.11768505,-1.07404472
21298,,
21299,-0.19359841,0.568595648
21300,0.734216055,-0.839941111
21301,0.371442795,-1.62252036
21302,-1.19453118,0.33827059
21303,0.264724257,0.063228617
21304,0.264724257,0.063228617
21305,-0.812878986,0.746932022
21306,-0.276311383,-0.730894778
21307,,
21308,0.583520334,0.370834693
21309,-0.0848415023,0.351450712
21310,-1.56738212,0.562408147
21311,1.61589371,0.623620231
21312,1.59204365,2.13375166
21313,1.59204365,2.13375166
21314,0.7537808,1.63549139
21315,-0.366056361,0.515612476
21316,,
21317,-0.211996963,1.61918977
21318,-0.155333232,-0.89607561
21319,0.223477343,-0.728870595
21320,-1.0872706,0.272943918
21321,-0.185712776,0.971138258
21322,-0.185712776,0.971138258
21323,0.82270577,1.13973316
21324,-0.064506961,-0.182210249
21325,,
21326,1.63938042,-0.735787622
21327,0.709988528,-1.3838926
21328,-1.07060732,-1.07745911
21329,-1.50698599,-0.318288388
21330,0.291278152,-1.4119076
21331,0.291278152,-1.4119076
21332,-1.51740703,0.505879808
21333,0.519065742,0.280107571
21334,,
21335,0.894267914,0.303893722
21336,-1.39536693,-1.5971069
21337,-1.30237307,-0.861618946
21338,-0.189948741,-0.408699925
21339,0.360429157,0.538689905
21340,0.360429157,0.538689905
21341,-2.67551451,0.794683336
21342,-1.07204493,0.920833255
21343,,
21344,1.87274818,-0.24021681
21345,-0.733908737,-0.704609461
21346,-1.6262161,-1.54512718
21347,-1.28063455,-0.924738703
21348,-0.860441404,0.495875413
21349,-0.860441404,0.495875413
21350,-0.545322575,-1.44816877
21351,-0.774075674,1.36753781
21352,,
21353,0.127552938,-1.389864
21354,1.13543768,0.342725694
21355,1.09517627,-1.03356579
21356,1.49379845,0.289291121
21357,0.685249955,0.0807605855
21358,0.685249955,0.0807605855
21359,-1.01266674,0.529730738
21360,0.467282408,0.601686151
21361,,
21362,-0.98682464,0.371103922
21363,-0.540334593,0.44606654
21364,-0.900772024,0.33771516
21365,-1.75610061,2.06358676
21366,0.667045145,-1.28573119
21367,0.667045145,-1.28573119
21368,-0.888420902,0.632122775
21369,-0.775454895,-0.116886971
21370,,
21371,1.3742689,0.132093195
21372,-0.0580906283,-0.315703435
21373,-0.414867222,0.394790506
21374,-0.338295519,0.69446176
21375,0.575550593,-0.363759123
21376,0.575550593,-0.363759123
21377,-0.508238588,0.3088792
21378,-0.723835654,-0.225919166
21379,,
21380,0.734916332,-1.76514072
21381,-1.59321266,-1.78327721
21382,-0.9698181,-0.246299401
21383,1.51398169,1.00233501
21384,-2.19365676,-0.623758565
21385,-2.19365676,-0.623758565
21386,0.717069418,-1.75607842
21387,0.691222738,0.256489108
21388,,
21389,0.85425391,-0.754313364
21390,0.293717376,-0.735318258
21391,-0.771333988,0.142054826
21392,0.700783075,1.32364958
21393,0.482198807,-0.214718518
21394,0.482198807,-0.214718518
21395,0.929421218,-0.346715184
21396,1.86029324,-1.64073323
21397,,
21398,0.612801604,-1.00675282
21399,-0.224631749,-1.27196323
21400,0.176161245,-1.51343657
21401,1.84848242,-0.732253108
21402,-1.3028176,0.653515042
21403,-1.3028176,0.653515042
21404,0.768023434,0.470430741
21405,-0.165536097,0.511248995
21406,,
21407,1.07773302,0.0140980835
21408,-2.05803469,1.82584788
21409,-1.73439699,0.736767514
21410,-2.84644766,1.54347805
21411,-0.54310278,-2.00098409
21412,-0.54310278,-2.00098409
21413,1.64883611,-2.09317336
21414,0.763170974,-0.832817397
21415,,
21416,0.936560592,0.0287979782
21417,-1.34958003,-0.803155588
21418,-1.33608291,0.276379656
21419,0.323390969,1.66973544
21420,1.07288637,-0.063232841
21421,1.07288637,-0.063232841
21422,-1.69052794,-0.854761942
21423,-1.16905096,0.276157483
21424,,
21425,0.712837519,-0.745224196
21426,0.129302345,-2.06880127
21427,-0.629378382,-0.413622167
21428,-0.502413327,1.75214467
21429,0.847156363,0.472216716
21430,0.847156363,0.472216716
21431,-0.0608530097,1.36088836
21432,2.03076509,0.0616110615
21433,,
21434,1.14109548,1.36259413
21435,1.00937527,0.672455874
21436,0.37514256,-0.334379982
21437,1.90680515,0.519472182
21438,0.899410808,0.143545354
21439,0.899410808,0.143545354
21440,-1.0858403,1.2021055
21441,-1.26173079,-0.577230441
21442,,
21443,-0.226887882,0.860124494
21444,1.60425128,0.454509915
21445,0.657175972,-0.203358111
21446,-0.0884342459,-0.605234783
21447,0.412138175,-0.554801888
21448,0.412138175,-0.554801888
21449,-0.68260973,0.162162774
21450,1.33699641,-0.857328708
21451,,
21452,0.942688047,-1.64507707
21453,-0.445080127,0.724260525
21454,-0.818109665,0.842097958
21455,-1.20322226,1.17952339
21456,0.446260697,0.553909114
21457,0.446260697,0.553909114
21458,-1.42286983,-0.400373857
21459,-0.838716212,0.595245096
21460,,
21461,1.74391602,0.714392805
21462,1.27487719,0.917995647
21463,2.50340709,0.424762971
21464,-0.21751902,-0.311605347
21465,0.0867335753,1.77945651
21466,0.0867335753,1.77945651
21467,0.323813425,0.689755293
21468,-1.10754891,-0.291190973
21469,,
21470,-1.03785931,-2.06648257
21471,0.0146950899,-1.15164748
21472,-0.624105856,-0.540221811
21473,-0.604847634,-1.35521409
21474,0.268306194,-0.932237252
21475,0.268306194,-0.932237252
21476,1.28876087,1.55302047
21477,1.23619553,-0.489808445
21478,,
21479,0.607003351,0.480491129
21480,-1.26976217,-0.159484276
21481,-1.51776638,-0.304305218
21482,0.165798425,0.0290648938
21483,-0.748321295,-1.65927611
21484,-0.748321295,-1.65927611
21485,-1.07328035,1.2621573
21486,-0.753314581,0.606774692
21487,,
21488,-0.861432126,-0.784323404
21489,0.41381632,0.746949767
21490,-0.156240631,0.592215181
21491,-0.939429374,-0.324453984
21492,-1.07605969,1.12038076
21493,-1.07605969,1.12038076
21494,0.668418807,0.0428456884
21495,1.70531915,-0.60137312
21496,,
21497,0.223415567,2.16372709
21498,0.891502024,0.178937404
21499,-0.386981105,-0.0957145163
21500,0.915364374,-1.58127678
21501,-1.3588461,0.819939586
21502,-1.3588461,0.819939586
21503,-0.0819629244,0.280482649
21504,2.86241552,2.49514837
21505,,
21506,0.955075058,1.59248224
21507,-0.964392361,-0.419415932
21508,-1.04587004,0.0995976791
21509,0.248199297,-0.484451174
21510,-1.6948103,-2.22276982
21511,-1.6948103,-2.22276982
21512,-1.00531787,1.61861942
21513,2.51152547,0.272662516
21514,,
21515,0.301095507,0.738004651
21516,-0.446851077,1.14226684
21517,0.369032041,0.261436143
21518,0.0459701445,0.459455011
21519,-0.448946555,0.23080963
21520,-0.448946555,0.23080963
21521,-0.221749892,-0.505937962
21522,-0.260262221,0.971354808
21523,,
21524,0.37264863,-0.212162718
21525,-0.191772299,0.339252804
21526,-0.152516489,0.736168244
21527,0.0283208778,-0.631479061
21528,1.54271771,-0.77629628
21529,1.54271771,-0.77629628
21530,-0.179500523,-1.36824922
21531,-0.485496914,-0.278673348
21532,,
21533,-0.166045922,0.10007089
21534,-0.27520156,1.27144188
21535,0.686474094,1.34286241
21536,-1.76906617,0.274412191
21537,-0.242372155,1.28770409
21538,-0.242372155,1.28770409
21539,-1.43202421,-0.0204864954
21540,-0.268372673,-0.179051253
21541,,
21542,-0.810420244,-2.04927364
21543,0.991680058,0.39514799
21544,0.0607234019,0.163374572
21545,0.815501692,0.32644599
21546,0.0603557711,-1.43362975
21547,0.0603557711,-1.43362975
21548,-0.0194473866,-0.271716305
21549,-0.198508089,0.770505391
21550,,
21551,0.29319548,0.599236324
21552,0.596326237,0.115173661
21553,-0.208104595,-0.293330934
21554,-0.292565353,0.263304986
21555,-0.0600997671,0.433731726
21556,-0.0600997671,0.433731726
21557,-0.687266152,0.268846327
21558,-0.459969248,-1.18987064
21559,,
21560,1.56147997,-1.81348902
21561,-0.319323298,1.16781825
21562,-0.505637023,0.397359707
21563,-1.56701737,0.669378491
21564,-1.38714637,1.97081591
21565,-1.38714637,1.97081591
21566,0.907040405,-0.0414708487
21567,0.654275615,0.55064233
21568,,
21569,-0.444481648,0.900186346
21570,0.351456631,0.822472732
21571,0.877704953,-1.02883643
21572,-0.595640973,-0.493139031
21573,-0.653393031,-0.545821681
21574,-0.653393031,-0.545821681
21575,-0.543354091,-0.919294787
21576,1.36689518,1.14504953
21577,,
21578,0.465081382,-0.144454448
21579,-0.171610364,0.531230706
21580,1.22151513,0.337381628
21581,-1.43074727,-0.212906647
21582,0.0397763657,1.10573443
21583,0.0397763657,1.10573443
21584,0.828072269,1.21232692
21585,-1.26051126,0.0591453794
21586,,
21587,0.775969133,1.31718349
21588,-0.130710028,-0.299494987
21589,-0.0411626171,0.632158535
21590,0.585780093,2.31804941
21591,0.535082212,-0.296895918
21592,0.535082212,-0.296895918
21593,0.0834984415,2.21510716
21594,0.494698786,0.845826203
21595,,
21596,0.0587241789,-1.27843179
21597,1.03688774,0.958617146
21598,1.17360407,0
21599,0.498539136,0
21600,1.06511066,0.665512728
21601,1.06511066,0.665512728
21602,1.29136196,-0.51938751
21603,-0.121420313,0.878508917
21604,,
21605,0.802535027,0.0973711173
21606,0.51315525,0.421977014
21607,0.896005159,-1.57440751
21608,-0.453514622,-2.31301091
21609,-0.399655183,0.0823240981
21610,-0.399655183,0.0823240981
21611,-0.226235092,0.591842913
21612,0.757463507,1.72716222
21613,,
21614,-0.43069122,0
21615,-0.0963830429,2.17580659
21616,-0.608871897,0.559967441
21617,0.0466665757,-1.09040514
21618,0.130647884,-0.183537495
21619,0.130647884,-0.183537495
21620,0.739631203,0.512290206
21621,-1.72235437,-0.761853451
21622,,
21623,2.47259561,-0.564893148
21624,0.0955936072,-0.391739296
21625,0.380278592,-0.163097953
21626,0.611234566,-0.360436166
21627,-1.62827886,1.3885203
21628,-1.62827886,1.3885203
21629,1.81917337,1.09789714
21630,-1.35475412,-0.806559194
21631,,
21632,1.14429334,0.281118689
21633,1.60685066,0.493475203
21634,0.0642775161,0.587327088
21635,1.08393606,-0.205438471
21636,-0.16497058,0.974780173
21637,-0.16497058,0.974780173
21638,0.354657928,1.86118794
21639,-0.310738678,0.438669955
21640,,
21641,0.345710183,1.20327246
21642,1.11777934,-0.171249541
21643,0.69788089,-1.01538552
21644,0.82184468,-0.753385979
21645,0.162269756,0.626554534
21646,0.162269756,0.626554534
21647,-0.277614981,-1.34881194
21648,1.36005228,-0.723147629
21649,,
21650,-0.456099392,-0.127297758
21651,0.975514259,0.472612735
21652,-0.0203078468,-0.0399430192
21653,-1.52345365,0.0801417017
21654,0.320390166,0.94114811
21655,0.320390166,0.94114811
21656,0.359536076,1.35113764
21657,-0.416676706,-0.725898796
21658,,
21659,0.0285837121,1.35177599
21660,1.33697535,-0.558143078
21661,1.03598506,-0.361136791
21662,-0.322131918,1.86812363
21663,-1.33320781,-2.54762877
21664,-1.33320781,-2.54762877
21665,0.267293947,0.356472386
21666,-1.6379611,-1.25754718
21667,,
21668,-1.27422534,0.389019097
21669,0.198525396,-0.174355958
21670,0.510437509,0.568323433
21671,-0.45591971,0.110118311
21672,-0.755105194,-2.01249132
21673,-0.755105194,-2.01249132
21674,0.378384645,-1.14571411
21675,1.51735246,-0.507210607
21676,,
21677,1.28793914,-0.884744138
21678,0.20682599,-1.01025765
21679,-0.305490437,0.0404332857
21680,1.47318009,0.278616847
21681,-0.0997034298,-1.61783966
21682,-0.0997034298,-1.61783966
21683,0.744172541,1.203521
21684,-0.478262549,-0.399306165
21685,,
21686,1.25896653,1.87739269
21687,-0.157541319,0.753680521
21688,-0.59499684,-0.503570977
21689,-0.921941093,0.298748065
21690,0.694261386,-0.118457681
21691,0.694261386,-0.118457681
21692,0.456937671,0.248113586
21693,1.9185448,0.895841113
21694,,
21695,0.140684603,2.62014196
21696,0.448731793,0.823572712
21697,-0.205204008,0.499843933
21698,-1.15902588,-0.1901345
21699,-0.869975791,0
21700,-0.869975791,0
21701,-0.618694212,-1.97032716
21702,-0.323053234,0.300545393
21703,,
21704,0.528796643,-0.755525295
21705,2.17080674,0.355085455
21706,0.962792149,-0.463569233
21707,1.08366556,0
21708,-0.0788986757,-0.276643509
21709,-0.0788986757,-0.276643509
21710,1.06445119,-1.21069071
21711,-0.307436517,-1.32091418
21712,,
21713,0.297205786,-1.38835669
21714,-0.450991065,-1.6256948
21715,0.0206398194,-0.768314282
21716,-0.0158524682,-0.305699231
21717,-0.149953269,-0.648565614
21718,-0.149953269,-0.648565614
21719,0.0425793106,-0.220052179
21720,0.881732139,-0.0198863397
21721,,
21722,0.856853212,-0.342917302
21723,0.722922828,-0.200974287
21724,0.937828858,-0.186179867
21725,-0.553543759,-0.643257514
21726,-0.113311677,1.13702029
21727,-0.113311677,1.13702029
21728,0.685957521,1.28095905
21729,-0.185595958,-0.560899011
21730,,
21731,0.412846501,-1.1359255
21732,-0.369715297,0.199397952
21733,-0.847057585,-0.0809132478
21734,1.68543956,0.0728107803
21735,0.191605918,1.67777599
21736,0.191605918,1.67777599
21737,0,-1.39367908
21738,0.722020669,0.586292365
21739,,
21740,2.45911004,1.32106144
21741,-0.764213197,-1.457005
21742,-0.0814018176,-0.82484547
21743,1.66555611,-0.692578802
21744,-0.243998123,-0.817863228
21745,-0.243998123,-0.817863228
21746,-0.744366281,1.24810481
21747,-0.156718521,-0.466653464
21748,,
21749,-0.607402392,0.604710559
21750,-0.152746802,1.95111277
21751,0,1.65413555
21752,1.42366495,1.85397629
21753,-0.280712323,1.66009777
21754,-0.280712323,1.66009777
21755,1.12366104,-0.0199296462
21756,0.481476951,-1.29363062
21757,,
21758,0.308826626,-1.26271483
21759,0.201732657,-0.0428309169
21760,0.764141804,-0.286881406
21761,-0.373667114,-1.50140297
21762,-1.59878694,-0.329462569
21763,-1.59878694,-0.329462569
21764,-0.823878383,-0.145462356
21765,-0.544988351,0.791747468
21766,,
21767,-0.492648248,-0.388491098
21768,-2.05539232,0.626821426
21769,-0.855723336,0.316830087
21770,-1.93502451,-1.36833734
21771,-2.07157606,0.265321078
21772,-2.07157606,0.265321078
21773,0.748637584,-0.101407253
21774,0.117299956,1.13624453
21775,,
21776,3.1321895,0.534648047
21777,0.432887088,0.920841181
21778,-0.283551352,1.19511079
21779,0.705538267,-1.96230226
21780,-0.639850559,0.145940133
21781,-0.639850559,0.145940133
21782,0.550693997,-2.4405839
21783,-0.186788274,-0.40134792
21784,,
21785,-0.493334632,-0.649511083
21786,-0.38242363,-1.56889817
21787,-0.0198858273,-0.145624463
21788,1.86939723,1.08268215
21789,-0.200834467,2.0848511
21790,-0.200834467,2.0848511
21791,-0.939931514,-1.34318959
21792,1.54426588,0.598203589
21793,,
21794,-0.31790305,-0.546544698
21795,0.618267321,1.45992086
21796,-0.603416021,1.33976683
21797,-0.15692521,0
21798,1.50458969,-1.83412225
21799,1.50458969,-1.83412225
21800,-0.629111956,-0.614859764
21801,1.4709269,0.810887847
21802,,
21803,-0.437325475,0.637253135
21804,-1.30197556,-1.49879526
21805,-1.69008048,-0.874054479
21806,0.485245858,-0.072748404
21807,-0.496559811,0.43784005
21808,-0.496559811,0.43784005
21809,-0.523123931,0.0399590005
21810,2.13260869,-0.994798757
21811,,
21812,0.143081554,0.402738732
21813,-0.543507696,0.627096115
21814,0.669348338,0.767385616
21815,-0.0457939666,0.18392656
21816,-1.63638181,-2.03639383
21817,-1.63638181,-2.03639383
21818,0.885125757,0.780314927
21819,-1.45671886,-2.44285005
21820,,
21821,0.983583458,0.66275276
21822,-0.82921933,-0.235155612
21823,0.080707831,-1.54560815
21824,-0.669821809,-0.232844499
21825,0.202104124,0.0980938641
21826,0.202104124,0.0980938641
21827,-1.36196181,-0.0203340092
21828,-0.100092007,-0.712006164
21829,,
21830,-1.44429641,-0.747178325
21831,-1.75674722,0.461596935
21832,-1.16908581,0.70590296
21833,0,-0.316678221
21834,0.636244642,1.14040536
21835,0.636244642,1.14040536
21836,-0.358522281,0.511826771
21837,1.96398111,-0.729711795
21838,,
21839,0.596480584,1.22618538
21840,0.998960373,-0.75525409
21841,0.513400381,-0.551297663
21842,2.70129323,-0.375342354
21843,-0.327679334,0.0603612822
21844,-0.327679334,0.0603612822
21845,0.956073544,0.649911623
21846,-0.251888928,0.0994942389
21847,,
21848,0.264030277,1.25131952
21849,1.22754216,-1.38724955
21850,0.493327223,-1.46831141
21851,0.181340327,-2.20554999
21852,0.391865481,-0.664396229
21853,0.391865481,-0.664396229
21854,-0.688782787,0.100648714
21855,1.68270631,0.671701583
21856,,
21857,-1.38164556,0.427731431
21858,-0.42427449,-0.895468514
21859,-0.864635289,-2.5584563
21860,1.32774029,0.790854699
21861,0.724866216,1.03921997
21862,0.724866216,1.03921997
21863,0.446216524,0.675484749
21864,-0.467287498,0.966692091
21865,,
21866,0,1.22566415
21867,-0.663117593,-0.222997384
21868,-0.755828877,-0.494793633
21869,0.822778764,0.772388083
21870,-0.398957429,-0.119017082
21871,-0.398957429,-0.119017082
21872,-0.672595688,0.424878991
21873,-0.0198688208,0
21874,,
21875,0.70330999,-0.867797596
21876,0.144740259,-0.376367559
21877,-0.761821071,-0.401767638
21878,0.746603801,0.238458543
21879,-0.661727698,-0.733110992
21880,-0.661727698,-0.733110992
21881,-1.07670584,-0.198466736
21882,-1.24161799,-0.999864328
21883,,
21884,-0.644211672,-1.42463443
21885,-0.0283887118,0.971069438
21886,-0.755594196,-0.33939575
21887,-0.48819698,1.08270374
21888,-0.709561748,0.360158902
21889,-0.709561748,0.360158902
21890,-0.250268026,-1.0821352
21891,-0.535993321,1.07882998
21892,,
21893,1.8460503,0.540503043
21894,-1.48549099,1.31624967
21895,-1.03245571,0.671703264
21896,-0.126435427,0.482115452
21897,-1.05296884,0.0202241125
21898,-1.05296884,0.0202241125
21899,0.258414865,0.0623543729
21900,-0.102088568,0.686036863
21901,,
21902,-0.332684333,-0.564234704
21903,1.00596718,-0.203237824
21904,0.219177676,-0.120488988
21905,0.74751274,-2.42208151
21906,1.42551757,-0.848327437
21907,1.42551757,-0.848327437
21908,-0.877019105,0.552987295
21909,-1.68635163,-1.00930144
21910,,
21911,-0.0145393631,-0.95702566
21912,-0.997349656,-0.73810129
21913,-0.41614054,-1.25233296
21914,-0.269936633,-2.09094108
21915,-0.241434718,0.310492318
21916,-0.241434718,0.310492318
21917,0.525219159,-0.476553909
21918,1.52804321,-0.961496182
21919,,
21920,1.29032956,-0.994637582
21921,0.61982827,-1.69901009
21922,1.76907125,-0.430222739
21923,-0.730836675,-0.789565287
21924,-0.419683281,-0.860447376
21925,-0.419683281,-0.860447376
21926,0.731652502,-0.958557816
21927,-0.304137114,-0.240967016
21928,,
21929,-0.560732382,-0.113763799
21930,0.474847039,-0.263342722
21931,-0.496721838,-0.0412249866
21932,-0.285711918,-0.700872362
21933,0.603438814,-0.163563424
21934,0.603438814,-0.163563424
21935,-0.305002553,0.242166984
21936,-0.578211815,0.526011638
21937,,
21938,-0.391687637,-0.225468668
21939,-0.642603169,1.26485534
21940,-1.59432675,1.23642612
21941,-0.643785101,-1.05439112
21942,0.382791022,-0.368002668
21943,0.382791022,-0.368002668
21944,-0.874728057,1.30618858
21945,-0.977950962,-0.464999796
21946,,
21947,-1.11342952,-0.387881353
21948,-1.80996433,-0.344211583
21949,-1.69647741,-1.64686926
21950,-0.612433236,-1.18546534
21951,1.27145778,1.23221658
21952,1.27145778,1.23221658
21953,0.368311464,-0.643040451
21954,1.37228921,0.86418117
21955,,
21956,-0.100159683,0.379974639
21957,-0.0974136427,0.935316881
21958,0.30191671,0.391510864
21959,0.282786894,2.14085601
21960,-1.01040167,0.0589578688
21961,-1.01040167,0.0589578688
21962,0.715831128,-0.121806359
21963,-1.29465367,0.184466571
21964,,
21965,0.368022002,-0.45797989
21966,-0.195359598,-0.465840346
21967,0.349347293,-1.17957485
21968,-0.0772137409,-0.385868109
21969,1.09426289,0.527177245
21970,1.09426289,0.527177245
21971,-0.430082516,0.76832218
21972,-0.663718846,-1.15468627
21973,,
21974,0.622662497,-0.961448624
21975,-0.330608323,-1.63377998
21976,-0.408941257,-1.50627449
21977,0.236760692,0.0907005888
21978,0.0414629858,0.534816095
21979,0.0414629858,0.534816095
21980,-0.495929207,0.340619483
21981,-1.61587849,0.794695042
21982,,
21983,0.994768466,0.44264132
21984,-0.709298593,-0.315787381
21985,-1.13234776,-0.764167904
21986,-0.656645604,-1.34105837
21987,-1.41735293,-2.57175368
21988,-1.41735293,-2.57175368
21989,-1.93565612,-0.762843013
21990,-3.20655752,2.16934589
21991,,
21992,1.4913357,-1.56785665
21993,0.628745328,0.287625189
21994,0.821661064,-0.462512741
21995,0.560579699,-1.37702449
21996,-1.0213814,0.298333538
21997,-1.0213814,0.298333538
21998,0.429559026,0
21999,-0.773768426,1.11916871
22000,,
22001,0.0698159262,-0.892846359
22002,-0.761779914,0.940799993
22003,-0.564666818,-0.244275695
22004,-0.0792323055,-0.95968041
22005,-2.63399928,-0.265684674
22006,-2.63399928,-0.265684674
22007,0.522690478,-1.20333427
22008,-0.0406692617,1.4839435
22009,,
22010,-0.101323156,-0.498703972
22011,0.41473493,-0.749736112
22012,0.39370651,-0.795221401
22013,0.698576058,0.22156847
22014,-0.231274046,0.155507988
22015,-0.231274046,0.155507988
22016,0.485650347,0.264370065
22017,0.804691116,-0.0992993135
22018,,
22019,0.949831466,0.295912543
22020,1.95543781,-0.673490423
22021,0.0609867355,-0.121455596
22022,-0.404150992,-1.09319963
22023,-2.7208665,0.346773753
22024,-2.7208665,0.346773753
22025,-0.260172854,0.227241906
22026,0.358004661,-0.283897142
22027,,
22028,0.0890708415,0.796136567
22029,0.306081925,-0.576008808
22030,0.52471495,-1.38943344
22031,0.316072334,0.0490718384
22032,0.824878397,-0.52557242
22033,0.824878397,-0.52557242
22034,-0.677700185,-2.02825238
22035,0.756646927,-1.95963079
22036,,
22037,0.0550759068,0.296223937
22038,-0.606954104,1.69901873
22039,-0.239671053,0.845292717
22040,2.35288522,-1.51173087
22041,-0.0995842117,-1.25540775
22042,-0.0995842117,-1.25540775
22043,0.304133981,0.435341421
22044,0.555861628,0.157494797
22045,,
22046,2.3834425,-0.378324556
22047,-0.320564197,0.260148243
22048,-0.926933171,-0.71596775
22049,0.331972777,-1.83994372
22050,-0.126289401,-0.40032561
22051,-0.126289401,-0.40032561
22052,0.740944414,0.0613243031
22053,-1.60608811,-1.56522061
22054,,
22055,0.572144434,1.08822098
22056,-1.19521817,-0.105977986
22057,0.0204015626,-0.418075212
22058,-0.0161753385,1.08378236
22059,0.417964577,0.67055551
22060,0.417964577,0.67055551
22061,0.686315847,-1.82765164
22062,0.281598997,-0.137105433
22063,,
22064,-0.0719810516,1.24784451
22065,1.0453939,-0.740888369
22066,0.483188798,-1.21001143
22067,-0.991503004,-0.523542397
22068,0.357211466,0.846428416
22069,0.357211466,0.846428416
22070,1.07362888,1.31401722
22071,-0.727401531,0.844203982
22072,,
22073,0.869485129,1.20319135
22074,-0.146630045,0.766951432
22075,-0.301700516,-0.0390227601
22076,0.994850405,-0.876282646
22077,0.503624939,0.292449094
22078,0.503624939,0.292449094
22079,0.285148567,-0.200487794
22080,0.199966124,-0.763885399
22081,,
22082,-0.234019157,-0.20704849
22083,-0.376483639,0.384477788
22084,-0.2213539,-0.374537786
22085,-0.309068325,0.882774383
22086,0.631126499,-1.32233346
22087,0.631126499,-1.32233346
22088,-0.951702474,1.0820018
22089,-0.543959058,-0.157312757
22090,,
22091,-0.33927153,-0.143431698
22092,0.6620831,-0.556992597
22093,0.442207459,0.225456769
22094,-0.284450137,-0.722836154
22095,-0.119106383,0.588819246
22096,-0.119106383,0.588819246
22097,-1.23444301,0.247359139
22098,-0.910657002,1.60214758
22099,,
22100,0.274390491,0.650038276
22101,-1.66146381,-0.432738486
22102,-2.36964871,0.197577758
22103,-0.627585128,0.487144089
22104,1.16140618,0
22105,1.16140618,0
22106,0.117437842,-1.02793112
22107,-0.121917228,-0.363194504
22108,,
22109,-0.736713258,0.0435205272
22110,-0.990493805,-0.965578069
22111,-0.987822965,-0.607431988
22112,0.0809813729,0.399989574
22113,1.27922841,-0.380430526
22114,1.27922841,-0.380430526
22115,1.10067606,-0.317180118
22116,0.59297053,0.907663551
22117,,
22118,1.05033869,-1.84974489
22119,-0.381819385,1.21354367
22120,-0.283115083,1.14036546
22121,-1.4083613,0.0969980763
22122,-2.31858768,-1.42366205
22123,-2.31858768,-1.42366205
22124,-0.487180652,1.15949761
22125,1.8425688,-0.349547867
22126,,
22127,-0.22342412,-1.12760433
22128,-0.110131146,0.297256526
22129,-1.35993012,0.937751687
22130,-0.81865273,0.341470435
22131,0.958918692,0.260886164
22132,0.958918692,0.260886164
22133,1.3259682,1.60007799
22134,-0.363302766,-1.22044005
22135,,
22136,-0.67515408,-0.0748428753
22137,-1.32858919,0.0695176332
22138,-1.28637419,0.406408844
22139,-0.0331531014,0.116463697
22140,-1.61989213,-0.526652224
22141,-1.61989213,-0.526652224
22142,0.721937901,-0.66716616
22143,-0.927000073,0.201891976
22144,,
22145,1.06261392,0.140200359
22146,0.100317732,-2.73688181
22147,0.121870828,-2.12426761
22148,0.310806235,-1.18664712
22149,-0.220660314,-0.0207683823
22150,-0.220660314,-0.0207683823
22151,1.72382866,0.0408881574
22152,0.552084048,-0.216619638
22153,,
22154,0.975621378,0.607845139
22155,-0.867758392,0.949017838
22156,-0.505047083,0.207142076
22157,-1.6160558,0.151176234
22158,0.4653986,0.885285782
22159,0.4653986,0.885285782
22160,-0.627707232,1.00359929
22161,1.36895118,-1.19775788
22162,,
22163,0.422927296,-1.24291715
22164,-0.195660737,0.610798055
22165,0.44641737,-0.433678921
22166,1.97604915,-1.79922775
22167,1.38662079,-1.09749266
22168,1.38662079,-1.09749266
22169,-2.57681252,0.655484334
22170,-1.13025497,-1.25899996
22171,,
22172,0.331926928,-1.57254929
22173,-0.231064771,0.784474815
22174,-1.17472044,0.198574975
22175,0.282016736,-0.780586541
22176,0.391238672,-0.959656607
22177,0.391238672,-0.959656607
22178,0.896067282,-1.84659457
22179,1.83902723,0.362846645
22180,,
22181,0.600447807,0.161315087
22182,-0.79633384,1.2541051
22183,-0.205342749,2.54667863
22184,-0.64289618,0.136675974
22185,1.53924792,-1.32358023
22186,1.53924792,-1.32358023
22187,-0.0622782233,0.580744598
22188,-0.0399333998,-0.042453963
22189,,
22190,-0.177704663,1.08278048
22191,-1.60529265,-1.40790898
22192,-1.04348838,-0.872635515
22193,-1.12107133,-0.985049613
22194,0.201104623,0.473287952
22195,0.201104623,0.473287952
22196,0.193192527,1.15315984
22197,-0.630977071,1.80986476
22198,,
22199,-0.181318272,0.142902175
22200,0.874701797,-0.487532288
22201,-0.309447331,-0.433413071
22202,-0.380806738,0.272542302
22203,-0.167141514,0.100030741
22204,-0.167141514,0.100030741
22205,-0.633500058,0.248834477
22206,-0.290846432,-1.16355296
22207,,
22208,-0.0435618582,0.633200553
22209,-0.149818273,-0.810919984
22210,0.103580673,-0.526764906
22211,0.629946672,-0.232461303
22212,-1.2712175,-1.36934898
22213,-1.2712175,-1.36934898
22214,-1.13467109,0.159614988
22215,1.79607387,-0.206455844
22216,,
22217,2.90051288,1.7131081
22218,0.432156952,1.14588483
22219,-0.329191568,0.958955473
22220,-0.157910086,-0.18404409
22221,0.381768491,0.749576158
22222,0.381768491,0.749576158
22223,-0.888275122,-0.686165609
22224,-0.648167742,2.37019947
22225,,
22226,1.30812416,0.172618873
22227,-1.06291086,0.27273638
22228,-0.583460283,-1.05015085
22229,0.641911544,-0.516349277
22230,1.39217479,0.0416146411
22231,1.39217479,0.0416146411
22232,-0.570597996,-1.40776316
22233,1.32541102,1.29804964
22234,,
22235,-0.0454604702,0.040532277
22236,-1.1459084,0.872484257
22237,-3.35376123,-0.719790094
22238,0.456219911,-1.33376925
22239,-1.6100716,-1.12808702
22240,-1.6100716,-1.12808702
22241,-1.33409954,-0.159669797
22242,0.718209409,1.19812581
22243,,
22244,-0.0573843378,1.39300404
22245,-0.60231064,2.02895738
22246,0.0397171932,1.71280332
22247,1.3878833,1.59375556
22248,-0.422266853,0.104438142
22249,-0.422266853,0.104438142
22250,1.49755262,0.859934097
22251,-0.494968717,-0.613151585
22252,,
22253,-0.918990242,-1.85694436
22254,1.09641034,-0.102309986
22255,1.28887172,0.590281131
22256,-0.6338085,0.270922166
22257,1.14081745,1.02666674
22258,1.14081745,1.02666674
22259,-0.464464748,-1.59132323
22260,1.00576544,0.204648406
22261,,
22262,-0.649041152,-0.737528221
22263,0.254994157,-1.60824871
22264,-0.276570712,-0.685801579
22265,0.438798052,-1.23472792
22266,0.291400503,-0.512071902
22267,0.291400503,-0.512071902
22268,0.143241029,-0.773903006
22269,-0.581951468,-0.441076701
22270,,
22271,-0.5642741,0.158950735
22272,-0.127172587,0.553584842
22273,0.104512222,0.400335609
22274,-0.267537525,0.249413533
22275,-0.494177735,1.57345665
22276,-0.494177735,1.57345665
22277,0.679427623,0.807343973
22278,-1.73029265,0.842361075
22279,,
22280,-1.193785,-0.459922161
22281,0.638306684,-1.23508766
22282,-0.441817962,-0.478650166
22283,1.00964972,-0.216688165
22284,0.580703904,-0.949152675
22285,0.580703904,-0.949152675
22286,-0.724590172,-0.338091903
22287,-1.04956704,-0.0611329227
22288,,
22289,0.127741882,-0.128979543
22290,-0.677344184,-2.00259425
22291,-1.13906872,-0.990938848
22292,-1.34609082,0.0334711226
22293,-1.26791545,-0.297211253
22294,-1.26791545,-0.297211253
22295,-1.86365746,1.69586103
22296,-1.17463667,0.631911356
22297,,
22298,-0.951321813,-0.536865881
22299,0.209616383,1.58506386
22300,0.682317115,0.378049596
22301,0.0159720418,0.762705275
22302,-0.0598062061,1.78128289
22303,-0.0598062061,1.78128289
22304,-0.466226379,0.994279109
22305,1.03716722,0.993160575
22306,,
22307,-0.38782559,-0.347593332
22308,3.51371284,-2.13912839
22309,1.39640595,-0.576410669
22310,-0.466999625,-0.925339027
22311,0.645673847,0.452301192
22312,0.645673847,0.452301192
22313,-1.22004464,0
22314,0.22277237,-0.429678988
22315,,
22316,-0.663215626,0.538065915
22317,-1.56260049,-0.254951074
22318,-1.52899876,-0.425283963
22319,-1.52311244,-1.43015201
22320,0.102045929,-0.235430157
22321,0.102045929,-0.235430157
22322,-1.89594556,1.0906108
22323,0.911428074,0.424232607
22324,,
22325,-0.252158866,0.599370946
22326,1.53383801,-1.49334099
22327,1.69251419,-0.482197251
22328,2.26561229,0.68758963
22329,-0.0385667049,-0.0415346769
22330,-0.0385667049,-0.0415346769
22331,-0.215634751,-1.12673307
22332,0.0996521989,0.396712262
22333,,
22334,1.17279706,-1.58574149
22335,1.29056193,0.681607184
22336,1.62247504,0.190959674
22337,0.268676673,0.607706373
22338,1.12325461,-0.237866036
22339,1.12325461,-0.237866036
22340,0.372477802,1.67772074
22341,-1.30720946,-0.290401419
22342,,
22343,0.387271199,-0.666019937
22344,1.73383489,-0.636383564
22345,1.45071101,-0.614107293
22346,0.0731531697,0.896439296
22347,0.358535071,0.890648193
22348,0.358535071,0.890648193
22349,-2.40877143,1.32382762
22350,0.433148141,-0.423890599
22351,,
22352,-0.0140440675,1.21153871
22353,0.676309684,-0.25563928
22354,-0.826471819,-0.0397691123
22355,-1.67713045,1.6912084
22356,1.55308224,1.09430768
22357,1.55308224,1.09430768
22358,-2.05930029,-1.20578472
22359,-0.395845094,-1.11681871
22360,,
22361,1.73905674,0.925035552
22362,-0.404541994,-0.431763316
22363,-0.682467501,0.101969314
22364,-0.40170158,0.423006784
22365,-0.725876646,0.187473593
22366,-0.725876646,0.187473593
22367,0.144294291,-1.06682299
22368,-0.762041333,0.606714978
22369,,
22370,-0.746964881,0.468693399
22371,-0.126867964,-1.18943383
22372,0.181422491,-0.982165404
22373,0.478571455,0.367979592
22374,0.162675361,-1.51848114
22375,0.162675361,-1.51848114
22376,-0.607928668,0.379605377
22377,-0.269182967,-0.523015707
22378,,
22379,-0.189924963,0.184589322
22380,-0.641934682,1.7593851
22381,-1.32932803,0.880815959
22382,0.368107537,0.847545928
22383,-1.4770289,0.43668847
22384,-1.4770289,0.43668847
22385,-0.600964728,0.941086247
22386,1.32042774,0.755456585
22387,,
22388,0,-1.45078649
22389,0.933929461,0.833770409
22390,2.45701767,1.59317384
22391,1.28604142,1.43023598
22392,-0.413570503,0
22393,-0.413570503,0
22394,0.873317439,1.25448988
22395,0.0407155336,0.768433174
22396,,
22397,0.552906205,-0.584372241
22398,0.156550359,0.154891848
22399,0.377238212,-0.223347073
22400,1.20627979,-0.351805206
22401,0.223113438,-0.143177634
22402,0.223113438,-0.143177634
22403,-0.24368925,0.526324881
22404,1.23779865,-0.467935402
22405,,
22406,0.503534781,-1.88641974
22407,-0.296409941,-1.0560628
22408,-0.362919464,-1.16215139
22409,-1.39676158,2.00580361
22410,0.38823441,0.954637042
22411,0.38823441,0.954637042
22412,-0.271481585,-1.16844079
22413,0.421610723,-0.69565242
22414,,
22415,-0.29422232,0.474123336
22416,0.344235897,1.87956489
22417,0.743665482,2.12811257
22418,1.15578427,-1.0446071
22419,0.863166425,0.896196547
22420,0.863166425,0.896196547
22421,-3.61673274,-0.727402107
22422,1.67367979,-1.56845819
22423,,
22424,-0.538697288,-0.3405301
22425,-0.40101598,0.700968044
22426,-1.39482049,0.435402391
22427,-0.477173367,0.690048513
22428,-0.95768133,0.371951681
22429,-0.95768133,0.371951681
22430,0.345374789,-2.05869365
22431,2.64378285,-0.686621089
22432,,
22433,0.0685806793,-2.4112629
22434,1.30869905,2.22011633
22435,0.344744146,1.8448526
22436,0.390194706,0.565930573
22437,0.919256328,-0.437323307
22438,0.919256328,-0.437323307
22439,-1.02281598,-0.284110678
22440,-1.86016044,0.0207186753
22441,,
22442,0.833295911,3.11967995
22443,-0.928126637,0.645910095
22444,-0.689500696,0.422498112
22445,-1.07045327,0.623985131
22446,-1.00177771,-1.49367408
22447,-1.00177771,-1.49367408
22448,0.675357106,0.707731557
22449,1.08783666,-0.224125595
22450,,
22451,1.19468923,2.28922823
22452,-0.379306223,0.0445979452
22453,-0.868053889,-0.301395695
22454,0.876708419,0.351247258
22455,-1.19811348,0.602378143
22456,-1.19811348,0.602378143
22457,0.83627503,-1.48234747
22458,1.34916222,0.608141092
22459,,
22460,1.64327844,0.801072464
22461,-0.692176225,-1.67029816
22462,-0.0401360696,-1.9543841
22463,0.457249283,0.145638706
22464,-1.31675929,0.169844056
22465,-1.31675929,0.169844056
22466,-0.960762095,-0.221136312
22467,0.157706955,-0.374077435
22468,,
22469,1.18927968,0.892957755
22470,-0.218641603,0.423442602
22471,-0.501252056,0.468599916
22472,-1.03569475,2.17175429
22473,-0.28422805,-2.67088944
22474,-0.28422805,-2.67088944
22475,-1.22175792,1.19212809
22476,0.470969368,-0.663751902
22477,,
22478,0.526872867,-0.0728578811
22479,-0.412703561,-1.77264461
22480,-0.0195919163,-1.65383135
22481,-0.159622589,-0.875747714
22482,-2.31557686,1.40041631
22483,-2.31557686,1.40041631
22484,0.330221422,-0.165831759
22485,0.281553322,1.03713338
22486,,
22487,-0.522514278,-0.998960373
22488,-2.89623482,-1.02409795
22489,-1.95501781,-0.020699888
22490,2.27812118,0.837996245
22491,-1.42352429,2.7776719
22492,-1.42352429,2.7776719
22493,-0.652013603,0.683482492
22494,0.834879174,0.331663875
22495,,
22496,-1.62004548,1.4191762
22497,-1.83083102,0.670337277
22498,-0.277365377,2.05651011
22499,0.467187192,-0.770290663
22500,0.217276977,1.02365471
22501,0.217276977,1.02365471
22502,-1.38523491,-0.452525118
22503,0.933710794,-0.513063567
22504,,
22505,0.797041033,0.417073571
22506,-0.816579628,-0.713998876
22507,-1.5545367,-1.50621358
22508,0.693142157,-1.63070846
22509,-0.100070902,0.762559249
22510,-0.100070902,0.762559249
22511,0.241462156,-2.31691888
22512,-0.381069834,2.16996043
22513,,
22514,0.059915446,0.852939632
22515,1.27515605,-0.470292759
22516,1.69219533,0.33445614
22517,-0.495127121,-0.397657709
22518,-0.414074131,-0.165676428
22519,-0.414074131,-0.165676428
22520,-1.15557579,-0.641485762
22521,1.47137801,0.0201008581
22522,,
22523,0.964628529,-1.14894575
22524,0.393756758,0.794764486
22525,-1.15234885,1.71058375
22526,0,-0.495036617
22527,-0.447682582,-1.15704031
22528,-0.447682582,-1.15704031
22529,2.70502104,-0.359419273
22530,-0.448420351,0.938920509
22531,,
22532,-2.27048868,-0.594938084
22533,1.05944023,2.57492076
22534,1.98733115,1.33323868
22535,1.09820939,0.795746038
22536,-0.737636326,0.703287709
22537,-0.737636326,0.703287709
22538,2.09857177,0.336990656
22539,-0.0806000066,1.04967404
22540,,
22541,0.611126964,0.0972462263
22542,1.39374686,-0.953866345
22543,1.44149065,0.854108671
22544,-0.486115951,2.61021862
22545,-0.0597346133,-0.210084061
22546,-0.0597346133,-0.210084061
22547,1.46650157,0.164224571
22548,-0.202189626,-0.495451156
22549,,
22550,-1.15541972,-0.431083312
22551,-1.07042324,0.256174419
22552,-0.864730058,0.288520839
22553,-0.214319535,0.28318489
22554,1.35852791,-0.385118941
22555,1.35852791,-0.385118941
22556,-0.481469547,-2.33747631
22557,0.535786407,0.729711795
22558,,
22559,0.734514209,-2.50883371
22560,-0.537105625,0.413552478
22561,-0.741035201,0.260361102
22562,-0.444400659,-0.0569392985
22563,0.523945364,-1.46766655
22564,0.523945364,-1.46766655
22565,0.961468143,1.23047172
22566,-0.95387565,0.504083552
22567,,
22568,0.138506524,0.418134346
22569,-0.282521288,0.155247133
22570,-0.940239921,0.794695042
22571,0.446777563,0.526150772
22572,2.15305129,0.0199562443
22573,2.15305129,0.0199562443
22574,-0.306297069,-0.684124158
22575,0.495796222,-1.56803128
22576,,
22577,1.14849123,1.11677361
22578,-0.526087852,0.988293323
22579,-0.365928941,-0.732966769
22580,-0.231630513,0.855455326
22581,-0.415903689,-2.00444425
22582,-0.415903689,-2.00444425
22583,-0.552434575,-0.265930878
22584,-0.661710283,-0.396619546
22585,,
22586,1.51691355,0.117527361
22587,-0.69559418,0.611841309
22588,-0.253494094,-0.161693231
22589,-1.44048488,1.00551584
22590,-1.94208326,0.282933319
22591,-1.94208326,0.282933319
22592,-1.24401785,-2.10180971
22593,-0.542581431,0.0199642564
22594,,
22595,-0.145105893,0.664194921
22596,-0.248004488,1.2210665
22597,-0.419110413,0.481144532
22598,0.651736616,-2.00859321
22599,-0.484800229,0.825572805
22600,-0.484800229,0.825572805
22601,0.952886824,-1.97708008
22602,-0.342883931,0.932839505
22603,,
22604,0.331907524,1.14026703
22605,-1.79385211,-0.732804278
22606,-1.68106096,-0.945521953
22607,-0.568053057,0.931714386
22608,-0.184041151,-1.85227753
22609,-0.184041151,-1.85227753
22610,-0.463610704,0.406108457
22611,-1.13105618,-1.76634994
22612,,
22613,-0.665320648,2.16846955
22614,-0.782256277,-2.59684041
22615,-0.179775309,-2.95974191
22616,1.63483189,-1.72774935
22617,0.324445851,1.24013298
22618,0.324445851,1.24013298
22619,0.301813761,0.265523509
22620,-0.190094316,-0.874218656
22621,,
22622,0.781851363,1.08160963
22623,-1.13182253,-1.85080559
22624,-0.842295217,-0.910426705
22625,-0.742528275,-0.833401723
22626,-1.72424178,0.297692022
22627,-1.72424178,0.297692022
22628,-1.29761019,-0.0623480277
22629,-1.80069103,-0.513362256
22630,,
22631,-0.400157835,-0.204296076
22632,-0.67244142,1.00683797
22633,-0.520529932,0.124242498
22634,0.806532405,-0.0972143084
22635,-0.0203741638,-1.67825315
22636,-0.0203741638,-1.67825315
22637,0.686966277,0.932584387
22638,0.105833499,-1.81921686
22639,,
22640,2.09268761,0.396958377
22641,-0.936297554,2.58768293
22642,-0.892802899,1.01413515
22643,0.694923433,0.279086946
22644,1.12747142,-0.351839913
22645,1.12747142,-0.351839913
22646,1.22647531,1.05348372
22647,1.92649928,0.211309607
22648,,
22649,1.72470956,0.807879202
22650,0.834911898,-0.682947024
22651,0.717383596,-0.0800043312
22652,-1.44399209,1.11866857
22653,0.624363565,0.992804235
22654,0.624363565,0.992804235
22655,1.58991128,-2.11273785
22656,1.95969493,-1.08094315
22657,,
22658,0.766053976,0
22659,-1.13235373,-0.7053416
22660,-0.825766039,0.0427208626
22661,0,1.47342047
22662,0.591991241,0.758060162
22663,0.591991241,0.758060162
22664,0.71800984,0.162855199
22665,0.775013238,0.196116018
22666,,
22667,-0.130917402,0.658929514
22668,0.59459741,-0.970276977
22669,0.240879396,-0.920427325
22670,-2.27519109,-0.233629756
22671,-1.27612745,0.181490892
22672,-1.27612745,0.181490892
22673,0.953962139,0.477578745
22674,-0.0796477735,1.01098854
22675,,
22676,-0.23668239,-0.757035414
22677,-0.782180234,-1.06243599
22678,-0.901045641,-0.575972002
22679,-0.175993154,-0.216952326
22680,0.6684518,-0.40821632
22681,0.6684518,-0.40821632
22682,2.73744182,-0.964464759
22683,0.394092625,-0.567527049
22684,,
22685,-0.318803986,-0.771161432
22686,0.212418273,0.116826009
22687,-0.49043087,-0.403819385
22688,0.527651204,0.321121601
22689,0.292133107,-0.366796582
22690,0.292133107,-0.366796582
22691,1.62072506,1.38267128
22692,1.2160756,0.456297174
22693,,
22694,1.20189498,1.4186358
22695,-0.027689738,0
22696,-0.369024241,-0.100876195
22697,-0.200932104,-2.45729418
22698,0.918921515,1.60825773
22699,0.918921515,1.60825773
22700,0.804893458,-1.79907199
22701,0.0412103762,1.25703084
22702,,
22703,1.29645318,0.752637856
22704,-0.454098105,-0.843725496
22705,-0.610751398,-0.599298076
22706,-0.733985564,-1.63634666
22707,1.05065932,-1.2514097
22708,1.05065932,-1.2514097
22709,0.823542782,0.653907223
22710,0.0402173375,1.70343738
22711,,
22712,1.49344958,1.56592506
22713,-0.146083193,1.66720062
22714,0.616653513,0.504990268
22715,1.94786304,-0.658406955
22716,1.74639946,-0.339810134
22717,1.74639946,-0.339810134
22718,1.52365419,-0.164200468
22719,-0.527066562,-0.548781726
22720,,
22721,-0.733424759,0.425840999
22722,-0.142921121,0.303151711
22723,-0.517556118,-0.546769562
22724,-2.3770365,0.156840449
22725,0.25627168,-0.746193108
22726,0.25627168,-0.746193108
22727,-0.625191811,-0.930629292
22728,0.450942156,0.459200834
22729,,
22730,-0.957028752,0.215136066
22731,-1.09232365,0
22732,-1.03559315,-0.345264088
22733,-1.42329744,1.14083371
22734,-0.948053291,0.0820078113
22735,-0.948053291,0.0820078113
22736,0.520735553,-1.14985013
22737,-0.204594939,-2.0705135
22738,,
22739,0.371382985,0.281571697
22740,-1.08971348,1.66113246
22741,-0.842516722,1.17767234
22742,1.2265704,-0.50022318
22743,-0.43573301,0.0625156769
22744,-0.43573301,0.0625156769
22745,1.84385264,0.464274953
22746,-0.977415478,0.910526857
22747,,
22748,1.04011801,0.856377449
22749,0.0574553013,0.46385429
22750,-0.635632525,0.773202512
22751,0.183481338,0.8821129
22752,1.48201453,-0.0198368552
22753,1.48201453,-0.0198368552
22754,-0.916337962,-0.811002086
22755,2.35694368,-0.974804485
22756,,
22757,-0.232183397,1.29854045
22758,0.427048642,-1.52499225
22759,0.927886833,-0.705475871
22760,-1.22592323,0.257696151
22761,-0.368527697,0.35796742
22762,-0.368527697,0.35796742
22763,-0.727401363,0
22764,-0.954706444,0.0398259843
22765,,
22766,0.279763552,-0.767405413
22767,-1.15076852,0.635593278
22768,-1.15490764,1.06994708
22769,-2.04417148,-0.0796560408
22770,-1.57091704,0.272589195
22771,-1.57091704,0.272589195
22772,-0.392735722,0.849101608
22773,1.10042929,0.374886984
22774,,
22775,-1.66157335,-0.117928188
22776,-0.283047659,0.753542072
22777,0.0197908072,0.419971582
22778,-1.11109021,0.415351832
22779,0.0813906672,-0.285336123
22780,0.0813906672,-0.285336123
22781,-0.500385523,-0.30908662
22782,0.988223896,-0.769842821
22783,,
22784,-0.882983467,1.48802923
22785,0.251907721,1.74086987
22786,0,1.4584214
22787,0.144226649,1.05656148
22788,0.142472776,0.679203733
22789,0.142472776,0.679203733
22790,0.165603639,0.295226495
22791,0.305509493,0.528728338
22792,,
22793,-0.882545646,1.00986803
22794,0.421860623,-2.00705987
22795,1.37447549,-1.07152576
22796,0,-0.786805413
22797,0.358611741,-0.0212056911
22798,0.358611741,-0.0212056911
22799,-0.777679142,1.42928849
22800,1.61912411,0.305082229
22801,,
22802,-0.974530543,-1.00673417
22803,-0.342185368,-1.61836048
22804,0.216539256,-0.348188124
22805,-0.542858866,0.108204446
22806,-1.12751124,-1.24037259
22807,-1.12751124,-1.24037259
22808,0.751830297,-0.227626423
22809,0.020574855,0.453329572
22810,,
22811,-1.29664106,-1.6511055
22812,2.47373591,-0.853851647
22813,1.76864841,-0.396749556
22814,1.40399501,-0.797538245
22815,0.885662683,-0.505661908
22816,0.885662683,-0.505661908
22817,0.495202216,-0.808603807
22818,-0.671618523,2.31110255
22819,,
22820,0.59617499,-1.95012328
22821,-2.11674801,-0.391517514
22822,-1.20923757,-0.179986017
22823,-1.27200664,-0.561640324
22824,-0.227461948,-1.53881688
22825,-0.227461948,-1.53881688
22826,-1.7833329,-1.06675804
22827,0,0.0796217473
22828,,
22829,-0.237387373,-0.18945832
22830,-1.15505981,1.14967734
22831,-0.301771508,1.05834121
22832,0.157675943,0.276668055
22833,-1.00060598,-0.0620183305
22834,-1.00060598,-0.0620183305
22835,-1.47852873,-0.0810450071
22836,-0.579457974,-0.50722036
22837,,
22838,0.543417831,-1.04194508
22839,0.77862993,-1.48333249
22840,0.932978989,-1.4709232
22841,-1.25536963,-1.60628439
22842,1.04159468,-0.825413458
22843,1.04159468,-0.825413458
22844,1.45065645,-0.689641487
22845,0.225549402,1.660567
22846,,
22847,-0.658232903,0.306530754
22848,-1.74655722,-1.77480071
22849,-1.56803103,-1.20447483
22850,-1.13844278,-2.62443424
22851,-1.68990588,-0.785693773
22852,-1.68990588,-0.785693773
22853,1.24791327,1.43631233
22854,-1.66095129,-0.383468831
22855,,
22856,-1.02765462,1.19184882
22857,1.42254455,-0.0873698021
22858,1.07598451,-0.533247392
22859,0.812693462,0.696744364
22860,0.402239826,0.296487478
22861,0.402239826,0.296487478
22862,-0.849349603,0
22863,-1.26534818,-0.502837252
22864,,
22865,-0.583506641,-0.816019555
22866,-0.469784296,-0.196040657
22867,0.679365318,0.060005685
22868,0.606351893,-0.982663686
22869,1.73172802,-1.04148417
22870,1.73172802,-1.04148417
22871,0.984431777,0.682236064
22872,1.07586431,0.27041962
22873,,
22874,-0.0550420227,1.54948106
22875,2.67155336,-0.0276926783
22876,1.90144641,-0.0587111702
22877,1.52273253,-0.72282913
22878,-0.185045342,-1.58108532
22879,-0.185045342,-1.58108532
22880,-0.96113626,-0.0387307799
22881,-1.26520918,0.528573333
22882,,
22883,0.130244318,-0.0292613699
22884,-0.367957215,0.189977612
22885,-0.565404611,0.225142197
22886,0.604818831,0.418368633
22887,-1.37741371,-1.80567862
22888,-1.37741371,-1.80567862
22889,0.101380292,-1.25337077
22890,-0.179884712,1.02692254
22891,,
22892,-0.210068493,0.350476468
22893,0.241347014,0.491031117
22894,-0.702995274,0.224202588
22895,0.651336981,0.42737529
22896,0.6503053,1.41831821
22897,0.6503053,1.41831821
22898,1.19717152,0.947021732
22899,0.194418312,0.802033593
22900,,
22901,-0.888988259,1.62344934
22902,-0.933113555,0.874723459
22903,-1.05625232,1.57051407
22904,0.954469337,-0.227857989
22905,-0.373867056,-0.182402225
22906,-0.373867056,-0.182402225
22907,-1.25541437,1.03838255
22908,0.969480341,-0.99947827
22909,,
22910,0.525182285,0.041820948
22911,-1.62875234,0.287049793
22912,-0.426842606,-0.666058811
22913,-0.900210729,-0.462025644
22914,0.682908987,-0.532264665
22915,0.682908987,-0.532264665
22916,1.07032682,-0.0193687854
22917,-1.22202064,-0.692926061
22918,,
22919,-2.20786873,0.548329604
22920,0.362003784,0.82144035
22921,0.703059957,0.182727187
22922,0.903571954,1.12728308
22923,0.138899911,-0.217137311
22924,0.138899911,-0.217137311
22925,1.41999045,-0.759877791
22926,1.55311924,-0.832111357
22927,,
22928,0.068997054,-1.33076529
22929,-0.584214046,-0.491258182
22930,-1.50664569,-1.07174048
22931,-0.907108759,-2.12512927
22932,1.02628289,1.80160012
22933,1.02628289,1.80160012
22934,0.0614231865,0.742444369
22935,0.72536463,-0.0795639323
22936,,
22937,0.468798155,-1.68070619
22938,-1.72928905,1.46118119
22939,-1.31506619,2.53302005
22940,0.618310489,3.007922
22941,0.650658291,0.392244525
22942,0.650658291,0.392244525
22943,-0.687819182,-0.0403724566
22944,-0.0992038455,-0.347939726
22945,,
22946,1.4339704,0.921412428
22947,1.04890182,-0.968556595
22948,1.95667877,-0.990257294
22949,-0.529496472,-0.822847558
22950,0.12151114,-1.0028381
22951,0.12151114,-1.0028381
22952,-0.14365683,1.11890898
22953,-1.26125015,0.385811606
22954,,
22955,-0.684932442,-0.0440799737
22956,-0.16539248,-1.52181416
22957,-0.685334392,-1.31145571
22958,1.11878858,-0.343984128
22959,-1.75280588,-2.1958375
22960,-1.75280588,-2.1958375
22961,0.581800682,-0.264107401
22962,1.0494374,2.36276318
22963,,
22964,-1.33577606,0.753997449
22965,0.592452643,-0.865324754
22966,-0.039942061,-0.696114349
22967,0.212514682,2.07091037
22968,-0.0405997714,-1.42548388
22969,-0.0405997714,-1.42548388
22970,-0.618439999,0.590778228
22971,-0.0819521453,-0.411258714
22972,,
22973,-1.34726027,1.20153663
22974,0.460158324,-0.588713166
22975,-1.36112667,0.0413853565
22976,-0.804403791,0.363136728
22977,0.14100647,0.308862789
22978,0.14100647,0.308862789
22979,-0.568141151,-0.0815581524
22980,-0.418269937,0.265779287
22981,,
22982,-0.981635319,-0.596817582
22983,0.583530765,0.276126795
22984,1.41823032,0
22985,0.0916252089,0.285544638
22986,-0.181665387,0.180566847
22987,-0.181665387,0.180566847
22988,0.140432664,-0.663467954
22989,-0.624105856,-1.50639937
22990,,
22991,0.728080136,-0.142668924
22992,1.31323493,0.115458721
22993,1.85403347,0.706981871
22994,0.626737235,0.996099522
22995,-0.686211711,0.585197757
22996,-0.686211711,0.585197757
22997,-0.917852038,0.909767724
22998,-0.325278256,1.37699463
22999,,
23000,0.91208035,0.246464274
23001,1.1269934,1.05113749
23002,0.74710755,-0.285818279
23003,0.819302616,1.33172043
23004,-0.283088681,-1.63850379
23005,-0.283088681,-1.63850379
23006,-0.0203600192,0.899292685
23007,0.506132302,-1.11649212
23008,,
23009,-0.199842955,1.94930299
23010,0.132599002,0.246084478
23011,-1.87931145,-1.27743491
23012,-0.225193763,0.821344665
23013,-0.182987122,-0.239421527
23014,-0.182987122,-0.239421527
23015,-0.254574448,0.623409483
23016,1.89085254,-1.54957166
23017,,
23018,0,-0.0449866878
23019,1.29350725,-0.952786725
23020,0.667238414,-0.340955331
23021,0.361014164,0.790716832
23022,1.07415782,-1.27497675
23023,1.07415782,-1.27497675
23024,-0.627865237,-1.47855957
23025,0.0795321562,-0.0804825671
23026,,
23027,-1.50323845,0.757480358
23028,-0.101625649,-0.267469497
23029,1.06223565,-0.06091523
23030,0.109576765,-1.12493223
23031,-0.799306367,-0.73019508
23032,-0.799306367,-0.73019508
23033,0.177050218,-0.44524026
23034,-0.330133394,0.398752725
23035,,
23036,-0.690210658,-0.323096295
23037,0.207994379,0.435054798
23038,0.673548624,-0.644889964
23039,0.684134767,-0.684699805
23040,0.293476919,-1.39660576
23041,0.293476919,-1.39660576
23042,0,0.413875762
23043,-0.166548586,-0.0843349198
23044,,
23045,-0.924885068,1.19931474
23046,0.359718698,1.2477362
23047,0.722299086,1.47958325
23048,-0.783963881,0.255071233
23049,-0.468998227,0.297100771
23050,-0.468998227,0.297100771
23051,-1.31490579,-0.807149581
23052,0.835846968,0.85544334
23053,,
23054,-0.127264964,-0.824644382
23055,-1.07794232,0.330858735
23056,-0.461895222,-0.814457885
23057,-0.856174335,-0.65826906
23058,-0.0619602222,0.696155761
23059,-0.0619602222,0.696155761
23060,1.09150064,0.963532698
23061,-1.67385624,-0.392657937
23062,,
23063,-1.65297154,0.39905121
23064,-0.755321364,0.105303352
23065,-1.49734579,-0.566936612
23066,-1.02415037,0.792035933
23067,0.0779838619,0.781909083
23068,0.0779838619,0.781909083
23069,1.17914422,-0.428594693
23070,-0.474604381,-0.61878935
23071,,
23072,-0.751694824,-0.523023598
23073,-0.893023219,0.154920489
23074,-0.567654661,-0.180944373
23075,-1.58879703,0.785810333
23076,1.24898304,-2.11958144
23077,1.24898304,-2.11958144
23078,-0.595259192,-0.962057022
23079,0.386985129,-0.203326081
23080,,
23081,0.273730254,1.34160742
23082,0.401942762,0.0139101866
23083,0.0209223859,-0.513846097
23084,0.373757401,0.908018978
23085,-0.800893005,-0.101101495
23086,-0.800893005,-0.101101495
23087,0.409017845,-0.079113037
23088,0.980941073,-1.96171082
23089,,
23090,1.33749642,-1.56589224
23091,-1.42613775,-0.695460546
23092,-1.68314082,-0.735316583
23093,-0.284499438,-1.87382265
23094,-0.406892541,-3.55455101
23095,-0.406892541,-3.55455101
23096,1.40608356,-0.934814837
23097,0.702893989,-0.0810130063
23098,,
23099,0.592135747,1.19624452
23100,-0.741716608,0.714907169
23101,-0.232127157,0.804261152
23102,0.573550947,0.665869526
23103,1.32697994,0.376708596
23104,1.32697994,0.376708596
23105,1.21411193,0.160347919
23106,0.748033443,0.905061172
23107,,
23108,-1.82581399,-1.40326176
23109,-1.25292856,2.17322934
23110,-0.511727379,1.89579312
23111,1.8755831,-0.0898753927
23112,0.384318813,-1.50055551
23113,0.384318813,-1.50055551
23114,-1.07220365,1.47421456
23115,-0.7493533,-1.29863202
23116,,
23117,0.920868973,0.427980725
23118,1.57156227,0.2804526
23119,0.250351006,0.999592329
23120,1.52603688,0.592526391
23121,-0.0609472313,0.923009899
23122,-0.0609472313,0.923009899
23123,0.349695373,-0.0398609788
23124,1.39773044,-0.834249491
23125,,
23126,0.487830789,1.1757812
23127,-0.79325863,-1.96726144
23128,-0.900243529,-2.57861513
23129,-0.687412216,-1.80176653
23130,-1.13413282,0.0388146325
23131,-1.13413282,0.0388146325
23132,0.944069135,1.79787615
23133,-0.673453922,1.04028684
23134,,
23135,-1.21523576,-1.7907974
23136,-1.48857385,0.55826914
23137,-0.728348296,0.0978942455
23138,0.483651235,0.198233642
23139,0.0406392442,-0.479825758
23140,0.0406392442,-0.479825758
23141,0.0601064178,-0.164401771
23142,1.84809811,0.587959651
23143,,
23144,-0.458574277,-0.256913785
23145,-0.101494272,0.172612338
23146,-0.0207793921,0.372817108
23147,0.0299803389,0.262665138
23148,0.195617075,-0.459591272
23149,0.195617075,-0.459591272
23150,-1.2776866,-0.556998343
23151,0.817450571,0.35298848
23152,,
23153,-1.26513634,0.543980807
23154,-0.638431901,0.89567217
23155,-1.23999412,-0.46062893
23156,-1.74818026,-0.303703092
23157,-1.4266265,-0.632565155
23158,-1.4266265,-0.632565155
23159,2.47992524,1.1916316
23160,-0.285861283,0.562665587
23161,,
23162,-0.453042104,0.0270256417
23163,-0.844728541,-0.82244532
23164,-0.963046987,-0.236312907
23165,1.47553771,-0.170337948
23166,1.2913366,0.260309293
23167,1.2913366,0.260309293
23168,-0.400386399,0.683880331
23169,0.0983513118,-0.885926466
23170,,
23171,0.993489065,-1.3605469
23172,-0.38296908,0.226389153
23173,0.816151873,-0.422128279
23174,0.234683455,0.854225367
23175,-0.219190763,-0.419542013
23176,-0.219190763,-0.419542013
23177,1.45401208,0.972576109
23178,0.199907032,1.24848137
23179,,
23180,-0.601854814,0.487403469
23181,0.0564541372,-1.04798472
23182,0.320914664,-1.25376967
23183,-1.75981312,-1.64403923
23184,0.28169956,1.26696987
23185,0.28169956,1.26696987
23186,0.696624016,-0.731363371
23187,0,-1.71687643
23188,,
23189,-0.0741121756,-0.0414240597
23190,-0.129920805,0.146114846
23191,0.889469419,0.0624709559
23192,0.0438229304,-0.200065809
23193,-0.988223896,0.459879456
23194,-0.988223896,0.459879456
23195,-1.23333065,-0.186100045
23196,1.06032373,-0.599161879
23197,,
23198,0.476593884,1.34055882
23199,-0.376121123,0.79353356
23200,-0.290086266,-0.0403472058
23201,0.140353318,1.33535251
23202,0.245463459,-0.784093518
23203,0.245463459,-0.784093518
23204,1.90203765,-2.006511
23205,-1.69200995,-0.396260516
23206,,
23207,-0.551742461,-0.0293248714
23208,0.307483731,0.740949806
23209,0.857140955,0.0431646194
23210,-0.450185147,-1.30528993
23211,0.701039798,-0.70289366
23212,0.701039798,-0.70289366
23213,-1.27995796,0.234198846
23214,-0.180257967,-1.55316399
23215,,
23216,2.00726765,-0.100978027
23217,0.847065432,-0.0144857094
23218,-0.348233061,0.996872765
23219,-0.692372305,0.120324204
23220,1.95380771,-0.403875556
23221,1.95380771,-0.403875556
23222,-1.56245472,-1.23701739
23223,-1.63770308,-0.245818165
23224,,
23225,0.166867262,0.322419293
23226,0.419954404,-0.556039118
23227,0.792001114,-0.605808999
23228,-0.767486741,0.0290658784
23229,-0.653924936,0.93418772
23230,-0.653924936,0.93418772
23231,1.30867179,-0.929819856
23232,-1.58560653,-0.352328181
23233,,
23234,-0.469912592,0.138403485
23235,0.0443653084,0.143413952
23236,0.248813295,0.431665681
23237,-1.54514995,0.530352696
23238,-0.514498031,-1.24621219
23239,-0.514498031,-1.24621219
23240,0.858303853,-1.4181521
23241,0.873902721,-1.16313662
23242,,
23243,0.660847032,0.364895026
23244,-0.412046203,-1.8566058
23245,-0.082879115,-0.236736658
23246,0.0707528409,-1.41755516
23247,1.02301763,-0.367732724
23248,1.02301763,-0.367732724
23249,-0.753758915,0.862402077
23250,0.25561964,1.95164543
23251,,
23252,-0.83809532,-0.867026981
23253,-0.261833735,-0.98854808
23254,-1.02589683,-1.369214
23255,-0.631009028,-0.894107769
23256,0.662852499,-0.770578973
23257,0.662852499,-0.770578973
23258,-0.423263112,-1.35233845
23259,0.914731381,0.251900812
23260,,
23261,-0.406751902,-0.215003093
23262,0.157972633,0.0997646562
23263,-0.361031909,-0.22147531
23264,-0.366864906,0.187830031
23265,1.12236482,-0.461260652
23266,1.12236482,-0.461260652
23267,1.21139175,0.615341957
23268,0.456901515,0.389814486
23269,,
23270,-0.22539247,0.130170958
23271,-1.70392339,1.10552196
23272,-2.13887981,0.817949955
23273,-0.909257201,0.688995461
23274,0.986822519,-1.00276936
23275,0.986822519,-1.00276936
23276,-0.840091245,-0.689760273
23277,-0.283581967,-0.640132211
23278,,
23279,0.672901478,-0.0275274524
23280,-0.374566226,0.128945432
23281,-0.521028071,0.387033419
23282,-0.51908438,1.79549421
23283,-2.55986617,-0.794939815
23284,-2.55986617,-0.794939815
23285,0.434293944,-0.775591581
23286,-0.0411026181,-1.08764839
23287,,
23288,0.185441744,0.17124386
23289,0.109899625,0.159033315
23290,1.2348252,-0.101648771
23291,0.77856558,-0.978581967
23292,0.91196395,-0.020666624
23293,0.91196395,-0.020666624
23294,-0.0812895088,-0.181923791
23295,0.929157878,-0.548964333
23296,,
23297,1.11163033,-0.24974517
23298,1.4080107,0.687646217
23299,1.35551321,1.64588455
23300,0.261706233,1.04766679
23301,0.737985342,0.163336334
23302,0.737985342,0.163336334
23303,0.796567194,-0.470151021
23304,0.22704771,1.44910834
23305,,
23306,-0.92221363,1.16176405
23307,1.72081514,1.02598581
23308,0.69749318,0.851967982
23309,-1.03072522,-0.0143796682
23310,0.875489644,0.852067355
23311,0.875489644,0.852067355
23312,-1.43812892,0.812420944
23313,-0.347649072,0.791247612
23314,,
23315,-0.275046282,1.1696877
23316,0.300296665,0.502723358
23317,1.03006328,-0.144355489
23318,0.18849691,-1.82430182
23319,0.0394175642,0.429001542
23320,0.0394175642,0.429001542
23321,0.119627367,0.788736109
23322,-0.442086162,-1.3524707
23323,,
23324,-0.0857302046,0.349845288
23325,-0.362201688,1.42223203
23326,0.510142802,1.67729846
23327,-0.0863817265,-0.546160046
23328,-1.01264495,1.0213386
23329,-1.01264495,1.0213386
23330,1.24049882,-0.102961484
23331,0.953615766,0.988244664
23332,,
23333,-0.493104374,-0.416016385
23334,0.0269499725,0.169884548
23335,-0.523371708,-0.0598688523
23336,0.0847183055,-0.969967294
23337,-0.366978039,0.849815657
23338,-0.366978039,0.849815657
23339,-0.0402768121,-0.889058597
23340,0.530774328,0.233420497
23341,,
23342,-1.25552709,-1.3365553
23343,-1.00531599,-0.0139270409
23344,-0.846273373,-1.67380133
23345,-0.261362365,-1.9939273
23346,-1.74870577,0.571701912
23347,-1.74870577,0.571701912
23348,0.0815690318,0.353283631
23349,-0.779833664,-0.529533217
23350,,
23351,-0.392207774,-1.23086317
23352,1.99165803,-0.496542388
23353,2.21717095,0.041177658
23354,1.69388397,0.159174132
23355,-0.0195319555,0.370262012
23356,-0.0195319555,0.370262012
23357,-0.0401279699,0.637285419
23358,0.355066388,0.0201604364
23359,,
23360,-1.85808411,-1.25129054
23361,-0.490758438,0.942979606
23362,-0.191593894,1.21928849
23363,1.27973955,0.735170203
23364,-1.35160276,1.31744082
23365,-1.35160276,1.31744082
23366,0.293403576,0.195192781
23367,0.1818549,0.699188719
23368,,
23369,0.874637576,0.873096979
23370,-0.750677651,0.0894750167
23371,-0.848676892,-0.103846402
23372,-2.38967509,0.114612472
23373,0.43985539,-0.95756908
23374,0.43985539,-0.95756908
23375,-0.199618338,1.63789792
23376,-1.27467645,-0.96934732
23377,,
23378,-0.54292239,0.282609921
23379,-0.337281002,0.138930337
23380,-1.87879334,-1.26382483
23381,-0.271109338,-0.729363463
23382,-0.788533483,0.139798681
23383,-0.788533483,0.139798681
23384,0.0810870656,-1.41987261
23385,-1.29664515,-1.37611459
23386,,
23387,2.30247239,0.958637299
23388,-0.84722018,1.95025264
23389,-2.47028727,1.64633575
23390,0.399396998,-1.29465605
23391,1.74904083,-0.959386573
23392,1.74904083,-0.959386573
23393,-0.545348783,-1.73406238
23394,0.818778285,-1.47238144
23395,,
23396,-1.046378,2.55656388
23397,-1.12108941,-1.2715824
23398,0.610570038,-0.702489651
23399,-0.338335717,0.0306509931
23400,-0.616644992,1.6276081
23401,-0.616644992,1.6276081
23402,-0.575039309,-1.54625112
23403,-0.974788189,0.879899432
23404,,
23405,0.597609647,-2.01748769
23406,0.178592762,-2.29417985
23407,0.894819659,-1.54499706
23408,0.890706565,-0.341222782
23409,0.0399749609,1.07119511
23410,0.0399749609,1.07119511
23411,2.83274561,1.4056283
23412,0.479003344,0.202032369
23413,,
23414,-0.0146698953,-1.08255352
23415,0.563383398,-0.909020349
23416,0.803345988,-0.0199972036
23417,1.18614801,-0.334831729
23418,0.578609816,1.22457961
23419,0.578609816,1.22457961
23420,1.48833871,0.568246577
23421,-0.565765373,0.84330786
23422,,
23423,-0.205460514,0.51525481
23424,2.47246061,0.228144153
23425,0.855409401,0.180635014
23426,-0.337779821,-0.394704755
23427,-0.0204778812,0.333455596
23428,-0.0204778812,0.333455596
23429,0.539181462,0.0209064281
23430,0.547820596,1.8280862
23431,,
23432,1.34911174,-1.35344377
23433,-1.86190412,2.61361963
23434,-1.87060975,2.52485355
23435,-1.95955851,-1.68741139
23436,-1.54787695,-0.919380836
23437,-1.54787695,-0.919380836
23438,0.538255855,-0.814982974
23439,-0.381133624,0.824018368
23440,,
23441,-0.125943073,0.215157586
23442,-0.817389986,1.17806607
23443,-0.349547127,0.732540729
23444,-2.36719867,0.493782815
23445,0.415297393,0.46757637
23446,0.415297393,0.46757637
23447,-0.257825727,-0.748260982
23448,-0.409404615,1.1533151
23449,,
23450,-0.759375959,2.07022867
23451,-0.420396482,-0.978425326
23452,-0.330668285,0.313791726
23453,-0.48543231,0.586048279
23454,-0.196880737,0.223767338
23455,-0.196880737,0.223767338
23456,0.0190109784,-0.654545219
23457,0.538645504,-1.13166837
23458,,
23459,1.1898455,-0.615281778
23460,-0.279409417,-0.954456179
23461,-0.875508902,-2.12174037
23462,-0.746938491,-1.50182313
23463,-1.37170041,-1.54417284
23464,-1.37170041,-1.54417284
23465,1.59268338,-0.726253029
23466,0.834618064,-1.01173626
23467,,
23468,0.655488655,-0.526417943
23469,-0.481711844,0.411034617
23470,-0.167387994,-0.758573453
23471,0.617898499,0.423628004
23472,-0.550154146,1.06134803
23473,-0.550154146,1.06134803
23474,0.287611181,-0.585240762
23475,-0.532340155,-1.92160936
23476,,
23477,-0.0967892474,-0.974821452
23478,1.11816652,-0.777765816
23479,0.824829167,-0.101132589
23480,0.851285227,0.859557589
23481,-1.88575144,-0.884846566
23482,-1.88575144,-0.884846566
23483,0.183124156,-0.161755347
23484,-0.90769426,0.420764293
23485,,
23486,0.736091807,-0.457180741
23487,-1.68295767,-0.791724692
23488,-0.520565493,-0.491824646
23489,0.242151262,-1.98490293
23490,0,0.318729214
23491,0,0.318729214
23492,-0.324330559,-2.08236633
23493,-0.416880763,-1.40196308
23494,,
23495,0.551871762,1.0921659
23496,-1.60839458,0.014081287
23497,-0.84406601,0.40847566
23498,-0.701443974,-0.863658809
23499,0.427284376,-0.2114543
23500,0.427284376,-0.2114543
23501,-0.0429218345,-0.963448685
23502,0.396580568,1.19916693
23503,,
23504,1.31847523,1.34000894
23505,-0.0993233088,-0.60080413
23506,-0.102001003,0.357452039
23507,1.02416038,1.82227843
23508,-1.09510193,1.85668424
23509,-1.09510193,1.85668424
23510,0.932790083,0.849732899
23511,-0.614460762,0.121168735
23512,,
23513,-0.178318462,0.346106692
23514,0.961162084,-0.042881814
23515,0.436586738,0.300486142
23516,0.796952695,0.0282969971
23517,1.54312925,0.586839407
23518,1.54312925,0.586839407
23519,-0.4369369,-1.01553143
23520,0.957501489,-0.207972132
23521,,
23522,0.588891292,-2.01117325
23523,-1.92807148,-1.46887197
23524,-2.30555355,-0.760483572
23525,-0.11819207,0.451024312
23526,-1.12430677,-1.05939824
23527,-1.12430677,-1.05939824
23528,-1.7063178,0.805587966
23529,-1.11925931,1.90215668
23530,,
23531,-1.10401003,0.714426048
23532,-0.404186555,1.23451785
23533,0.203266066,1.5825555
23534,-0.132547814,0.799179253
23535,-0.851487858,-0.900041417
23536,-0.851487858,-0.900041417
23537,-0.105166286,0.295042409
23538,-2.32043154,-1.12649537
23539,,
23540,0.535930237,0
23541,-0.341335169,-0.290937639
23542,-0.381309789,0.224153583
23543,1.27768238,1.32374459
23544,1.05694305,-0.652547773
23545,1.05694305,-0.652547773
23546,-0.778900272,-0.246462093
23547,0.777970224,-2.49043484
23548,,
23549,1.02347397,-0.362979809
23550,-0.655711653,1.58421658
23551,-1.13516163,0.0588708585
23552,-0.324277264,-0.492537313
23553,-0.647448753,0.446906377
23554,-0.647448753,0.446906377
23555,-0.801543503,-1.33416754
23556,1.50551646,1.10124343
23557,,
23558,-1.35043087,-0.392341283
23559,-0.0580940677,0.308456688
23560,-0.163335481,-0.447780937
23561,1.21512139,0.668647795
23562,0.912802819,1.02829609
23563,0.912802819,1.02829609
23564,-0.488002315,-0.392988225
23565,0.717343378,1.87206914
23566,,
23567,1.28896786,0.793001716
23568,0.17087761,-1.1821885
23569,0.549515031,0.234814818
23570,-0.250104742,0.100231918
23571,0.195832051,-1.4237119
23572,0.195832051,-1.4237119
23573,0.629183073,0.337163367
23574,1.68709699,0.389854907
23575,,
23576,-1.81850731,-0.0966699984
23577,-0.0436523776,-0.720697033
23578,-1.03045627,-2.35125283
23579,0.479014605,-0.102875429
23580,0.929059067,0.604218264
23581,0.929059067,0.604218264
23582,-0.106049493,-0.457524597
23583,-0.626825413,-0.301247768
23584,,
23585,0.484299446,-0.321213502
23586,0.944160621,1.31581888
23587,-0.536968428,1.44643521
23588,-0.215541377,-1.3116914
23589,-0.118301419,-0.30267058
23590,-0.118301419,-0.30267058
23591,1.15271533,1.92211115
23592,0.978395179,0.0203741638
23593,,
23594,-0.423927382,-0.428708767
23595,-0.86223408,-0.701454755
23596,-1.36616395,-2.08745069
23597,-0.78979433,0.895471476
23598,0.253606204,-1.61494766
23599,0.253606204,-1.61494766
23600,-0.347321112,-0.234108641
23601,0.641991816,0.298465538
23602,,
23603,0.102850378,-0.329027738
23604,0.54591909,0.0566317385
23605,0.594445247,-0.54518102
23606,-0.492084621,-0.340623092
23607,-0.228641118,0.332380542
23608,-0.228641118,0.332380542
23609,-0.132273891,-1.49477043
23610,0.0426070044,-0.471346643
23611,,
23612,-0.649223017,-0.522001493
23613,0.328317243,0.372980881
23614,-0.754278753,0.829801291
23615,-0.409578325,0.271755483
23616,-0.802740028,0.540603265
23617,-0.802740028,0.540603265
23618,0.382361838,-0.829983654
23619,-0.716967008,0.458689228
23620,,
23621,0.90611446,-2.81859544
23622,0.421006756,0.563181963
23623,1.03720161,0.199691143
23624,-0.144414953,0
23625,0.125770282,0.166899214
23626,0.125770282,0.166899214
23627,-0.885231895,-0.269875799
23628,-0.0396224949,0.68491252
23629,,
23630,-1.46813522,1.3231354
23631,0.914714918,0.59700493
23632,1.19971898,-1.02372244
23633,1.80712565,0.188142729
23634,0.255052904,-1.79536218
23635,0.255052904,-1.79536218
23636,0.0410624316,-0.505250262
23637,1.90134015,-1.3966124
23638,,
23639,-1.1367941,1.96734336
23640,-1.60247279,0.608535982
23641,-1.19948283,0.751840767
23642,-0.542177156,0.15042436
23643,1.04151235,0.393376455
23644,1.04151235,0.393376455
23645,-0.140751909,-0.408093197
23646,-2.05186415,0.0629204543
23647,,
23648,-0.73564411,-0.257231682
23649,2.67427595,-0.0288894997
23650,2.27099488,0.474614511
23651,2.04583684,1.03626089
23652,1.43293907,-0.320622564
23653,1.43293907,-0.320622564
23654,-2.55864088,-0.774122792
23655,-2.26787848,-0.0388217792
23656,,
23657,0.184628883,1.09657976
23658,-0.0138382725,-0.0439121664
23659,1.07397398,1.64585831
23660,-0.740291095,3.02634004
23661,0.163235405,0.160445523
23662,0.163235405,0.160445523
23663,0.968286726,0.222823683
23664,2.00879841,-1.53478138
23665,,
23666,0.660083571,-0.0914466568
23667,1.11335844,0.269585097
23668,0.457562499,-0.121501149
23669,1.62149413,-0.201824996
23670,-1.29486164,-0.380735838
23671,-1.29486164,-0.380735838
23672,-1.91856527,0.531728589
23673,-0.362789585,-1.85646473
23674,,
23675,-1.41955994,-1.60869769
23676,-0.0426063637,-0.575993579
23677,-0.174386963,0.298600086
23678,-2.11792024,1.62038616
23679,-0.754746036,-1.59977938
23680,-0.754746036,-1.59977938
23681,-0.625213038,-1.22348407
23682,-0.669016182,0.651203374
23683,,
23684,-0.82093135,0.5830624
23685,0.28352321,-1.26482006
23686,-0.911943533,-0.863011302
23687,-1.11949419,-0.126371123
23688,-1.0102509,-0.161540977
23689,-1.0102509,-0.161540977
23690,0.0595971465,0.0203553672
23691,-1.1732037,0.356760909
23692,,
23693,0.76947695,0.575340476
23694,0.781937786,-0.658900382
23695,1.32183677,0.488821033
23696,1.52784991,-1.27324455
23697,0.521245425,0.950621062
23698,0.521245425,0.950621062
23699,0.313818488,0.497793391
23700,0.019774547,-0.664733969
23701,,
23702,1.13083125,-0.630833462
23703,-1.19325497,1.39788522
23704,-0.773821014,0.100275672
23705,-1.7838485,0.391001349
23706,-1.27258328,-1.51029082
23707,-1.27258328,-1.51029082
23708,0.454498154,0.324728084
23709,0.588704893,-0.792481254
23710,,
23711,0.0141928975,0.0870532459
23712,-0.328691572,-0.26415728
23713,-0.944615985,0.341590774
23714,0.409836585,-1.1028432
23715,-0.382675526,-0.798147293
23716,-0.382675526,-0.798147293
23717,-0.258101176,-0.581088339
23718,-0.019632565,-0.061227302
23719,,
23720,1.93551146,-0.655194851
23721,-0.28409774,-0.456310629
23722,1.42197513,0.711648888
23723,-0.0564077199,0.791597524
23724,0.438449424,0.0199652138
23725,0.438449424,0.0199652138
23726,0.100893694,1.75598102
23727,1.08821748,1.43219055
23728,,
23729,-1.23353082,-1.59621762
23730,0.408200929,-0.0281536981
23731,1.36672538,0.577511496
23732,0.193582808,-0.226100157
23733,-0.115912361,1.35879948
23734,-0.115912361,1.35879948
23735,-0.943957363,-0.141933286
23736,0.203245231,-0.541742078
23737,,
23738,-1.37817823,1.49626839
23739,0.0878767975,-0.592871746
23740,0.0394178712,-0.201520729
23741,-1.03141281,0.283886402
23742,-0.382001416,0.85127129
23743,-0.382001416,0.85127129
23744,0.440572786,0.150859263
23745,0.442756109,-0.301456097
23746,,
23747,-0.822152749,-0.867263957
23748,-1.5825418,1.0162734
23749,-0.504344959,1.002641
23750,-0.160087943,0.967953467
23751,-1.76090995,0
23752,-1.76090995,0
23753,0.425907828,-0.772047651
23754,1.16897848,-0.619292951
23755,,
23756,0.0985480507,0.283749749
23757,1.06788744,-0.142016366
23758,0.748431808,-1.62447244
23759,0.178112074,-2.32273927
23760,1.24308526,-1.00578391
23761,1.24308526,-1.00578391
23762,-0.639546314,0.0600374787
23763,-0.206092237,-2.15523965
23764,,
23765,-0.834779045,-0.684608575
23766,-0.549988931,0.665580282
23767,0.603950234,1.24375858
23768,-2.51691158,-1.04885772
23769,1.22442656,-0.474255292
23770,1.22442656,-0.474255292
23771,-1.34963509,0.89629491
23772,-1.20465461,-0.673653648
23773,,
23774,-1.83786305,-0.439429113
23775,-0.753346388,0
23776,-0.270208134,0.0392208453
23777,-2.61511224,1.52796151
23778,-0.635590063,-0.271389645
23779,-0.635590063,-0.271389645
23780,-0.581827484,-0.457622638
23781,-2.04783822,1.54220369
23782,,
23783,-0.435834288,1.651817
23784,-0.205045763,-1.2146724
23785,0,0.0202596572
23786,-1.32199385,0.150357609
23787,-1.0056976,-0.337396282
23788,-1.0056976,-0.337396282
23789,0.19144266,-0.563564984
23790,-0.815906201,-0.315565343
23791,,
23792,0.189882306,2.24862815
23793,-0.575879972,1.30043583
23794,-0.280009825,1.65314147
23795,-0.560743292,-0.684308456
23796,-0.661724152,-0.518540692
23797,-0.661724152,-0.518540692
23798,-0.219635345,-0.722247351
23799,0.266601087,-0.763846233
23800,,
23801,-0.48678309,-1.03136008
23802,0.342292985,1.93735947
23803,0,0.998188648
23804,-0.604364466,0.160156563
23805,0.854149736,-0.716257237
23806,0.854149736,-0.716257237
23807,-0.754137549,0.739914331
23808,-1.3600989,0.798746504
23809,,
23810,-0.837008001,-0.975984918
23811,-1.6679913,-1.86667062
23812,-2.52245644,-0.793984525
23813,-1.06416964,0.515852441
23814,-0.528485752,1.19267806
23815,-0.528485752,1.19267806
23816,1.51846936,1.84917138
23817,0.457031649,1.79620839
23818,,
23819,0.750082389,-0.907477073
23820,-0.369803344,0.88730553
23821,0.0413881548,-0.73022821
23822,-1.29290938,-1.59290855
23823,-0.537885521,0.388632341
23824,-0.537885521,0.388632341
23825,1.15621396,0.46898922
23826,2.19069127,0.226991487
23827,,
23828,0.458254037,-1.06665807
23829,-0.575851175,-1.97151035
23830,0.124106402,-1.23402511
23831,0.87519596,0.189031711
23832,0.555781778,-0.474224973
23833,0.555781778,-0.474224973
23834,0.48364532,0.589735039
23835,0.525307492,0.950338468
23836,,
23837,1.89125214,-0.222535615
23838,0.101019657,-0.532279099
23839,0.674506589,0.250612767
23840,0.0150885204,0.0928303997
23841,0.265140669,-0.96271293
23842,0.265140669,-0.96271293
23843,-0.771683724,-0.098058871
23844,0.510637871,-0.268955899
23845,,
23846,-0.14559158,0.346631945
23847,-0.409684455,0.297824493
23848,-0.542547386,-0.0790374445
23849,-1.137084,1.83017604
23850,0.817074825,0
23851,0.817074825,0
23852,-2.68500008,-0.290853423
23853,-0.249437613,1.63286536
23854,,
23855,0,-0.772253761
23856,-1.41260568,-1.07301436
23857,-0.849182757,0.354777917
23858,-0.372200795,0.120895281
23859,-0.379077844,-0.245389359
23860,-0.379077844,-0.245389359
23861,0.229170669,1.23206295
23862,-0.143051694,-0.264712153
23863,,
23864,0.044146861,2.48259579
23865,-0.511751072,0.371569807
23866,0.792796347,1.24234367
23867,0.231682769,0.662057884
23868,0.263185012,-0.751228843
23869,0.263185012,-0.751228843
23870,0.812582262,-0.293753299
23871,-0.0593866477,-0.976349024
23872,,
23873,1.67863717,1.74448947
23874,-0.16096219,-0.941470351
23875,0.458571802,-0.809585425
23876,-2.84970169,-0.0479325546
23877,0.406347032,0.154667333
23878,0.406347032,0.154667333
23879,1.09744297,0.164203242
23880,0.793595651,0.123251506
23881,,
23882,0.431474066,-0.417438931
23883,-0.507691057,-0.265211373
23884,-0.37032637,-0.663270645
23885,-0.425533517,-0.380053556
23886,1.10409128,-0.384858272
23887,1.10409128,-0.384858272
23888,-0.298708686,-0.522694035
23889,1.52367434,0.386514436
23890,,
23891,-1.33724207,0.572396064
23892,-0.505166954,-1.06373073
23893,-0.343243886,-0.145983078
23894,0.792611527,-0.155677326
23895,0.677872204,-0.278299699
23896,0.677872204,-0.278299699
23897,-0.947617849,-2.2681775
23898,-0.95329744,0.608012736
23899,,
23900,0.223274028,0.817816565
23901,1.70960496,0.609170633
23902,0.67765721,0.570053539
23903,2.31731077,0.433980487
23904,0.934891265,-0.289687237
23905,0.934891265,-0.289687237
23906,-0.22338493,0.0415142198
23907,0.384417373,-1.21110971
23908,,
23909,-0.348983806,-0.841386875
23910,-1.9307947,0.398836866
23911,-1.29041305,0.740350776
23912,-0.689774304,0.879862296
23913,0.342583671,-0.101745777
23914,0.342583671,-0.101745777
23915,0.0838504559,-0.945888482
23916,-1.06486034,-0.847723819
23917,,
23918,-1.04621134,0.739339177
23919,-0.0427528426,-0.0592389252
23920,0.0815224,0.313850251
23921,-0.364858071,-0.865513819
23922,1.36862207,-0.04083515
23923,1.36862207,-0.04083515
23924,0.339219,-0.418272818
23925,0.429247084,0.594586385
23926,,
23927,-0.0428034178,0.964027396
23928,0.613011113,-1.13671135
23929,-0.75553435,-1.92064923
23930,0.427243441,-0.913136377
23931,0.478726529,1.70025787
23932,0.478726529,1.70025787
23933,0.239119932,-0.540483865
23934,0.811128003,-1.54103985
23935,,
23936,-0.216794799,0.980296413
23937,1.73207921,-0.142269226
23938,0.52090316,-0.302628584
23939,0.269536781,-0.288854518
23940,-0.826911948,-0.299032818
23941,-0.826911948,-0.299032818
23942,0.347407621,0.856754773
23943,0.554863319,0.615665954
23944,,
23945,-0.170938778,-0.883729305
23946,0.423320659,-0.296073911
23947,0.4304501,-0.421957388
23948,0.412344651,0.417597217
23949,0.364956829,2.5434436
23950,0.364956829,2.5434436
23951,0.439348617,0.899563963
23952,-0.123833298,1.15839289
23953,,
23954,-0.693333305,-1.54410442
23955,1.17974031,-0.109702374
23956,0.611495031,-1.22047507
23957,1.28023456,1.13817294
23958,0.258435341,-2.6462328
23959,0.258435341,-2.6462328
23960,-0.77346803,-0.748362743
23961,0.73180255,1.67570301
23962,,
23963,0.699564496,-0.446058395
23964,-2.32314712,-0.832910406
23965,-1.66562998,-0.619894673
23966,-1.17544239,0.957626124
23967,1.9660801,0.540945787
23968,1.9660801,0.540945787
23969,0.840941146,0.685576013
23970,2.00601668,0.789669037
23971,,
23972,-2.16444602,0.644360625
23973,0.853261904,-0.46525087
23974,0.574266103,-0.534076303
23975,0.993862287,1.80031373
23976,1.43329078,-1.86190426
23977,1.43329078,-1.86190426
23978,1.9801873,-0.470259378
23979,-0.936427482,-0.736876282
23980,,
23981,0.449388945,-0.0145639984
23982,0.860966452,-0.764603748
23983,1.57637344,-0.832947766
23984,1.3597147,-1.07475348
23985,1.04697792,-0.970549257
23986,1.04697792,-0.970549257
23987,0.201340475,-0.184901606
23988,0.375479409,0.9353461
23989,,
23990,-0.0421745868,-0.53949467
23991,1.66425566,0.441056241
23992,0.923984272,0.614391
23993,-0.812719094,-0.280851938
23994,-0.512491326,0.333714277
23995,-0.512491326,0.333714277
23996,2.11195386,0.940834624
23997,1.70261208,-0.404808755
23998,,
23999,-1.60309175,-0.368895324
24000,0.581529604,0.221575392
24001,0.950099121,-0.783502181
24002,-1.61366626,-2.00822866
24003,1.23804091,0.514780067
24004,1.23804091,0.514780067
24005,0.245686938,0.667994097
24006,0.890520744,0.664824571
24007,,
24008,0.524367406,0.208077592
24009,0.730455032,-0.7413988
24010,0.752180427,-1.83331968
24011,0.595952558,-0.628568697
24012,-0.349317718,-1.51331685
24013,-0.349317718,-1.51331685
24014,0.276939346,-0.120996703
24015,-0.342162544,-0.0400446662
24016,,
24017,-0.706402756,0.927455652
24018,-1.6416105,0.455430966
24019,-2.49501408,-0.230379906
24020,-0.618690642,1.15132196
24021,0.202332095,1.22019293
24022,0.202332095,1.22019293
24023,-0.914723347,1.22805931
24024,0.449559192,-0.193222877
24025,,
24026,1.23594167,-0.646775205
24027,1.22863275,1.33235586
24028,0.759324149,1.05730767
24029,0.507199121,-0.0744343702
24030,-1.691397,-0.37169041
24031,-1.691397,-0.37169041
24032,0.97270464,-1.09023831
24033,1.32790309,0.941059583
24034,,
24035,0.75360974,1.96350283
24036,-0.391395438,-0.313918559
24037,0.769595869,-0.310092981
24038,0.633074734,-0.545015493
24039,1.22218248,0.0630617461
24040,1.22218248,0.0630617461
24041,-0.506781665,-1.34192989
24042,-0.471620268,1.07178568
24043,,
24044,0.33593987,-0.321636125
24045,-0.416419067,0.674286697
24046,0.440335421,-0.593957192
24047,0.464858394,-2.19856756
24048,0.545378335,-0.0203591308
24049,0.545378335,-0.0203591308
24050,0.366536899,-0.0853218982
24051,-0.73557734,1.36506556
24052,,
24053,-0.0298564227,0.730235379
24054,-0.534326782,0.898602524
24055,-0.472251642,0.077170385
24056,1.30134822,0.373933469
24057,-2.11419842,0.667327308
24058,-2.11419842,0.667327308
24059,0.117480149,-0.359939803
24060,1.58448625,-0.847968217
24061,,
24062,-0.68255774,-0.16155805
24063,1.88508175,0.729561903
24064,1.33212782,0.757555817
24065,-0.0789184366,-0.142296477
24066,-1.77005948,-0.418047743
24067,-1.77005948,-0.418047743
24068,0.225187123,1.73049573
24069,0.918777916,1.11784818
24070,,
24071,0.0853260065,-1.3081909
24072,-1.01133358,0.744849272
24073,-1.23949528,-0.435247672
24074,-0.86935214,1.19826847
24075,0.985510914,0.4257288
24076,0.985510914,0.4257288
24077,0.812906026,-1.14165152
24078,0.276484188,0.516682644
24079,,
24080,1.54087626,1.03060895
24081,-0.274961958,1.67677522
24082,0.179305068,1.52222246
24083,0.797828735,1.59324027
24084,-0.563940718,0.728726843
24085,-0.563940718,0.728726843
24086,1.41809428,0.526973964
24087,0.243237148,0.818183149
24088,,
24089,0.872073449,0.986528277
24090,1.68984937,0.769967638
24091,0.495404595,0.579315389
24092,0.489911364,0.939233995
24093,-0.915231173,0.286317894
24094,-0.915231173,0.286317894
24095,1.1139191,0.210512958
24096,-0.0200760304,0.35625359
24097,,
24098,0.51551865,-0.156032096
24099,-0.0568694784,-0.819634871
24100,0.975834083,0.202180305
24101,0.861699747,0.511051427
24102,1.07112839,-0.784981812
24103,1.07112839,-0.784981812
24104,-0.834799848,0.841429233
24105,1.91414276,0.342351685
24106,,
24107,-2.15896371,-1.42901691
24108,0.116398527,1.31494643
24109,-1.37947279,-0.0865648189
24110,0.594687755,0.163676903
24111,-0.455802862,-0.507948607
24112,-0.455802862,-0.507948607
24113,1.88652112,-0.768556089
24114,0,-1.50917413
24115,,
24116,0.434176982,-1.26906998
24117,0.311208267,-1.35221139
24118,-0.0196678212,-1.5172312
24119,0.175033431,-2.70210304
24120,-0.657901033,-0.142434628
24121,-0.657901033,-0.142434628
24122,-0.445130644,0.1007757
24123,-0.663374895,0.808846354
24124,,
24125,0.310439487,-0.0437044035
24126,-2.03521468,0.302905962
24127,-1.0857422,0.379909556
24128,-0.627815592,1.64482137
24129,0.632463247,-0.118153353
24130,0.632463247,-0.118153353
24131,1.54959212,-0.487380012
24132,-1.7071638,-0.199229736
24133,,
24134,0.508259282,1.25116846
24135,1.14517314,1.08246165
24136,1.78748918,1.30713302
24137,-0.445069538,-0.171588873
24138,0.608270782,-0.745489276
24139,0.608270782,-0.745489276
24140,-0.139776327,0.55090196
24141,-0.959087218,-1.34052098
24142,,
24143,0.285614088,-0.468267341
24144,0.368526618,-0.618444458
24145,-0.682962832,0.82417895
24146,-1.0788701,0.409785608
24147,-0.864417433,-0.080989946
24148,-0.864417433,-0.080989946
24149,0.36337883,-1.27165252
24150,-1.6624762,-0.611323776
24151,,
24152,1.0092961,-1.38275857
24153,-0.51773849,0.81446652
24154,-0.274456256,0.819227712
24155,-0.0149710637,0.853382558
24156,-0.517442746,1.42465159
24157,-0.517442746,1.42465159
24158,-0.979452739,-0.445277286
24159,-1.27159258,-0.283459277
24160,,
24161,0.057309302,-0.684359288
24162,0.130165772,1.93833572
24163,-0.299494962,1.2967117
24164,-0.61687895,1.40598591
24165,-0.219850729,0.891911123
24166,-0.219850729,0.891911123
24167,0.590500533,-1.13707926
24168,0.748834305,0.269605114
24169,,
24170,0.0849655371,-0.861697982
24171,-1.39006056,-1.2281575
24172,-1.21073375,0.12063722
24173,-0.613228289,0.464377159
24174,0.451418328,0.298030542
24175,0.451418328,0.298030542
24176,-1.56047627,-0.24017101
24177,-0.342506599,1.67152293
24178,,
24179,-0.881380277,-0.494693562
24180,0.982171086,0.0700023949
24181,1.43848379,-0.928035181
24182,0.661872517,0.899595026
24183,1.1707914,-1.44147764
24184,1.1707914,-1.44147764
24185,1.17363143,-1.4787699
24186,-1.06326421,-0.785161167
24187,,
24188,1.26067494,-0.93974758
24189,-1.40250276,-0.659963064
24190,-0.461913703,-0.26655052
24191,1.00915446,-0.0758682914
24192,0.496761837,0.630420246
24193,0.496761837,0.630420246
24194,-2.22442449,-0.340079958
24195,-1.21774085,0.268817514
24196,,
24197,-0.598893525,0.465848855
24198,0.347419166,1.43177609
24199,0.0202456664,1.47003864
24200,2.03762613,-0.501836226
24201,1.29451941,-1.33491117
24202,1.29451941,-1.33491117
24203,-0.37689478,-0.0974316221
24204,-0.380125967,0.0587060988
24205,,
24206,-1.14446806,0.689784346
24207,1.33840287,-1.16048433
24208,2.14612996,0.0400372248
24209,0.615346383,-0.0290950937
24210,1.46044296,0
24211,1.46044296,0
24212,1.29587342,-0.257387139
24213,2.0417755,1.05103826
24214,,
24215,0.117993173,0.359843014
24216,-0.493687363,1.19139917
24217,-1.29223406,1.64695235
24218,-1.26296896,0.297405481
24219,1.93507766,0.461180555
24220,1.93507766,0.461180555
24221,-1.01123828,1.58850247
24222,-1.54198781,-0.819914881
24223,,
24224,0.986162879,-1.08191233
24225,0.127421764,-1.81729106
24226,-0.0631660608,-2.71443306
24227,2.16613361,0.957956379
24228,0.424318547,-0.16454412
24229,0.424318547,-0.16454412
24230,0.5139758,-1.11486156
24231,1.71304738,-0.62661686
24232,,
24233,-0.302300633,-0.0862088555
24234,1.16361442,0.712446157
24235,0.804214729,0.809101468
24236,-1.36289987,-0.716509675
24237,-1.27101931,1.34776783
24238,-1.27101931,1.34776783
24239,1.74186022,-0.81063942
24240,1.24706376,-0.298936955
24241,,
24242,-1.1356991,-3.37069666
24243,0.279871547,-0.49847259
24244,-0.0201779151,-0.203082142
24245,1.35543442,0.410723885
24246,-0.633095987,-0.883154084
24247,-0.633095987,-0.883154084
24248,0.104109435,0.0624562964
24249,1.56294213,1.2672008
24250,,
24251,1.56676775,-0.0833680434
24252,-0.578146284,0.946842122
24253,-0.188181767,-0.421870314
24254,-0.0298254045,0.0460963496
24255,-0.764609235,-1.24856989
24256,-0.764609235,-1.24856989
24257,-0.850703911,-0.445050249
24258,-0.315704313,-2.18778925
24259,,
24260,0.116275208,-2.1962628
24261,-1.9328398,0.590289391
24262,-1.66490486,0.248193376
24263,0.620879678,-0.528817789
24264,-1.02446211,-0.642341813
24265,-1.02446211,-0.642341813
24266,0.388820747,0
24267,-0.15610519,-0.664071209
24268,,
24269,-0.760058747,0.594939968
24270,-1.08301936,0.906802345
24271,-0.528971827,1.83646015
24272,0.642559784,1.28226663
24273,0.119747566,1.85123289
24274,0.119747566,1.85123289
24275,-0.363571987,-1.1190224
24276,-0.0798084496,-0.719150053
24277,,
24278,-0.0290025583,-0.535991162
24279,-0.0973948301,2.82627725
24280,-0.154000389,3.28140899
24281,0.961539666,1.5903236
24282,0.817952964,0.353532888
24283,0.817952964,0.353532888
24284,-0.223243299,-0.432012374
24285,-0.203772486,-0.441996708
24286,,
24287,-1.18367992,-0.915785381
24288,0.578086022,-1.02905131
24289,0.968367077,-1.0537921
24290,-0.682429544,-1.39484634
24291,-1.34894249,-0.693362786
24292,-1.34894249,-0.693362786
24293,0.254354528,0.411662378
24294,-1.11908045,-2.37776155
24295,,
24296,0.422646279,-0.110175897
24297,-0.0584152838,1.04123506
24298,-0.142997822,1.21284057
24299,0.813293493,1.34022863
24300,-1.45916447,0.649475613
24301,-1.45916447,0.649475613
24302,-1.97017265,1.94164517
24303,0.258270821,-0.910783575
24304,,
24305,0.239544783,-1.19866076
24306,-0.245274312,-0.0440038003
24307,0.867722847,-0.340787433
24308,1.04638943,0.738879139
24309,-0.507384751,-0.499141233
24310,-0.507384751,-0.499141233
24311,0.717072596,-0.137742603
24312,1.09314191,0.542905722
24313,,
24314,0.782049572,-0.899197561
24315,-0.18794551,0.297160765
24316,-0.684716941,1.26990694
24317,1.00289139,0.47242107
24318,0.666358232,0.189536514
24319,0.666358232,0.189536514
24320,-0.686055596,1.72314252
24321,-1.00809319,0.444067999
24322,,
24323,0.862731899,-0.563594487
24324,-0.204461362,-0.317288944
24325,-1.0975125,-0.576036244
24326,0.24004815,-1.56423634
24327,-0.593420505,1.14945872
24328,-0.593420505,1.14945872
24329,-1.01341716,0.567179681
24330,-0.0816121674,0.503899022
24331,,
24332,0.382343668,0.857495386
24333,0.16811021,2.05750845
24334,-0.656073663,1.79320907
24335,-0.501803227,0.184857282
24336,0.831690391,-0.699850224
24337,0.831690391,-0.699850224
24338,-0.0630087373,-0.326361854
24339,-0.204064699,-0.277146566
24340,,
24341,-1.67624469,-0.162450346
24342,1.17373143,0.383955644
24343,1.20756519,0.773274434
24344,-0.819722652,0.756612907
24345,-0.297743756,-1.3035458
24346,-0.297743756,-1.3035458
24347,0.0406091672,0.306824015
24348,-0.363450617,0.181419904
24349,,
24350,-0.737174252,0.837854141
24351,-0.351841294,-0.270907033
24352,-0.521370694,0.386663651
24353,-0.803036825,1.28210566
24354,-0.164758075,0.549613179
24355,-0.164758075,0.549613179
24356,0.234251693,-0.857155697
24357,0.774183188,-1.38364007
24358,,
24359,-0.528053784,-0.494767164
24360,-0.0441498803,-0.553695785
24361,0.67849815,-0.563674877
24362,-0.246820793,-0.148470347
24363,0.363454781,0.523807257
24364,0.363454781,0.523807257
24365,-0.116276193,-0.600126635
24366,0.543464425,-0.922387891
24367,,
24368,0.706323901,-0.620425627
24369,-1.12065518,0.208982003
24370,0.162356835,0.884410838
24371,0.09332752,-0.160611085
24372,1.02442984,1.0329618
24373,1.02442984,1.0329618
24374,-1.26419878,-0.0396036442
24375,0.358805967,-1.13537064
24376,,
24377,0.209012821,1.0785518
24378,2.3187208,-0.392044708
24379,1.97372602,-0.0417982755
24380,1.49030865,-0.672812552
24381,-1.03490383,1.21480925
24382,-1.03490383,1.21480925
24383,1.57780957,-1.17271906
24384,0.163889291,-0.0819176806
24385,,
24386,-0.0143797427,-1.43538253
24387,-0.549303941,-1.18178784
24388,-1.56407931,-1.12679517
24389,-0.447171614,-1.39204888
24390,0.102449289,-0.747538539
24391,0.102449289,-0.747538539
24392,1.06940549,1.03326302
24393,0.619398632,-0.166260777
24394,,
24395,-0.743904515,-0.340237735
24396,-0.708336244,-1.168992
24397,-0.919670017,-0.283920844
24398,-0.99156415,-0.791397449
24399,1.19478184,0.950695077
24400,1.19478184,0.950695077
24401,-0.162557482,-1.00267013
24402,0.35956482,0.213914959
24403,,
24404,-0.236185894,-1.12722422
24405,-2.47581382,-0.530826906
24406,-1.74932389,0.342684135
24407,-0.799460843,-1.48766704
24408,2.14296693,0.721404605
24409,2.14296693,0.721404605
24410,-0.233283412,-0.735218273
24411,-0.614657903,1.5170598
24412,,
24413,0.0426646359,-0.42885428
24414,0.12933259,-0.530185
24415,0.143316854,-0.670721496
24416,-1.29767455,0.0430299197
24417,0.831454118,0.70862162
24418,0.831454118,0.70862162
24419,-0.0395651307,-0.657440102
24420,1.02128751,0.584956626
24421,,
24422,-0.188266505,0.928681194
24423,-0.0287778874,-1.07192899
24424,-0.170254398,0.301557459
24425,0.0449675328,-0.244841664
24426,0.337669741,-0.646740451
24427,0.337669741,-0.646740451
24428,-0.516437351,-0.777004682
24429,-0.83882121,-0.540868276
24430,,
24431,-0.862940784,-1.41265409
24432,1.18477931,-1.95740629
24433,0.634703593,-1.44244874
24434,-0.851923811,-1.0856434
24435,1.31442666,0.462363463
24436,1.31442666,0.462363463
24437,1.07936389,1.4077956
24438,1.54582187,0.853599536
24439,,
24440,-1.86276929,-0.290493221
24441,-1.42129502,0.114125999
24442,-1.45937856,-1.62661202
24443,-0.611533888,0.65094724
24444,1.1757614,-0.811852163
24445,1.1757614,-0.811852163
24446,0.0403439139,0.35802953
24447,-1.68454907,-0.437754885
24448,,
24449,-0.0583383443,-0.822295966
24450,0.188308082,1.79922714
24451,-0.166475726,1.14251401
24452,-0.482287003,-1.69367203
24453,0.9778634,-0.602865997
24454,0.9778634,-0.602865997
24455,0.249666987,0.492078283
24456,-1.368769,-0.561661258
24457,,
24458,1.0267244,0.553343496
24459,1.20328627,0.423489758
24460,0.34689605,0.596007205
24461,0.439278325,1.3171847
24462,0.205145128,0.310233904
24463,0.205145128,0.310233904
24464,0.84363027,1.41991509
24465,-0.480525373,-0.573711493
24466,,
24467,-0.648704828,-0.352154327
24468,0.829597923,3.57649314
24469,-0.0200378515,3.05897078
24470,-0.259776426,1.21565415
24471,-0.102317598,-0.267783542
24472,-0.102317598,-0.267783542
24473,-0.591401082,0.712699897
24474,0.426154801,0.804946556
24475,,
24476,0.51823079,0.46231034
24477,-0.251381645,1.1986018
24478,0.420488249,1.80575682
24479,0.200262949,0.845824789
24480,1.10373863,-1.68835573
24481,1.10373863,-1.68835573
24482,0.164085991,-1.73010312
24483,-0.850804521,1.3827865
24484,,
24485,-0.555833217,0.0878644694
24486,1.55393018,0.665568913
24487,0.28186206,-0.125619309
24488,-0.733047927,0.388246271
24489,-0.854539036,0.162174799
24490,-0.854539036,0.162174799
24491,-1.12410271,-0.701534051
24492,-0.187688846,-2.18606023
24493,,
24494,-0.502769114,0.938232327
24495,-0.41350738,-0.143548985
24496,0.313850251,0.441630066
24497,-0.331452866,-0.451520609
24498,1.19949028,-0.219398715
24499,1.19949028,-0.219398715
24500,0.0582294522,-1.03577276
24501,1.10457167,-0.413847561
24502,,
24503,1.60033318,-0.286611986
24504,-1.47875889,0.246901419
24505,-0.768987311,1.20680757
24506,0.520096666,1.12119249
24507,1.29567161,0.871434237
24508,1.29567161,0.871434237
24509,-0.122701495,-0.080722081
24510,0.599527224,0.965466555
24511,,
24512,1.01994277,0.148343944
24513,0.836710997,-0.53919825
24514,-0.554409309,-0.140281902
24515,0.101255121,-0.455781202
24516,2.30930265,-1.33171862
24517,2.30930265,-1.33171862
24518,-0.657986749,1.18887399
24519,-1.09130864,0.307920583
24520,,
24521,0,0.159444801
24522,0.531790382,-0.97260303
24523,0.335152395,-0.837112266
24524,1.24854505,-0.625736734
24525,0.319650898,1.17406541
24526,0.319650898,1.17406541
24527,2.33155291,0.7372754
24528,0.2587446,-0.188377957
24529,,
24530,1.80824445,1.73696029
24531,-0.313448236,-0.844099965
24532,-0.988419338,-1.0965192
24533,-1.27789061,-1.60341744
24534,0.039702402,0.184164718
24535,0.039702402,0.184164718
24536,-0.467374282,0.263769282
24537,0.55656962,-0.782281593
24538,,
24539,-0.198563025,0.378850801
24540,-0.759866183,-1.04550366
24541,-0.387047105,-0.927967749
24542,0.266648754,-0.367722107
24543,-0.74174394,0.266764225
24544,-0.74174394,0.266764225
24545,-0.397667086,1.01108115
24546,-0.286732246,-0.659552186
24547,,
24548,-1.06754631,-0.902467652
24549,0.100562873,-1.21579801
24550,-0.300902249,0.713031273
24551,0.172395056,-1.38946453
24552,0.84301491,-0.313691278
24553,0.84301491,-0.313691278
24554,0.215527667,-0.883939444
24555,0.792345153,-1.32528435
24556,,
24557,-0.735351206,-1.42513358
24558,0.63290187,-0.487160396
24559,0.0803177122,0.0391655067
24560,0.357848613,-1.75179709
24561,-1.02493354,-0.467731654
24562,-1.02493354,-0.467731654
24563,-0.183928227,-0.923118511
24564,1.18031065,-0.486706397
24565,,
24566,0.98453286,-0.919823263
24567,-1.13661948,-0.0437923079
24568,-1.45640522,0.200533657
24569,-0.786990977,-1.24157026
24570,-0.273227369,0.240578324
24571,-0.273227369,0.240578324
24572,0.260000652,-0.770280934
24573,0.41449439,0.620308832
24574,,
24575,1.80434993,0.949286373
24576,-0.283546268,-0.27686761
24577,0.585524115,-0.100897813
24578,-0.22330708,1.45849222
24579,-0.0403978788,0.46002281
24580,-0.0403978788,0.46002281
24581,-0.797218782,-0.485580249
24582,0.250258205,0.552950447
24583,,
24584,-0.322624522,1.30724761
24585,0.340301639,1.02570988
24586,0,1.66934912
24587,-0.374463819,1.39758969
24588,-2.14553174,0.319450628
24589,-2.14553174,0.319450628
24590,1.61012682,1.21227607
24591,-0.740816276,0.184297831
24592,,
24593,-0.466475041,1.31607428
24594,-0.670480158,-2.0377961
24595,-0.225180974,-0.750017133
24596,-0.802307297,0.352913824
24597,0.406353758,1.14021676
24598,0.406353758,1.14021676
24599,0.216344356,1.03637956
24600,0.93420622,-0.286100544
24601,,
24602,0.518847266,-0.635353401
24603,-0.962568397,-0.260698009
24604,-0.538029352,-1.11019324
24605,0.720349522,-1.16098699
24606,1.30478813,0.418421782
24607,1.30478813,0.418421782
24608,-1.0529169,-1.29527897
24609,0.389281905,-1.55354101
24610,,
24611,-0.571116964,0.455564595
24612,0.560794817,-0.687138338
24613,0.62143692,1.18835693
24614,0.273562594,0.964601423
24615,-0.219749551,-0.967130207
24616,-0.219749551,-0.967130207
24617,-0.805667232,0.715837085
24618,-0.66121413,-0.890235642
24619,,
24620,-1.07430324,2.04036277
24621,-0.942796582,0.281368648
24622,0.423263974,0.227758456
24623,0.337924524,0.2382749
24624,1.00418584,0.377888399
24625,1.00418584,0.377888399
24626,0.124279231,0.22433062
24627,-0.198175645,0.93213747
24628,,
24629,0.388003491,0.161995839
24630,-0.633288551,-0.762308247
24631,-0.0204855473,0.0203909298
24632,0.218711025,1.32333774
24633,-0.139444517,0.177000096
24634,-0.139444517,0.177000096
24635,-0.545187101,0.144570142
24636,-1.0494735,1.52280991
24637,,
24638,-0.404019727,-0.257584202
24639,-0.372710893,-0.291910708
24640,-0.721221108,-0.0985378192
24641,-0.670815507,2.13909033
24642,-0.0871536,1.9099686
24643,-0.0871536,1.9099686
24644,0.367578955,1.27517053
24645,0.673872149,-1.04401649
24646,,
24647,-1.13351989,0.749410175
24648,-1.55034274,-0.469943481
24649,-0.824914043,0.411828997
24650,0.624429167,0.598480811
24651,1.14825469,0.946188245
24652,1.14825469,0.946188245
24653,-1.11533716,0.442884254
24654,0.0406985855,0.144070154
24655,,
24656,-0.438034093,-0.228251184
24657,0.675142208,-1.17485909
24658,0,-1.3944635
24659,0.0881601143,-0.537934206
24660,-1.17370604,0.280807126
24661,-1.17370604,0.280807126
24662,-0.0590749826,0.0422774427
24663,0.847151837,1.47866469
24664,,
24665,1.92608539,0.0723855429
24666,-0.752236722,1.4093344
24667,-0.320148635,1.3478861
24668,1.66222303,-0.747499721
24669,-0.20793607,-0.430422906
24670,-0.20793607,-0.430422906
24671,-1.14098582,-0.217934763
24672,-0.290173706,0.490605472
24673,,
24674,-1.12756881,-1.87176619
24675,-0.112169958,-0.159462771
24676,0.756707134,-0.123822062
24677,-0.853834827,1.8951363
24678,-0.936371688,-0.856914347
24679,-0.936371688,-0.856914347
24680,0.686418541,-0.184703978
24681,-0.803923622,0.142109107
24682,,
24683,0.521293177,1.4862988
24684,-0.172206406,1.47001973
24685,-0.0989235489,0.938407761
24686,-1.02126239,0.336697189
24687,-0.0634727365,-1.54866334
24688,-0.0634727365,-1.54866334
24689,-0.0805538698,1.57787923
24690,0.231979317,-2.22811753
24691,,
24692,0.26071103,-0.661896629
24693,0.123443826,-0.215831972
24694,-0.748143394,-1.07199806
24695,-1.70446266,-0.54508493
24696,1.07407307,-2.00275455
24697,1.07407307,-2.00275455
24698,-1.58296111,1.37573488
24699,-1.36149013,1.03664865
24700,,
24701,-1.10302958,1.50447919
24702,0.156746541,-1.32331494
24703,0.986281192,-1.25453386
24704,0.761107823,-1.51151573
24705,1.01217713,0.225572221
24706,1.01217713,0.225572221
24707,0.33207575,-0.942900187
24708,-0.149188589,1.22800411
24709,,
24710,-0.103817774,0.738198385
24711,-1.13420343,-0.983039084
24712,-1.56860175,-1.00510777
24713,-2.14071203,-0.832638725
24714,1.22710342,-0.485675775
24715,1.22710342,-0.485675775
24716,-0.468900508,0.164638933
24717,-0.526934065,0.060877498
24718,,
24719,0.618799879,-2.63010523
24720,-1.09927583,-0.225127529
24721,-0.582258994,-0.810688102
24722,0.229225415,-0.147943691
24723,-0.123567636,-0.301206792
24724,-0.123567636,-0.301206792
24725,0.940107702,0.966048629
24726,-0.449920573,0.671875049
24727,,
24728,0.372489959,1.18130195
24729,0.687847238,-0.205037924
24730,0.626145673,0.393906533
24731,1.23668711,0.68635871
24732,-0.77552149,-2.66394412
24733,-0.77552149,-2.66394412
24734,0.824140878,-0.837150752
24735,-0.628450326,-1.45968468
24736,,
24737,1.70416771,1.34199082
24738,1.5191279,-0.298297931
24739,0,-0.980884235
24740,-1.17845855,0.171790529
24741,-0.1876038,1.00267458
24742,-0.1876038,1.00267458
24743,-0.642723013,0.625818808
24744,-0.208332653,0.751539492
24745,,
24746,-0.400192967,-0.499411939
24747,2.3882175,-1.58256258
24748,0.936114102,-0.278442013
24749,0.134686472,-1.14996581
24750,-2.50716659,-1.28463928
24751,-2.50716659,-1.28463928
24752,-3.00596965,-0.711436445
24753,-0.666336949,0.256277172
24754,,
24755,0.0891968044,1.17261869
24756,-0.0298755345,-1.58607217
24757,1.2940457,-0.227218576
24758,-0.701510058,0.716698265
24759,0.302644022,-0.300720936
24760,0.302644022,-0.300720936
24761,1.54323857,0.182815221
24762,-0.232654895,1.83786528
24763,,
24764,-0.207034304,-0.704547685
24765,-2.20876601,0.293369993
24766,-2.04145768,0.476109178
24767,-1.05753799,-0.735816795
24768,-0.0622299827,0.491841463
24769,-0.0622299827,0.491841463
24770,-1.05258584,-1.72689673
24771,-0.120611927,0.252799807
24772,,
24773,0.0147984001,0.866862998
24774,-0.344135659,-0.383318387
24775,0.42436892,-1.31830942
24776,-1.76050148,0.220990642
24777,0.812401626,-1.04141967
24778,0.812401626,-1.04141967
24779,1.23936093,1.32755967
24780,-1.37868828,0.225516611
24781,,
24782,-0.146776041,0.131551834
24783,-1.19930248,-0.707042563
24784,1.10322262,0.0645440684
24785,0.102936183,0.595790912
24786,1.41443788,-0.175782894
24787,1.41443788,-0.175782894
24788,-1.18663157,-0.524311029
24789,0.0824959293,-0.470333301
24790,,
24791,-0.341604565,0.128929779
24792,-0.986546201,-1.07779157
24793,-0.647451349,-0.0633507488
24794,-0.495672234,0
24795,0.362405859,-0.464123319
24796,0.362405859,-0.464123319
24797,0.868118203,1.76587121
24798,-0.741767849,1.95465338
24799,,
24800,1.32179458,-0.221035136
24801,0.183646507,1.03075261
24802,-0.080777753,0.155389867
24803,-0.920867771,1.09537268
24804,0.563003358,-1.34493373
24805,0.563003358,-1.34493373
24806,0,0.119699777
24807,-1.34794166,-0.673238923
24808,,
24809,-0.213819072,-1.05680783
24810,0.378573515,-0.860527627
24811,0.481011307,-0.669782444
24812,1.72164672,0.628815744
24813,0.347693779,1.52197515
24814,0.347693779,1.52197515
24815,1.41010755,1.62558323
24816,-0.784618546,-0.182490918
24817,,
24818,1.10467531,0
24819,-1.18289877,1.40577409
24820,-0.684921393,1.9098387
24821,0.37917608,0.272327997
24822,0.831265289,0.769680612
24823,0.831265289,0.769680612
24824,-1.087757,-1.47279929
24825,0.0979567545,-0.342183389
24826,,
24827,-0.353951152,0.430712802
24828,0.648831186,0.925541254
24829,0.711076121,1.32071536
24830,-1.6530846,-0.568914004
24831,-0.20704213,0.162058671
24832,-0.20704213,0.162058671
24833,0.666408257,-1.61085642
24834,-0.0409669799,0
24835,,
24836,0.157724008,-0.233283246
24837,-0.736123283,0.949558848
24838,-1.47037375,1.5013589
24839,-1.02468902,0.14734934
24840,-0.941145606,1.39067305
24841,-0.941145606,1.39067305
24842,0.597436671,1.38454821
24843,0.332228221,2.31307811
24844,,
24845,-0.813354435,-1.40751119
24846,-1.5942395,-0.166517638
24847,-1.58368207,-0.142604904
24848,-1.6755314,1.75743167
24849,1.66063873,-0.2211072
24850,1.66063873,-0.2211072
24851,0.277607987,-0.604918293
24852,0.323928167,1.46169052
24853,,
24854,-0.601298047,1.81831461
24855,1.8249465,-0.0284458809
24856,0.662077103,0.384183317
24857,1.68529627,0.225964767
24858,0.751621425,-1.99373552
24859,0.751621425,-1.99373552
24860,1.04157893,0.2130282
24861,0.849869918,1.02123921
24862,,
24863,0.245104298,-0.817132201
24864,-1.68585109,-1.0152471
24865,-1.42789852,-0.690250295
24866,-1.10725856,-1.4881302
24867,0.851070594,0.538511232
24868,0.851070594,0.538511232
24869,1.69751468,-2.73994893
24870,-1.68046335,1.3227811
24871,,
24872,-1.2255879,-0.823526016
24873,1.77875391,1.56754986
24874,1.47219847,1.5300762
24875,-0.773721956,1.01188281
24876,1.60441539,0.193621873
24877,1.60441539,0.193621873
24878,0.599572182,0.144976771
24879,0.470155563,-1.10684341
24880,,
24881,-1.40273917,-0.256218125
24882,-1.44862312,-0.503933797
24883,-0.559905383,0.578503558
24884,-0.437801399,-2.03675006
24885,-0.334163507,-1.77830423
24886,-0.334163507,-1.77830423
24887,-0.285112997,-0.149784539
24888,0.352302363,-1.50382011
24889,,
24890,0.353536822,-1.07245953
24891,1.0076277,-0.342055039
24892,1.60604101,0.0417336361
24893,1.29218719,-0.276589309
24894,-0.83868045,0.324917657
24895,-0.83868045,0.324917657
24896,-0.178049463,0.0798078126
24897,-0.403636361,0.0409503183
24898,,
24899,1.61140732,-1.57151411
24900,1.31066221,0.849240752
24901,-0.16468439,0.94620939
24902,-0.0446657827,-0.542839373
24903,-0.179407897,0
24904,-0.179407897,0
24905,1.8938596,-0.57812948
24906,1.57609437,0.0396754517
24907,,
24908,1.10908043,0.276094644
24909,-0.406510647,0.304611238
24910,-1.35379046,1.30376677
24911,-1.22909469,1.18618428
24912,-0.467011937,1.01831469
24913,-0.467011937,1.01831469
24914,-0.30521516,0.0610503811
24915,0.437340203,-0.994099652
24916,,
24917,0.212344858,0
24918,0.506848448,0.421849834
24919,0.631613533,0.851708976
24920,1.22125077,0.421433933
24921,-1.27221075,-0.222919989
24922,-1.27221075,-0.222919989
24923,0,0.503023792
24924,0.12381149,-0.55065381
24925,,
24926,-0.294009941,-0.763620545
24927,-0.995710334,-1.83780873
24928,-1.44058068,-1.62643171
24929,-2.26987788,-0.263368155
24930,1.5147571,0.141685028
24931,1.5147571,0.141685028
24932,0.126619377,-0.789261601
24933,1.56534956,-0.993947462
24934,,
24935,-0.222043771,-0.740871519
24936,0.754943958,-0.511029107
24937,0.293186456,-0.817302641
24938,0.710562896,0.132364743
24939,0.507549302,-0.463563501
24940,0.507549302,-0.463563501
24941,0.0197205062,-0.86535687
24942,1.14005152,-0.171306239
24943,,
24944,0.947549884,-0.659884098
24945,-0.489049524,-1.02500681
24946,0.548980703,-0.755079972
24947,0.224893898,0.207670526
24948,0.0630620255,-0.859294723
24949,0.0630620255,-0.859294723
24950,0.0610404985,1.10395113
24951,0.36656128,1.7480246
24952,,
24953,0.152667879,0.156849705
24954,-0.173443603,1.86806732
24955,-0.165630857,0.661030246
24956,-1.06595383,0.0595175364
24957,-0.981321616,0.457877822
24958,-0.981321616,0.457877822
24959,0.754841569,-2.34825299
24960,0.734358625,0.100278098
24961,,
24962,-0.734818438,-0.0738825135
24963,-0.564468103,0.0532468681
24964,-0.816118268,0.833489649
24965,0.342899758,0.0870389198
24966,-2.1316548,-0.275185019
24967,-2.1316548,-0.275185019
24968,-1.00409883,0.593441412
24969,0.135667244,-1.27597781
24970,,
24971,0.308898718,0.0142412231
24972,0.29537694,-0.618446509
24973,0.603115222,0.058506654
24974,0.566089635,0.0146985428
24975,-0.731469011,-0.711762609
24976,-0.731469011,-0.711762609
24977,1.13368686,-1.57279715
24978,0.663792286,-0.315571644
24979,,
24980,0.864437241,-0.885273682
24981,-0.087396001,-0.509986171
24982,0.39803957,0.548418442
24983,0.778639448,-0.109855622
24984,-0.283757097,0.0206270061
24985,-0.283757097,0.0206270061
24986,-0.468596991,0.571100875
24987,-1.81748999,0.447913209
24988,,
24989,0.989777861,-1.02445471
24990,-0.435601663,0.175599781
24991,-0.21554648,-1.47591051
24992,-0.755381433,-1.02993553
24993,-0.380726076,-1.14306662
24994,-0.380726076,-1.14306662
24995,-1.74457028,-0.377542497
24996,2.0407097,0.249995945
24997,,
24998,1.25154814,-0.721146201
24999,0.178057028,-0.0841780847
25000,1.91011564,0.318150061
25001,0.658839295,1.04882526
25002,-0.462305253,1.19983417
25003,-0.462305253,1.19983417
25004,2.31165355,0.982176153
25005,1.4542202,-0.933188493
25006,,
25007,-2.02740843,-0.732399644
25008,-1.7847875,-0.19407717
25009,-3.6341511,1.19157477
25010,-2.14314183,1.17835293
25011,-1.18768412,-0.0606608968
25012,-1.18768412,-0.0606608968
25013,1.6980112,0.315249377
25014,1.75914798,1.5792852
25015,,
25016,0.803276736,-0.565380834
25017,-0.301741916,-0.164334787
25018,-0.868838913,0
25019,1.47043619,-0.147497738
25020,-0.848542026,-0.121807869
25021,-0.848542026,-0.121807869
25022,0.269276735,0.0828549592
25023,-0.143470073,0.697122946
25024,,
25025,0.787724468,0.23256076
25026,0.343492853,1.92820678
25027,0.243816039,1.99993633
25028,0.570898477,0.396316841
25029,-0.63200687,-0.225120453
25030,-0.63200687,-0.225120453
25031,-0.0202323688,-2.41973625
25032,0.910290905,-0.93540587
25033,,
25034,1.36270083,0.337819998
25035,-1.03420443,-1.15315156
25036,-1.59741016,0.344769732
25037,-0.616552317,-0.0877534201
25038,0.910062277,0.227707082
25039,0.910062277,0.227707082
25040,0.725054843,-0.244709136
25041,-1.04167429,1.28919565
25042,,
25043,0.507193449,0.117061809
25044,-1.28155332,0.0416943422
25045,-0.0203826902,-1.59304254
25046,-0.0735814563,-1.44132022
25047,1.15193867,-1.23994406
25048,1.15193867,-1.23994406
25049,0.884075874,0.122743701
25050,2.54174445,0.201800259
25051,,
25052,-0.0679285607,0.521887042
25053,-0.799791,2.2995263
25054,-1.51225365,0.850598965
25055,-0.871704275,1.24152221
25056,0.314187363,1.43653723
25057,0.314187363,1.43653723
25058,1.34377079,0.271229691
25059,-0.599355193,0.37396411
25060,,
25061,-0.0141956498,0.528352113
25062,1.01182447,0.678061605
25063,0.466933782,-0.559713833
25064,-0.964274919,-1.45528683
25065,1.38215409,-0.282907836
25066,1.38215409,-0.282907836
25067,-1.59495013,-0.139292764
25068,-0.425325061,-0.993501926
25069,,
25070,-0.284092334,0.387271274
25071,-0.584712489,0.565979413
25072,0.399609995,0.253835828
25073,1.97292929,-0.77240492
25074,-0.581676302,-0.607532952
25075,-0.581676302,-0.607532952
25076,0.454940329,-0.439735577
25077,0.423745537,-0.100437796
25078,,
25079,0.321999311,1.44280795
25080,-2.85857698,1.17847092
25081,-2.74407983,0.737387028
25082,-1.81703151,-1.14175452
25083,-0.425196561,-1.49207521
25084,-0.425196561,-1.49207521
25085,-0.447452312,0.142710931
25086,0.953076877,0.352396473
25087,,
25088,-1.48292595,0.653676705
25089,-0.434181085,-0.438169613
25090,-0.139055607,-0.694955278
25091,-0.583226759,0.523227715
25092,-0.683530585,-0.288329082
25093,-0.683530585,-0.288329082
25094,-0.401796898,-1.6012108
25095,0.939604363,0.391939577
25096,,
25097,0.560847303,1.18623494
25098,-0.352146536,0.749939234
25099,-0.604378289,0.244308174
25100,0.214508469,0.532156966
25101,1.09695996,0.851991955
25102,1.09695996,0.851991955
25103,-0.444696908,0.996579216
25104,-1.33549049,-0.198020556
25105,,
25106,-0.36894,-1.79234706
25107,1.62692675,0.487823158
25108,1.02243671,1.22430514
25109,0.197259365,-0.495845529
25110,1.10484257,0.662556474
25111,1.10484257,0.662556474
25112,-0.796963865,-0.303040648
25113,0.102830426,0.590730021
25114,,
25115,2.63154201,-0.29197604
25116,-1.32006054,-1.24460585
25117,-2.03224898,-0.380940928
25118,-0.521158129,-0.897742787
25119,0.165269051,-1.69548127
25120,0.165269051,-1.69548127
25121,0.121817936,-0.105020832
25122,0.651533813,-0.657312863
25123,,
25124,0.654832443,-0.180938277
25125,-0.648894881,0.142052273
25126,-0.525107458,0.304052541
25127,-1.80954608,1.39926193
25128,-0.254806714,1.96701488
25129,-0.254806714,1.96701488
25130,0.50121622,0.419041815
25131,-2.77242161,-0.612761189
25132,,
25133,0.772069761,0.085581318
25134,0.710707199,-1.16836985
25135,-0.394216709,-0.403941615
25136,-0.227785074,1.2530267
25137,-0.555123087,0.824140878
25138,-0.555123087,0.824140878
25139,-1.05138551,-1.26519585
25140,0.419158117,1.94939916
25141,,
25142,0.0575730749,1.0892877
25143,1.27418201,0.100895446
25144,0.56351879,-0.245529382
25145,1.53591307,-2.16674107
25146,2.02688481,1.90062351
25147,2.02688481,1.90062351
25148,-0.230065489,1.43999353
25149,-0.535778792,0.0414644151
25150,,
25151,0.899453536,0.602331148
25152,0.727126311,-1.55860931
25153,0.619257027,-1.48260768
25154,-0.575444063,0.303348551
25155,1.51484991,-1.34842763
25156,1.51484991,-1.34842763
25157,0.118425292,-0.348145356
25158,-0.760003887,0.4554555
25159,,
25160,-1.32597539,-1.69511078
25161,0.321688046,0.691851974
25162,0.145062568,0.455093895
25163,-1.39359965,-0.152785496
25164,0.0615915327,1.07685231
25165,0.0615915327,1.07685231
25166,-0.350765346,-0.723904336
25167,0.74831527,-0.486892049
25168,,
25169,0.431387027,1.19531046
25170,1.08083635,0.823894429
25171,1.90394846,-0.570916145
25172,0.888768467,0.793437985
25173,0.0405017151,-2.0064556
25174,0.0405017151,-2.0064556
25175,1.35090887,0.139623211
25176,0.141351605,1.61349845
25177,,
25178,-1.31935345,-0.0993116838
25179,0.134364521,0.496417199
25180,0.78614171,0.779008658
25181,-1.52220966,0.97301831
25182,1.48526246,1.3744006
25183,1.48526246,1.3744006
25184,1.93407478,0.897401525
25185,0.637256881,0.0585372399
25186,,
25187,-0.0572380843,-1.05267541
25188,0.775094261,-0.457502195
25189,1.60967617,-0.377417239
25190,1.04351744,0.593668892
25191,-0.302794198,-0.58234137
25192,-0.302794198,-0.58234137
25193,-1.29383229,-0.429288454
25194,0.124361231,0.0633875975
25195,,
25196,0.0145762621,0.756247404
25197,-0.284513917,0.639217388
25198,-0.238379273,0.925988625
25199,0.172335519,-0.708068848
25200,0.761111379,0.0618343524
25201,0.761111379,0.0618343524
25202,0,-0.403222077
25203,-1.88314492,-0.524575488
25204,,
25205,-2.94905051,-0.128916253
25206,-0.201347756,0.472541483
25207,-1.46616349,-0.320938933
25208,0.720497836,0.8884255
25209,0.141071044,2.13129708
25210,0.141071044,2.13129708
25211,0.816347408,1.21346592
25212,-0.86730703,-0.447229807
25213,,
25214,-1.30544069,-0.0565808243
25215,-0.511890971,1.23244603
25216,-1.00830912,0.437814676
25217,-0.870003761,-0.74172054
25218,1.06135482,-2.34528933
25219,1.06135482,-2.34528933
25220,1.3008749,0.415272712
25221,-0.0418626186,-0.0620734053
25222,,
25223,0.964122516,0.140735505
25224,1.66013492,1.41139832
25225,0.654455993,0.596250896
25226,0.220923832,-0.137652588
25227,-1.27812567,0.473456692
25228,-1.27812567,0.473456692
25229,1.33698547,0.0829433956
25230,-0.0609804198,-2.00481168
25231,,
25232,-1.17767878,1.83951155
25233,0.949291833,0.860982556
25234,-0.0385736077,0.869095207
25235,0.465366021,-0.244178907
25236,1.2973062,-0.198016664
25237,1.2973062,-0.198016664
25238,0.080031698,-1.33095528
25239,-0.520898443,-2.23199262
25240,,
25241,0.427375998,0.623382703
25242,0.78461551,-1.07409757
25243,1.06908687,-1.62118641
25244,-0.823060642,-0.0741369182
25245,1.54397145,-0.265782072
25246,1.54397145,-0.265782072
25247,-0.92070915,-1.45220293
25248,-1.20018174,-0.947396786
25249,,
25250,0,-1.29193102
25251,0.800991252,-0.342621974
25252,-0.567427152,-0.79150214
25253,1.79197482,-0.118435931
25254,0.74208211,2.73072089
25255,0.74208211,2.73072089
25256,-0.383974055,-0.696565389
25257,0.467046163,0.835384171
25258,,
25259,-0.899813395,-1.00278588
25260,2.02537635,-2.16031335
25261,0.984645725,-1.44876265
25262,0,0.703053535
25263,0,0.659021089
25264,0,0.659021089
25265,0.592217657,-0.354796507
25266,0.184379622,0.458222239
25267,,
25268,0.267231493,-0.565538993
25269,1.25358034,-0.50957635
25270,1.36550136,0.330481548
25271,-0.0760262131,0.530816493
25272,-1.27513581,0.123511849
25273,-1.27513581,0.123511849
25274,-0.625575376,0.201446316
25275,-0.936883119,0.826172095
25276,,
25277,0.0136814993,0.22127811
25278,0.104741683,0.229996693
25279,0.0217276685,0.934741351
25280,1.80997223,0.756587704
25281,-2.61279037,-0.281595285
25282,-2.61279037,-0.281595285
25283,0.500143671,-1.25405538
25284,-0.200746819,-0.385865043
25285,,
25286,1.11317493,0.190311499
25287,-0.386875041,-1.55968639
25288,-0.0199393745,-1.68541252
25289,0.603392178,-1.62592225
25290,0.896624131,-0.118717169
25291,0.896624131,-0.118717169
25292,-0.0993860023,-0.35321603
25293,1.81170152,-0.562371855
25294,,
25295,-0.467815641,-1.05242876
25296,1.42198145,0.300963266
25297,0.900391368,0.515780534
25298,0.523381719,-2.38473705
25299,0.705979256,-0.432752929
25300,0.705979256,-0.432752929
25301,0,-0.0595965571
25302,-0.141922757,1.71781013
25303,,
25304,0.3081579,1.47948488
25305,-1.1564808,0.495730331
25306,-0.139106521,0.0817033426
25307,-0.517854763,-1.21368607
25308,2.24010603,-0.390435896
25309,2.24010603,-0.390435896
25310,0.493038352,0.776434851
25311,0.204926289,-0.359234449
25312,,
25313,-0.232747363,0.42843449
25314,0.434328614,0.814796204
25315,-0.164321265,-0.125577514
25316,0.376669324,0.597982853
25317,-1.03445423,0.811759041
25318,-1.03445423,0.811759041
25319,1.36281931,0.197093002
25320,0.248093651,-0.0205765142
25321,,
25322,0.499365055,-0.94047209
25323,0.422464216,-0.986986282
25324,0.716313405,-0.62429549
25325,0.86331331,-0.223048045
25326,-0.429108315,1.42312185
25327,-0.429108315,1.42312185
25328,-0.0414038001,0.0786341295
25329,-0.12313631,0.695629361
25330,,
25331,0.672948295,-0.79905849
25332,-0.946556858,-0.661371681
25333,-0.396216462,0.118956097
25334,-1.51122583,1.04894335
25335,-1.45603834,0.993878039
25336,-1.45603834,0.993878039
25337,-1.42222848,0.711195237
25338,-0.0852679509,1.15029718
25339,,
25340,-0.228112538,0.822853047
25341,-0.157370049,-0.300116763
25342,0.182548111,-0.874814714
25343,-0.851363557,-0.574154796
25344,0.887826997,-0.441275904
25345,0.887826997,-0.441275904
25346,0.522052997,0.781062194
25347,-0.593014028,-1.01452884
25348,,
25349,0.98926284,-0.835732183
25350,1.77222258,0.917806375
25351,0.944206952,0.985802515
25352,2.20056837,-1.26857462
25353,-0.870175469,0.716476916
25354,-0.870175469,0.716476916
25355,0.564398136,-0.418625726
25356,1.0246023,-0.702978687
25357,,
25358,1.21277444,-1.32396077
25359,-1.27515525,0.619721333
25360,-0.695509202,-0.264439144
25361,0.339407786,1.06916626
25362,-0.473288957,0.449517411
25363,-0.473288957,0.449517411
25364,-0.841194966,-0.355379693
25365,-0.429161372,-1.77741905
25366,,
25367,2.08305604,0.60992362
25368,-0.315771466,1.50466728
25369,-0.322992188,0.563030743
25370,-1.15969096,0.117961278
25371,1.49509275,0.0406636573
25372,1.49509275,0.0406636573
25373,0.92760357,-0.142976888
25374,-0.682836766,1.63992594
25375,,
25376,1.32980949,-0.335884711
25377,3.05902323,-0.622024843
25378,2.18884783,-0.252910975
25379,0.62842516,-1.07866295
25380,0.393695494,1.19866608
25381,0.393695494,1.19866608
25382,-0.197135422,0.117937145
25383,1.10598058,-1.19269523
25384,,
25385,-0.756888358,1.04997093
25386,1.09008614,0.138790756
25387,1.114538,0.523919769
25388,0.393304254,1.33065134
25389,0.125688368,-0.984412158
25390,0.125688368,-0.984412158
25391,0.544813715,-0.140841849
25392,-1.00040944,0.459301793
25393,,
25394,-1.34401667,-0.879305841
25395,-0.172348794,-0.640291373
25396,-0.325213583,0.170695191
25397,1.92344593,0.324248133
25398,-0.259414087,0.160762835
25399,-0.259414087,0.160762835
25400,2.11049978,-1.32033757
25401,-1.14056462,-0.791382568
25402,,
25403,-1.06579937,-2.04344103
25404,0.97928521,0.203522055
25405,0.450321038,0
25406,0.357332912,0
25407,-0.430853169,0.61982138
25408,-0.430853169,0.61982138
25409,1.01160779,-0.508623327
25410,0.07739895,0.24847485
25411,,
25412,-1.44158336,-0.577789692
25413,1.7471447,-0.581193906
25414,1.85278099,0.744603904
25415,-0.163461349,1.61784997
25416,0.181432099,0.966925132
25417,0.181432099,0.966925132
25418,-0.953991645,-0.798114121
25419,0.812912758,-0.56901007
25420,,
25421,0.451051592,2.00745586
25422,-0.550037245,1.56437544
25423,0.234235572,2.35699916
25424,-0.877105472,-0.654112037
25425,-0.481243916,-0.0630581149
25426,-0.481243916,-0.0630581149
25427,0.935948302,1.13867972
25428,0.10219968,0.474603779
25429,,
25430,-0.312101102,-0.814873137
25431,0.279720674,1.64779447
25432,0.394647336,0.671601444
25433,-0.164732419,-0.490633925
25434,2.54389262,-0.550139053
25435,2.54389262,-0.550139053
25436,0.864447856,0.120160925
25437,0.735576255,0.38940155
25438,,
25439,-1.1995945,-1.09162722
25440,-0.097859523,0.369775455
25441,0.563484894,-0.287889032
25442,0.957385037,-0.403392477
25443,1.40518882,-1.30485266
25444,1.40518882,-1.30485266
25445,0.997545598,0.0201563303
25446,-0.442094663,1.24608745
25447,,
25448,-0.746961814,0.462129788
25449,-0.0859236917,-0.381159256
25450,0.23682908,-0.913513108
25451,0.187963234,-0.855252986
25452,2.08287008,0.908479089
25453,2.08287008,0.908479089
25454,-0.750160772,-0.712549153
25455,-0.505828939,-1.54128047
25456,,
25457,-0.435508202,0.646700221
25458,-2.45786627,-0.114758021
25459,-0.834972476,0.439835561
25460,-1.31396664,1.28351769
25461,-0.123040236,0.639001242
25462,-0.123040236,0.639001242
25463,0.019964416,1.00564584
25464,-1.14610875,-0.599078219
25465,,
25466,0.200562953,0.753482897
25467,1.64263539,-0.80240371
25468,1.84131558,-1.36059199
25469,2.50746886,-0.5753684
25470,-0.875962921,0.553920182
25471,-0.875962921,0.553920182
25472,-0.338434892,-0.245401704
25473,-1.29495729,-1.11051081
25474,,
25475,,
25476,-0.042050502,-0.0199179513
25477,0.213068443,-0.249709102
25478,0.467839206,-1.27658851
25479,-0.819143226,0.300596209
25480,-0.819143226,0.300596209
25481,-0.819143226,0.300596209
25482,,
25483,0.903116717,1.14522867
25484,0.903116717,1.14522867
25485,-0.769759047,1.18005434
25486,-0.848316514,0.377930365
25487,-0.848316514,0.377930365
25488,-0.848316514,0.377930365
25489,,
25490,0.447183957,-0.243904884
25491,0.447183957,-0.243904884
25492,1.39609698,0.113175497
25493,0.0396535559,-1.08398088
25494,0.0396535559,-1.08398088
25495,0.0396535559,-1.08398088
25496,,
25497,0.0199538943,-0.750193138
25498,0.0199538943,-0.750193138
25499,0.950786097,-0.326265711
25500,-0.514148551,0.632715748
25501,-0.514148551,0.632715748
25502,-0.514148551,0.632715748
25503,,
25504,-0.713049914,-0.228311568
25505,-0.713049914,-0.228311568
25506,0.582954645,-1.20368959
25507,0.494715643,-0.773353684
25508,0.494715643,-0.773353684
25509,0.494715643,-0.773353684
25510,,
25511,-1.69513278,-0.58278839
25512,-1.69513278,-0.58278839
25513,1.04887685,-0.483125676
25514,-1.219629,-0.842577712
25515,-1.219629,-0.842577712
25516,-1.219629,-0.842577712
25517,,
25518,1.34726579,-0.506835662
25519,1.34726579,-0.506835662
25520,1.03565055,-1.27655206
25521,1.3816392,-0.400094397
25522,1.3816392,-0.400094397
25523,1.3816392,-0.400094397
25524,,
25525,0.782109247,-0.525666638
25526,0.782109247,-0.525666638
25527,-0.409817302,-1.02039382
25528,0.817431279,0.79917921
25529,0.817431279,0.79917921
25530,0.817431279,0.79917921
25531,,
25532,-0.11804407,-1.43042293
25533,-0.11804407,-1.43042293
25534,-0.313907002,1.43386542
25535,-0.781113145,-1.9805758
25536,-0.781113145,-1.9805758
25537,-0.781113145,-1.9805758
25538,,
25539,-1.80085053,-1.1059492
25540,-1.80085053,-1.1059492
25541,0.0872060831,-0.753598284
25542,-1.30481387,-1.12488498
25543,-1.30481387,-1.12488498
25544,-1.30481387,-1.12488498
25545,,
25546,0.0398465814,-0.0604811859
25547,0.0398465814,-0.0604811859
25548,-0.781392345,-1.04234881
25549,0.0201271676,0.607412737
25550,0.0201271676,0.607412737
25551,0.0201271676,0.607412737
25552,,
25553,0.11807076,-1.79521195
25554,0.11807076,-1.79521195
25555,-1.88366841,3.71239786
25556,0.139257666,-1.04433289
25557,0.139257666,-1.04433289
25558,0.139257666,-1.04433289
25559,,
25560,1.0297001,-1.34974866
25561,1.0297001,-1.34974866
25562,0.462819033,0.256189636
25563,0.0208865321,0.855220768
25564,0.0208865321,0.855220768
25565,0.0208865321,0.855220768
25566,,
25567,-0.514173935,1.81211701
25568,-0.514173935,1.81211701
25569,-0.638650082,0.804281102
25570,1.75874879,-0.406207112
25571,1.75874879,-0.406207112
25572,1.75874879,-0.406207112
25573,,
25574,0.4325265,1.44646258
25575,0.4325265,1.44646258
25576,-0.0705843585,-0.783420197
25577,0.654720834,-0.179033495
25578,0.654720834,-0.179033495
25579,0.654720834,-0.179033495
25580,,
25581,1.35753649,0.0200534769
25582,1.35753649,0.0200534769
25583,0.774147335,0.660069214
25584,0.621251882,-0.690604928
25585,0.621251882,-0.690604928
25586,0.621251882,-0.690604928
25587,,
25588,1.22889568,2.1241198
25589,1.22889568,2.1241198
25590,1.82539322,0.914262333
25591,-0.40779756,0.495665298
25592,-0.40779756,0.495665298
25593,-0.40779756,0.495665298
25594,,
25595,-0.748662166,-0.120285285
25596,-0.748662166,-0.120285285
25597,-0.236584182,1.45845373
25598,0.396115862,1.2030265
25599,0.396115862,1.2030265
25600,0.396115862,1.2030265
25601,,
25602,1.88305591,1.02646211
25603,1.88305591,1.02646211
25604,-0.94686025,0.496971535
25605,-0.530617507,-1.27751144
25606,-0.530617507,-1.27751144
25607,-0.530617507,-1.27751144
25608,,
25609,-0.884758113,-0.647186527
25610,-0.884758113,-0.647186527
25611,-0.0947872564,-1.77589282
25612,0.139359164,0.285193642
25613,0.139359164,0.285193642
25614,0.139359164,0.285193642
25615,,
25616,-1.42005953,-0.891384584
25617,-1.42005953,-0.891384584
25618,-0.0594329421,0.474468041
25619,0.298299235,-1.88810404
25620,0.298299235,-1.88810404
25621,0.298299235,-1.88810404
25622,,
25623,1.71415765,-0.635506777
25624,1.71415765,-0.635506777
25625,0.699759148,-0.736781982
25626,0.360590079,1.71958844
25627,0.360590079,1.71958844
25628,0.360590079,1.71958844
25629,,
25630,0.422194127,-0.521862125
25631,0.422194127,-0.521862125
25632,-1.00859181,-0.113833745
25633,-1.21119972,1.59284994
25634,-1.21119972,1.59284994
25635,-1.21119972,1.59284994
25636,,
25637,0.593323192,-0.0816326105
25638,0.593323192,-0.0816326105
25639,0.454167562,1.23049735
25640,0.744830117,0.782341115
25641,0.744830117,0.782341115
25642,0.744830117,0.782341115
25643,,
25644,-0.662418465,-0.528965242
25645,-0.662418465,-0.528965242
25646,1.16686661,-0.804795475
25647,-1.05182568,-0.511358147
25648,-1.05182568,-0.511358147
25649,-1.05182568,-0.511358147
25650,,
25651,0.45589449,-2.36558106
25652,0.45589449,-2.36558106
25653,0.201339093,-0.781205596
25654,-0.0413130649,0.876789879
25655,-0.0413130649,0.876789879
25656,-0.0413130649,0.876789879
25657,,
25658,0.813740361,-0.725191248
25659,0.813740361,-0.725191248
25660,-1.11554289,3.3015271
25661,-1.1755683,0.443608009
25662,-1.1755683,0.443608009
25663,-1.1755683,0.443608009
25664,,
25665,-0.124390163,-0.264904921
25666,-0.124390163,-0.264904921
25667,0.731124868,-0.861455242
25668,-0.571903664,0.121972397
25669,-0.571903664,0.121972397
25670,-0.571903664,0.121972397
25671,,
25672,-0.980807101,-0.287725636
25673,-0.980807101,-0.287725636
25674,0,2.36732498
25675,-1.03215542,-0.20075493
25676,-1.03215542,-0.20075493
25677,-1.03215542,-0.20075493
25678,,
25679,0.48956269,-0.255722338
25680,0.48956269,-0.255722338
25681,-0.302291841,1.23719621
25682,0.39600064,-0.874728057
25683,0.39600064,-0.874728057
25684,0.39600064,-0.874728057
25685,,
25686,-0.737615869,-2.07878122
25687,-0.737615869,-2.07878122
25688,-2.55111179,-0.94303298
25689,-1.24001482,-0.0802639573
25690,-1.24001482,-0.0802639573
25691,-1.24001482,-0.0802639573
25692,,
25693,-0.854473917,0.769158863
25694,-0.854473917,0.769158863
25695,-1.5314625,-0.0718617049
25696,-0.341028053,2.37243749
25697,-0.341028053,2.37243749
25698,-0.341028053,2.37243749
25699,,
25700,0.166579712,-2.27174909
25701,0.166579712,-2.27174909
25702,1.75430194,-1.73099138
25703,-0.416871685,-1.43177607
25704,-0.416871685,-1.43177607
25705,-0.416871685,-1.43177607
25706,,
25707,-1.75442915,0.175838381
25708,-1.75442915,0.175838381
25709,0.788724754,-0.0417827883
25710,0.296662982,1.10114661
25711,0.296662982,1.10114661
25712,0.296662982,1.10114661
25713,,
25714,-0.879902973,-1.07873589
25715,-0.879902973,-1.07873589
25716,-0.523895564,-0.853446925
25717,-0.937861729,-0.548033241
25718,-0.937861729,-0.548033241
25719,-0.937861729,-0.548033241
25720,,
25721,0.18307819,-0.324461902
25722,0.18307819,-0.324461902
25723,-0.231214681,-0.346291569
25724,-0.30978389,-1.36591465
25725,-0.30978389,-1.36591465
25726,-0.30978389,-1.36591465
25727,,
25728,-1.35409965,-1.08922814
25729,-1.35409965,-1.08922814
25730,0.368465584,-0.8660225
25731,0.700707637,-0.21370664
25732,0.700707637,-0.21370664
25733,0.700707637,-0.21370664
25734,,
25735,0.922910662,-0.309601919
25736,0.922910662,-0.309601919
25737,0.415176693,1.06206246
25738,-0.35654494,1.25274609
25739,-0.35654494,1.25274609
25740,-0.35654494,1.25274609
25741,,
25742,-0.731170535,0.558708609
25743,-0.731170535,0.558708609
25744,0.187699071,-1.47641527
25745,0.47517063,0.125542098
25746,0.47517063,0.125542098
25747,0.47517063,0.125542098
25748,,
25749,-0.935130779,-0.103154612
25750,-0.935130779,-0.103154612
25751,-0.288614521,-0.331364581
25752,0.187322908,0.208713739
25753,0.187322908,0.208713739
25754,0.187322908,0.208713739
25755,,
25756,-0.146220434,1.20300341
25757,-0.146220434,1.20300341
25758,0.335182048,-0.828429672
25759,0.391215391,0.58110496
25760,0.391215391,0.58110496
25761,0.391215391,0.58110496
25762,,
25763,0.901495736,0.747604279
25764,0.901495736,0.747604279
25765,-1.82185771,-1.70556981
25766,1.03968393,-0.91677777
25767,1.03968393,-0.91677777
25768,1.03968393,-0.91677777
25769,,
25770,-0.748814318,-0.65742967
25771,-0.748814318,-0.65742967
25772,0.820596038,-0.824650439
25773,0.180378786,1.0165897
25774,0.180378786,1.0165897
25775,0.180378786,1.0165897
25776,,
25777,0,-0.391096558
25778,0,-0.391096558
25779,1.9057999,-0.0147882254
25780,-1.4097387,-0.30188422
25781,-1.4097387,-0.30188422
25782,-1.4097387,-0.30188422
25783,,
25784,-1.00046549,0.502849488
25785,-1.00046549,0.502849488
25786,1.29676775,-0.0286916657
25787,-0.55308246,0.603066355
25788,-0.55308246,0.603066355
25789,-0.55308246,0.603066355
25790,,
25791,0.370754542,-0.714409888
25792,0.370754542,-0.714409888
25793,-1.42340597,0.941744468
25794,-0.63963229,0.452585474
25795,-0.63963229,0.452585474
25796,-0.63963229,0.452585474
25797,,
25798,2.17181588,0.600615467
25799,2.17181588,0.600615467
25800,-0.630331287,0.637723598
25801,-0.249152589,-2.56274321
25802,-0.249152589,-2.56274321
25803,-0.249152589,-2.56274321
25804,,
25805,2.44886585,-1.91822506
25806,2.44886585,-1.91822506
25807,-1.82156237,-0.152453414
25808,-0.277302096,-0.723154064
25809,-0.277302096,-0.723154064
25810,-0.277302096,-0.723154064
25811,,
25812,-1.30796581,-1.98945199
25813,-1.30796581,-1.98945199
25814,-0.568558396,-0.684181386
25815,1.45322461,-1.62609485
25816,1.45322461,-1.62609485
25817,1.45322461,-1.62609485
25818,,
25819,-1.02628289,-0.0597498142
25820,-1.02628289,-0.0597498142
25821,0.185528812,-2.38626097
25822,-2.37184431,1.0976671
25823,-2.37184431,1.0976671
25824,-2.37184431,1.0976671
25825,,
25826,-0.934088607,0.849001604
25827,-0.934088607,0.849001604
25828,-0.817714121,1.57437423
25829,0.192674776,-0.0632867003
25830,0.192674776,-0.0632867003
25831,0.192674776,-0.0632867003
25832,,
25833,-2.75966026,-1.01908757
25834,-2.75966026,-1.01908757
25835,-1.60424476,0.889117746
25836,-0.749338413,-0.142886081
25837,-0.749338413,-0.142886081
25838,-0.749338413,-0.142886081
25839,,
25840,-0.742342353,-1.46988397
25841,-0.742342353,-1.46988397
25842,0.889828882,-2.1808556
25843,-0.453289853,-0.542816622
25844,-0.453289853,-0.542816622
25845,-0.453289853,-0.542816622
25846,,
25847,0.345330496,1.34543618
25848,0.345330496,1.34543618
25849,-0.682227439,1.09737126
25850,0.538269795,-1.42501199
25851,0.538269795,-1.42501199
25852,0.538269795,-1.42501199
25853,,
25854,0.0586406261,-0.537160154
25855,0.0586406261,-0.537160154
25856,0.763564136,-0.57148879
25857,1.31476894,0.575526215
25858,1.31476894,0.575526215
25859,1.31476894,0.575526215
25860,,
25861,-0.948028325,-0.0201550169
25862,-0.948028325,-0.0201550169
25863,0.832174927,-0.911763825
25864,-0.975543782,0.788068543
25865,-0.975543782,0.788068543
25866,-0.975543782,0.788068543
25867,,
25868,0.185290111,-0.0209057869
25869,0.185290111,-0.0209057869
25870,0.585167743,-0.232972273
25871,-0.666896844,0.12609466
25872,-0.666896844,0.12609466
25873,-0.666896844,0.12609466
25874,,
25875,0.418421782,-0.180067978
25876,0.418421782,-0.180067978
25877,1.50805923,-0.17016351
25878,0.637256881,0.504577645
25879,0.637256881,0.504577645
25880,0.637256881,0.504577645
25881,,
25882,-0.731497313,-0.0972900652
25883,-0.731497313,-0.0972900652
25884,2.39322862,1.52753147
25885,-0.0406571288,0.226710028
25886,-0.0406571288,0.226710028
25887,-0.0406571288,0.226710028
25888,,
25889,1.9209394,-0.421275896
25890,1.9209394,-0.421275896
25891,-0.271356655,1.11498872
25892,-0.529763808,-0.0213891533
25893,-0.529763808,-0.0213891533
25894,-0.529763808,-0.0213891533
25895,,
25896,-0.954917802,-0.715694192
25897,-0.954917802,-0.715694192
25898,0.535462352,-1.15288049
25899,-0.67185592,-0.0210955197
25900,-0.67185592,-0.0210955197
25901,-0.67185592,-0.0210955197
25902,,
25903,1.06128229,0.706392836
25904,1.06128229,0.706392836
25905,1.13708919,-1.20580836
25906,-1.87332516,1.4867884
25907,-1.87332516,1.4867884
25908,-1.87332516,1.4867884
25909,,
25910,-1.4967416,-1.29810042
25911,-1.4967416,-1.29810042
25912,1.53850088,1.14167836
25913,-2.56242788,0.219731969
25914,-2.56242788,0.219731969
25915,-2.56242788,0.219731969
25916,,
25917,-0.221225961,-0.532690065
25918,-0.221225961,-0.532690065
25919,0.737357002,-1.30237378
25920,1.49825389,0.0978241595
25921,1.49825389,0.0978241595
25922,1.49825389,0.0978241595
25923,,
25924,1.98303465,0.28075759
25925,1.98303465,0.28075759
25926,0.681432817,-1.15095495
25927,-0.474031067,1.14878683
25928,-0.474031067,1.14878683
25929,-0.474031067,1.14878683
25930,,
25931,0.770682866,-0.852961222
25932,0.770682866,-0.852961222
25933,0.981499223,0.676109955
25934,-0.835606105,-2.38987633
25935,-0.835606105,-2.38987633
25936,-0.835606105,-2.38987633
25937,,
25938,0.0818897961,-0.26804877
25939,0.0818897961,-0.26804877
25940,1.16628516,-2.00756146
25941,-0.119433688,-0.0630236499
25942,-0.119433688,-0.0630236499
25943,-0.119433688,-0.0630236499
25944,,
25945,0.0409980323,-0.952832031
25946,0.0409980323,-0.952832031
25947,0.250242688,-0.856997426
25948,1.01476976,-1.12351741
25949,1.01476976,-1.12351741
25950,1.01476976,-1.12351741
25951,,
25952,0.783969615,0.0788372007
25953,0.783969615,0.0788372007
25954,-0.329300423,2.50661685
25955,-0.0417310859,0.574267667
25956,-0.0417310859,0.574267667
25957,-0.0417310859,0.574267667
25958,,
25959,-1.21123134,-0.690230331
25960,-1.21123134,-0.690230331
25961,-0.632925363,-2.22692233
25962,1.50298851,0.377312923
25963,1.50298851,0.377312923
25964,1.50298851,0.377312923
25965,,
25966,-0.0809431367,1.91631234
25967,-0.0809431367,1.91631234
25968,-1.92005851,-0.207641214
25969,-1.6891316,3.47520803
25970,-1.6891316,3.47520803
25971,-1.6891316,3.47520803
25972,,
25973,-0.0196522425,-0.742124907
25974,-0.0196522425,-0.742124907
25975,-0.0426181284,0.174239468
25976,-0.124510395,0.683478663
25977,-0.124510395,0.683478663
25978,-0.124510395,0.683478663
25979,,
25980,-0.178218063,-0.94001178
25981,-0.178218063,-0.94001178
25982,-0.0290482931,-0.361887037
25983,0.545598198,0.963248961
25984,0.545598198,0.963248961
25985,0.545598198,0.963248961
25986,,
25987,-0.539233192,-1.26367745
25988,-0.539233192,-1.26367745
25989,-1.98274288,-0.628842707
25990,0.856053974,0.96113959
25991,0.856053974,0.96113959
25992,0.856053974,0.96113959
25993,,
25994,-0.401538252,1.74325654
25995,-0.401538252,1.74325654
25996,-0.320768736,-0.281301678
25997,-0.463775698,-0.911364897
25998,-0.463775698,-0.911364897
25999,-0.463775698,-0.911364897
26000,,
26001,-1.66406309,-0.440583414
26002,-1.66406309,-0.440583414
26003,0.353661318,-0.234170371
26004,0.18335641,-0.906905591
26005,0.18335641,-0.906905591
26006,0.18335641,-0.906905591
26007,,
26008,1.0295935,-1.43309141
26009,1.0295935,-1.43309141
26010,1.58839964,1.13167998
26011,0.11994506,0.941207817
26012,0.11994506,0.941207817
26013,0.11994506,0.941207817
26014,,
26015,0.465333366,-0.22539318
26016,0.465333366,-0.22539318
26017,-0.157833024,0.579801548
26018,0.226121015,0.322789499
26019,0.226121015,0.322789499
26020,0.226121015,0.322789499
26021,,
26022,0.243479966,0.698192268
26023,0.243479966,0.698192268
26024,-0.133362121,-0.519403062
26025,0.157660281,-0.752286654
26026,0.157660281,-0.752286654
26027,0.157660281,-0.752286654
26028,,
26029,0.163600279,-1.987681
26030,0.163600279,-1.987681
26031,0.309921026,0.113549744
26032,-0.674583338,0.182351547
26033,-0.674583338,0.182351547
26034,-0.674583338,0.182351547
26035,,
26036,-1.69449837,1.61018798
26037,-1.69449837,1.61018798
26038,0.822873841,1.2509208
26039,-1.46720813,-0.0408412524
26040,-1.46720813,-0.0408412524
26041,-1.46720813,-0.0408412524
26042,,
26043,0.411257407,2.44765265
26044,0.411257407,2.44765265
26045,0.611154643,1.15136346
26046,2.18739567,-0.225370415
26047,2.18739567,-0.225370415
26048,2.18739567,-0.225370415
26049,,
26050,0.924533217,1.45962802
26051,0.924533217,1.45962802
26052,-1.25375178,0.855158
26053,0.672862676,-0.0618621546
26054,0.672862676,-0.0618621546
26055,0.672862676,-0.0618621546
26056,,
26057,-1.21983605,0.557441796
26058,-1.21983605,0.557441796
26059,0.969425607,-0.282676273
26060,-0.119849067,0.784512024
26061,-0.119849067,0.784512024
26062,-0.119849067,0.784512024
26063,,
26064,-1.22385057,0.895018764
26065,-1.22385057,0.895018764
26066,-0.552600182,0.647985292
26067,-0.125901233,1.1299949
26068,-0.125901233,1.1299949
26069,-0.125901233,1.1299949
26070,,
26071,-0.503883631,0.0573347404
26072,-0.503883631,0.0573347404
26073,1.70952351,-0.0276435224
26074,0.180759517,0.098533791
26075,0.180759517,0.098533791
26076,0.180759517,0.098533791
26077,,
26078,0.129453514,0.802685094
26079,0.129453514,0.802685094
26080,0.28884123,-1.06988238
26081,-2.00258344,-1.52729343
26082,-2.00258344,-1.52729343
26083,-2.00258344,-1.52729343
26084,,
26085,1.32227534,-0.50592446
26086,1.32227534,-0.50592446
26087,0.0583111503,0.19027645
26088,-0.379662355,1.71254491
26089,-0.379662355,1.71254491
26090,-0.379662355,1.71254491
26091,,
26092,0.191529785,-1.33218144
26093,0.191529785,-1.33218144
26094,-0.117916052,-0.692479039
26095,-0.0409348375,-0.499493752
26096,-0.0409348375,-0.499493752
26097,-0.0409348375,-0.499493752
26098,,
26099,-0.378330886,-0.098878937
26100,-0.378330886,-0.098878937
26101,-0.390706702,-0.103173652
26102,-0.573479226,0.497174666
26103,-0.573479226,0.497174666
26104,-0.573479226,0.497174666
26105,,
26106,1.41677973,-1.27675029
26107,1.41677973,-1.27675029
26108,0.144168596,0.204349207
26109,-0.522240964,-0.658716506
26110,-0.522240964,-0.658716506
26111,-0.522240964,-0.658716506
26112,,
26113,1.21882329,0.372173378
26114,1.21882329,0.372173378
26115,0.990555929,-0.842890124
26116,1.12460871,0.681922347
26117,1.12460871,0.681922347
26118,1.12460871,0.681922347
26119,,
26120,0.413948641,-0.647499908
26121,0.413948641,-0.647499908
26122,-0.348406778,0
26123,-0.724645355,-0.51505393
26124,-0.724645355,-0.51505393
26125,-0.724645355,-0.51505393
26126,,
26127,0.308305047,0.513727534
26128,0.308305047,0.513727534
26129,0.431377191,-1.27144841
26130,0.452627361,0.245529382
26131,0.452627361,0.245529382
26132,0.452627361,0.245529382
26133,,
26134,-0.490677296,1.78457196
26135,-0.490677296,1.78457196
26136,0.128336809,1.5894453
26137,1.63825052,1.28744099
26138,1.63825052,1.28744099
26139,1.63825052,1.28744099
26140,,
26141,-0.612414646,-0.103445021
26142,-0.612414646,-0.103445021
26143,-2.4058497,-0.191652877
26144,0.0615470764,-0.54376598
26145,0.0615470764,-0.54376598
26146,0.0615470764,-0.54376598
26147,,
26148,-0.493992838,-0.262632542
26149,-0.493992838,-0.262632542
26150,0.399449827,1.68328278
26151,-1.92462293,1.50839368
26152,-1.92462293,1.50839368
26153,-1.92462293,1.50839368
26154,,
26155,-0.164120084,-0.0206022397
26156,-0.164120084,-0.0206022397
26157,0.347120622,1.11508557
26158,0.293057638,-1.49755706
26159,0.293057638,-1.49755706
26160,0.293057638,-1.49755706
26161,,
26162,1.19049213,0.998574483
26163,1.19049213,0.998574483
26164,0.728275909,0.284434871
26165,0.908392129,-0.999775514
26166,0.908392129,-0.999775514
26167,0.908392129,-0.999775514
26168,,
26169,0.294042237,1.3273228
26170,0.294042237,1.3273228
26171,-0.0752150592,0.533026907
26172,0.157993281,-1.18929996
26173,0.157993281,-1.18929996
26174,0.157993281,-1.18929996
26175,,
26176,1.71112894,1.37352883
26177,1.71112894,1.37352883
26178,0.719918747,-0.101911264
26179,0.447265478,-0.183256928
26180,0.447265478,-0.183256928
26181,0.447265478,-0.183256928
26182,,
26183,1.45072824,0.35555614
26184,1.45072824,0.35555614
26185,-0.0410758044,-0.542511564
26186,0.585554029,1.36194529
26187,0.585554029,1.36194529
26188,0.585554029,1.36194529
26189,,
26190,0.0417416085,0.101806019
26191,0.0417416085,0.101806019
26192,0.316244306,-0.390792852
26193,0.995935145,-1.01676591
26194,0.995935145,-1.01676591
26195,0.995935145,-1.01676591
26196,,
26197,1.73760887,0.289811971
26198,1.73760887,0.289811971
26199,-0.311889665,0.741603158
26200,0.577706756,-0.165387972
26201,0.577706756,-0.165387972
26202,0.577706756,-0.165387972
26203,,
26204,1.85181717,-1.63504182
26205,1.85181717,-1.63504182
26206,-1.14039838,0
26207,0.530703381,-0.690960476
26208,0.530703381,-0.690960476
26209,0.530703381,-0.690960476
26210,,
26211,0.374695654,-1.04329136
26212,0.374695654,-1.04329136
26213,-1.06228901,-0.213991324
26214,0,-0.139542533
26215,0,-0.139542533
26216,0,-0.139542533
26217,,
26218,0.11846231,-0.627178981
26219,0.11846231,-0.627178981
26220,-0.531860879,-0.844770207
26221,0.732468358,1.46018692
26222,0.732468358,1.46018692
26223,0.732468358,1.46018692
26224,,
26225,-0.537600836,-0.545714149
26226,-0.537600836,-0.545714149
26227,0.937039152,1.52184225
26228,1.27753602,0.838438742
26229,1.27753602,0.838438742
26230,1.27753602,0.838438742
26231,,
26232,1.11857654,-0.0791443908
26233,1.11857654,-0.0791443908
26234,0.875941983,-0.883990964
26235,-0.0405474168,-0.293341262
26236,-0.0405474168,-0.293341262
26237,-0.0405474168,-0.293341262
26238,,
26239,-1.50965546,0.62440393
26240,-1.50965546,0.62440393
26241,-0.41501126,-0.846375833
26242,-1.76206252,3.0600285
26243,-1.76206252,3.0600285
26244,-1.76206252,3.0600285
26245,,
26246,0.792809496,1.25726473
26247,0.792809496,1.25726473
26248,1.35150006,1.61691886
26249,0.588487971,0.767130933
26250,0.588487971,0.767130933
26251,0.588487971,0.767130933
26252,,
26253,-0.121568136,-0.746063558
26254,-0.121568136,-0.746063558
26255,-0.355931054,-0.378278024
26256,0.100841429,-0.441934645
26257,0.100841429,-0.441934645
26258,0.100841429,-0.441934645
26259,,
26260,-0.958279045,-1.07309969
26261,-0.958279045,-1.07309969
26262,-0.493848921,-0.897624628
26263,-1.01928525,-0.126182965
26264,-1.01928525,-0.126182965
26265,-1.01928525,-0.126182965
26266,,
26267,-0.403129685,0.458491414
26268,-0.403129685,0.458491414
26269,0.934894431,0.916544309
26270,0.549631992,-1.32887549
26271,0.549631992,-1.32887549
26272,0.549631992,-1.32887549
26273,,
26274,1.49853727,0.283130464
26275,1.49853727,0.283130464
26276,-0.295289982,-0.601019009
26277,0.163144695,1.57767405
26278,0.163144695,1.57767405
26279,0.163144695,1.57767405
26280,,
26281,-1.0302292,1.1507388
26282,-1.0302292,1.1507388
26283,0.268729568,-0.0892274514
26284,-0.981151993,-0.614460762
26285,-0.981151993,-0.614460762
26286,-0.981151993,-0.614460762
26287,,
26288,-0.105643395,1.55326875
26289,-0.105643395,1.55326875
26290,1.44595227,-0.131154237
26291,-0.635811386,-0.58883262
26292,-0.635811386,-0.58883262
26293,-0.635811386,-0.58883262
26294,,
26295,2.12220822,-0.63928178
26296,2.12220822,-0.63928178
26297,-1.19581504,-1.53995034
26298,2.68171776,-0.314572447
26299,2.68171776,-0.314572447
26300,2.68171776,-0.314572447
26301,,
26302,0.413252198,-0.314261172
26303,0.413252198,-0.314261172
26304,-0.227542015,-0.750268644
26305,0.246821413,1.73458334
26306,0.246821413,1.73458334
26307,0.246821413,1.73458334
26308,,
26309,0.0821807083,-1.06066075
26310,0.0821807083,-1.06066075
26311,-0.812066069,-0.683711674
26312,-0.623982742,-0.715209487
26313,-0.623982742,-0.715209487
26314,-0.623982742,-0.715209487
26315,,
26316,0.96528282,0.291673201
26317,0.96528282,0.291673201
26318,-0.172143868,0.179416146
26319,1.80133145,1.2391754
26320,1.80133145,1.2391754
26321,1.80133145,1.2391754
26322,,
26323,0.621902283,-1.5715631
26324,0.621902283,-1.5715631
26325,0.0998704634,-2.24298008
26326,-0.567846637,-0.911031375
26327,-0.567846637,-0.911031375
26328,-0.567846637,-0.911031375
26329,,
26330,-1.00168064,-0.101988452
26331,-1.00168064,-0.101988452
26332,0.880687193,0.106668362
26333,-0.513124164,-0.564989966
26334,-0.513124164,-0.564989966
26335,-0.513124164,-0.564989966
26336,,
26337,0,1.61840438
26338,0,1.61840438
26339,-0.811008027,0.2042148
26340,-2.18033497,0.531801997
26341,-2.18033497,0.531801997
26342,-2.18033497,0.531801997
26343,,
26344,-0.674036279,0.808899409
26345,-0.674036279,0.808899409
26346,-0.129472716,-0.197419618
26347,-0.794726341,0
26348,-0.794726341,0
26349,-0.794726341,0
26350,,
26351,-0.361540052,0.363337267
26352,-0.361540052,0.363337267
26353,0.367572256,1.94395416
26354,1.29981563,0.845139125
26355,1.29981563,0.845139125
26356,1.29981563,0.845139125
26357,,
26358,-2.62038831,-0.599482775
26359,-2.62038831,-0.599482775
26360,-0.956857995,0.754386245
26361,0.553515653,-0.137802794
26362,0.553515653,-0.137802794
26363,0.553515653,-0.137802794
26364,,
26365,0.426087961,0.206744709
26366,0.426087961,0.206744709
26367,-1.1913265,-1.24007863
26368,2.41374206,0.567897936
26369,2.41374206,0.567897936
26370,2.41374206,0.567897936
26371,,
26372,-0.249331795,1.31172779
26373,-0.249331795,1.31172779
26374,0.377697908,0.654013909
26375,0.365131425,1.33952686
26376,0.365131425,1.33952686
26377,0.365131425,1.33952686
26378,,
26379,0.831690391,-0.699850224
26380,0.831690391,-0.699850224
26381,0.346285968,1.3653272
26382,-0.315460616,-0.371047006
26383,-0.315460616,-0.371047006
26384,-0.315460616,-0.371047006
26385,,
26386,-0.297743756,-1.3035458
26387,-0.297743756,-1.3035458
26388,-2.56509344,0.0283829795
26389,-0.0391186132,-0.637223138
26390,-0.0391186132,-0.637223138
26391,-0.0391186132,-0.637223138
26392,,
26393,-0.164758075,0.549613179
26394,-0.164758075,0.549613179
26395,0.593503468,-1.07059464
26396,0.415419967,0.584814268
26397,0.415419967,0.584814268
26398,0.415419967,0.584814268
26399,,
26400,0.363454781,0.523807257
26401,0.363454781,0.523807257
26402,2.07453442,-0.672119282
26403,-0.708772149,0.780005465
26404,-0.708772149,0.780005465
26405,-0.708772149,0.780005465
26406,,
26407,1.02442984,1.0329618
26408,1.02442984,1.0329618
26409,-0.199120258,-0.874573386
26410,1.12130875,0.358754523
26411,1.12130875,0.358754523
26412,1.12130875,0.358754523
26413,,
26414,-1.03490383,1.21480925
26415,-1.03490383,1.21480925
26416,-0.525143694,-0.150559368
26417,-0.499366481,0.106270184
26418,-0.499366481,0.106270184
26419,-0.499366481,0.106270184
26420,,
26421,0.102449289,-0.747538539
26422,0.102449289,-0.747538539
26423,0.0142666268,1.25729494
26424,1.55708527,1.28722545
26425,1.55708527,1.28722545
26426,1.55708527,1.28722545
26427,,
26428,1.19478184,0.950695077
26429,1.19478184,0.950695077
26430,0.222783113,0.267688883
26431,1.1253749,-0.676237892
26432,1.1253749,-0.676237892
26433,1.1253749,-0.676237892
26434,,
26435,2.14296693,0.721404605
26436,2.14296693,0.721404605
26437,1.38257814,1.66892677
26438,1.02757627,-1.91477163
26439,1.02757627,-1.91477163
26440,1.02757627,-1.91477163
26441,,
26442,0.831454118,0.70862162
26443,0.831454118,0.70862162
26444,-0.759733148,-1.11741711
26445,-0.720493499,-0.317476268
26446,-0.720493499,-0.317476268
26447,-0.720493499,-0.317476268
26448,,
26449,0.337669741,-0.646740451
26450,0.337669741,-0.646740451
26451,-0.227598833,-0.0866210407
26452,1.24405664,1.65040425
26453,1.24405664,1.65040425
26454,1.24405664,1.65040425
26455,,
26456,1.31442666,0.462363463
26457,1.31442666,0.462363463
26458,1.04258652,-1.83044468
26459,0.860668518,-0.940622357
26460,0.860668518,-0.940622357
26461,0.860668518,-0.940622357
26462,,
26463,1.1757614,-0.811852163
26464,1.1757614,-0.811852163
26465,0.0137703279,0.188611236
26466,0,0.435138998
26467,0,0.435138998
26468,0,0.435138998
26469,,
26470,0.9778634,-0.602865997
26471,0.9778634,-0.602865997
26472,0.0719828464,-0.237986307
26473,-0.826036177,-0.659744522
26474,-0.826036177,-0.659744522
26475,-0.826036177,-0.659744522
26476,,
26477,0.205145128,0.310233904
26478,0.205145128,0.310233904
26479,-1.27126765,0.317832534
26480,-0.360116254,-0.401557239
26481,-0.360116254,-0.401557239
26482,-0.360116254,-0.401557239
26483,,
26484,-0.102317598,-0.267783542
26485,-0.102317598,-0.267783542
26486,0.48754989,0.722839292
26487,-0.251655121,-0.852396525
26488,-0.251655121,-0.852396525
26489,-0.251655121,-0.852396525
26490,,
26491,1.10373863,-1.68835573
26492,1.10373863,-1.68835573
26493,-0.541547422,0.510743491
26494,0.752133001,-0.610478783
26495,0.752133001,-0.610478783
26496,0.752133001,-0.610478783
26497,,
26498,-0.854539036,0.162174799
26499,-0.854539036,0.162174799
26500,2.46355488,-0.28716605
26501,0.0813691394,0.765737986
26502,0.0813691394,0.765737986
26503,0.0813691394,0.765737986
26504,,
26505,1.19949028,-0.219398715
26506,1.19949028,-0.219398715
26507,0.159165947,-0.244450812
26508,-0.649958931,0.224611748
26509,-0.649958931,0.224611748
26510,-0.649958931,0.224611748
26511,,
26512,1.29567161,0.871434237
26513,1.29567161,0.871434237
26514,-0.403240848,-1.01688992
26515,1.08221907,0.184392036
26516,1.08221907,0.184392036
26517,1.08221907,0.184392036
26518,,
26519,2.30930265,-1.33171862
26520,2.30930265,-1.33171862
26521,0.313415974,1.33709515
26522,-0.894148502,0.364767464
26523,-0.894148502,0.364767464
26524,-0.894148502,0.364767464
26525,,
26526,0.319650898,1.17406541
26527,0.319650898,1.17406541
26528,1.83761761,0.0976095991
26529,0.872559461,0.122475638
26530,0.872559461,0.122475638
26531,0.872559461,0.122475638
26532,,
26533,0.039702402,0.184164718
26534,0.039702402,0.184164718
26535,2.1617352,-0.342964166
26536,0.0999776015,-0.647357059
26537,0.0999776015,-0.647357059
26538,0.0999776015,-0.647357059
26539,,
26540,-0.74174394,0.266764225
26541,-0.74174394,0.266764225
26542,-0.21168542,-2.97733951
26543,-0.884525091,0.320702618
26544,-0.884525091,0.320702618
26545,-0.884525091,0.320702618
26546,,
26547,0.84301491,-0.313691278
26548,0.84301491,-0.313691278
26549,-0.418414289,0.362994385
26550,0.366439422,-0.447469477
26551,0.366439422,-0.447469477
26552,0.366439422,-0.447469477
26553,,
26554,-1.02493354,-0.467731654
26555,-1.02493354,-0.467731654
26556,-0.875359223,1.02652839
26557,-1.26610512,-0.125656863
26558,-1.26610512,-0.125656863
26559,-1.26610512,-0.125656863
26560,,
26561,-0.273227369,0.240578324
26562,-0.273227369,0.240578324
26563,-0.252866412,-1.39443553
26564,0.517803128,-1.56686221
26565,0.517803128,-1.56686221
26566,0.517803128,-1.56686221
26567,,
26568,-0.0403978788,0.46002281
26569,-0.0403978788,0.46002281
26570,0.888441371,-0.864280017
26571,1.35736935,-1.44592016
26572,1.35736935,-1.44592016
26573,1.35736935,-1.44592016
26574,,
26575,-2.14553174,0.319450628
26576,-2.14553174,0.319450628
26577,-0.343135808,-0.259011739
26578,-0.349264111,-1.50825637
26579,-0.349264111,-1.50825637
26580,-0.349264111,-1.50825637
26581,,
26582,0.406353758,1.14021676
26583,0.406353758,1.14021676
26584,0.0704069948,0.20510045
26585,-2.0132559,0.0812239577
26586,-2.0132559,0.0812239577
26587,-2.0132559,0.0812239577
26588,,
26589,1.30478813,0.418421782
26590,1.30478813,0.418421782
26591,-0.532868519,-1.57268549
26592,-0.446797201,0.864361189
26593,-0.446797201,0.864361189
26594,-0.446797201,0.864361189
26595,,
26596,-0.219749551,-0.967130207
26597,-0.219749551,-0.967130207
26598,-0.705309967,-1.50846968
26599,-0.28407315,-0.193567137
26600,-0.28407315,-0.193567137
26601,-0.28407315,-0.193567137
26602,,
26603,1.00418584,0.377888399
26604,1.00418584,0.377888399
26605,0.673856966,0.960028798
26606,1.03359068,0.9034013
26607,1.03359068,0.9034013
26608,1.03359068,0.9034013
26609,,
26610,-0.139444517,0.177000096
26611,-0.139444517,0.177000096
26612,-2.66087809,0.723975948
26613,-0.958622227,1.4295036
26614,-0.958622227,1.4295036
26615,-0.958622227,1.4295036
26616,,
26617,-0.0871536,1.9099686
26618,-0.0871536,1.9099686
26619,0,0.647298449
26620,1.49249983,-0.0607522292
26621,1.49249983,-0.0607522292
26622,1.49249983,-0.0607522292
26623,,
26624,1.14825469,0.946188245
26625,1.14825469,0.946188245
26626,1.16088697,-0.522953069
26627,0.137350755,-0.267946578
26628,0.137350755,-0.267946578
26629,0.137350755,-0.267946578
26630,,
26631,-1.17370604,0.280807126
26632,-1.17370604,0.280807126
26633,0.280061983,-2.32587744
26634,-2.29740361,2.44644908
26635,-2.29740361,2.44644908
26636,-2.29740361,2.44644908
26637,,
26638,-0.20793607,-0.430422906
26639,-0.20793607,-0.430422906
26640,-0.774500807,-0.952995241
26641,0.409683585,0.0204421194
26642,0.409683585,0.0204421194
26643,0.409683585,0.0204421194
26644,,
26645,-0.936371688,-0.856914347
26646,-0.936371688,-0.856914347
26647,0.432767206,0.52127819
26648,1.59389036,-2.19785979
26649,1.59389036,-2.19785979
26650,1.59389036,-2.19785979
26651,,
26652,-0.0634727365,-1.54866334
26653,-0.0634727365,-1.54866334
26654,-1.32014788,0.889367025
26655,1.84472202,-0.697810729
26656,1.84472202,-0.697810729
26657,1.84472202,-0.697810729
26658,,
26659,1.07407307,-2.00275455
26660,1.07407307,-2.00275455
26661,0.155788591,-1.0509703
26662,0.746931786,-0.601023636
26663,0.746931786,-0.601023636
26664,0.746931786,-0.601023636
26665,,
26666,1.01217713,0.225572221
26667,1.01217713,0.225572221
26668,-0.280717723,-0.873657215
26669,0.47845443,-0.299731639
26670,0.47845443,-0.299731639
26671,0.47845443,-0.299731639
26672,,
26673,1.22710342,-0.485675775
26674,1.22710342,-0.485675775
26675,-1.13255584,-0.57902987
26676,0.0820874075,0.805941019
26677,0.0820874075,0.805941019
26678,0.0820874075,0.805941019
26679,,
26680,-0.123567636,-0.301206792
26681,-0.123567636,-0.301206792
26682,-0.226461319,0.621745559
26683,0.123654947,-1.67269712
26684,0.123654947,-1.67269712
26685,0.123654947,-1.67269712
26686,,
26687,-0.77552149,-2.66394412
26688,-0.77552149,-2.66394412
26689,-0.0139777548,-0.987973308
26690,-0.210195695,-0.487967431
26691,-0.210195695,-0.487967431
26692,-0.210195695,-0.487967431
26693,,
26694,-0.1876038,1.00267458
26695,-0.1876038,1.00267458
26696,-1.52801215,-0.0846497705
26697,1.02446756,-0.545648458
26698,1.02446756,-0.545648458
26699,1.02446756,-0.545648458
26700,,
26701,-2.50716659,-1.28463928
26702,-2.50716659,-1.28463928
26703,-0.906201709,-0.14080227
26704,-0.461295896,0.723893002
26705,-0.461295896,0.723893002
26706,-0.461295896,0.723893002
26707,,
26708,0.302644022,-0.300720936
26709,0.302644022,-0.300720936
26710,-0.168649277,2.17994493
26711,-1.043512,0.426930143
26712,-1.043512,0.426930143
26713,-1.043512,0.426930143
26714,,
26715,-0.0622299827,0.491841463
26716,-0.0622299827,0.491841463
26717,1.22327511,0.791249782
26718,-0.0204571655,0.497135636
26719,-0.0204571655,0.497135636
26720,-0.0204571655,0.497135636
26721,,
26722,0.812401626,-1.04141967
26723,0.812401626,-1.04141967
26724,-0.993765491,-0.355968339
26725,1.73983254,-1.18431832
26726,1.73983254,-1.18431832
26727,1.73983254,-1.18431832
26728,,
26729,1.41443788,-0.175782894
26730,1.41443788,-0.175782894
26731,2.19827947,0.213358656
26732,-2.00020258,-1.14404947
26733,-2.00020258,-1.14404947
26734,-2.00020258,-1.14404947
26735,,
26736,0.362405859,-0.464123319
26737,0.362405859,-0.464123319
26738,0.322876639,1.96315493
26739,-0.653622937,-0.186356237
26740,-0.653622937,-0.186356237
26741,-0.653622937,-0.186356237
26742,,
26743,0.563003358,-1.34493373
26744,0.563003358,-1.34493373
26745,-2.41538965,1.11161286
26746,0.0208817838,-1.13105556
26747,0.0208817838,-1.13105556
26748,0.0208817838,-1.13105556
26749,,
26750,0.347693779,1.52197515
26751,0.347693779,1.52197515
26752,-1.52164061,0.160545733
26753,0.603962051,-0.270537001
26754,0.603962051,-0.270537001
26755,0.603962051,-0.270537001
26756,,
26757,0.831265289,0.769680612
26758,0.831265289,0.769680612
26759,1.91469793,0.485765968
26760,0.720450209,0.0811640083
26761,0.720450209,0.0811640083
26762,0.720450209,0.0811640083
26763,,
26764,-0.20704213,0.162058671
26765,-0.20704213,0.162058671
26766,-0.117475775,1.34544648
26767,-0.270197017,-0.352498707
26768,-0.270197017,-0.352498707
26769,-0.270197017,-0.352498707
26770,,
26771,-0.941145606,1.39067305
26772,-0.941145606,1.39067305
26773,-0.452028655,-0.407385867
26774,-1.86536143,-0.140050905
26775,-1.86536143,-0.140050905
26776,-1.86536143,-0.140050905
26777,,
26778,1.66063873,-0.2211072
26779,1.66063873,-0.2211072
26780,0.593163449,-0.962292485
26781,0.589357784,0.164610978
26782,0.589357784,0.164610978
26783,0.589357784,0.164610978
26784,,
26785,0.751621425,-1.99373552
26786,0.751621425,-1.99373552
26787,-0.548087225,-1.24035142
26788,-1.27113342,-1.03943062
26789,-1.27113342,-1.03943062
26790,-1.27113342,-1.03943062
26791,,
26792,0.851070594,0.538511232
26793,0.851070594,0.538511232
26794,1.28047955,-0.871973977
26795,-0.0824144385,-0.708602692
26796,-0.0824144385,-0.708602692
26797,-0.0824144385,-0.708602692
26798,,
26799,1.60441539,0.193621873
26800,1.60441539,0.193621873
26801,0.395504289,1.19470799
26802,0.898905034,-0.207792009
26803,0.898905034,-0.207792009
26804,0.898905034,-0.207792009
26805,,
26806,-0.334163507,-1.77830423
26807,-0.334163507,-1.77830423
26808,-0.592257508,0.133684146
26809,-0.272847284,-1.22407524
26810,-0.272847284,-1.22407524
26811,-0.272847284,-1.22407524
26812,,
26813,-0.83868045,0.324917657
26814,-0.83868045,0.324917657
26815,-0.948637618,0.901118408
26816,-1.22136833,-0.768491766
26817,-1.22136833,-0.768491766
26818,-1.22136833,-0.768491766
26819,,
26820,-0.179407897,0
26821,-0.179407897,0
26822,-0.248455136,0.850589402
26823,-0.850707469,0.510016719
26824,-0.850707469,0.510016719
26825,-0.850707469,0.510016719
26826,,
26827,-0.467011937,1.01831469
26828,-0.467011937,1.01831469
26829,-0.590958427,-0.428926766
26830,-0.11937443,0.65508534
26831,-0.11937443,0.65508534
26832,-0.11937443,0.65508534
26833,,
26834,-1.27221075,-0.222919989
26835,-1.27221075,-0.222919989
26836,-0.424630687,0.147687905
26837,0.821703645,0.623564997
26838,0.821703645,0.623564997
26839,0.821703645,0.623564997
26840,,
26841,1.5147571,0.141685028
26842,1.5147571,0.141685028
26843,0.0854202707,-0.742566567
26844,2.2727869,1.16086607
26845,2.2727869,1.16086607
26846,2.2727869,1.16086607
26847,,
26848,0.507549302,-0.463563501
26849,0.507549302,-0.463563501
26850,-0.028859227,-1.19244038
26851,0.515703565,-0.12072777
26852,0.515703565,-0.12072777
26853,0.515703565,-0.12072777
26854,,
26855,0.0630620255,-0.859294723
26856,0.0630620255,-0.859294723
26857,-0.678921527,0.346975872
26858,0.844149279,1.42378275
26859,0.844149279,1.42378275
26860,0.844149279,1.42378275
26861,,
26862,-0.981321616,0.457877822
26863,-0.981321616,0.457877822
26864,0.904267308,-1.0780474
26865,0.125527223,-0.242423468
26866,0.125527223,-0.242423468
26867,0.125527223,-0.242423468
26868,,
26869,-2.1316548,-0.275185019
26870,-2.1316548,-0.275185019
26871,-0.600225691,2.6906652
26872,-0.53789487,0.916225253
26873,-0.53789487,0.916225253
26874,-0.53789487,0.916225253
26875,,
26876,-0.731469011,-0.711762609
26877,-0.731469011,-0.711762609
26878,0.623590335,1.9556079
26879,1.29849015,-0.255457394
26880,1.29849015,-0.255457394
26881,1.29849015,-0.255457394
26882,,
26883,-0.283757097,0.0206270061
26884,-0.283757097,0.0206270061
26885,-1.08258633,-2.39575091
26886,-0.912516653,1.11613124
26887,-0.912516653,1.11613124
26888,-0.912516653,1.11613124
26889,,
26890,-0.380726076,-1.14306662
26891,-0.380726076,-1.14306662
26892,0.568256395,0.329599458
26893,0.433239203,-0.559604149
26894,0.433239203,-0.559604149
26895,0.433239203,-0.559604149
26896,,
26897,-0.462305253,1.19983417
26898,-0.462305253,1.19983417
26899,1.7493528,0.500037956
26900,-0.120898288,0.791842578
26901,-0.120898288,0.791842578
26902,-0.120898288,0.791842578
26903,,
26904,-1.18768412,-0.0606608968
26905,-1.18768412,-0.0606608968
26906,-0.839781514,0.0572364688
26907,0.616088291,1.22683582
26908,0.616088291,1.22683582
26909,0.616088291,1.22683582
26910,,
26911,-0.848542026,-0.121807869
26912,-0.848542026,-0.121807869
26913,-1.51844625,0.632919399
26914,-0.604557265,-0.464276751
26915,-0.604557265,-0.464276751
26916,-0.604557265,-0.464276751
26917,,
26918,-0.63200687,-0.225120453
26919,-0.63200687,-0.225120453
26920,-0.0589145432,-0.0150184159
26921,-0.575769522,0.223233159
26922,-0.575769522,0.223233159
26923,-0.575769522,0.223233159
26924,,
26925,0.910062277,0.227707082
26926,0.910062277,0.227707082
26927,0.542637091,-0.237553998
26928,0.906658185,-0.58636103
26929,0.906658185,-0.58636103
26930,0.906658185,-0.58636103
26931,,
26932,1.15193867,-1.23994406
26933,1.15193867,-1.23994406
26934,0.484351161,-0.811437133
26935,-0.70621089,-1.27032632
26936,-0.70621089,-1.27032632
26937,-0.70621089,-1.27032632
26938,,
26939,0.314187363,1.43653723
26940,0.314187363,1.43653723
26941,0.383909822,0.252531535
26942,-1.68645384,1.43612951
26943,-1.68645384,1.43612951
26944,-1.68645384,1.43612951
26945,,
26946,1.38215409,-0.282907836
26947,1.38215409,-0.282907836
26948,0.201468108,0.577944506
26949,-0.441751435,1.38263311
26950,-0.441751435,1.38263311
26951,-0.441751435,1.38263311
26952,,
26953,-0.581676302,-0.607532952
26954,-0.581676302,-0.607532952
26955,0.662499134,0.501182253
26956,0.487472749,0.45156845
26957,0.487472749,0.45156845
26958,0.487472749,0.45156845
26959,,
26960,-0.425196561,-1.49207521
26961,-0.425196561,-1.49207521
26962,-1.53147607,-0.184061241
26963,0.72540375,0.76247107
26964,0.72540375,0.76247107
26965,0.72540375,0.76247107
26966,,
26967,-0.683530585,-0.288329082
26968,-0.683530585,-0.288329082
26969,0.0581481957,-0.673232079
26970,-0.694872679,-1.07505406
26971,-0.694872679,-1.07505406
26972,-0.694872679,-1.07505406
26973,,
26974,1.09695996,0.851991955
26975,1.09695996,0.851991955
26976,0.934520169,-0.0997078223
26977,1.22079007,0.180366802
26978,1.22079007,0.180366802
26979,1.22079007,0.180366802
26980,,
26981,1.10484257,0.662556474
26982,1.10484257,0.662556474
26983,0.59521665,-0.827987084
26984,1.04233809,-0.833523372
26985,1.04233809,-0.833523372
26986,1.04233809,-0.833523372
26987,,
26988,0.165269051,-1.69548127
26989,0.165269051,-1.69548127
26990,-0.127960313,-0.114589132
26991,0.914638105,-0.455502474
26992,0.914638105,-0.455502474
26993,0.914638105,-0.455502474
26994,,
26995,-0.254806714,1.96701488
26996,-0.254806714,1.96701488
26997,-0.168239353,0.720744211
26998,-0.330589024,1.22288873
26999,-0.330589024,1.22288873
27000,-0.330589024,1.22288873
27001,,
27002,-0.555123087,0.824140878
27003,-0.555123087,0.824140878
27004,1.22325073,-1.66973535
27005,-0.364945925,-0.320343811
27006,-0.364945925,-0.320343811
27007,-0.364945925,-0.320343811
27008,,
27009,2.02688481,1.90062351
27010,2.02688481,1.90062351
27011,0.43712421,0.404996381
27012,0.12168977,-2.47695448
27013,0.12168977,-2.47695448
27014,0.12168977,-2.47695448
27015,,
27016,1.51484991,-1.34842763
27017,1.51484991,-1.34842763
27018,1.0136205,0.285383712
27019,0.956713019,-1.1451922
27020,0.956713019,-1.1451922
27021,0.956713019,-1.1451922
27022,,
27023,0.0615915327,1.07685231
27024,0.0615915327,1.07685231
27025,-0.914493956,0.479285538
27026,-0.834007478,-0.924571595
27027,-0.834007478,-0.924571595
27028,-0.834007478,-0.924571595
27029,,
27030,0.0405017151,-2.0064556
27031,0.0405017151,-2.0064556
27032,-2.07613208,-1.28614019
27033,-2.75677568,0.505285174
27034,-2.75677568,0.505285174
27035,-2.75677568,0.505285174
27036,,
27037,1.48526246,1.3744006
27038,1.48526246,1.3744006
27039,-0.10088074,1.20245235
27040,0.326760073,-0.259947495
27041,0.326760073,-0.259947495
27042,0.326760073,-0.259947495
27043,,
27044,-0.302794198,-0.58234137
27045,-0.302794198,-0.58234137
27046,0.105169227,0.579446507
27047,-1.02126791,1.16723056
27048,-1.02126791,1.16723056
27049,-1.02126791,1.16723056
27050,,
27051,0.761111379,0.0618343524
27052,0.761111379,0.0618343524
27053,-1.32585559,0.1051847
27054,0.923896885,-0.361497114
27055,0.923896885,-0.361497114
27056,0.923896885,-0.361497114
27057,,
27058,0.141071044,2.13129708
27059,0.141071044,2.13129708
27060,0.0285180192,0.564350666
27061,0.638509151,1.60971302
27062,0.638509151,1.60971302
27063,0.638509151,1.60971302
27064,,
27065,1.06135482,-2.34528933
27066,1.06135482,-2.34528933
27067,0.754827795,-2.01404984
27068,-0.718677893,-1.00616937
27069,-0.718677893,-1.00616937
27070,-0.718677893,-1.00616937
27071,,
27072,-1.27812567,0.473456692
27073,-1.27812567,0.473456692
27074,0.173828924,-0.170862068
27075,-2.48055207,1.6625395
27076,-2.48055207,1.6625395
27077,-2.48055207,1.6625395
27078,,
27079,1.2973062,-0.198016664
27080,1.2973062,-0.198016664
27081,0.593857871,-1.54522325
27082,0.619208797,0.918643557
27083,0.619208797,0.918643557
27084,0.619208797,0.918643557
27085,,
27086,1.54397145,-0.265782072
27087,1.54397145,-0.265782072
27088,0.857800079,-1.29254441
27089,2.24558059,0.425846806
27090,2.24558059,0.425846806
27091,2.24558059,0.425846806
27092,,
27093,0.74208211,2.73072089
27094,0.74208211,2.73072089
27095,0.474499154,-0.336424455
27096,0.518494851,0.185722289
27097,0.518494851,0.185722289
27098,0.518494851,0.185722289
27099,,
27100,0,0.659021089
27101,0,0.659021089
27102,-0.596807386,1.26597088
27103,-0.338911962,-0.434532922
27104,-0.338911962,-0.434532922
27105,-0.338911962,-0.434532922
27106,,
27107,-1.27513581,0.123511849
27108,-1.27513581,0.123511849
27109,-0.324188424,-0.940809463
27110,-0.433570473,-1.19580423
27111,-0.433570473,-1.19580423
27112,-0.433570473,-1.19580423
27113,,
27114,-2.61279037,-0.281595285
27115,-2.61279037,-0.281595285
27116,0.074697881,1.07338624
27117,-1.56105705,-0.9716112
27118,-1.56105705,-0.9716112
27119,-1.56105705,-0.9716112
27120,,
27121,0.896624131,-0.118717169
27122,0.896624131,-0.118717169
27123,0.63066616,1.73748093
27124,-0.324882402,0.816793572
27125,-0.324882402,0.816793572
27126,-0.324882402,0.816793572
27127,,
27128,0.705979256,-0.432752929
27129,0.705979256,-0.432752929
27130,0.732736792,0.173628153
27131,-0.353322319,1.26480524
27132,-0.353322319,1.26480524
27133,-0.353322319,1.26480524
27134,,
27135,2.24010603,-0.390435896
27136,2.24010603,-0.390435896
27137,-0.798961873,-1.99137282
27138,0,-1.68632693
27139,0,-1.68632693
27140,0,-1.68632693
27141,,
27142,-1.03445423,0.811759041
27143,-1.03445423,0.811759041
27144,-0.384426018,0.604216193
27145,1.92019657,0.484619464
27146,1.92019657,0.484619464
27147,1.92019657,0.484619464
27148,,
27149,-0.429108315,1.42312185
27150,-0.429108315,1.42312185
27151,0.395397657,-0.699797914
27152,0.709971094,0.37254184
27153,0.709971094,0.37254184
27154,0.709971094,0.37254184
27155,,
27156,-1.45603834,0.993878039
27157,-1.45603834,0.993878039
27158,-0.202829107,1.26035911
27159,-2.04464236,0.274266117
27160,-2.04464236,0.274266117
27161,-2.04464236,0.274266117
27162,,
27163,0.887826997,-0.441275904
27164,0.887826997,-0.441275904
27165,1.09488473,0.539509768
27166,0.617287239,-0.430763198
27167,0.617287239,-0.430763198
27168,0.617287239,-0.430763198
27169,,
27170,-0.870175469,0.716476916
27171,-0.870175469,0.716476916
27172,-0.260149741,-0.136560605
27173,1.47083712,0.687226082
27174,1.47083712,0.687226082
27175,1.47083712,0.687226082
27176,,
27177,-0.473288957,0.449517411
27178,-0.473288957,0.449517411
27179,1.16446416,0.159640788
27180,-0.703768607,0.346885914
27181,-0.703768607,0.346885914
27182,-0.703768607,0.346885914
27183,,
27184,1.49509275,0.0406636573
27185,1.49509275,0.0406636573
27186,1.01984405,-0.0289523694
27187,0.38914764,-0.102765085
27188,0.38914764,-0.102765085
27189,0.38914764,-0.102765085
27190,,
27191,0.393695494,1.19866608
27192,0.393695494,1.19866608
27193,-0.0142895337,-1.10981986
27194,1.35865579,0.49211686
27195,1.35865579,0.49211686
27196,1.35865579,0.49211686
27197,,
27198,0.125688368,-0.984412158
27199,0.125688368,-0.984412158
27200,-0.299040786,-2.00271794
27201,0.34970724,-0.616485085
27202,0.34970724,-0.616485085
27203,0.34970724,-0.616485085
27204,,
27205,-0.259414087,0.160762835
27206,-0.259414087,0.160762835
27207,1.53364286,-1.70640603
27208,-0.941207817,-1.93487334
27209,-0.941207817,-1.93487334
27210,-0.941207817,-1.93487334
27211,,
27212,-0.430853169,0.61982138
27213,-0.430853169,0.61982138
27214,-0.103531084,-0.544748837
27215,2.00681618,-0.5128328
27216,2.00681618,-0.5128328
27217,2.00681618,-0.5128328
27218,,
27219,0.181432099,0.966925132
27220,0.181432099,0.966925132
27221,-0.517955479,0.884929523
27222,-0.391096558,1.72249116
27223,-0.391096558,1.72249116
27224,-0.391096558,1.72249116
27225,,
27226,-0.481243916,-0.0630581149
27227,-0.481243916,-0.0630581149
27228,-0.0730685471,1.00401308
27229,-0.0601121029,-0.700884833
27230,-0.0601121029,-0.700884833
27231,-0.0601121029,-0.700884833
27232,,
27233,2.54389262,-0.550139053
27234,2.54389262,-0.550139053
27235,-0.566779978,0.0591952086
27236,-0.124009236,0.39473787
27237,-0.124009236,0.39473787
27238,-0.124009236,0.39473787
27239,,
27240,1.40518882,-1.30485266
27241,1.40518882,-1.30485266
27242,0.738188146,-0.602262964
27243,1.03857041,0.658092754
27244,1.03857041,0.658092754
27245,1.03857041,0.658092754
27246,,
27247,2.08287008,0.908479089
27248,2.08287008,0.908479089
27249,1.0666159,-1.93061258
27250,-0.203757219,-0.663302793
27251,-0.203757219,-0.663302793
27252,-0.203757219,-0.663302793
27253,,
27254,-0.123040236,0.639001242
27255,-0.123040236,0.639001242
27256,1.15674013,-1.1199638
27257,-0.486472293,0.436676394
27258,-0.486472293,0.436676394
27259,-0.486472293,0.436676394
27260,,
27261,-0.875962921,0.553920182
27262,-0.875962921,0.553920182
27263,0.658550658,-1.44064091
27264,-0.38038936,0.493992838
27265,-0.38038936,0.493992838
27266,-0.38038936,0.493992838
27267,,
