cycle,t_fixed_vs_random,t_null
0,-0.419731023,-0.706530732
1,-1.11446251,-1.37685648
2,-1.07759562,-1.19852101
3,0.625220777,-1.60643683
4,-0.373011558,0.444898122
5,-0.373011558,0.444898122
6,0.421976996,-1.3656862
7,0.641018054,0.41251087
8,-1.13105114,-1.48555271
9,-0.261432053,0.508860456
10,0.876382658,-0.160900335
11,0.700819083,-0.517619097
12,-0.474764511,-1.24982947
13,-0.474764511,-1.24982947
14,-0.791882957,-1.52208262
15,1.98991934,-2.80484544
16,0.142113593,0.97285722
17,-0.693228957,0.741633266
18,-1.43580013,0.230956979
19,-1.21099845,-2.18838451
20,1.57170333,-0.944361103
21,1.57170333,-0.944361103
22,1.17640578,0.0680599423
23,0.244113595,-0.91072319
24,-1.64985839,-0.366585506
25,-0.213785107,0.513307372
26,1.07924614,0.375093449
27,-0.14408096,0.0571710241
28,0.852054219,2.29123329
29,0.852054219,2.29123329
30,-0.89583304,-0.114253754
31,1.47656976,0.243648961
32,0.660341699,1.18264586
33,-1.21979632,-1.09737126
34,-1.89011901,-1.04655665
35,-1.21918163,-1.74576688
36,-0.365795974,-2.19722661
37,-0.365795974,-2.19722661
38,-0.733887381,0.245029477
39,3.63880914,-1.08647234
40,-1.12908035,-1.77037667
41,-0.535238763,-0.84710433
42,-0.699185014,-0.445922374
43,-0.229668175,-0.767264992
44,1.22994386,-0.349901748
45,1.22994386,-0.349901748
46,-0.15734562,-2.00904477
47,1.1971308,1.44860211
48,-0.306349556,1.52844115
49,0.242914862,-0.648484968
50,0.390644655,-0.833497471
51,-0.0428441826,0.158139803
52,2.00648042,2.92740195
53,2.00648042,2.92740195
54,-0.597333257,0.746970258
55,3.9299962,0.041349119
56,-1.05563166,-1.70201951
57,-1.43413501,-1.46527111
58,-0.182467981,-0.0205140476
59,0.0152113433,0.88916146
60,2.01715134,-1.55323654
61,2.01715134,-1.55323654
62,-0.210035562,-0.466030219
63,3.10376258,-1.50304156
64,0.316934582,2.00895426
65,-2.02692886,2.02704585
66,-1.21760031,1.68186534
67,-1.63497439,-0.101596565
68,0.336649901,0.291768564
69,0.336649901,0.291768564
70,-0.649729788,1.58722564
71,0.346193958,1.32909562
72,-1.03274999,-1.18634464
73,-1.57415264,-0.545731356
74,0.374273164,0.304108915
75,-1.3443896,-0.177155579
76,-0.909706491,-1.01590121
77,-0.909706491,-1.01590121
78,0.250149204,-0.726142722
79,2.73618494,-0.337136779
80,0.514805759,0.746255109
81,0.177692163,-0.0435184615
82,0.227800559,0.0203310598
83,0.315736758,-2.54070091
84,1.87462036,-1.57016202
85,1.87462036,-1.57016202
86,-0.34802438,0.604853599
87,1.13973252,0.607033655
88,-2.24733098,-0.954809067
89,0.352225821,-0.546938816
90,0.258617788,0.500583727
91,-0.153648362,0.930916614
92,-0.795620389,0.491353745
93,-0.795620389,0.491353745
94,-1.07469359,-0.100054207
95,3.67771971,0.966928548
96,1.18904044,1.02189352
97,-2.15696987,-0.2592501
98,-1.86672816,-1.23892735
99,0.253626296,-1.14191633
100,0.165903955,2.66360616
101,0.165903955,2.66360616
102,-1.82305258,0.11316105
103,1.57673765,-0.716300588
104,-1.60662887,-1.14115057
105,0.0289164283,0.0709238947
106,0.545486559,-0.536323396
107,0.372816829,-0.419258913
108,-0.314676751,-1.03446756
109,-0.314676751,-1.03446756
110,-0.508460493,0.0806683328
111,2.517122,-1.07217648
112,-0.0871876669,0.879427298
113,-1.64596108,-1.39163803
114,-0.22425256,-1.33764527
115,0.75985697,-0.335685099
116,0.493531901,-0.184869145
117,0.493531901,-0.184869145
118,-0.35564451,2.16495064
119,1.46413111,-0.296933822
120,-1.05030971,-1.96602147
121,-0.0854499661,-0.493376397
122,-0.254995839,-0.619687284
123,-0.701763354,-0.616448722
124,-0.990309699,1.4006804
125,-0.990309699,1.4006804
126,-0.573730304,-1.38622432
127,1.72249941,1.15099271
128,0.869557567,2.26232236
129,-0.61795308,0.824546232
130,0.753198869,1.50516486
131,-0.358986551,-0.575123097
132,0.922559262,0.101900295
133,0.922559262,0.101900295
134,-0.325712766,1.53649005
135,1.32854537,-0.777219473
136,-1.62833824,-0.815165188
137,-0.874842003,0.383355352
138,0.493096289,0.288766846
139,-0.0895829284,-0.799404333
140,0.438313704,3.09087671
141,0.438313704,3.09087671
142,-2.58378268,-1.50538443
143,1.84117918,-0.0416189314
144,-0.172435377,0.144462079
145,-0.563175488,-0.633040364
146,0.0411625734,-0.691348075
147,1.55546861,-0.074746649
148,-0.576512937,-0.452247661
149,-0.576512937,-0.452247661
150,-0.0797641858,1.22630456
151,-0.0983246181,-1.74111569
152,-0.833010987,0.877902798
153,0.540362163,-0.514943674
154,0.640144771,-0.137435655
155,1.46347567,-1.1145711
156,0.748745273,-0.287232264
157,0.748745273,-0.287232264
158,-1.11207913,1.36873147
159,0.468087713,-0.289594025
160,1.13784793,-0.496465432
161,-1.13450288,-0.294322537
162,0.797913147,0.941976098
163,1.79455786,1.36313887
164,0.160105166,-0.184801541
165,0.160105166,-0.184801541
166,0.680976701,-0.19842115
167,3.33694924,1.60107969
168,-2.17601294,-1.01454269
169,-1.53427526,1.7077395
170,-0.599297455,0.826578695
171,-0.97752415,1.04948323
172,-0.0202521585,-0.518842874
173,-0.0202521585,-0.518842874
174,-1.28087493,-0.79608532
175,2.13240597,0.474208427
176,-0.268519651,1.48386528
177,0.441989099,-0.0895405165
178,0.954217251,0.325124384
179,-1.14900998,0.231860197
180,0.808846354,-0.709245615
181,0.808846354,-0.709245615
182,-0.345266524,-0.196009752
183,1.99763327,0.485908224
184,-1.80531245,-1.50234912
185,-0.632115064,0.523606236
186,-1.49894558,0.0614333852
187,-1.42356336,1.28562072
188,0.905760699,0.117586966
189,0.905760699,0.117586966
190,-1.98538348,-1.99448736
191,0.588341412,-0.457005486
192,0.615235496,2.29447584
193,0.253842457,-1.11057861
194,1.18832305,-0.337920439
195,1.55613889,0.0297718217
196,0.0407636613,1.76669958
197,0.0407636613,1.76669958
198,-0.235957352,0.928656762
199,1.09943637,-0.477941261
200,-0.0299149085,-1.89811795
201,0.476523494,-1.17204292
202,0.286656746,-1.25895909
203,1.42658954,0.553766312
204,0.54672174,1.60832261
205,0.54672174,1.60832261
206,-0.574544236,0.0164257799
207,1.79645812,2.97746538
208,-1.63919,0.502759295
209,-1.26307908,1.52086539
210,-0.98590987,-0.295727896
211,-1.23655099,-0.178557761
212,1.83810419,0.872347025
213,1.83810419,0.872347025
214,-0.380577787,-0.737975956
215,2.52822376,-0.545520044
216,0.235786403,-0.41860175
217,-0.784794918,-0.147251856
218,0.607942731,0.146895065
219,0.0730950776,-1.12624768
220,-0.125881925,0.597048094
221,-0.125881925,0.597048094
222,-2.10666045,-1.56124693
223,2.10449993,2.780252
224,-0.11403228,0.661454966
225,-0.868393652,0.144941309
226,-1.30456613,0.29307856
227,-1.78351234,0.841550011
228,1.50023502,1.68358952
229,1.50023502,1.68358952
230,-0.886686697,1.3526965
231,1.72407635,0.486449752
232,-0.905609725,-1.68368511
233,-1.38461396,-1.56050078
234,-1.26389195,-1.89190861
235,-0.102256239,-0.983760736
236,0.020033296,1.3154117
237,0.020033296,1.3154117
238,-1.05790113,-0.809409331
239,1.20763762,0.704068884
240,0.294073658,1.55195619
241,-0.219200948,-0.454365511
242,0.0207051362,1.13945231
243,-0.576678843,-0.188052129
244,2.11740479,0.512554236
245,2.11740479,0.512554236
246,-0.662449357,1.31467569
247,0.392197724,-0.680163668
248,-1.29911544,-0.765390915
249,-0.909364066,0.41461049
250,0.841850072,1.95409197
251,-0.0847725409,0.444304953
252,-0.184082441,0.311013101
253,-0.184082441,0.311013101
254,-1.28896534,-0.739636075
255,1.75003325,-1.26016505
256,0.138985817,1.35581675
257,0.854396142,0.665405976
258,0.941946639,0.0806555906
259,-1.97053348,1.1809376
260,-0.761756324,-1.67676402
261,-0.761756324,-1.67676402
262,-0.802420884,1.47983305
263,1.37235314,0.082715519
264,-2.04020869,-1.08629756
265,-0.160632543,-0.522043663
266,-0.50229572,-0.669464575
267,-0.599364869,-0.940124262
268,0.591553992,0.55803537
269,0.591553992,0.55803537
270,-0.973616265,-0.92669464
271,0.917569706,-1.35904032
272,0.836837234,0.815920338
273,-1.75340774,0.637079544
274,-2.2093554,1.16749255
275,-1.66469056,0.132966988
276,-0.0611399224,-1.43927096
277,-0.0611399224,-1.43927096
278,1.12453448,1.89907709
279,1.97257268,0.598448744
280,-1.58920032,-0.677323532
281,-0.798197318,-0.491139992
282,-1.22131759,-0.372799121
283,-0.0712126311,-0.811994092
284,0.806814037,0.0610161927
285,0.806814037,0.0610161927
286,-2.65268738,-0.150972248
287,1.08469762,-1.03368047
288,0.664792662,1.37415132
289,0.0149783856,0.529197545
290,-0.0615793041,0.521320259
291,0.812923388,-0.742609154
292,-0.843689002,0.0198262994
293,-0.843689002,0.0198262994
294,1.05247399,0.213242334
295,-0.445828441,0.371785778
296,-1.17812434,-1.97752144
297,-0.983824791,-2.00717602
298,-1.32925047,-2.26288784
299,-1.34330397,-1.64013941
300,2.30511854,-0.85759138
301,2.30511854,-0.85759138
302,-0.151401233,-1.34999841
303,0.484185695,-0.348919178
304,0.253154064,1.27961277
305,0.849722512,-0.443867786
306,0.979590082,0.348921389
307,1.57146154,1.30576011
308,-0.258963237,0.621085904
309,-0.258963237,0.621085904
310,1.09328088,0.949024027
311,3.19303469,0
312,-1.42040748,-0.950020764
313,-0.0719212294,1.07502432
314,0.469658451,0.945518117
315,0.12091743,0.476290618
316,-0.0415167305,0.245971356
317,-0.0415167305,0.245971356
318,-0.53202267,-0.884905749
319,1.96560333,1.03328409
320,-0.550582492,1.31362297
321,-1.24594758,0.0595923135
322,-1.64608551,0.0205997855
323,-0.242321371,-0.934198401
324,1.35204239,-1.08818679
325,1.35204239,-1.08818679
326,-0.181368235,0.564973966
327,-0.0977061249,-1.0050298
328,-0.696879889,-1.26992925
329,-0.489117736,-0.0575515642
330,-1.19516487,-0.69585914
331,0.809527508,-1.28591044
332,0.910097998,-1.2251624
333,0.910097998,-1.2251624
334,-0.866187393,-1.22575908
335,0.964838745,2.42206601
336,0,1.0611451
337,-0.11319185,-1.73370774
338,0.916616157,-1.41168
339,-0.327860238,0.926935528
340,0.0412481406,-0.772076467
341,0.0412481406,-0.772076467
342,0.428777814,0
343,0.238057406,-2.24593085
344,-0.765390915,-1.24035738
345,-1.40284684,-0.115594273
346,-0.658695457,-1.64044219
347,-0.49226475,-1.25339234
348,-1.37872301,0.122220762
349,-1.37872301,0.122220762
350,-1.0393209,-1.32820673
351,1.18526192,0.456180192
352,1.25835991,1.57914975
353,1.5827245,-0.42669665
354,1.48181792,-0.694917442
355,0.836726672,0.8449821
356,-1.49198411,-0.506781665
357,-1.49198411,-0.506781665
358,-0.0973658016,0.234901433
359,3.35674491,-0.897371588
360,-2.16116527,-2.20419414
361,0.338507906,0.175846456
362,-0.0984849156,0.59713686
363,-0.801442602,0.546194909
364,-0.521962817,-0.275406508
365,-0.521962817,-0.275406508
366,-0.898852449,0.0978321272
367,3.43761337,0.146599271
368,0.203961857,1.55545872
369,0.443286712,0.23432427
370,0.122691593,0.986744891
371,-1.19476197,0.793235794
372,0.293394241,-0.507985077
373,0.293394241,-0.507985077
374,0,1.05623564
375,0.444511828,-0.105314453
376,-0.986479593,-0.83453568
377,-1.8580456,0.861067121
378,-1.30660745,-0.59003244
379,1.02355507,-0.374578514
380,1.40974414,0.352206871
381,1.40974414,0.352206871
382,-0.880888891,-1.14818093
383,2.97287743,0.0593720719
384,0.201581658,1.2217516
385,0.200518402,-1.54090203
386,-0.76997831,-1.55761582
387,0.243608716,0.156248137
388,-0.442587662,0.181051519
389,-0.442587662,0.181051519
390,1.03594017,0.227801868
391,0.730396984,0.472211728
392,-1.29337377,-1.06573606
393,-0.850327441,1.5903068
394,0.839476066,1.04191102
395,0.441769254,1.00484289
396,0.832128874,-1.30054576
397,0.832128874,-1.30054576
398,0.268526281,-0.502555885
399,1.03384227,0.797961702
400,-0.560420518,0.768384799
401,-1.91162725,-0.364968541
402,-1.54369715,-0.322544476
403,-1.32866829,-0.766753686
404,0.821456073,-0.0206079404
405,0.821456073,-0.0206079404
406,-0.280111298,0.232148943
407,2.60654901,2.17125963
408,-0.660857971,-0.202928197
409,0.499027763,0.572705407
410,0.510389518,-0.522306382
411,1.2182333,-1.41879633
412,1.62179024,1.05104241
413,1.62179024,1.05104241
414,0.360239974,-2.01036122
415,1.65472872,0.348342979
416,1.02696011,0.672128293
417,0.660585818,-0.246922567
418,0.562623947,-0.393372229
419,-0.513857245,-1.44294085
420,1.56090476,-1.23914563
421,1.56090476,-1.23914563
422,-0.242717631,0.705231859
423,-0.316447184,-0.598559876
424,-1.41045026,-1.74992712
425,-1.55571422,0.858055214
426,-1.31573326,0.307517468
427,1.56128455,1.19890088
428,1.057483,-0.465963488
429,1.057483,-0.465963488
430,-2.10156461,-1.45939492
431,0.884627638,1.25303378
432,-0.760105553,2.22713866
433,-1.44912338,1.73415256
434,0.0827993297,1.63180281
435,0.418619807,1.58747927
436,0.677640022,0.330390769
437,0.677640022,0.330390769
438,-0.726719879,1.34267564
439,2.14926633,0.162214066
440,-1.28169826,-1.64790181
441,-1.07046019,2.02091307
442,-0.676244475,1.59115963
443,-0.66889064,-0.982778279
444,-0.116434226,-1.25597984
445,-0.116434226,-1.25597984
446,-0.976388318,-0.651827541
447,2.71394252,1.88416013
448,0.115616962,1.55488315
449,-2.50811123,1.17944689
450,-2.74400489,-0.311471867
451,-2.04511028,-0.329422345
452,0.91759188,-0.286558304
453,0.91759188,-0.286558304
454,-0.692329116,1.07222975
455,1.84948062,0.163250226
456,0.669861137,-0.859036927
457,-1.14719937,-0.522448477
458,-0.973446855,0.0592558509
459,-0.169622431,0.722918881
460,0.676968405,0.465991291
461,0.676968405,0.465991291
462,-1.1847318,0.260408936
463,2.61541071,-0.811722024
464,-1.88740476,0.175670693
465,-0.347417485,0.671385476
466,0.787721988,0.903300017
467,0.45352788,-1.00273528
468,-0.825162518,0.219158051
469,-0.825162518,0.219158051
470,-2.41251932,-1.13652808
471,0.781830417,0.953317528
472,0.184760497,-1.22982433
473,1.37391407,0.887505485
474,1.16292645,-0.0402939763
475,-0.338960288,-1.66597762
476,1.19052858,-0.100167084
477,1.19052858,-0.100167084
478,0.569081063,-1.51467585
479,0.759280469,-1.29560294
480,-0.169134502,1.65828359
481,-0.919699241,0.701675411
482,-0.119330044,1.67133121
483,0.629526214,1.02749165
484,-0.403598459,1.49979282
485,-0.403598459,1.49979282
486,0.630076092,0.611159599
487,1.08999399,-0.142393262
488,-0.8971301,-1.92463019
489,0.0723852388,-0.70144998
490,0.768920098,0.756710367
491,-1.3629141,1.11526559
492,-0.4816812,-1.50818992
493,-0.4816812,-1.50818992
494,0.281703311,-0.577631982
495,2.38119985,-0.1430056
496,0.0295745948,1.37947631
497,-1.57868529,0.83786253
498,-0.369373451,0.101345629
499,0.992510908,-0.246603315
500,0.284498557,0.452067219
501,0.284498557,0.452067219
502,-0.668812413,-0.414854346
503,2.11257324,0.957768817
504,-0.805303778,-0.756476255
505,-0.666026591,0.813017523
506,0.453011995,0.235715024
507,1.45466568,1.111968
508,1.3164639,0.413872664
509,1.3164639,0.413872664
510,-1.88898944,-0.0170309156
511,3.15736979,-2.24987147
512,-0.368341197,1.56248413
513,-0.112636611,0.177183454
514,-0.117015595,1.9387917
515,-0.339664182,1.52088751
516,1.39032944,0.971252852
517,1.39032944,0.971252852
518,1.09297473,0.62125488
519,2.40555516,-1.26060681
520,-1.13105114,-1.48555271
521,-1.5698075,0.140499618
522,0.537186799,0.37072807
523,0.389054725,-0.143623178
524,0.734530965,-0.37346636
525,0.734530965,-0.37346636
526,-2.03880588,-0.205728555
527,2.31156484,-0.53590701
528,0.142113593,0.97285722
529,1.73975052,0.856576112
530,0.555405929,-0.416503315
531,1.12807303,-0.232521981
532,0.982310284,1.1466244
533,0.982310284,1.1466244
534,-0.481417541,-0.233916736
535,1.55126865,0.65884944
536,-1.64985839,-0.366585506
537,-0.014155357,-0.762485686
538,-0.523585784,-0.301669931
539,-0.483480578,0.397525037
540,-1.01447572,-0.705416741
541,-1.01447572,-0.705416741
542,-2.07227931,-0.162009351
543,0.893907701,-0.85238813
544,0.660341699,1.18264586
545,-1.93602577,-0.157177953
546,-0.516258202,1.52140843
547,0.0576571977,0.994316161
548,-0.390777162,-0.0420445399
549,-0.390777162,-0.0420445399
550,-0.358844071,1.15063564
551,2.08223661,0.540970822
552,-1.12908035,-1.77037667
553,0.663527847,-1.04408855
554,1.59926917,-1.30599683
555,2.76360827,-0.460747448
556,0.245370844,0.3234368
557,0.245370844,0.3234368
558,0.609651543,-0.5173863
559,3.69228129,-0.345103581
560,-0.306349556,1.52844115
561,0.90692836,0.260859335
562,1.40689684,0.170751311
563,0.428737768,0.451288435
564,0,-0.504114766
565,0,-0.504114766
566,0.596605878,1.057292
567,2.92287856,-0.287319574
568,-1.05563166,-1.70201951
569,0.454186135,-0.462409759
570,-1.88896522,0.124929625
571,-2.4595985,0.591227239
572,0.889753785,1.09306603
573,0.889753785,1.09306603
574,1.03919064,-0.455866077
575,1.46549381,-0.248380919
576,0.316934582,2.00895426
577,-1.96924005,1.3334597
578,-1.48923358,1.87182684
579,-2.04214406,0.84624445
580,-0.020990802,0.270699827
581,-0.020990802,0.270699827
582,2.97308666,1.45102657
583,2.76431832,0.179987821
584,-1.03274999,-1.18634464
585,-2.8066021,0.440340112
586,-1.49336457,0.16465309
587,0.482901405,-0.549636579
588,-0.56662231,0.100833617
589,-0.56662231,0.100833617
590,0.494060453,0.406435495
591,3.06303079,0.844911166
592,0.514805759,0.746255109
593,-1.47082849,0.711600605
594,-1.08755906,0.463443671
595,-1.15906038,-1.21149324
596,-0.903263054,0.0823884089
597,-0.903263054,0.0823884089
598,-0.507638107,0.615187709
599,2.0165849,-1.26640792
600,-2.24733098,-0.954809067
601,0.154973193,-0.0576336433
602,-0.992004792,-0.900861263
603,-0.242705058,-1.20618217
604,-0.778285758,-1.26328209
605,-0.778285758,-1.26328209
606,-1.80151416,-1.00197572
607,0.117081239,0.121743626
608,1.18904044,1.02189352
609,0.987718177,0.141038773
610,1.0225686,0.945037042
611,0.547763925,0.781469803
612,0.272139146,1.54231264
613,0.272139146,1.54231264
614,0.415421187,0.747349635
615,2.22459662,-0.139218453
616,-1.60662887,-1.14115057
617,-1.33099347,-0.73110023
618,-1.43049364,-0.801911592
619,-0.212779625,1.11821268
620,-0.762460654,-3.37326677
621,-0.762460654,-3.37326677
622,-2.75894822,-0.0998270302
623,0.684926836,-1.05113773
624,-0.0871876669,0.879427298
625,-0.668315749,0.453911209
626,-1.28573711,1.00274461
627,-2.01008514,1.15048123
628,1.97792843,0.0802834036
629,1.97792843,0.0802834036
630,-0.304213491,-0.181083452
631,0.438496502,-0.429217085
632,-1.05030971,-1.96602147
633,0.535375391,1.27656678
634,-0.22360043,1.43430892
635,-1.13394825,0.143799849
636,1.39560683,0.564310311
637,1.39560683,0.564310311
638,0.675517089,-1.62812666
639,2.20787814,-0.70758404
640,0.869557567,2.26232236
641,0.888356796,0.730781017
642,0.863006074,0.268941474
643,0.601035974,-2.81847444
644,0.714859026,0.448572175
645,0.714859026,0.448572175
646,-0.642828846,0.857167358
647,1.73828186,-1.68922021
648,-1.62833824,-0.815165188
649,-0.304115782,0.763798958
650,-0.229034287,0.384628152
651,-1.9111594,1.01010012
652,2.12537839,-0.0840714823
653,2.12537839,-0.0840714823
654,-1.29937528,-1.09096129
655,2.30438286,1.33461155
656,-0.172435377,0.144462079
657,-0.495988581,-0.509967176
658,-0.103400217,-0.10425113
659,0.103265789,1.45956789
660,0.522035467,-1.80106099
661,0.522035467,-1.80106099
662,-0.227916838,-0.136203024
663,-0.865579262,0.926094679
664,-0.833010987,0.877902798
665,0.871676485,-0.695833698
666,0.380341985,-0.80468495
667,0.334006427,0.604607723
668,0.376451609,-1.26113142
669,0.376451609,-1.26113142
670,-0.227559188,0.728772633
671,2.10914415,-1.31412062
672,1.13784793,-0.496465432
673,-1.08946473,0.676310605
674,-1.44414667,0.984511793
675,-1.51830847,-1.14896788
676,2.35823018,0.681732058
677,2.35823018,0.681732058
678,0.430740341,-0.274714633
679,1.89691519,-0.119374903
680,-2.17601294,-1.01454269
681,-0.258845094,0.212288142
682,-0.975155805,1.15548074
683,0.980659494,0.959084951
684,1.14933455,-0.895666834
685,1.14933455,-0.895666834
686,-2.33800945,-1.24746535
687,3.92795801,1.32327202
688,-0.268519651,1.48386528
689,-1.4383198,-1.00727472
690,-0.202129991,-0.701805205
691,-1.08480545,-1.55864275
692,0.263067219,0.671150287
693,0.263067219,0.671150287
694,0.33896802,0.43837066
695,0.848076517,-0.544280776
696,-1.80531245,-1.50234912
697,-1.89562968,-0.0291323256
698,-1.19037081,0.429138913
699,0.627424423,-0.249648502
700,1.46223354,0.765273166
701,1.46223354,0.765273166
702,-2.02632227,-0.269321403
703,1.00411556,-0.606234619
704,0.615235496,2.29447584
705,-2.05820413,-1.94705434
706,-1.83022912,-0.992498612
707,0.453269607,-0.597432514
708,2.35695774,-0.0627044494
709,2.35695774,-0.0627044494
710,0.317146259,1.88802411
711,-0.336725464,-0.603203212
712,-0.0299149085,-1.89811795
713,-1.14963485,-0.815613965
714,0.438978008,-0.897624421
715,0.303237563,0.741764093
716,0.987659807,1.19794437
717,0.987659807,1.19794437
718,0,-1.12131194
719,1.13985107,-2.03286254
720,-1.63919,0.502759295
721,-1.81686103,-0.442581167
722,-0.69173813,0.059433947
723,-1.37573024,-0.635909725
724,0.505124588,0.310267169
725,0.505124588,0.310267169
726,-1.13479607,-0.181245774
727,0.56072111,-0.611290275
728,0.235786403,-0.41860175
729,-0.912981962,-1.7057606
730,-0.648645754,-0.955207592
731,0.169178982,-1.25459615
732,0.404543007,-1.2143901
733,0.404543007,-1.2143901
734,0.121586172,-0.921145081
735,2.22112219,-0.31667079
736,-0.11403228,0.661454966
737,-0.127702557,-0.763549043
738,-1.01210692,-1.12196423
739,-1.0703546,-2.53201325
740,-0.122629922,-1.44651419
741,-0.122629922,-1.44651419
742,-0.665405435,0.834131074
743,1.80224046,2.61944957
744,-0.905609725,-1.68368511
745,-0.67933874,-0.823859388
746,0.820248785,-0.555143084
747,2.02262077,-0.573059929
748,-1.88833878,-0.0201862386
749,-1.88833878,-0.0201862386
750,-1.46594428,-0.274947582
751,1.10739688,-2.732143
752,0.294073658,1.55195619
753,-1.95626224,0.0427857397
754,0.382730289,0.580588453
755,0.0702330453,-1.02336807
756,-0.731415997,-1.39991092
757,-0.731415997,-1.39991092
758,0.18880055,1.96122962
759,2.65544048,-0.514616036
760,-1.29911544,-0.765390915
761,-2.03567994,0.518754746
762,-1.44259652,0.0799783547
763,0.441531279,1.42472286
764,-0.143340347,1.6682513
765,-0.143340347,1.6682513
766,-1.52787178,0.0868981375
767,2.52270634,-1.21075213
768,0.138985817,1.35581675
769,-1.56779048,0.209476726
770,-1.49611394,0.871676086
771,-1.04159178,-2.0923333
772,1.33634784,-1.32904571
773,1.33634784,-1.32904571
774,0.801421211,0.417912115
775,0.904735901,-0.523609116
776,-2.04020869,-1.08629756
777,-1.2549975,0.289447086
778,-0.58920533,1.55000676
779,0.524126346,-1.00041924
780,2.00521561,-1.16509744
781,2.00521561,-1.16509744
782,-2.38380616,-1.37219588
783,1.75897304,-0.870615635
784,0.836837234,0.815920338
785,-0.0594786052,-0.591845989
786,0,-0.403600518
787,1.80848422,0.602461514
788,-1.22344367,-1.26687482
789,-1.22344367,-1.26687482
790,1.06449392,1.34401354
791,1.63383492,-0.279838175
792,-1.58920032,-0.677323532
793,0.0709564638,1.95535384
794,0.589496926,1.52530859
795,0.39474429,-0.348710624
796,2.31226346,-0.667715905
797,2.31226346,-0.667715905
798,-3.48145908,-0.54754203
799,3.37385258,3.44197086
800,0.664792662,1.37415132
801,-1.45462661,0.101930217
802,-0.140970633,-0.0609460965
803,0.228987594,0.928312567
804,-0.242000312,-0.928637633
805,-0.242000312,-0.928637633
806,-0.201954916,0.365389375
807,1.00747053,-0.321718486
808,-1.17812434,-1.97752144
809,0.128284388,-0.733364693
810,-0.0823579409,0.287040947
811,0.960337784,0.669623748
812,0.621415535,1.29422867
813,0.621415535,1.29422867
814,-0.877695969,-1.25492115
815,2.65651199,0.794278439
816,0.253154064,1.27961277
817,0.278103518,0.224331074
818,-0.263878211,-0.854947175
819,-0.405323593,-0.175818923
820,0.0199445423,-0.415874844
821,0.0199445423,-0.415874844
822,0.829186635,0.821214405
823,2.18845303,-0.276935001
824,-1.42040748,-0.950020764
825,-2.14573033,-1.63908199
826,-0.59047244,-1.92699346
827,-1.76938734,-1.4628751
828,-0.46015895,-0.481672703
829,-0.46015895,-0.481672703
830,-0.273914582,0.375499843
831,2.84830099,0.306936044
832,-0.550582492,1.31362297
833,-0.0587490964,-1.25798972
834,-0.440421859,-1.12070494
835,-0.995416471,-0.473752433
836,-1.37335095,0.577806687
837,-1.37335095,0.577806687
838,0.598322848,2.06447645
839,1.39378286,0.149442295
840,-0.696879889,-1.26992925
841,-0.817378843,0.451835971
842,0.122119079,0.396771737
843,-1.47730882,-0.648614925
844,-0.181864205,0.386518445
845,-0.181864205,0.386518445
846,-1.28996421,-0.049082306
847,0.596361782,-0.548299164
848,0,1.0611451
849,-1.03583576,0.830802539
850,-0.326942964,0.764513801
851,0.877663859,0.0588392222
852,0.710489761,1.23892964
853,0.710489761,1.23892964
854,-0.563157595,1.65753408
855,1.9307723,-1.04671418
856,-0.765390915,-1.24035738
857,-0.654953955,0.0744745059
858,-1.03141465,-0.352351973
859,1.64872553,-0.390558855
860,0.815959091,1.38175978
861,0.815959091,1.38175978
862,-0.102524457,-1.88420299
863,1.54052251,-0.391053373
864,1.25835991,1.57914975
865,0.786024596,0.9206168
866,1.47247776,0.593339052
867,-0.0868858166,0.309489953
868,1.47675386,-0.649824568
869,1.47675386,-0.649824568
870,-0.0342859963,1.62824125
871,0.515380471,-0.457189918
872,-2.16116527,-2.20419414
873,0.0842690913,3.10855531
874,0.358097711,1.78957734
875,1.82570323,1.14379401
876,1.52626018,0.814487891
877,1.52626018,0.814487891
878,-1.96143278,-1.90927474
879,2.02387797,-1.90677301
880,0.203961857,1.55545872
881,0.430023764,1.28898254
882,1.10379873,0.423898889
883,0.999898403,-0.103237638
884,0.225133688,-0.419208421
885,0.225133688,-0.419208421
886,-0.0682932389,0.313940485
887,0.404585014,-0.43110049
888,-0.986479593,-0.83453568
889,-0.376334159,1.07785478
890,-0.260243399,0.780737576
891,-2.01018142,0.75879177
892,2.24805755,-0.404524342
893,2.24805755,-0.404524342
894,-1.59168656,-0.930515291
895,2.19091128,0.185459225
896,0.201581658,1.2217516
897,-1.91852164,-0.0285371625
898,-1.64050714,-0.080417318
899,-1.65680152,1.59357668
900,1.42285382,-1.00032971
901,1.42285382,-1.00032971
902,-0.441179358,0.240230691
903,0.785190758,-0.599279495
904,-1.29337377,-1.06573606
905,-0.419333774,-0.370285724
906,-0.419265301,0.616415961
907,0.640299601,-0.182063362
908,0.500181803,0.0411430101
909,0.500181803,0.0411430101
910,-1.61719718,0.131663928
911,1.44410564,2.1662987
912,-0.560420518,0.768384799
913,-2.38884979,0.779633717
914,-1.14610875,0.399703188
915,-1.01194446,0.327682406
916,0.789030003,0.0203562974
917,0.789030003,0.0203562974
918,-1.26043351,0.520453124
919,3.00222845,1.91481094
920,-0.660857971,-0.202928197
921,-1.24756728,1.6141124
922,-0.778755962,-0.22558506
923,0.0761020981,0.703243531
924,0.143181537,-0.776679754
925,0.143181537,-0.776679754
926,-0.429177724,-0.41008639
927,1.62367297,-1.54537269
928,1.02696011,0.672128293
929,-2.17244255,1.35238587
930,-1.26667477,0.725161011
931,-1.63609145,-0.901670655
932,1.32451826,0.284612578
933,1.32451826,0.284612578
934,2.0958389,0.696633603
935,2.11716934,-0.202037949
936,-1.41045026,-1.74992712
937,-1.21702727,0.975524022
938,-0.376210034,-0.019976113
939,0.1763648,-1.26691488
940,-0.0204537332,1.1172212
941,-0.0204537332,1.1172212
942,-0.73002915,-1.9014877
943,1.57390451,-0.476651595
944,-0.760105553,2.22713866
945,-0.853498462,1.5076905
946,-0.910471605,0.741039215
947,-0.697132822,-0.320915543
948,0.264950696,-0.5223719
949,0.264950696,-0.5223719
950,-1.12572543,1.30893349
951,0.375957788,0.436962503
952,-1.28169826,-1.64790181
953,-0.671233536,-0.553053242
954,-0.258397465,-0.521386322
955,-1.15763355,-0.372860707
956,1.71481847,0.225281792
957,1.71481847,0.225281792
958,-2.39015277,-0.278882443
959,1.24602644,-1.26943734
960,0.115616962,1.55488315
961,-0.786910972,-0.0270645111
962,-0.326637179,0.457287018
963,-0.29166871,-0.829703424
964,1.74604176,0.689584605
965,1.74604176,0.689584605
966,-0.270374639,1.14192641
967,2.11190993,-0.763401868
968,0.669861137,-0.859036927
969,-1.49927533,0.702598659
970,-1.24587216,0.158759441
971,-1.23261963,0.879252003
972,0.55283772,-0.433643869
973,0.55283772,-0.433643869
974,0.766637313,0.267868091
975,1.35883289,0.806991145
976,-1.88740476,0.175670693
977,-1.34309789,0.540090707
978,-0.679801598,1.05881447
979,-1.53309567,0.397185967
980,2.16237043,-0.0776352746
981,2.16237043,-0.0776352746
982,0.18541427,0.12006534
983,0.940461958,-0.221231344
984,0.184760497,-1.22982433
985,-0.325860843,-0.856558134
986,-0.439870347,0.350447644
987,-0.467935553,0.692725203
988,1.35944033,0.0588912098
989,1.35944033,0.0588912098
990,0.148740001,0.380541309
991,1.22903578,0.45188778
992,-0.169134502,1.65828359
993,-1.02163927,0.859894382
994,1.03827253,-0.0408249143
995,-0.459364062,0.804848098
996,1.56220452,0.104658558
997,1.56220452,0.104658558
998,0.776157438,0.275382296
999,2.37686754,0.911090113
1000,-0.8971301,-1.92463019
1001,0.860219028,1.41958496
1002,2.03155076,1.41861022
1003,-0.78002356,1.17919102
1004,1.15716791,0.0789060623
1005,1.15716791,0.0789060623
1006,-1.20848509,-0.941843387
1007,-0.751988026,-0.0799662569
1008,0.0295745948,1.37947631
1009,-0.948299387,0.757050074
1010,-0.396797259,-0.570241999
1011,-0.12081254,-0.030189851
1012,-0.205648972,-0.583248635
1013,-0.205648972,-0.583248635
1014,1.22922376,0.372296051
1015,2.19774503,1.44345942
1016,-0.805303778,-0.756476255
1017,-0.336526953,-1.55216215
1018,0.298095434,-0.0405955789
1019,-0.359621066,0.129228161
1020,0.856701927,-0.792721307
1021,0.856701927,-0.792721307
1022,-0.0990535686,-0.532156008
1023,0.770014103,-0.720087256
1024,0.685061936,-0.737816391
1025,-0.151007821,0.17034354
1026,0.275686335,0.587364789
1027,2.51698639,-0.824004892
1028,-0.503540256,-1.99519378
1029,-0.503540256,-1.99519378
1030,1.11117246,0.278028549
1031,-1.89910118,-1.51213012
1032,0.56665574,-0.280830521
1033,1.11848154,-0.0746832608
1034,0.774271654,-0.180721511
1035,-0.727465916,0.132952442
1036,-0.944144714,-1.01894913
1037,-0.944144714,-1.01894913
1038,-0.375548618,-0.424404037
1039,-3.28286097,0.225822261
1040,-0.277119342,-0.56389922
1041,-0.689173951,0.875720358
1042,-1.10363732,-0.824150012
1043,1.59409858,0.236751869
1044,-0.849675962,0.710870164
1045,-0.849675962,0.710870164
1046,-1.61731592,0.624539333
1047,-5.27311962,2.22653542
1048,-0.138635994,-1.79130135
1049,0.369138822,0.791367976
1050,0.202894124,-1.11383969
1051,-0.871892125,-0.739770703
1052,0.591807083,-1.09624581
1053,0.591807083,-1.09624581
1054,0.318636056,-2.02532922
1055,-4.24379728,-0.910629207
1056,1.15532078,0.575896804
1057,0.338272424,0.0288739366
1058,1.2989829,-0.30081199
1059,-1.18180934,-0.496587249
1060,-0.535630028,1.00441918
1061,-0.535630028,1.00441918
1062,0.392196039,-0.39347562
1063,-2.04877293,0.401216151
1064,-1.26476434,-0.722863411
1065,1.18234448,-0.890023741
1066,-0.161210853,-0.185449317
1067,0.793730375,0.680489925
1068,-0.364309925,-1.44996492
1069,-0.364309925,-1.44996492
1070,-1.42265645,-1.52238929
1071,-1.59833085,-1.12691517
1072,0.930143971,-0.379758923
1073,-0.493755986,-0.18893086
1074,-0.584961937,-1.27878483
1075,0.145425109,-0.0558189156
1076,0.502972576,0.124871432
1077,0.502972576,0.124871432
1078,0.418780751,0.801839193
1079,-4.47685164,-0.877518045
1080,-1.32274545,-1.29725171
1081,2.17400619,0.985477078
1082,0.82013233,-0.159589277
1083,0.839429525,0.160032734
1084,-1.25757116,-1.53749047
1085,-1.25757116,-1.53749047
1086,-0.839046465,-1.10187422
1087,-3.20568874,0.239221131
1088,0.733856127,-0.550597018
1089,-0.126468897,0.538889409
1090,0.697946589,-0.402610312
1091,1.80815934,-0.932059559
1092,-0.266837452,0.400013635
1093,-0.266837452,0.400013635
1094,-0.530589281,0.0342122178
1095,-3.64462738,-0.717295992
1096,-0.747937547,-0.658361848
1097,-0.231340638,-1.74896995
1098,-0.728567442,-2.22780094
1099,1.99876896,1.45752826
1100,-0.750160772,-0.759433177
1101,-0.750160772,-0.759433177
1102,0.247146265,0.364734356
1103,-4.15281372,0.0206362504
1104,0.491378211,0.0455695423
1105,-0.340624468,-2.33089494
1106,0.194456078,-0.50195019
1107,0.95577161,0.630910498
1108,1.73069698,0.493916799
1109,1.73069698,0.493916799
1110,1.61416874,-0.381885662
1111,-2.17758896,0.564944289
1112,-0.971689366,-1.09756403
1113,0.0595500927,0.164949877
1114,-0.39272635,-0.561350309
1115,-1.18145943,0.904267136
1116,-0.493669409,-1.51499103
1117,-0.493669409,-1.51499103
1118,-0.760302625,0.237101879
1119,-4.04072669,-0.932769715
1120,-0.420613357,-0.734475982
1121,-0.636281327,0.541262609
1122,-1.21821285,-1.02122238
1123,0.849066527,0.72054277
1124,-2.45149418,0.293042513
1125,-2.45149418,0.293042513
1126,-0.476177636,0.0314679862
1127,-3.30664024,-1.45995154
1128,-0.861886451,-0.34414379
1129,-1.0678797,-0.546176749
1130,-1.49464976,0.0179881904
1131,-0.288986048,0.823698672
1132,-1.79295188,1.1671559
1133,-1.79295188,1.1671559
1134,0.850044589,0.490590592
1135,-4.97295357,-0.741016796
1136,0.274903424,0.110473534
1137,-0.297860347,-1.55722446
1138,0.491052321,-0.494299699
1139,0.775755529,-0.623367479
1140,-2.34313704,-0.271873522
1141,-2.34313704,-0.271873522
1142,0.422241191,0.834101565
1143,-0.965924708,0.692346668
1144,-0.107909526,-2.62089815
1145,-0.0278675169,-0.399381724
1146,0.280879962,-3.23492938
1147,1.40455966,-1.56233454
1148,0.934062,-0.117878146
1149,0.934062,-0.117878146
1150,0.346475147,-1.06011686
1151,-0.318007961,-1.04536583
1152,0.169149514,1.43563628
1153,0.644955258,0
1154,0.174361809,1.20921477
1155,0.187958507,-0.225312159
1156,-2.17706278,-1.70843379
1157,-2.17706278,-1.70843379
1158,-0.810100634,1.39731595
1159,-2.98065619,0.281136425
1160,-0.472661964,-0.774113443
1161,-0.281917787,-0.785167698
1162,-0.180425639,-0.978401571
1163,-0.468671919,-0.0282832222
1164,-1.56583472,-0.44273638
1165,-1.56583472,-0.44273638
1166,0.570738021,0.313381434
1167,-1.17637576,1.33333044
1168,1.08664538,-1.22103923
1169,-0.182417624,1.66324141
1170,0.220869803,-0.948143224
1171,1.52909437,-0.184107496
1172,0.445329869,-1.33288743
1173,0.445329869,-1.33288743
1174,0.542233366,0.468795939
1175,-2.87150652,-1.41578756
1176,-1.50278796,-1.74095601
1177,-2.31229855,-1.96082269
1178,-1.0755894,-1.82728427
1179,0.679624108,-0.423555513
1180,1.31923351,1.13050929
1181,1.31923351,1.13050929
1182,-0.70206953,-0.708103529
1183,-2.04471862,-0.25318987
1184,0.140571553,0.584601199
1185,-0.401236733,0.169568413
1186,0.254023516,-0.0888158744
1187,0.013851828,0.415390773
1188,-0.793900455,0.742685081
1189,-0.793900455,0.742685081
1190,-1.48767071,1.08722808
1191,-2.65030327,-0.450997354
1192,-0.850920101,-1.64675179
1193,1.36666549,-0.61969967
1194,0.152890645,-1.27891921
1195,-0.807186897,0.310884915
1196,-1.2393999,-1.99092871
1197,-1.2393999,-1.99092871
1198,-0.645149741,0.287932371
1199,-3.91701944,0.122634673
1200,1.36290252,0.696492726
1201,0.985032591,0.0433649083
1202,0.956316162,0
1203,0.284027421,-0.291183005
1204,0.326157854,1.42723941
1205,0.326157854,1.42723941
1206,1.29093414,0.903666023
1207,-4.32621209,-0.329513347
1208,-1.07918503,-2.0119857
1209,0,0.175077392
1210,-0.978587156,-1.33067594
1211,0.474112902,1.47829628
1212,-1.65728988,1.26705995
1213,-1.65728988,1.26705995
1214,-1.82332322,0.384256951
1215,-3.80911654,-0.600158843
1216,-0.634893031,-0.668288842
1217,0.217129258,0.352190079
1218,-0.054439956,-0.463175183
1219,-0.370660405,-0.623225301
1220,-0.388306744,-0.525104161
1221,-0.388306744,-0.525104161
1222,-0.261239276,0.0490466515
1223,-2.14773762,1.16653594
1224,0.353296656,-1.11692676
1225,-0.0582875301,0.384691004
1226,1.07046117,-1.6451608
1227,1.14817787,-0.986767458
1228,0.655684076,1.10418961
1229,0.655684076,1.10418961
1230,1.31824843,-0.662878979
1231,-2.2510178,-0.874697588
1232,0.29623304,1.26455388
1233,0.868706164,-0.475626187
1234,0.592974897,1.1605257
1235,0.333747164,0.646577289
1236,-2.28534814,0.953843945
1237,-2.28534814,0.953843945
1238,0.566101629,0.185301092
1239,-2.64046253,1.58877764
1240,-0.718076498,-0.572531935
1241,-0.458482736,2.04351602
1242,-0.605425685,0.548111915
1243,0.750281174,0.792640161
1244,-0.510046519,1.00295136
1245,-0.510046519,1.00295136
1246,0.776123489,0.220410724
1247,-2.11635512,0.77181426
1248,1.31659532,-1.59701889
1249,0.22462953,2.17354825
1250,1.81525833,-1.51242621
1251,0.912779483,-1.18429176
1252,-0.682899278,0.732516764
1253,-0.682899278,0.732516764
1254,0.569334088,0.119186088
1255,-3.82644788,-0.667116755
1256,-0.758502963,0.644173721
1257,0.257281728,0.754353959
1258,-0.549414717,0.661903567
1259,-1.8332554,1.2402302
1260,-1.78968915,-0.785049538
1261,-1.78968915,-0.785049538
1262,-1.77560288,-0.428828969
1263,-3.04013629,0.445068783
1264,-0.577265378,-0.353823487
1265,0.575968843,-2.19429477
1266,0.100970097,-1.55845272
1267,0.798206132,1.91499963
1268,-0.999211273,1.41136679
1269,-0.999211273,1.41136679
1270,-1.43013993,0.78486815
1271,-3.73747698,-0.279606445
1272,0.66351173,-1.12861892
1273,-2.39158045,1.3004417
1274,0.281429669,0.0362922781
1275,-0.398326959,0.854270142
1276,-0.761604912,0.381718444
1277,-0.761604912,0.381718444
1278,-0.113598796,-1.74520315
1279,-6.3444229,-0.217707428
1280,-1.25567808,-1.28100143
1281,-0.500328352,0.914855131
1282,-0.458917436,-1.68390389
1283,0.844441113,0.856878665
1284,-0.459825328,-0.0641536324
1285,-0.459825328,-0.0641536324
1286,-0.66661852,-1.12978241
1287,-2.22099277,-1.42927271
1288,-0.228530643,-0.527607139
1289,-0.350936928,0.419026724
1290,-0.084002844,-0.472283557
1291,1.42814182,-0.841597745
1292,-0.76160064,1.44594335
1293,-0.76160064,1.44594335
1294,0.24918882,0.445902059
1295,-0.576855343,-1.23545947
1296,-0.216488964,-0.324430373
1297,2.04114347,-0.905971228
1298,-0.189842549,-0.926560702
1299,0.0694917141,0.877523642
1300,0.825364723,-0.321476362
1301,0.825364723,-0.321476362
1302,-1.06730191,0.202226125
1303,-1.00325803,0.685915057
1304,0.420338866,-1.24911259
1305,0.329463829,-0.186573649
1306,1.14770463,-1.04267345
1307,-1.2667412,1.22371296
1308,0.403906276,0.547798724
1309,0.403906276,0.547798724
1310,0.891462632,-0.33023135
1311,-2.33051946,0.302902488
1312,-1.07194208,0.870386327
1313,1.24224196,0.145292096
1314,0.129386373,-0.276433548
1315,0.609419521,-0.042728491
1316,-0.183505365,0.691848829
1317,-0.183505365,0.691848829
1318,0.304075975,1.33510051
1319,-3.36218712,1.99707023
1320,-0.168473737,-1.99878062
1321,1.09779786,-0.710901614
1322,0.290380405,-1.97120455
1323,-0.344420635,-0.0139904343
1324,0,1.19920956
1325,0,1.19920956
1326,0.016608407,-1.70515292
1327,-1.57593912,-1.5534194
1328,1.76086323,-0.0159728996
1329,-2.20861204,0.706081495
1330,0.628891426,-0.485331479
1331,0.616170896,-0.796693794
1332,-0.339735977,1.34235668
1333,-0.339735977,1.34235668
1334,2.6068892,-0.984886692
1335,-4.78996149,0.855954846
1336,-1.19028,-1.3618451
1337,-0.652805892,-1.86568622
1338,0.100238229,-1.51996173
1339,-1.01545386,-0.873441605
1340,-1.59450443,0.483402728
1341,-1.59450443,0.483402728
1342,-0.0170296529,-1.4532086
1343,-3.54903843,0
1344,-0.18740691,-0.170909611
1345,1.29058358,0.570011556
1346,0.573893206,0.091062358
1347,-0.30328518,-0.324071617
1348,-1.3725028,-1.30353377
1349,-1.3725028,-1.30353377
1350,-0.0981606939,0.583617694
1351,-2.65755781,0.374148316
1352,0.293798791,-0.884832153
1353,2.63151946,1.00565638
1354,1.14008023,-0.811256641
1355,0.0962397451,-0.0845791269
1356,-1.53975375,0.917245503
1357,-1.53975375,0.917245503
1358,-1.90811621,-0.370175146
1359,-1.80986476,-1.16008374
1360,-0.970776466,-0.943964049
1361,0.611173375,1.21565638
1362,-0.420002716,-0.455406446
1363,-1.50691064,1.41689014
1364,-0.0599676953,0.449648696
1365,-0.0599676953,0.449648696
1366,-1.44502922,0.725048829
1367,-3.11579596,-1.24023875
1368,-0.838676881,-0.431097967
1369,0.176623826,1.26212996
1370,-0.188479787,0.678567632
1371,0.33536965,-0.470823183
1372,-0.148375638,-0.666933698
1373,-0.148375638,-0.666933698
1374,-2.74575676,-0.935615883
1375,-2.93264184,-0.102781409
1376,1.26336552,0.682758926
1377,1.63057546,-0.694846079
1378,1.82299816,-0.0547328664
1379,2.76632315,-0.54448375
1380,-0.538536966,-1.13030175
1381,-0.538536966,-1.13030175
1382,0.129227795,0.788007267
1383,-3.19959564,-0.20016381
1384,-0.184686007,-1.66068733
1385,-2.28133403,-1.49368177
1386,-1.10553004,-1.34517039
1387,3.0466804,-0.961460824
1388,-0.98753594,-1.64906117
1389,-0.98753594,-1.64906117
1390,1.0295277,-1.41343542
1391,-2.82745922,-0.613566001
1392,0.0922412619,-0.325821025
1393,0.0138372365,-1.42616148
1394,-0.400819346,-0.728473278
1395,1.26958602,-0.0588761432
1396,0.0627580699,-0.431479206
1397,0.0627580699,-0.431479206
1398,0.0681230433,1.36053608
1399,-2.48253798,-0.678564797
1400,-1.82010939,-0.404188933
1401,1.29122884,0.311199059
1402,-1.09634514,0.391891247
1403,0.242164809,-0.899374712
1404,-0.453249262,2.09766329
1405,-0.453249262,2.09766329
1406,-1.79242404,0.943069688
1407,-0.842187004,-0.510688346
1408,1.22396618,-2.01192366
1409,0.198042022,1.61350348
1410,1.32325514,-2.07934035
1411,0.918028465,-0.422189901
1412,-0.398539963,0.692440312
1413,-0.398539963,0.692440312
1414,1.24655629,-0.989051507
1415,-2.51715557,0.504750341
1416,-0.660021873,0.296007342
1417,0.225256324,-1.80287652
1418,-0.0910136643,-0.199524475
1419,1.28554998,0
1420,-1.48454318,1.74679549
1421,-1.48454318,1.74679549
1422,-1.13854107,0.120895415
1423,-3.11363155,-0.183439245
1424,0.681667621,0.864784172
1425,0.735174265,0.828338781
1426,0.27243216,0.533296166
1427,-1.37876827,0.670819651
1428,-1.70361428,1.35045695
1429,-1.70361428,1.35045695
1430,-0.918263204,-0.48323228
1431,-5.6552848,-0.308487355
1432,-0.522131714,-1.68079147
1433,0.509571741,-0.542247315
1434,-0.282486028,-0.778139431
1435,1.7215968,-0.163007245
1436,0.680879739,0.58282102
1437,0.680879739,0.58282102
1438,0.0506051625,-0.910466765
1439,-1.46928584,-0.335728666
1440,-0.661416844,-1.22063827
1441,0.587271293,0.177274626
1442,-0.659476879,-2.56595982
1443,0.991643974,-1.19927538
1444,-1.05722004,1.49647771
1445,-1.05722004,1.49647771
1446,-1.27462464,0.862305416
1447,-1.36102615,-0.677200741
1448,-0.187687171,-0.596410632
1449,0.765278658,-1.19630244
1450,0.754926808,-0.771946192
1451,0.0675329742,-0.953219286
1452,0.203526938,0.937814314
1453,0.203526938,0.937814314
1454,-0.710939081,0.303461248
1455,-2.57663437,0.0406844431
1456,0.294913246,-1.13994734
1457,1.34823353,-0.646213844
1458,-0.123365753,-2.06584228
1459,0.42897986,-1.08262362
1460,-0.457187444,-0.990210363
1461,-0.457187444,-0.990210363
1462,0.77178947,-0.738232803
1463,-3.10619386,-0.485569129
1464,0.353904101,1.0157465
1465,0,-1.60309563
1466,0.890070119,0.714258045
1467,0.62393904,1.32436777
1468,-1.70222076,-0.635519062
1469,-1.70222076,-0.635519062
1470,0.185908711,-0.834278811
1471,-4.30888399,-0.749141084
1472,-0.625419318,-2.30539187
1473,0.376052773,-1.14151268
1474,-0.0918704458,-2.94647038
1475,1.44609034,1.48804075
1476,-1.32755967,1.48058863
1477,-1.32755967,1.48058863
1478,-0.452919427,-2.03865908
1479,-3.51969607,-0.222401411
1480,-0.0783786549,0.944943427
1481,0.831129863,-0.365641113
1482,0.288456415,0.0708891389
1483,1.72337296,1.48651854
1484,-1.65255766,-0.162027179
1485,-1.65255766,-0.162027179
1486,-0.843626111,0.862171849
1487,-2.61756424,0.0613341957
1488,0.294678823,-1.93602184
1489,-1.59441568,-0.48077657
1490,0.0443467961,-2.37231456
1491,1.04647017,0.0142526307
1492,-1.7705791,0.598332392
1493,-1.7705791,0.598332392
1494,-1.13128511,-0.422476503
1495,-2.25900516,-0.177947207
1496,-0.851780993,-1.54731073
1497,-0.903557222,0.384797912
1498,0.092158637,-0.64680817
1499,1.07255295,0.386084549
1500,-0.559126393,-0.142567836
1501,-0.559126393,-0.142567836
1502,0.675097826,0.29366902
1503,-2.22854253,1.2285031
1504,-0.648199792,0.99348331
1505,0.22027809,-0.228977368
1506,-0.876954853,0.572245596
1507,-1.40700785,-0.935502503
1508,0.165451785,-0.992404221
1509,0.165451785,-0.992404221
1510,0.924406642,0.887029979
1511,-3.67354768,-0.391905593
1512,-0.138983072,-2.58800063
1513,-1.81110595,-0.373420504
1514,0,-2.85547485
1515,-0.738054957,1.03512443
1516,-0.342124336,1.34373544
1517,-0.342124336,1.34373544
1518,0.0165173526,1.19428417
1519,-2.52563361,-0.908720465
1520,-0.201221221,-0.047177939
1521,-1.15615129,-0.472996036
1522,-0.253847478,-0.229322584
1523,-0.133288205,0.257492899
1524,1.33198933,-0.244342443
1525,1.33198933,-0.244342443
1526,-1.24355845,0.0324040659
1527,-1.70861958,-0.553477807
1528,0.91852161,-0.307610479
1529,-0.872165166,-0.953294974
1530,1.04819364,-0.0995021274
1531,0,0.221705331
1532,1.02658994,-0.0828025309
1533,1.02658994,-0.0828025309
1534,-0.814691551,-0.780385831
1535,-3.1676476,-0.100278503
1536,-1.54935836,-0.252994895
1537,1.81051268,-0.0700169806
1538,-0.521492499,-0.236432207
1539,-0.464271731,0.332607457
1540,-1.44591316,0.252798401
1541,-1.44591316,0.252798401
1542,0.845673535,-0.926724534
1543,-3.33978063,-0.888090821
1544,0.56665574,-0.280830521
1545,-0.82433655,1.55188728
1546,0.642342968,-0.143957805
1547,-0.803322528,-0.767023063
1548,-0.546293013,-1.91601412
1549,-0.546293013,-1.91601412
1550,-1.20666619,-1.07653946
1551,-3.63424677,0.878849155
1552,-0.277119342,-0.56389922
1553,-0.864822563,1.01107822
1554,-1.13813237,-0.507194388
1555,-1.61670653,2.71856487
1556,-0.444094966,1.61989442
1557,-0.444094966,1.61989442
1558,-0.252515624,-1.53048737
1559,-3.50060124,-0.447919258
1560,-0.138635994,-1.79130135
1561,-0.11322884,0.794203253
1562,1.11224489,-0.562964337
1563,0.60886076,1.1679838
1564,0.392630553,-1.86944936
1565,0.392630553,-1.86944936
1566,-1.77710209,-1.61911411
1567,-1.59290606,-0.838879719
1568,1.15532078,0.575896804
1569,0.606971577,-0.718841303
1570,1.16603476,-0.422410559
1571,0.893915615,-0.314056252
1572,-1.14385085,0.545608738
1573,-1.14385085,0.545608738
1574,-0.411403991,0.210249566
1575,-2.3669007,-0.659983128
1576,-1.26476434,-0.722863411
1577,-1.08506957,0.278609322
1578,-0.805282004,0.01788995
1579,-0.115256073,-1.31873645
1580,-1.05052068,0.718542064
1581,-1.05052068,0.718542064
1582,0.235165109,-0.902020968
1583,-1.45748754,0.243486749
1584,0.930143971,-0.379758923
1585,-0.772231837,-1.33488473
1586,-0.726312006,-2.21398656
1587,0.726447339,-2.18190738
1588,-0.74104421,-1.74495334
1589,-0.74104421,-1.74495334
1590,-0.803761736,0.959239208
1591,-2.31729054,-0.422420984
1592,-1.32274545,-1.29725171
1593,0.731244395,-0.0296526188
1594,0.153491288,-0.684826719
1595,-0.114012542,-0.861002057
1596,-0.345121404,-0.573118414
1597,-0.345121404,-0.573118414
1598,-1.72348506,-0.655704714
1599,-3.21824243,-0.234550488
1600,0.733856127,-0.550597018
1601,0.339631448,1.17635668
1602,1.17938249,-0.673013803
1603,2.53055248,-1.13765641
1604,2.00681864,1.16216269
1605,2.00681864,1.16216269
1606,-0.229798981,-0.271188881
1607,-1.69400777,-1.24567255
1608,-0.747937547,-0.658361848
1609,-1.2613371,-2.02107399
1610,-0.692785405,-1.8290955
1611,0.633711955,0.635831055
1612,-2.23901715,-0.823268613
1613,-2.23901715,-0.823268613
1614,-1.38900897,0.132882277
1615,-1.47385068,1.30379335
1616,0.491378211,0.0455695423
1617,0.0137798269,1.00565071
1618,0.216722305,0.238554321
1619,0.582042222,-0.652444294
1620,1.12590176,0.667827142
1621,1.12590176,0.667827142
1622,0.114832553,-0.648342221
1623,-4.40353491,-2.59923111
1624,-0.971689366,-1.09756403
1625,-1.73732343,0.672398545
1626,-0.944238132,-1.25408179
1627,-0.451383486,-0.754534449
1628,-1.52394059,-0.617533013
1629,-1.52394059,-0.617533013
1630,-0.999408073,0.357171281
1631,-4.38467665,-3.04779179
1632,-0.420613357,-0.734475982
1633,1.07623755,1.40807146
1634,0.0528595991,-1.04163463
1635,0.647415295,-0.696269863
1636,-0.616758672,-0.850263728
1637,-0.616758672,-0.850263728
1638,-0.421090931,-0.314476742
1639,-3.40009713,-0.890016813
1640,-0.861886451,-0.34414379
1641,-0.942798953,-0.55361245
1642,-1.16666052,-0.257538415
1643,1.30648842,0.504577603
1644,-1.01454696,0.0417001565
1645,-1.01454696,0.0417001565
1646,0.212494782,-2.78695943
1647,-3.16350347,-0.233816201
1648,0.274903424,0.110473534
1649,0.434582594,0.613853799
1650,0.453049937,-0.0795342918
1651,0.0139578117,-1.8335075
1652,-1.03271997,1.50854292
1653,-1.03271997,1.50854292
1654,0.972052911,0.873264789
1655,-3.90182318,-1.04179269
1656,-0.107909526,-2.62089815
1657,0.479365904,1.54940694
1658,1.05627857,-1.61236788
1659,0.876890211,-1.31213649
1660,-0.483517386,-0.922396666
1661,-0.483517386,-0.922396666
1662,-0.919081116,0.132238366
1663,-3.80709251,1.57305172
1664,0.169149514,1.43563628
1665,-0.0606631541,1.01622875
1666,-0.180626799,1.71272706
1667,0.991329961,0.672293781
1668,-0.253809093,-1.38553083
1669,-0.253809093,-1.38553083
1670,-0.143629962,-1.02113403
1671,-4.27756,0.606138653
1672,-0.472661964,-0.774113443
1673,-1.65883303,-0.693650941
1674,-1.01632595,-1.15049926
1675,0.101443295,-0.648225648
1676,0.202386092,0.576766737
1677,0.202386092,0.576766737
1678,-1.26377071,1.34819465
1679,-2.6155386,0.317063244
1680,1.08664538,-1.22103923
1681,1.34879032,-0.444142428
1682,1.53388748,-2.3321156
1683,0.423849301,-3.09883626
1684,0.701493643,1.00997176
1685,0.701493643,1.00997176
1686,0.303911755,-0.0643728326
1687,-2.51083842,1.7511172
1688,-1.50278796,-1.74095601
1689,-0.155896937,-1.44380799
1690,-0.98519011,-2.05945528
1691,-1.4899633,0.868229603
1692,-1.71823999,-0.122169825
1693,-1.71823999,-0.122169825
1694,-0.965284057,-0.963896526
1695,-3.0194691,0
1696,0.140571553,0.584601199
1697,-0.49269903,-0.561039862
1698,0.101850987,0.242252034
1699,0,0.721306043
1700,0.126516476,-1.94805199
1701,0.126516476,-1.94805199
1702,-1.44974649,0.809908175
1703,-4.37938299,0.746337671
1704,-0.850920101,-1.64675179
1705,-1.53610117,0.320351219
1706,-0.650622,-0.693495382
1707,1.43341411,-0.39410989
1708,-0.477692535,-0.164828176
1709,-0.477692535,-0.164828176
1710,-1.40251168,-1.46063269
1711,-2.45885954,0.256669467
1712,1.36290252,0.696492726
1713,0.0297578105,-0.293462572
1714,0.150951462,0.177687402
1715,0.664235646,-0.965163081
1716,-1.3523093,-0.892649357
1717,-1.3523093,-0.892649357
1718,2.02154194,1.48099727
1719,-3.255297,-1.35532401
1720,-1.07918503,-2.0119857
1721,0.307913364,-1.90411747
1722,-0.33814485,-2.21281778
1723,0.540216096,0.0297341951
1724,0.286627835,0.371703121
1725,0.286627835,0.371703121
1726,0.69320546,0.0325213785
1727,-2.79192976,0.780383832
1728,-0.634893031,-0.668288842
1729,-0.80296918,-1.14062274
1730,-0.392363653,-0.0886797373
1731,-0.682926235,-0.81157198
1732,-0.430765015,-0.0417365512
1733,-0.430765015,-0.0417365512
1734,-1.34740459,-1.13937796
1735,-2.65288545,-1.05091324
1736,0.353296656,-1.11692676
1737,0.146686651,2.56744972
1738,1.12072082,-0.807390339
1739,3.28783351,-0.473800359
1740,-0.945637052,-0.459660284
1741,-0.945637052,-0.459660284
1742,-1.42425049,2.42157136
1743,-2.42714478,-0.432836653
1744,0.29623304,1.26455388
1745,1.50297881,1.4291811
1746,0.647515311,1.12220434
1747,0.263354025,-0.342318115
1748,-1.33135895,0.375399584
1749,-1.33135895,0.375399584
1750,1.80760685,-0.102512455
1751,-4.1209861,0.522405725
1752,-0.718076498,-0.572531935
1753,-1.41854134,0.548156691
1754,-0.374997247,0.168539425
1755,1.25294712,-0.0145623882
1756,-0.121765615,-0.954294442
1757,-0.121765615,-0.954294442
1758,-1.58987689,-0.640272128
1759,-3.42451481,-0.270113986
1760,1.31659532,-1.59701889
1761,-0.867412176,-0.35945147
1762,0.767126744,-2.59573369
1763,-1.13402016,-0.670757236
1764,-1.77571638,-0.0205495798
1765,-1.77571638,-0.0205495798
1766,0.993303733,-0.589622061
1767,-3.81233334,0.467897543
1768,-0.758502963,0.644173721
1769,-0.57468705,-0.169256316
1770,-0.00922497266,0.589527579
1771,0.199640886,-0.551270625
1772,2.98481343,-0.336633457
1773,2.98481343,-0.336633457
1774,-3.2083778,0.069112473
1775,-2.44165354,0.517167406
1776,-0.577265378,-0.353823487
1777,0.863310228,-0.320317812
1778,0.0544339812,-0.872446564
1779,0.130250607,-1.19824946
1780,0.364827548,1.03235311
1781,0.364827548,1.03235311
1782,0.0858416318,0.0484969575
1783,-1.71930234,0.779893759
1784,0.66351173,-1.12861892
1785,-0.231978413,1.74679906
1786,1.16364227,-0.0813702927
1787,-0.100327028,-0.174499772
1788,-1.59359029,-1.15125538
1789,-1.59359029,-1.15125538
1790,0.404542961,-0.386837447
1791,-1.34101599,0.244054776
1792,-1.25567808,-1.28100143
1793,-1.62194734,-1.1987309
1794,-1.37044039,-2.06344783
1795,1.258037,-1.23187498
1796,0.183477456,-0.521208688
1797,0.183477456,-0.521208688
1798,-0.598024181,-0.179352267
1799,-3.69106136,0
1800,-0.228530643,-0.527607139
1801,0,0.420162726
1802,0.328396088,-1.01100599
1803,-0.890375654,-1.08720926
1804,0.876325075,0.336444383
1805,0.876325075,0.336444383
1806,0.837110131,0.374128311
1807,-3.61930827,-0.720198578
1808,-0.216488964,-0.324430373
1809,-0.576194262,1.75085977
1810,-0.472018199,-0.221429556
1811,1.01623828,-0.177595861
1812,-1.94503014,0.119280862
1813,-1.94503014,0.119280862
1814,0.235370424,0.460361447
1815,-4.80698881,-0.48734425
1816,0.420338866,-1.24911259
1817,-0.666497401,-0.824003975
1818,1.44839774,-0.520646742
1819,-0.983935394,0.937774576
1820,0.0197289305,2.03059055
1821,0.0197289305,2.03059055
1822,0.461207135,-1.98259194
1823,-2.77444566,1.52346814
1824,-1.07194208,0.870386327
1825,-0.763634368,-0.545472295
1826,-1.16780374,-0.23280303
1827,-0.201207618,1.81341741
1828,-0.810092587,0.584476449
1829,-0.810092587,0.584476449
1830,-0.0477357844,1.41199243
1831,-3.72893006,-1.3442374
1832,-0.168473737,-1.99878062
1833,-1.21060421,-0.37007725
1834,-0.632313374,-1.6815878
1835,0.24910379,-2.16745659
1836,-1.18025637,-0.0401334772
1837,-1.18025637,-0.0401334772
1838,-0.995464401,-1.6152793
1839,-2.59887338,-0.124484602
1840,1.76086323,-0.0159728996
1841,1.04387343,-0.700451744
1842,1.21962843,-1.09326291
1843,1.39857046,-1.01332303
1844,-1.09880271,1.11163213
1845,-1.09880271,1.11163213
1846,1.43245457,0.397399545
1847,-3.08389189,-0.564408026
1848,-1.19028,-1.3618451
1849,0.789857005,0.63215739
1850,0.506913544,-0.883826598
1851,1.62251723,1.8569492
1852,0.187784252,-0.313576714
1853,0.187784252,-0.313576714
1854,0.016752639,-2.53139024
1855,-3.32781181,1.91034361
1856,-0.18740691,-0.170909611
1857,1.12085769,0.855543682
1858,0.320633752,-0.357810982
1859,1.05268508,2.68406654
1860,0.624188183,-0.204496276
1861,0.624188183,-0.204496276
1862,-0.0337789934,0.758458024
1863,-3.49398514,0.447854431
1864,0.293798791,-0.884832153
1865,-0.713543371,-1.02912273
1866,0.261615923,-2.12099069
1867,0.153391447,-2.07021376
1868,-0.214193483,1.68887623
1869,-0.214193483,1.68887623
1870,0.61450593,0.403328508
1871,-2.7439326,-0.80986639
1872,-0.970776466,-0.943964049
1873,0.472277656,-0.77771031
1874,-0.981520887,-1.43104443
1875,-0.793569318,0.480739605
1876,0.059625107,2.04572425
1877,0.059625107,2.04572425
1878,-0.249824138,-0.569920192
1879,-2.20949211,-0.39061817
1880,-0.838676881,-0.431097967
1881,0.248194588,0.211543131
1882,-0.126080804,0.0832903654
1883,-0.169232691,-0.175639376
1884,-0.213840172,-0.0593205017
1885,-0.213840172,-0.0593205017
1886,-1.68803408,-2.2956192
1887,-3.73691665,1.03051055
1888,1.26336552,0.682758926
1889,-0.845930303,-0.482804186
1890,1.64692259,-0.0807895794
1891,1.07148183,0.805629948
1892,-2.1247661,-0.0201573566
1893,-2.1247661,-0.0201573566
1894,1.6861418,1.35242017
1895,-2.90970587,-0.883580552
1896,-0.184686007,-1.66068733
1897,-0.468953613,1.13304159
1898,-0.445694878,-1.11134147
1899,0.882003512,0.118064
1900,-1.45022764,-2.51824719
1901,-1.45022764,-2.51824719
1902,-0.341821791,-1.19973067
1903,-3.49297439,-1.42737029
1904,0.0922412619,-0.325821025
1905,-0.908157377,1.64851397
1906,-0.258041712,0.324345734
1907,0.258904276,0.337027523
1908,0.143075657,-0.301453656
1909,0.143075657,-0.301453656
1910,1.16118621,0.218755223
1911,-2.57174428,0.994023931
1912,-1.82010939,-0.404188933
1913,-0.272469163,-0.342762134
1914,-0.50661187,-0.735178674
1915,0.943575559,-2.17125866
1916,-0.612245528,-0.516258202
1917,-0.612245528,-0.516258202
1918,-2.94053957,0.516329064
1919,-5.09640327,-0.568918807
1920,1.22396618,-2.01192366
1921,1.25744457,-0.414678818
1922,1.55595094,-2.55912124
1923,0.6108135,0.649050362
1924,-0.34237468,-0.50616038
1925,-0.34237468,-0.50616038
1926,-0.784847639,-1.08501214
1927,-1.70158815,-2.50095541
1928,-0.660021873,0.296007342
1929,0.0432653323,0.547628223
1930,-0.603036104,0.0270274778
1931,0.832004108,0.15250599
1932,-0.207495828,-0.555718045
1933,-0.207495828,-0.555718045
1934,0.442728526,0.149383779
1935,-3.97794839,1.14318059
1936,0.681667621,0.864784172
1937,-0.151309313,-0.127466725
1938,0.777947622,0.472699369
1939,0.157201605,0.320169683
1940,0.570360591,-0.412100254
1941,0.570360591,-0.412100254
1942,-0.0166464041,2.51584417
1943,-0.804077771,-0.400516689
1944,-0.522131714,-1.68079147
1945,-1.40902561,0.364840828
1946,-0.583883241,-0.353812667
1947,-0.313636206,0.296403252
1948,-1.19609537,-1.16884671
1949,-1.19609537,-1.16884671
1950,-1.55997026,-1.2153152
1951,-0.607346512,-1.29632564
1952,-0.661416844,-1.22063827
1953,0.302381993,-0.527535637
1954,-0.634772274,-2.50020386
1955,0.248854853,-1.11681483
1956,0.100246371,-1.32635894
1957,0.100246371,-1.32635894
1958,-1.12439943,-0.912124026
1959,-2.93422861,-0.67836017
1960,-0.187687171,-0.596410632
1961,2.28643001,0.575760226
1962,0.809401617,0.472661683
1963,-1.90193613,-1.72646251
1964,-0.596725244,1.74974979
1965,-0.596725244,1.74974979
1966,-0.906388821,-2.118622
1967,-1.1975053,-1.20445902
1968,0.294913246,-1.13994734
1969,-1.52282386,1.50547543
1970,-1.04113433,-1.65340373
1971,-1.64853939,-0.529125038
1972,-1.37870333,0.145268164
1973,-1.37870333,0.145268164
1974,0.407008149,0.843211171
1975,-5.36308405,-0.207088412
1976,0.353904101,1.0157465
1977,-0.36646575,0.223585785
1978,1.23766919,1.8605425
1979,1.44398828,0.752746142
1980,-0.847086134,-0.542583627
1981,-0.847086134,-0.542583627
1982,-0.976566567,1.65595108
1983,-3.46480086,0
1984,-0.625419318,-2.30539187
1985,-0.629158179,-0.947356762
1986,-1.4239275,-2.02643448
1987,0.714625006,0.314660453
1988,0.549866782,-0.828662768
1989,0.549866782,-0.828662768
1990,0.250928726,-0.593000047
1991,-3.49140175,1.22870319
1992,-0.0783786549,0.944943427
1993,0.707885108,0.481187702
1994,0.0998760051,0.376237277
1995,0.202358605,0.733274292
1996,-2.1626728,-0.204129688
1997,-2.1626728,-0.204129688
1998,-0.15394894,1.67399908
1999,-2.50695816,-0.635826846
2000,0.294678823,-1.93602184
2001,-0.332156654,0.34683752
2002,0.0183838916,-2.02228056
2003,-0.520937015,-0.536352092
2004,-2.81202438,0.12411492
2005,-2.81202438,0.12411492
2006,-1.15793329,-0.50913979
2007,-3.37978518,1.32748429
2008,-0.851780993,-1.54731073
2009,-0.684566881,0.770804351
2010,-0.35571419,-1.46016103
2011,-0.702638996,-1.09723105
2012,-0.887938672,-0.101307249
2013,-0.887938672,-0.101307249
2014,0.0663057463,1.74975072
2015,-2.42256665,-0.181026917
2016,-0.648199792,0.99348331
2017,-1.28125444,-1.21780626
2018,-1.03598604,0.276411374
2019,0.0140661266,-0.930227958
2020,0,1.61310725
2021,0,1.61310725
2022,-1.14680491,0.517624079
2023,-3.08733014,0.586155666
2024,-0.138983072,-2.58800063
2025,0.756070285,0.522390862
2026,0.18516756,-2.41805652
2027,0.411369556,-0.547405371
2028,-0.577045363,0.346118888
2029,-0.577045363,0.346118888
2030,-1.49961115,-1.68522046
2031,-3.98854276,-1.7949475
2032,-0.201221221,-0.047177939
2033,0.504540874,0.968001994
2034,0.194865642,-0.263057613
2035,0.900844077,-1.69334348
2036,-1.33072666,-0.643409617
2037,-1.33072666,-0.643409617
2038,-1.28708785,0.384092025
2039,-1.34562054,0.61518562
2040,0.91852161,-0.307610479
2041,0.656695964,0.843136205
2042,1.0871045,0.117486065
2043,2.04648339,-0.440782207
2044,-0.604340791,-0.141704235
2045,-0.604340791,-0.141704235
2046,-0.550623081,-0.985481506
2047,-3.01993501,-1.05512699
2048,-0.093364893,0.015293656
2049,-0.711216258,-0.682736145
2050,0.169932339,0.59140006
2051,1.4310722,0.512501284
2052,0.990460097,0.835177379
2053,0.990460097,0.835177379
2054,-0.154480997,-1.57993386
2055,0.847008433,-0.943452395
2056,1.19612121,-1.72652258
2057,-1.42745359,-1.04287512
2058,0.515620603,-1.11490089
2059,-0.194089459,0.468509989
2060,0.70289361,-0.279186159
2061,0.70289361,-0.279186159
2062,0.317803825,-0.944780437
2063,-0.547819295,-2.39599746
2064,0.58182388,-1.34005125
2065,-1.81414885,-0.541244752
2066,1.30359949,-2.6521308
2067,1.90831672,-0.392028136
2068,0.25741243,-0.0601353438
2069,0.25741243,-0.0601353438
2070,-0.303587564,0.464086172
2071,0.33354681,0.179672924
2072,1.73848819,-1.62032135
2073,0.0853130782,-0.422226236
2074,1.37603329,-1.7955826
2075,0.731877131,-0.214644193
2076,0.641414177,0.605779283
2077,0.641414177,0.605779283
2078,-0.444888704,-2.23483709
2079,-0.712854852,0.930607935
2080,0.997444834,-1.60482216
2081,-1.19215483,1.0268364
2082,-0.50979773,0.0220856369
2083,0.0297094363,-0.389454991
2084,-0.040975814,-1.14128984
2085,-0.040975814,-1.14128984
2086,0.0169377176,-0.168680928
2087,-0.11774291,0.118226339
2088,0.823022307,-0.912165262
2089,-0.89181526,-0.740340458
2090,0.129819193,-2.31920974
2091,-0.551591852,-1.435567
2092,-0.480836259,0.66159539
2093,-0.480836259,0.66159539
2094,-0.71646942,-1.27449868
2095,1.15954571,2.27186874
2096,1.09553728,-1.63436612
2097,-0.0562891445,-0.420937979
2098,0.042543177,-1.45842641
2099,-0.604616809,1.69612398
2100,-0.173424233,0.161488177
2101,-0.173424233,0.161488177
2102,0.932726389,-0.594377848
2103,-0.993589983,0.835960174
2104,3.03882018,-0.584349022
2105,0.321554535,0.51884473
2106,0.949568418,-0.967346721
2107,0.539270552,-1.43580105
2108,-0.122220762,0.298266717
2109,-0.122220762,0.298266717
2110,0.279209562,-1.72956688
2111,0.95165091,0.480486294
2112,-0.592069251,-2.26826312
2113,-0.434164475,0.482620913
2114,-0.208008398,-2.91913562
2115,-2.06457858,-1.23076347
2116,-0.0831461411,0.0996585488
2117,-0.0831461411,0.0996585488
2118,-1.72686502,-2.16562315
2119,0.545903675,-1.12643846
2120,0.699791797,-1.49103168
2121,1.47432371,-0.322859879
2122,1.3190673,-1.03906173
2123,-0.16268332,-0.821500251
2124,-0.727241393,-1.02210116
2125,-0.727241393,-1.02210116
2126,-1.10721998,-1.7009519
2127,0.039172736,0.592200475
2128,1.78612481,-1.39859587
2129,-0.494190034,-0.100811181
2130,0.301538205,-1.85981281
2131,1.91969096,-1.70038182
2132,-0.961154155,-0.40086227
2133,-0.961154155,-0.40086227
2134,0.33837021,0.59518515
2135,0.0396592219,0.498165258
2136,1.95676809,-0.96630352
2137,-0.0983083751,0.260175485
2138,1.23723161,-0.580296888
2139,-0.182916211,-0.58326281
2140,0.862270501,0.0408368567
2141,0.862270501,0.0408368567
2142,0.172189056,-1.15996135
2143,-2.0007614,-1.09167486
2144,-0.20214461,-1.91110427
2145,-0.845793816,0.25094445
2146,-0.141457842,-2.45628288
2147,0.872918559,-2.01172941
2148,1.41252257,-1.02056209
2149,1.41252257,-1.02056209
2150,-1.26453169,-0.191603692
2151,0.857435975,0.887566397
2152,2.10138927,-1.95986194
2153,1.48593414,-0.59624658
2154,0.829636739,-1.41903033
2155,0.160002691,1.05125881
2156,-0.567074874,-0.710218419
2157,-0.567074874,-0.710218419
2158,-0.188407291,-0.624222483
2159,-0.530166108,0.393665111
2160,0.863782738,-1.34031568
2161,-0.307194535,0.444221146
2162,1.14009186,-3.19800886
2163,-1.33152485,-1.35766263
2164,0.527151174,-1.82458322
2165,0.527151174,-1.82458322
2166,-0.44871744,0.792174268
2167,-0.141739178,1.8161516
2168,0.607106276,-2.52480086
2169,-0.420679629,0.0302443229
2170,-0.252088326,-2.37753638
2171,-0.981825495,-2.82841636
2172,0.680559133,0.22459532
2173,0.680559133,0.22459532
2174,0.646097542,-0.144668865
2175,-1.07687617,-1.16835964
2176,1.83084092,0.464977232
2177,-0.490024949,-0.756181707
2178,1.5335295,-0.311379743
2179,-1.36435847,1.23914063
2180,0.659533772,1.75395399
2181,0.659533772,1.75395399
2182,0.880684046,0.515913138
2183,0.903190309,0.880906329
2184,1.05249499,-3.04057467
2185,0.256272268,-0.574233405
2186,1.07835178,-2.41304991
2187,1.21713005,-0.833818822
2188,0.526124449,-0.388819931
2189,0.526124449,-0.388819931
2190,0.226607324,-2.41492973
2191,0.75292169,-2.14057764
2192,0.0457365773,0.0436741678
2193,-0.417327759,1.06970985
2194,-0.62300859,-0.893698757
2195,0.695525357,-1.34697144
2196,-0.740098315,-0.482247507
2197,-0.740098315,-0.482247507
2198,0.77797851,1.15714276
2199,0.850180549,-1.3850923
2200,1.03873615,-2.73359994
2201,0.169166847,-0.616472996
2202,1.63624765,-2.15251238
2203,-0.149304213,-2.59625817
2204,-0.597401045,-0.616643066
2205,-0.597401045,-0.616643066
2206,0.897311593,-2.55434662
2207,-0.329660748,0.567854566
2208,1.28885193,-1.13310243
2209,-0.0708591763,-0.372919522
2210,1.17373905,-1.78887414
2211,-0.157767196,1.66872526
2212,0.18460073,0.31507622
2213,0.18460073,0.31507622
2214,1.06601531,-0.0159411892
2215,-1.05256328,1.88439191
2216,1.26835262,-2.11164775
2217,-0.628464859,0.308519834
2218,1.1324958,-1.66305219
2219,-0.0298559558,0.541681126
2220,1.52975125,-1.03376952
2221,1.52975125,-1.03376952
2222,-0.802385292,-1.60240849
2223,0.315495044,1.50833742
2224,0.838008787,-0.875493457
2225,-0.307225513,0.701745317
2226,-0.666111559,-0.0111140362
2227,0.547946573,0.305863478
2228,0.828733526,1.7029266
2229,0.828733526,1.7029266
2230,0.634640441,0.512474031
2231,0.88234954,-1.79121385
2232,0.904597894,-0.940471245
2233,-0.0555893212,0.782124865
2234,0.625122358,-0.749941397
2235,0.162861975,1.0894233
2236,-1.50912146,0.235630275
2237,-1.50912146,0.235630275
2238,1.32908549,-0.934219861
2239,-0.567404077,0.162195348
2240,1.26286399,-1.52956247
2241,0.418247244,-1.33625158
2242,0.969651536,-2.65726669
2243,-1.63600119,-0.0404410192
2244,1.02058266,-0.675370536
2245,1.02058266,-0.675370536
2246,-0.351296274,-0.099972512
2247,0.569541448,0.238273723
2248,1.6811582,-2.01963063
2249,0.485400321,-1.65266647
2250,2.13223092,-2.72501427
2251,0.448568719,0.569676769
2252,0.241214816,-0.710174447
2253,0.241214816,-0.710174447
2254,0.519266069,-1.35904707
2255,-0.354301352,0.699146483
2256,0.18789499,-1.54912907
2257,0.68781956,-0.295013976
2258,1.60064569,-2.62406284
2259,1.83288467,-0.758207951
2260,0.635612433,-0.651858978
2261,0.635612433,-0.651858978
2262,-0.52309761,0
2263,-1.15470069,-1.56343883
2264,2.23079877,-1.85533509
2265,0.365728179,0.292546377
2266,0.25162374,-1.22966004
2267,-0.380308283,-1.54210619
2268,-1.91681631,-0.0395291286
2269,-1.91681631,-0.0395291286
2270,0.324784901,-0.0347617156
2271,1.31070878,-0.319161248
2272,0.573575128,-1.4511726
2273,1.25589407,-0.448388733
2274,1.1222224,-2.8539451
2275,0.909942917,0.146377621
2276,2.9018872,-0.579194912
2277,2.9018872,-0.579194912
2278,-0.549728281,-0.848916302
2279,-0.842211651,-0.547557168
2280,-0.0152542187,-1.41866809
2281,0.443638982,0.713223676
2282,2.13182503,-1.76501852
2283,0.540445236,-0.494796682
2284,0.892045007,-2.28319915
2285,0.892045007,-2.28319915
2286,0.558218953,-0.50850588
2287,-0.321588166,2.11887325
2288,2.26381531,-1.42643797
2289,0.186167377,0.124286434
2290,1.2146193,-2.8500692
2291,1.51328331,-0.608277263
2292,1.70821813,-0.0816486349
2293,1.70821813,-0.0816486349
2294,-0.409934925,-2.50458128
2295,-0.0394914494,-0.334605313
2296,1.6260138,-1.65532991
2297,0.408812653,-0.102552845
2298,0.887922515,-1.03733815
2299,0.22343122,-1.19134986
2300,-0.379893328,0.588870346
2301,-0.379893328,0.588870346
2302,0.872488255,-1.52548314
2303,-0.220006727,-0.510929869
2304,0.64827139,-2.20658728
2305,-0.771655666,-1.52636305
2306,-0.34397794,-3.32083636
2307,0.195284452,-1.74288435
2308,0.426639446,0.486974
2309,0.426639446,0.486974
2310,0.895584265,-0.507926525
2311,-1.16511997,-1.69950629
2312,0.772203181,-1.52201834
2313,-0.426331618,0.762603082
2314,0.433955529,-1.40684872
2315,1.35516092,-1.7359655
2316,1.55099611,-1.2645069
2317,1.55099611,-1.2645069
2318,-0.119237387,-2.53325024
2319,-2.47719504,-0.103347503
2320,0.788315523,-1.0463537
2321,-0.319184147,1.15938608
2322,0.200215289,-0.609375936
2323,0.728692246,0.624710238
2324,2.85909876,-0.549401166
2325,2.85909876,-0.549401166
2326,-0.180096571,-0.800747472
2327,-0.171461998,0.234641946
2328,1.53120411,-1.74539856
2329,0.361973314,-1.68139988
2330,-0.0637228758,-1.39300064
2331,-0.103036524,0.556534733
2332,-0.148485363,0.285006367
2333,-0.148485363,0.285006367
2334,0.263936502,-0.664412264
2335,-1.34737977,-0.423975964
2336,1.04148147,-1.54564068
2337,0.62356207,2.83056119
2338,1.78869151,-1.16396412
2339,-0.11904333,-1.63518855
2340,1.16723056,0.270583409
2341,1.16723056,0.270583409
2342,-1.11700453,-0.199897574
2343,-1.5243022,0.358024205
2344,1.13997712,-1.17357928
2345,-0.476700552,0.666132279
2346,0.363888185,-0.759677872
2347,1.64380201,1.4110919
2348,-0.436135086,-0.592278568
2349,-0.436135086,-0.592278568
2350,0.199602414,0.11457243
2351,-0.0202858428,1.81675869
2352,0.751576858,-1.89051676
2353,0.632930501,-1.1139517
2354,1.16992714,-2.75683042
2355,-0.30689644,0.924691833
2356,1.65961208,1.23104806
2357,1.65961208,1.23104806
2358,-0.313410809,-0.719110307
2359,-0.81715942,0.716804132
2360,3.58551213,-0.654731048
2361,-0.621995381,0.62135389
2362,1.5228785,-0.233552434
2363,0.768122826,0.6214235
2364,-0.736297727,0.205864452
2365,-0.736297727,0.205864452
2366,0.974976745,1.0721474
2367,-1.38664319,0.121515512
2368,-0.722775539,-2.10432253
2369,-2.51477724,-0.845382014
2370,-0.0738270423,-2.53343325
2371,0.303423532,0.271202906
2372,-1.23673117,-0.828203338
2373,-1.23673117,-0.828203338
2374,-1.47254935,0.0329349919
2375,0.700232369,1.06253232
2376,0.919815267,-1.53857978
2377,-0.418524636,2.28737174
2378,1.65936267,1.46179626
2379,-0.118877922,0.256476655
2380,-1.07266094,0.161224953
2381,-1.07266094,0.161224953
2382,-2.12106728,-0.518952182
2383,0.958517903,0.56561079
2384,0.91740834,-1.3307981
2385,-0.95162103,-1.65833498
2386,-0.0773498031,-2.31631116
2387,0.193794123,0.0143305145
2388,0.412942569,-0.0206248508
2389,0.412942569,-0.0206248508
2390,0.409493649,0.408137314
2391,-0.570674511,0.863127344
2392,2.90732112,-0.733147066
2393,-1.73061761,-0.0580047498
2394,-0.582508912,-2.20737664
2395,1.96082979,-0.509992931
2396,1.79522628,-0.409301537
2397,1.79522628,-0.409301537
2398,0.65231279,-0.131062073
2399,0.256577236,0.0617034888
2400,-0.154668347,-1.941431
2401,0.783535021,0.237097152
2402,-0.20962083,-1.82413608
2403,1.63033007,0.499116967
2404,-1.70302484,0.586045773
2405,-1.70302484,0.586045773
2406,-1.48601158,-1.02321252
2407,-0.256214791,-1.33009248
2408,1.93340519,-2.0302885
2409,-0.877327088,1.07876423
2410,0.398135682,-1.41828344
2411,1.31847505,-0.0147518532
2412,1.36124814,1.83142414
2413,1.36124814,1.83142414
2414,-0.0173103656,-0.211699016
2415,-0.556076518,-0.88746746
2416,0.785916046,-1.01414176
2417,1.01633729,1.25879982
2418,2.13601624,-1.76878222
2419,1.20152563,0.841472613
2420,-0.187156356,-1.72028033
2421,-0.187156356,-1.72028033
2422,0.80124395,-0.0819384094
2423,1.30506507,-1.45309901
2424,-0.193646206,-1.91449992
2425,-1.14720695,0.424147784
2426,-0.604555474,-1.26352825
2427,0.763227848,-0.916970509
2428,-0.943739318,1.1697111
2429,-0.943739318,1.1697111
2430,0.549593491,-1.23922519
2431,-0.57296124,0.583646381
2432,1.82763017,-0.833006769
2433,0.194268398,1.07890345
2434,2.41567997,-0.298964681
2435,3.04958424,0
2436,-0.529649742,0.510826197
2437,-0.529649742,0.510826197
2438,0.494702043,-0.33872184
2439,0.93338476,0.0823884089
2440,1.05928494,-2.29313024
2441,0.413389396,-0.896073642
2442,1.06010052,-1.53795955
2443,1.29017007,0.44956323
2444,-1.19633382,0.793527297
2445,-1.19633382,0.793527297
2446,-0.307967559,-0.509255547
2447,-0.237253528,0.735705706
2448,0.560898681,-0.341824821
2449,-1.18076708,2.01623044
2450,0.425501083,0.120728019
2451,1.3681899,-0.188309864
2452,1.38977076,1.25135297
2453,1.38977076,1.25135297
2454,-0.19844182,-0.676482861
2455,0.718683231,0.58833366
2456,0.693124739,-2.15610716
2457,0.452547659,1.26214189
2458,1.31381897,-1.14966998
2459,0.247974254,0.730830414
2460,-0.60612625,1.81241396
2461,-0.60612625,1.81241396
2462,0.215773887,-0.670647559
2463,-0.0387918991,-1.53497893
2464,1.20764301,-1.28070013
2465,-0.146815364,-0.324648487
2466,0.656458123,-1.34467768
2467,0.183663593,1.62267558
2468,0.28427827,0.0972845266
2469,0.28427827,0.0972845266
2470,-0.273360947,-0.702308874
2471,1.03452322,1.72054938
2472,2.08376026,-2.93917972
2473,0.346285968,0.973915309
2474,2.718417,-1.27243538
2475,0.420813224,-0.387030027
2476,0.170208035,1.2825974
2477,0.170208035,1.2825974
2478,0.502302426,-2.03423656
2479,-0.912549791,0.0392807096
2480,0.779013368,-1.12273326
2481,1.43357674,1.28727965
2482,1.16209563,-1.28953166
2483,0.423787681,-1.77738146
2484,0.974276791,0.612711127
2485,0.974276791,0.612711127
2486,0.5909594,-0.346000534
2487,0,0.737045482
2488,0.932576668,-1.22501865
2489,-0.316362947,1.22422437
2490,0.717898227,-1.18983883
2491,2.42982005,0.637699084
2492,0,0.509958048
2493,0,0.509958048
2494,-0.184524499,-2.39169742
2495,0.438277081,0.772599884
2496,1.13609279,-0.8094614
2497,0.32354241,-0.538250344
2498,1.2459844,-0.38753369
2499,0.420870409,-0.956755714
2500,-0.642825621,1.81690714
2501,-0.642825621,1.81690714
2502,-0.24964544,0.601384324
2503,1.16092096,1.40573833
2504,1.66272826,-1.1024394
2505,-1.455544,1.01027458
2506,0.182150675,0.064743169
2507,0.264522868,-0.0452517755
2508,0.0398437276,-0.140246615
2509,0.0398437276,-0.140246615
2510,-0.348187304,-0.77644336
2511,-0.274808148,0.705996534
2512,0.763929872,-1.94576375
2513,0.745831753,-0.326535901
2514,0.316927615,-1.76517046
2515,-0.100988035,0.73842015
2516,-0.185623262,-0.282261492
2517,-0.185623262,-0.282261492
2518,-0.200099908,1.12268917
2519,0.0408915843,1.84347031
2520,1.72999496,-2.07839539
2521,-0.436137802,1.81916654
2522,0.943291138,0.0220598705
2523,1.11657058,-0.842580709
2524,-0.0204427618,0.721182735
2525,-0.0204427618,0.721182735
2526,0.518331394,-1.5208234
2527,0.405181682,-0.38605025
2528,0.865168152,-1.87009005
2529,-1.08255172,0.854798758
2530,0.675768642,-1.69408629
2531,1.52273022,-0.971885492
2532,0.634451044,-0.154979939
2533,0.634451044,-0.154979939
2534,-0.66227219,-1.07837194
2535,-1.02739027,1.28055214
2536,-0.310931702,-0.768721693
2537,-0.787959325,-1.19932095
2538,0.0642727836,-1.62387824
2539,-1.8728438,1.92196363
2540,-0.704665018,-0.0603637321
2541,-0.704665018,-0.0603637321
2542,-1.55852391,-2.09131584
2543,1.13426359,1.06965716
2544,2.1634863,-1.33777573
2545,-1.20276686,1.23818118
2546,1.36235224,-0.453829833
2547,0.870372213,-0.773276712
2548,0.798172767,-0.93710915
2549,0.798172767,-0.93710915
2550,0.960343802,-0.304625495
2551,-0.753548418,0.947301226
2552,1.41986826,-1.20670172
2553,-1.82041504,-0.90599422
2554,1.07063497,-1.52587263
2555,-1.16158147,0.775755684
2556,-0.462953057,-1.85094623
2557,-0.462953057,-1.85094623
2558,0.228377704,0.249820317
2559,0.114191251,1.28481871
2560,0.660778515,-2.18920479
2561,-0.157297608,1.77430277
2562,0.335640977,-1.84454284
2563,1.66605901,-1.73519532
2564,-0.222748101,0.39151436
2565,-0.222748101,0.39151436
2566,-0.98205898,-0.135655401
2567,-0.842507517,1.23061675
2568,1.14188291,-1.21115895
2569,-0.684026507,-1.17126478
2570,0.925145653,-1.94409643
2571,2.40623303,0.984601273
2572,0.386762545,1.122374
2573,0.386762545,1.122374
2574,0.657966594,-0.960778504
2575,0.426312349,-0.36981084
2576,1.08504463,-1.83070365
2577,0.269994353,-0.0144889558
2578,0.290705686,-1.54584272
2579,1.08457822,-1.86539654
2580,0.599573466,-0.101105432
2581,0.599573466,-0.101105432
2582,-2.23359012,-1.37668528
2583,1.25847464,-0.178746892
2584,1.7986237,-1.28776216
2585,0.14193632,0.274132974
2586,1.28847393,-2.81270682
2587,0.292355178,-1.12212244
2588,0.868339988,1.69242793
2589,0.868339988,1.69242793
2590,0.016096369,-0.455580987
2591,-0.776429627,-2.82571302
2592,0.660366933,-1.2700746
2593,0.469157392,-0.198223433
2594,1.65205856,-1.32910485
2595,-0.66909347,-0.0897535834
2596,0.572964418,1.00954196
2597,0.572964418,1.00954196
2598,-0.711211395,-1.34116566
2599,-0.284743856,1.45828261
2600,0.745127701,-1.63610638
2601,-0.730938257,0.115593306
2602,0.994855987,-0.673966335
2603,-1.39223804,1.03919196
2604,1.42986674,-1.00210055
2605,1.42986674,-1.00210055
2606,-0.197205329,-1.50299774
2607,0.518152503,-1.93984495
2608,0.687417217,-1.7985474
2609,-1.84732357,0.513974988
2610,0.154052021,-1.21678903
2611,-0.349620444,0.342875207
2612,0.346458839,-1.00499502
2613,0.346458839,-1.00499502
2614,-0.211984653,-0.657171416
2615,0.117285689,1.36150133
2616,2.71354937,-0.48770573
2617,0.683976379,0.457571585
2618,1.26997756,-1.36084775
2619,-1.29415554,0.1448883
2620,0.907853078,0.139518912
2621,0.907853078,0.139518912
2622,2.21970348,0.065883732
2623,0.859590976,-1.91232161
2624,-0.819978259,-2.75855242
2625,1.52705716,0.183526299
2626,0.544606074,-2.21620437
2627,-0.615119046,1.07453851
2628,0.915982163,-0.651458011
2629,0.915982163,-0.651458011
2630,-0.616364009,-0.208159711
2631,0.380036767,1.16429392
2632,0.778687538,-1.42422912
2633,0.802829322,-0.830594873
2634,0.898157145,-0.845924482
2635,-0.202928945,-0.326137124
2636,0.451759217,0.221209817
2637,0.451759217,0.221209817
2638,-0.686212652,-1.71180238
2639,0.914987037,1.25090841
2640,1.60102974,-1.46219539
2641,-0.0139061814,0.0584095082
2642,0.853943257,-2.2335106
2643,1.06053772,-1.22360797
2644,0.932525348,0.695895439
2645,0.932525348,0.695895439
2646,1.15616031,-1.30506326
2647,1.45691708,0.937573757
2648,1.9838531,-0.621175436
2649,-1.82874487,1.80566206
2650,0.219488691,-0.769238806
2651,-0.100211528,2.48938434
2652,-1.59508747,1.57602847
2653,-1.59508747,1.57602847
2654,2.07126599,-1.20526568
2655,-0.28591412,0.456010328
2656,0.0616995476,-2.14489014
2657,0.56251118,-0.787872223
2658,0.321482931,-1.62591807
2659,1.19030614,-0.564084799
2660,-0.595128865,1.27319768
2661,-0.595128865,1.27319768
2662,0.250949848,-0.120203506
2663,0.736192766,1.82832409
2664,1.9101512,-1.73183299
2665,0.258057865,-0.0985988047
2666,1.27203436,-1.48074557
2667,2.14653394,-0.0736964287
2668,2.37975309,0.684905126
2669,2.37975309,0.684905126
2670,0.63831754,-0.362833656
2671,-0.0603710836,0.577254934
2672,0.716016865,-1.86257324
2673,-0.0268811645,-0.647351958
2674,1.52900924,-2.26418174
2675,1.03278296,-0.421074376
2676,0.970622986,-0.162932383
2677,0.970622986,-0.162932383
2678,-0.834907852,-2.8002588
2679,-0.671601067,-0.123543868
2680,0.106660044,-2.41106957
2681,-0.532257396,0.4988116
2682,-0.0770003463,-1.61070627
2683,0.102303851,1.4335684
2684,0.343704229,0.451998077
2685,0.343704229,0.451998077
2686,0.832676217,0.376072748
2687,0.254350623,-0.671463598
2688,1.98246323,0.314074578
2689,-1.92115619,0.548295888
2690,0.650290355,0.0323708052
2691,-1.27581338,0.118745841
2692,-0.148206511,0.142784725
2693,-0.148206511,0.142784725
2694,-0.383273168,0.303546022
2695,-0.620143784,2.27969656
2696,1.49172093,-2.95321383
2697,-0.538180026,0.14965403
2698,1.18321436,-2.57971287
2699,0.849695006,-1.37970252
2700,0.892671457,-0.874479821
2701,0.892671457,-0.874479821
2702,-0.705995433,-1.76552015
2703,-0.0195639686,0.325070899
2704,-0.395753084,-0.192340567
2705,-1.8736529,-0.755677169
2706,-0.983729695,-2.05573138
2707,0.101272861,-0.694504545
2708,1.8327683,-0.878484765
2709,1.8327683,-0.878484765
2710,-0.049446279,-0.51397511
2711,-1.73302027,-0.180735765
2712,1.10911159,-2.77485911
2713,-0.994508763,0.0142352475
2714,-0.0327573468,-2.61413044
2715,0.862962993,-1.05403938
2716,2.12577017,0.341747752
2717,2.12577017,0.341747752
2718,0.0161194134,-1.01601808
2719,0.935981792,0.581468789
2720,1.4716937,-1.36104325
2721,0.345586154,-1.02124883
2722,0.745776556,-1.33254866
2723,1.6212471,-0.554649991
2724,0.668706283,0.104366726
2725,0.668706283,0.104366726
2726,0.923567765,-0.258915203
2727,1.62438916,0.870059409
2728,1.55622171,-2.14271492
2729,-0.790054672,-0.389195524
2730,0.471876161,-1.23435146
2731,0.996358691,1.3394523
2732,-2.29909786,-0.249958674
2733,-2.29909786,-0.249958674
2734,0.843640806,0.149791632
2735,-0.0835725855,-0.406663539
2736,0.947568549,-0.729999096
2737,-0.623508183,0.0736275087
2738,-0.0650377863,-1.33336721
2739,1.00818624,1.23849039
2740,0.560208397,1.15952562
2741,0.560208397,1.15952562
2742,-0.0841643429,-0.865898405
2743,-1.62404684,1.28622996
2744,0.767048266,-0.56355129
2745,-1.31660636,0.844837058
2746,0.36581678,-1.41414257
2747,-0.77433915,0.492203982
2748,1.35556481,-2.02133077
2749,1.35556481,-2.02133077
2750,1.10716376,0.720557112
2751,0.253331861,1.37349839
2752,1.09554104,-1.24347714
2753,0.999357251,0.433114253
2754,2.56931451,-1.74545681
2755,1.10525139,0.178985004
2756,0.0410768417,0.145088181
2757,0.0410768417,0.145088181
2758,0.0514777583,-0.510870453
2759,0.0808237796,0.458023537
2760,2.0489788,-2.02023585
2761,0.599838028,0.384473104
2762,0.753226282,-1.66232598
2763,1.39159457,-0.0431798847
2764,-0.143056486,0.275421468
2765,-0.143056486,0.275421468
2766,-1.62427267,-2.74472448
2767,0.17924873,0.0421712187
2768,0.282503063,-1.72887584
2769,-1.18990393,0.184855728
2770,-0.201352002,-1.93870413
2771,-0.972184053,0.375217534
2772,-1.48153519,0.243185818
2773,-1.48153519,0.243185818
2774,-2.55954207,-1.06838972
2775,0.0408816486,-0.829586699
2776,1.80596132,-1.88449582
2777,0.255006855,-0.974685897
2778,1.12795155,-1.4912592
2779,1.73810188,-1.22834439
2780,-0.290813159,-1.22767436
2781,-0.290813159,-1.22767436
2782,0.407806401,-0.436351091
2783,1.83702906,-1.37793951
2784,0.308195752,-1.91067854
2785,-0.35718424,-0.415337018
2786,0.777619875,-2.25740326
2787,1.34465642,0
2788,0.166357329,-0.244521639
2789,0.166357329,-0.244521639
2790,-0.627373552,0.506581694
2791,-0.404065565,-0.763944161
2792,0.519994212,-1.41752678
2793,-1.48829712,-0.334259105
2794,0.368937173,-0.917289715
2795,0.377011285,-2.25681551
2796,1.16523576,-0.950102957
2797,1.16523576,-0.950102957
2798,0.325864644,-0.314082358
2799,-1.49599773,-0.931095919
2800,2.36016885,-1.6717818
2801,-1.56072528,-0.684123872
2802,1.16845361,-2.78585093
2803,2.44592472,-1.93089224
2804,-0.423366576,0.14618399
2805,-0.423366576,0.14618399
2806,1.57905944,-0.194876608
2807,0.363006388,0.0413995315
2808,1.48618145,-1.54831961
2809,-1.7200155,0.180504294
2810,-0.15645387,-1.57421899
2811,-0.213825388,0.948336665
2812,1.00249452,-0.178044223
2813,1.00249452,-0.178044223
2814,-0.492875752,-0.822454119
2815,-2.1289174,1.71359273
2816,0.248821489,-2.21127196
2817,0,-0.89905632
2818,0.217740005,-3.84709733
2819,-0.664215335,-2.46328256
2820,2.36903144,-0.861239782
2821,2.36903144,-0.861239782
2822,0.239314114,-0.0332861396
2823,0.291551662,-0.082181143
2824,1.11469227,-1.4814716
2825,0.250434918,0.243533526
2826,0.470532645,-1.81401916
2827,-0.766971772,-0.866403678
2828,0.313379539,1.18319679
2829,0.313379539,1.18319679
2830,-0.218840035,-0.922409252
2831,-0.477251104,-0.0203316917
2832,0.716408616,-1.1547313
2833,-0.950502903,-0.154532875
2834,0.691491012,-0.641049754
2835,-0.492798762,0.21750377
2836,1.39630972,0.817718928
2837,1.39630972,0.817718928
2838,-0.235490565,-0.302705547
2839,0.0201924261,-0.310585719
2840,1.74017141,-1.18577751
2841,-1.58534572,0.650571751
2842,-0.119076762,-1.65269768
2843,0.362968303,-0.499189498
2844,1.52354583,-1.9607707
2845,1.52354583,-1.9607707
2846,2.05279226,0.209584588
2847,0.75227688,-0.453281823
2848,1.36446429,-1.83015816
2849,1.0156643,-1.45228628
2850,0.628490579,-2.09120735
2851,0.953304647,-0.0708574643
2852,0.410414433,1.32856626
2853,0.410414433,1.32856626
2854,-0.0350195081,-1.0510717
2855,0.689501689,-2.75330132
2856,0.974421748,-0.938106801
2857,-1.8889165,0.514771199
2858,0.467748852,-1.21885687
2859,0.721167148,-1.03339919
2860,0.386047054,1.04955343
2861,0.386047054,1.04955343
2862,-0.397117966,0.292115335
2863,-1.19936368,0.427531088
2864,0.483163176,-2.17116528
2865,-0.409649289,0.12962327
2866,0.959942931,-2.2490895
2867,-0.404697502,-0.387619996
2868,0.453364313,-0.0769183004
2869,0.453364313,-0.0769183004
2870,-0.654306316,-0.859005953
2871,-1.12525764,-0.0594438883
2872,3.51611866,-0.787366906
2873,-0.849532633,-0.878167546
2874,1.51825893,-1.69137462
2875,0.182256933,-1.92211917
2876,0.248836891,0.0192679607
2877,0.248836891,0.0192679607
2878,1.76868256,-0.84229057
2879,0.854090614,-0.710687074
2880,-0.84741346,-1.57633155
2881,-0.659860323,-0.159572573
2882,0.0731647346,-2.17305469
2883,2.28493962,-1.62007508
2884,-0.405657241,0.81250928
2885,-0.405657241,0.81250928
2886,-0.629604035,0.857749669
2887,0.38566019,0.389786638
2888,1.62258569,-1.3204042
2889,-0.89003818,-0.826601449
2890,-0.184986516,-0.768898881
2891,-0.104744622,0.437902193
2892,-0.705894204,-1.41207875
2893,-0.705894204,-1.41207875
2894,-1.32654985,-1.69865061
2895,0.463845041,-0.837751457
2896,1.10350898,-1.70225305
2897,0.798333389,0.876681466
2898,1.19289421,-0.472953938
2899,0.655245457,-0.0726816454
2900,-0.0588468959,1.04687473
2901,-0.0588468959,1.04687473
2902,-0.482947674,0.175954552
2903,-2.90555603,0.0200259653
2904,2.50247567,-1.02374215
2905,1.60640926,1.99635524
2906,2.9485647,-0.432011871
2907,2.66531958,-0.702088608
2908,0.0195062719,-0.774649516
2909,0.0195062719,-0.774649516
2910,0.641690782,-1.34989608
2911,-0.240851913,2.47825799
2912,-0.504692424,-1.66104805
2913,0.562821149,1.70173035
2914,0.566169031,-0.545038477
2915,-0.0447833209,-0.0426489437
2916,-1.07054063,-0.497124003
2917,-1.07054063,-0.497124003
2918,-0.884795959,0.439242491
2919,-1.12229816,0.678131827
2920,1.81296441,-2.25303355
2921,-0.398983951,-0.427337852
2922,0.948098473,-2.20915332
2923,1.4720812,-1.24544135
2924,1.37343337,-0.235172801
2925,1.37343337,-0.235172801
2926,0.840671458,-2.51045328
2927,1.63491763,-1.13109794
2928,1.58789097,-1.20544451
2929,-2.26891541,0.922198273
2930,-0.436188091,-1.14458238
2931,0.769946954,-1.17955345
2932,0.765496,0.317548659
2933,0.765496,0.317548659
2934,2.22181953,-0.18695233
2935,0.736566352,-1.76272425
2936,0.242609965,-1.8462308
2937,-0.401099462,-1.35757703
2938,-1.41016263,-2.05698597
2939,0.185218014,-1.62051272
2940,0.933688629,-0.578697583
2941,0.933688629,-0.578697583
2942,-0.35009519,-0.0497881303
2943,0.620293271,0.711784742
2944,1.75179899,-0.435967043
2945,1.60310042,-0.0992249253
2946,2.33779758,-1.35677616
2947,-0.835951277,-0.0448728786
2948,1.00286403,-0.23297644
2949,1.00286403,-0.23297644
2950,-1.02660372,0.215217952
2951,0.356623853,-1.60353178
2952,0.941624349,-2.02438752
2953,-0.101802621,0.551143544
2954,0.875995157,-1.60226521
2955,0.316956839,-2.10191162
2956,0.438647664,0.287388447
2957,0.438647664,0.287388447
2958,-0.206162868,-0.480349777
2959,-0.480139705,0.472236673
2960,0.728093846,-0.37253455
2961,-0.780568382,0.379025354
2962,0.369316374,-0.582404407
2963,-1.52604373,-0.666508513
2964,0,-1.39048307
2965,0,-1.39048307
2966,0.0825918459,-0.547955965
2967,-1.21096842,-1.41317454
2968,0.696111282,-2.33316139
2969,-0.534529963,-0.951354595
2970,0.842597274,-1.64631427
2971,1.20851538,0.219069668
2972,1.59583413,-0.282849946
2973,1.59583413,-0.282849946
2974,0.594626118,-0.97937348
2975,-1.63516121,0.0201758564
2976,1.30793965,-1.37863916
2977,0.668357071,-0.100971708
2978,1.64053275,-1.8978689
2979,-0.22818497,1.06174562
2980,0.474371569,1.72822245
2981,0.474371569,1.72822245
2982,-0.495055188,-2.0751713
2983,0.255395115,-1.36532269
2984,2.37355842,-2.28940596
2985,1.71327692,3.06339643
2986,2.62188087,-1.74478603
2987,1.21369669,-1.42090756
2988,-0.901432609,0.0826066089
2989,-0.901432609,0.0826066089
2990,-0.244771298,-0.570071306
2991,1.19905066,-1.01266458
2992,1.07976111,-0.901244528
2993,-0.0409329657,-0.547160141
2994,0.329743138,-2.09986519
2995,1.41367063,-2.15572932
2996,1.04340617,0.327059354
2997,1.04340617,0.327059354
2998,-0.132299987,1.50981848
2999,0.281364008,-1.79050454
3000,0.803310694,-1.26789852
3001,0.0578222851,1.01296271
3002,1.72010123,-1.68476782
3003,0.893357263,0.966107423
3004,-0.3167221,0.100585197
3005,-0.3167221,0.100585197
3006,-1.33423387,0.259296678
3007,-1.11936952,1.66252886
3008,0.822430291,-0.821250489
3009,-1.1266831,0
3010,0.624968698,-0.520969991
3011,0.97833191,-2.43284124
3012,1.11545678,0.587493799
3013,1.11545678,0.587493799
3014,-0.91179273,-0.0508574916
3015,0.252221433,0.210490516
3016,1.87267344,-1.19799908
3017,0.154283987,-0.479638009
3018,0.461864335,0.203298411
3019,0.900928632,0.203879449
3020,-0.0205015101,-0.432090293
3021,-0.0205015101,-0.432090293
3022,1.09987444,-0.585143421
3023,-0.576535251,-0.0808438841
3024,0.378882192,-1.79430445
3025,1.02782936,-0.0859502463
3026,1.61229621,-2.75754034
3027,1.27122292,-0.383700972
3028,-0.165836224,-0.748189696
3029,-0.165836224,-0.748189696
3030,-0.789054745,-1.84652928
3031,-0.511068103,0.332645087
3032,1.60650434,-1.94691465
3033,1.03092156,0.765780949
3034,1.13930135,-1.59365327
3035,-1.3504001,-0.836533332
3036,0.869906184,0
3037,0.869906184,0
3038,0.95067698,-1.86505034
3039,1.27436597,-0.0419428311
3040,0.951901451,-1.69563614
3041,0.349606127,2.57431425
3042,0.514698937,-1.73873906
3043,-0.576558796,0
3044,-0.143256666,0.262918853
3045,-0.143256666,0.262918853
3046,0.0508277732,-0.722825127
3047,0.0787801577,0.305888811
3048,-0.171111193,-1.17082281
3049,-0.206435498,1.59778304
3050,0.197376229,0.872078737
3051,0.496923175,-0.783479213
3052,-0.123495587,-1.03928997
3053,-0.123495587,-1.03928997
3054,1.15982183,0
3055,-0.967436039,0.973229014
3056,2.33778558,-1.15446705
3057,-0.853484322,1.42691533
3058,1.44728042,-0.507502604
3059,0.976321252,0
3060,-0.917521088,-1.45287255
3061,-0.917521088,-1.45287255
3062,0.771440314,-0.453557568
3063,0.121132216,-1.46782646
3064,1.90068087,-1.17566739
3065,0.958281895,0.768120959
3066,1.08377593,-1.20452937
3067,-0.268400967,0.117771792
3068,0.183624024,0.964211085
3069,0.183624024,0.964211085
3070,-0.311952383,0.100977243
3071,1.13280526,0.887938672
3072,-0.937897127,-0.40828935
3073,0.86197376,-0.188641692
3074,-0.173995177,0
3075,0.418170264,0.775139212
3076,0.6887197,-0.8972846
3077,0.6887197,-0.8972846
3078,-1.40043205,0.537857584
3079,-0.48280444,-1.22110669
3080,0.0724331943,0.101824538
3081,-1.30682398,-1.560748
3082,-2.67195559,-0.565907452
3083,-0.983074951,-0.784829463
3084,0.294955418,-0.299641696
3085,0.294955418,-0.299641696
3086,-0.157828743,1.22818733
3087,-1.47744824,-1.32678495
3088,0.989276737,-1.37466807
3089,0.521627246,1.0288447
3090,-0.0807013783,-1.16974441
3091,-2.23309281,-0.503937959
3092,-1.25569171,1.3904373
3093,-1.25569171,1.3904373
3094,-1.37258668,-0.607984953
3095,-2.11123406,0.019515095
3096,-0.143796942,-0.987231177
3097,-1.7874032,-1.42255643
3098,-1.11978318,-0.879982022
3099,-1.34624846,-0.720736693
3100,-1.33094299,-0.444158717
3101,-1.33094299,-0.444158717
3102,-0.59168808,-0.669435707
3103,-0.864418964,1.41533965
3104,-0.338449862,-0.867867467
3105,-0.0836038118,-0.89690769
3106,-0.472397907,-0.613533876
3107,-0.954074404,-0.885629393
3108,1.02252123,-1.15820223
3109,1.02252123,-1.15820223
3110,-1.02056804,-0.918446576
3111,-2.7960161,-0.16418244
3112,0.622341127,-0.354077084
3113,0.243137676,-0.070081832
3114,0.324216867,-0.199920402
3115,0.331630703,-1.22227491
3116,1.00234854,0.276377497
3117,1.00234854,0.276377497
3118,0.148684236,-0.563730078
3119,-1.69719716,-0.843721316
3120,-0.379440841,-0.35692284
3121,0.157444369,0.260393595
3122,0.0940722172,0.115228337
3123,-2.31433784,-0.11755178
3124,-0.485795261,-1.17489981
3125,-0.485795261,-1.17489981
3126,1.40107628,-0.16134756
3127,-0.481515721,-1.06097589
3128,0.0144885746,-1.52711755
3129,-1.22943751,-0.27424818
3130,-2.2900559,-1.10897314
3131,-1.91531527,-0.59379084
3132,-0.586367038,0.198610898
3133,-0.586367038,0.198610898
3134,0.247337847,-0.742241181
3135,-1.72222445,-0.0978187168
3136,1.01973718,-0.786262419
3137,-0.725057844,0.75061463
3138,0.593979917,0.654663194
3139,-1.45304974,-0.843882383
3140,0.157453202,0.865654552
3141,0.157453202,0.865654552
3142,-0.685297241,0.181825948
3143,-1.44010059,0.0403648723
3144,-0.402458573,0.115075668
3145,-0.491646022,-0.158492066
3146,0.157943568,-0.950318917
3147,-2.23034141,-1.89771324
3148,0.387311443,-0.835667673
3149,0.387311443,-0.835667673
3150,-1.18595764,1.26723303
3151,-1.0906182,1.59054971
3152,-0.116697656,-1.25728113
3153,-1.99407217,-1.17431105
3154,-2.7555793,-1.19705253
3155,-1.69036532,-1.96714412
3156,0.502297926,0.291931314
3157,0.502297926,0.291931314
3158,-0.542895011,-1.59305028
3159,-2.68600469,0.788903682
3160,-0.51177216,-1.27249286
3161,0.0291629074,0.157213032
3162,-0.375322822,-0.485725954
3163,-2.59865821,0.0440066479
3164,-1.17771521,1.8508647
3165,-1.17771521,1.8508647
3166,-0.653070016,0.460817962
3167,-2.46385229,-0.588703187
3168,0.858340231,-0.170283695
3169,-0.736528003,0.335374061
3170,-0.0785474216,-1.11115707
3171,1.45077926,-0.679587302
3172,-0.650874816,0.597100255
3173,-0.650874816,0.597100255
3174,-0.132495844,0.4535704
3175,-2.87237173,0.298822755
3176,-0.588422856,-1.80348423
3177,-1.47879617,-2.08519399
3178,-1.76530893,-2.83084116
3179,-0.761915829,1.79120759
3180,0.0810099249,0.368881297
3181,0.0810099249,0.368881297
3182,-0.420889269,-1.47475908
3183,-1.21974798,-1.90383109
3184,0.31940696,0
3185,-1.53689322,-1.33327403
3186,-0.149267702,-1.06511194
3187,-2.59488598,-1.26578553
3188,0.692618423,0.351679871
3189,0.692618423,0.351679871
3190,-0.735133662,0.466954457
3191,-1.07259345,-0.44118116
3192,0.528980722,-1.26987749
3193,-0.595940892,-0.888904718
3194,-1.07696603,-1.06357217
3195,-2.00514341,-0.151908181
3196,-0.786602662,0.43465284
3197,-0.786602662,0.43465284
3198,0.90632239,0.135105349
3199,-1.40901953,0.384170721
3200,1.2884025,-1.48750797
3201,-0.905222576,-0.686103694
3202,-0.958553398,-1.6485451
3203,-1.13531038,-0.117707364
3204,-0.448568436,0.310683881
3205,-0.448568436,0.310683881
3206,-0.486763475,-2.86309063
3207,-1.73880506,-1.54386152
3208,-0.28112671,0.133882702
3209,0.123865973,-0.462645801
3210,-2.43626489,0.968527223
3211,-1.70965014,-1.49980686
3212,-0.345886827,1.69826371
3213,-0.345886827,1.69826371
3214,0.926222092,1.28851476
3215,-0.495647601,-0.549779795
3216,0.910753698,-1.47623924
3217,-0.0590018621,-0.529537205
3218,0.362566036,-2.78580946
3219,-0.375318831,0.226018764
3220,-0.232353889,-0.790996144
3221,-0.232353889,-0.790996144
3222,-0.199774817,-0.0652908456
3223,-2.99040016,-1.5126705
3224,0.444788547,-0.786917254
3225,0.0715732663,0.970566007
3226,0.011601434,0.4275168
3227,-2.76659892,1.75131471
3228,1.24542552,0.385412729
3229,1.24542552,0.385412729
3230,1.98977231,0.464945244
3231,-1.17310047,-0.304824457
3232,-0.870739636,-1.07832424
3233,0.311953826,0.436369009
3234,-0.168153288,-0.558089115
3235,-0.637296695,-2.59997413
3236,0.0419036815,-0.308298519
3237,0.0419036815,-0.308298519
3238,-0.528692968,-0.217814338
3239,0.257887879,0.250369831
3240,1.17619511,-0.275052638
3241,-0.203068002,-0.350223548
3242,0,-0.140341249
3243,-0.730669731,-0.817317601
3244,-0.398306554,-0.895226074
3245,-0.398306554,-0.895226074
3246,0.151106794,-0.0521601304
3247,-1.32947453,-1.31352608
3248,-0.490933738,-1.05640013
3249,-0.463222098,2.24598228
3250,-2.06117871,0.993071699
3251,-0.630704814,0.505698882
3252,-1.29020511,-0.637078374
3253,-1.29020511,-0.637078374
3254,-0.231834737,-1.19436571
3255,-2.36730416,-1.78635449
3256,0.25759544,-1.14281188
3257,-1.14480449,-0.689230632
3258,-0.918036063,-1.56739696
3259,-1.37962089,0.58938389
3260,-1.37299031,0.334916762
3261,-1.37299031,0.334916762
3262,-0.462021239,-0.496163384
3263,-0.91597046,-1.22329415
3264,0.811894931,-0.341133064
3265,0.0726686389,0.235224217
3266,0.103078204,0.185944148
3267,-0.495912398,1.39557678
3268,1.09235979,0.771067627
3269,1.09235979,0.771067627
3270,-0.789609908,0.824631386
3271,-1.48952144,0
3272,0.271231715,-0.397276297
3273,-1.46551497,-0.105011795
3274,-0.88013416,-0.945526896
3275,-2.3215071,0.166328095
3276,-0.890991944,-0.506673608
3277,-0.890991944,-0.506673608
3278,-0.771080981,-0.119179681
3279,-2.45546479,0.183925147
3280,-0.865635886,-1.29737883
3281,1.33905781,-1.54578414
3282,-0.366534743,-1.36774687
3283,-1.99038724,0.93347423
3284,1.34770222,-0.269734243
3285,1.34770222,-0.269734243
3286,-0.72466981,-1.56001572
3287,-0.314693183,0.140812992
3288,-0.129163438,-0.288071257
3289,-0.5704822,-0.131488341
3290,-2.09211379,-0.930548933
3291,-0.86927904,0.739457487
3292,-0.279418797,-1.14345324
3293,-0.279418797,-1.14345324
3294,-1.09387759,-1.04790253
3295,-2.17124404,-2.10025807
3296,1.36206267,0.126976651
3297,-0.603194003,1.99131969
3298,-0.510415414,0.641567301
3299,-2.86375433,0.0873368083
3300,0.221512222,-0.759354727
3301,0.221512222,-0.759354727
3302,1.16698028,0.634360961
3303,-2.321134,0
3304,-1.22674721,-1.76191499
3305,-0.335281882,0.219577104
3306,-0.505924816,-1.0150465
3307,-0.0304906874,0.0574605309
3308,1.83306416,-2.02690736
3309,1.83306416,-2.02690736
3310,0.117961671,-1.18869555
3311,-1.65990275,-0.142858932
3312,0.526402006,-0.31392801
3313,0.631687871,-0.634173155
3314,0.147179676,-0.925647365
3315,0.931934194,-1.48165091
3316,-1.41802609,-0.56591831
3317,-1.41802609,-0.56591831
3318,0.506285098,0.443731355
3319,-1.96122284,-0.265654086
3320,-0.101746329,-0.854111721
3321,-1.64666,0.182938766
3322,-0.393769335,0.900597806
3323,-0.990463697,1.16306632
3324,0.295122628,0.932838304
3325,0.295122628,0.932838304
3326,-0.714392842,0.500316781
3327,-1.96926921,0.352325365
3328,1.43012681,-1.88114686
3329,0.086207785,1.11073748
3330,0.565467107,-1.71559513
3331,-0.749672771,-1.45551769
3332,0.400045722,-1.89774278
3333,0.400045722,-1.89774278
3334,0.153228124,-0.465508226
3335,-1.5624788,0.500837522
3336,-0.595132106,0.349816786
3337,-3.46169071,0.153527833
3338,-2.61970139,0.397090514
3339,-1.47829941,1.15331483
3340,-1.25028337,-0.36198502
3341,-1.25028337,-0.36198502
3342,-1.18444514,-0.896027707
3343,-1.34796455,-0.589741272
3344,-0.202672973,-1.93036845
3345,-0.0875685064,0.084369256
3346,-1.33081491,-0.73522414
3347,0.452234561,-0.86323662
3348,-0.0607291391,0.93511463
3349,-0.0607291391,0.93511463
3350,0.183644337,-1.49934789
3351,-1.48234509,0.568765087
3352,0.826174303,-0.331846911
3353,0.0143463101,-0.315619881
3354,-0.402108074,-0.930784362
3355,-1.42584111,-0.0597970345
3356,-0.28403886,0.704046396
3357,-0.28403886,0.704046396
3358,0.0327039353,-0.583790161
3359,-3.59118147,-0.548183812
3360,-0.833899609,-1.11277674
3361,0.866101906,-0.939631079
3362,-1.08474449,-1.78020052
3363,-1.63123917,-0.195054913
3364,1.93552139,-0.733989704
3365,1.93552139,-0.733989704
3366,-1.43295357,-0.758041295
3367,-2.18740903,-0.602747174
3368,1.30403171,-1.34248061
3369,0.539513068,-1.47161094
3370,0.0836502055,-1.478378
3371,0.665435859,0.314182388
3372,2.08511911,-1.15322609
3373,2.08511911,-1.15322609
3374,1.90496115,-0.0336582925
3375,-2.1089016,1.0714542
3376,0.250355844,-0.738186282
3377,-0.585587147,-0.0736653106
3378,-0.918232114,-0.379415377
3379,-2.70568436,-1.00555542
3380,0.211218859,-0.0599858396
3381,0.211218859,-0.0599858396
3382,0,0.687146911
3383,-0.919628642,-0.609439848
3384,-0.272874234,-1.17481012
3385,0.386927874,-0.575733146
3386,-1.48909726,-0.333484632
3387,-0.799414279,-1.21236107
3388,-0.974106864,-0.331533583
3389,-0.974106864,-0.331533583
3390,-0.504326233,-0.746068148
3391,-1.65137441,-1.38760291
3392,0.455652359,-0.751222987
3393,0.643807097,1.83635025
3394,1.03788806,0.530777142
3395,-1.10475491,0.192567847
3396,0.237731228,0.0581389449
3397,0.237731228,0.0581389449
3398,-0.843093324,-0.245651842
3399,-3.22756601,1.04079677
3400,0.782219936,0.0577250212
3401,-0.441630139,-0.417017725
3402,-0.995595541,-0.464494919
3403,-0.686348202,-0.203714759
3404,-0.0204314659,0.154432564
3405,-0.0204314659,0.154432564
3406,-1.00564633,0.0169615156
3407,-2.15263273,0.306389938
3408,-0.35844528,-0.68724543
3409,-0.648050995,0.521716797
3410,-0.155115282,-0.555519748
3411,-0.0295565882,-1.0445415
3412,-0.121840595,-0.699646934
3413,-0.121840595,-0.699646934
3414,-0.31844801,0.721676921
3415,-2.79992287,0.0995505669
3416,-0.327432645,-1.55959574
3417,-0.868639549,-0.61663756
3418,-1.81690319,-0.830523982
3419,-2.94977091,-0.0723679069
3420,0.329958795,0.885820924
3421,0.329958795,0.885820924
3422,-0.29579538,-0.626738068
3423,-3.17202005,-0.182325287
3424,0.835329683,0.273159058
3425,-0.656239416,-1.24012489
3426,-1.15936046,-0.540502943
3427,-1.29712847,1.03790399
3428,0.650875883,1.00902614
3429,0.650875883,1.00902614
3430,0.11866919,1.30731058
3431,-0.411435337,-0.625811745
3432,-1.45346169,-1.53523029
3433,-0.475721304,0.297822091
3434,-1.56560514,-1.58625427
3435,-0.802694792,-0.448165002
3436,-0.340607832,0.990614562
3437,-0.340607832,0.990614562
3438,0.962232155,0.388897547
3439,-2.01067148,-0.801253265
3440,1.43732749,0.072060222
3441,-0.801324956,-0.965882196
3442,0.320316698,-0.33913663
3443,-0.517109072,-0.105311356
3444,-0.488183143,0.161573342
3445,-0.488183143,0.161573342
3446,0.909827927,0.698818786
3447,-0.660501359,0.268980716
3448,-0.582186651,-1.03545022
3449,-0.356907898,0.807088066
3450,-1.28234446,0.108564219
3451,-2.74888308,0.101906392
3452,0.836858747,0.38273496
3453,0.836858747,0.38273496
3454,0.362827577,-0.29002925
3455,-0.542635991,0.220345423
3456,1.44644384,-1.5590506
3457,-0.999245148,0.456710019
3458,-0.0927945546,-1.55896228
3459,-1.57530487,1.02531254
3460,0.637955889,-1.1079152
3461,0.637955889,-1.1079152
3462,0.640960922,1.18977734
3463,-2.91231165,0.146048363
3464,-0.816740739,0.848066672
3465,0.128733542,0.44069757
3466,-2.28326593,2.06017169
3467,-1.02548665,-0.0429294996
3468,0.290674881,0.234880645
3469,0.290674881,0.234880645
3470,-0.83807188,-0.364577424
3471,-1.95887377,-0.685706581
3472,0.386836296,-2.1959791
3473,-1.17984136,-2.43939561
3474,-1.30464348,-3.10661644
3475,-1.24387795,-1.50856482
3476,1.38288196,-1.06744952
3477,1.38288196,-1.06744952
3478,1.83968352,-1.37152547
3479,-1.3133467,0.331709246
3480,0.796087101,0.0739885893
3481,-0.593723961,0.617996557
3482,0.566950079,-0.466116714
3483,-1.27744861,-0.0898564457
3484,0.575490192,-0.141890601
3485,0.575490192,-0.141890601
3486,0.0495333656,-0.245629288
3487,-2.96949847,-0.459572876
3488,-1.82240258,-1.71702676
3489,-1.06353265,-0.692409273
3490,-2.38655037,-1.66061199
3491,-1.40065157,0.750026789
3492,0.755317298,-0.0602307682
3493,0.755317298,-0.0602307682
3494,-0.710852525,-1.15106042
3495,-2.73950876,0.604773649
3496,1.36180968,0.3077496
3497,0.748944381,1.3593378
3498,0.935212162,0.80698952
3499,0.179052552,1.51588168
3500,-0.369999944,-0.196870218
3501,-0.369999944,-0.196870218
3502,-0.795161908,0.641352058
3503,-1.60400421,0.472855663
3504,0.543161167,-0.070242077
3505,-1.23319479,0.408568192
3506,-1.58407356,0
3507,-2.15110924,0.285615461
3508,-1.28879426,0
3509,-1.28879426,0
3510,-0.182129268,-0.324236758
3511,-1.02641875,-0.965495145
3512,0.169098556,-2.119244
3513,0,-2.30510167
3514,-0.612988574,-3.05673344
3515,-2.09519918,0.716345911
3516,-1.56475503,0.914431729
3517,-1.56475503,0.914431729
3518,-0.499175672,-1.9164512
3519,-1.88982997,1.0329238
3520,0.550841944,-0.389667588
3521,-0.27979201,-0.288835191
3522,-0.326029053,-1.06399675
3523,-1.38347894,-1.39543515
3524,0.281727863,-0.445672345
3525,0.281727863,-0.445672345
3526,1.59283008,-0.0507956979
3527,-2.33765858,0.672004275
3528,0.0840044214,-0.219910646
3529,-1.05298331,-0.655455349
3530,-1.13997802,0.273933161
3531,-2.21955625,-0.197798857
3532,-0.427498228,-2.16042238
3533,-0.427498228,-2.16042238
3534,-0.03414415,-1.36295489
3535,0.297772862,1.7954246
3536,0,-1.01543549
3537,1.21503844,-0.0871072617
3538,0.492523938,-1.43721569
3539,-1.21524265,-0.80855168
3540,-0.406341567,1.0030598
3541,-0.406341567,1.0030598
3542,-0.783537645,-1.13675731
3543,-0.453439606,-0.879359332
3544,-0.739789091,-1.86871682
3545,0.638860835,-1.48908481
3546,-0.558009833,-1.07000419
3547,-1.86677707,0.461875173
3548,-2.28791979,1.67488246
3549,-2.28791979,1.67488246
3550,0.580526325,-1.13990603
3551,-0.757429502,0.362202423
3552,0.572916494,-0.284343215
3553,-1.73981346,0.484704576
3554,-1.38728651,0.0801309034
3555,-2.44983255,-0.809986237
3556,-0.0587473848,-1.28346586
3557,-0.0587473848,-1.28346586
3558,1.01418894,-0.592036501
3559,-2.08535297,-0.704618815
3560,-0.681743929,-1.35805429
3561,0.33682252,1.23733552
3562,-0.722468451,-1.47067196
3563,-0.344857905,1.662973
3564,-1.47193078,-1.08969068
3565,-1.47193078,-1.08969068
3566,0.497170196,-0.534731928
3567,-1.7584617,0.271742489
3568,0.84487874,-0.792933175
3569,-0.117283056,0.425572878
3570,-1.01803382,-2.02745142
3571,-1.25835733,0.0318375467
3572,-1.00403431,0.593723925
3573,-1.00403431,0.593723925
3574,-0.100077017,0.392681677
3575,-0.189138326,1.11867634
3576,-1.047606,-0.576275569
3577,-0.842252981,1.13120728
3578,-1.15411661,0.441706214
3579,0.0570645424,0.192701299
3580,-1.25723157,-0.204421944
3581,-1.25723157,-0.204421944
3582,0.400167189,-0.133890036
3583,-1.38191611,-0.414217786
3584,0.35049545,-1.66764218
3585,-0.472041926,1.34518078
3586,0.141178797,-0.605958392
3587,-0.851072788,0.727785024
3588,-0.822597632,-2.96274611
3589,-0.822597632,-2.96274611
3590,0.965242573,1.44974917
3591,-1.92637274,1.2809072
3592,0.244740152,-0.188631539
3593,-0.46264322,0.0148636438
3594,-1.45385509,1.41934891
3595,-0.660357603,1.44629593
3596,2.26455708,0.556689242
3597,2.26455708,0.556689242
3598,1.82645165,-0.557456424
3599,-0.901450098,-2.24625388
3600,1.2908952,-1.66278758
3601,-0.0605540663,-1.5520188
3602,-1.31318315,-2.38657907
3603,-0.405556383,0.680526713
3604,0.220165711,-1.04804434
3605,0.220165711,-1.04804434
3606,1.23981237,-0.905891152
3607,-2.89726734,-1.72358573
3608,-0.301946118,-1.28086391
3609,-0.138332044,-0.721816606
3610,-0.287817235,-1.12889227
3611,-0.789050782,-1.34178065
3612,-0.924242256,-0.489698987
3613,-0.924242256,-0.489698987
3614,-0.316865818,0.988933323
3615,-0.388192978,-0.528227096
3616,-0.338426754,-0.866340066
3617,-1.0298887,-0.542610469
3618,-1.40583378,-0.357917759
3619,-1.1679436,0.472147446
3620,-0.974159304,0.551165063
3621,-0.974159304,0.551165063
3622,-0.727950333,-0.742468806
3623,-3.9322804,-0.223755271
3624,0.852385342,-0.0142502802
3625,-0.881407949,0.531912183
3626,-0.659986849,-0.726259568
3627,-1.43730407,1.24666948
3628,0.799128044,0.908547429
3629,0.799128044,0.908547429
3630,-0.263991701,-0.0167087416
3631,-0.477561683,0.784625024
3632,-0.101935417,-0.453243247
3633,-1.58506941,-0.400530084
3634,-1.02118173,-0.894422011
3635,-0.986753874,1.03163369
3636,1.54195005,-0.373128326
3637,1.54195005,-0.373128326
3638,1.11278637,-0.204454971
3639,-0.941931156,-0.929184816
3640,-0.30347872,-1.68352245
3641,-0.907684781,1.67408396
3642,-0.561329794,-0.347173331
3643,-0.0439949289,0.342448047
3644,0.699523662,-0.68854376
3645,0.699523662,-0.68854376
3646,0.137475292,-0.378737411
3647,0.324563787,-1.48747237
3648,1.19997913,-0.568301934
3649,-1.94120199,-0.360896402
3650,-1.35360015,-0.327755401
3651,-2.6362568,-0.755512503
3652,1.00072103,-2.64450529
3653,1.00072103,-2.64450529
3654,1.18099979,-2.15566281
3655,-3.58152182,0.0994494425
3656,-0.243104028,0.187552925
3657,-1.45254824,-1.89992223
3658,-0.503032853,0.322718717
3659,-2.35832153,-1.10164807
3660,-0.994482325,1.45976502
3661,-0.994482325,1.45976502
3662,0.0672606531,0.414170396
3663,-1.47568155,0.248534946
3664,-0.307593018,-1.39632651
3665,-1.5538942,1.78275698
3666,-1.36742443,-0.43352201
3667,-1.46776056,0.277735114
3668,-1.32100687,-0.205949564
3669,-1.32100687,-0.205949564
3670,-0.2617559,-0.420601939
3671,-2.53063562,-0.245377786
3672,-0.863793502,-0.942443831
3673,-0.117281035,-0.567073019
3674,-0.913205899,-1.03596435
3675,-1.84972261,-1.05549249
3676,-1.14898967,0.568495447
3677,-1.14898967,0.568495447
3678,-0.511944826,-0.0514390545
3679,-1.03181905,-1.40774012
3680,1.20449128,-0.0995210579
3681,-1.98101045,-0.229860075
3682,-0.511442183,-0.35395207
3683,0.203537012,1.02885012
3684,-0.0817937098,-0.346190828
3685,-0.0817937098,-0.346190828
3686,0.588327092,-0.451785159
3687,-1.12626505,-0.730618145
3688,-0.192235551,-1.86831495
3689,-1.84945221,-0.751180024
3690,-1.79295532,-2.12792294
3691,-2.52456422,0.128886432
3692,0.404822056,0.670338788
3693,0.404822056,0.670338788
3694,0.136063918,-0.698950222
3695,-3.30700888,-0.0405430735
3696,0.2325466,0.184172312
3697,-0.682141027,0.315045926
3698,-0.848963945,-1.06489033
3699,-1.87921839,-0.864058265
3700,-0.723269535,0.292084139
3701,-0.723269535,0.292084139
3702,-0.0163072507,0.634788954
3703,-0.738081455,0.41269792
3704,0.145232789,-1.23942749
3705,-0.280704708,-0.625065408
3706,-0.289462551,0.546021031
3707,-1.49717688,-0.481057638
3708,0.269139589,0.794915257
3709,0.269139589,0.794915257
3710,-0.137802761,-0.678990092
3711,-0.638983701,0.663723132
3712,0.919960568,-1.39067825
3713,-1.00767436,-1.08584347
3714,-0.492954308,-1.71916025
3715,-2.45565676,-1.55588798
3716,-0.427842306,0.0602868256
3717,-0.427842306,0.0602868256
3718,0.62197898,-0.497560782
3719,-2.55054944,1.20547919
3720,-0.699975056,0.0887068198
3721,0.525852369,-0.761151778
3722,-0.724838075,0.821770039
3723,-1.84388274,0.0592128917
3724,-0.725179448,-0.0203234816
3725,-0.725179448,-0.0203234816
3726,-1.51980481,0.693204539
3727,-2.03152077,-0.710174447
3728,0.359453705,-1.80940176
3729,0.919658111,0.0561238177
3730,-0.434074312,-1.28733494
3731,-1.25546576,0.0152105141
3732,-0.160472865,0.121586151
3733,-0.160472865,0.121586151
3734,-0.627323733,-0.524333393
3735,-3.51670815,1.53865552
3736,0.0875367346,-0.453879467
3737,-0.0576072727,-0.479553823
3738,0.789084295,-1.3478962
3739,-1.07908819,-0.158352885
3740,-2.37259068,-1.3388308
3741,-2.37259068,-1.3388308
3742,1.03513403,0.841772858
3743,-3.06057917,1.61793149
3744,-0.582842327,-0.488139158
3745,-1.93136486,0.271460735
3746,-1.27570524,0.239964998
3747,-1.13447772,-1.09930336
3748,-1.09260468,-2.08347795
3749,-1.09260468,-2.08347795
3750,0.220190329,0
3751,-0.795434704,0.917582057
3752,1.16458053,-0.116836313
3753,-0.12170367,-0.165670472
3754,0.405224912,-0.487833127
3755,-0.107457478,-1.91188467
3756,0.0195385325,-0.703623554
3757,0.0195385325,-0.703623554
3758,2.19299586,0.0677229503
3759,-1.31769671,0.376881528
3760,-0.589035276,-0.695303509
3761,-1.31642189,-0.384726202
3762,-0.118486719,-0.576019024
3763,-0.396207291,-0.180916288
3764,1.57563479,-0.122541689
3765,1.57563479,-0.122541689
3766,0.0717499475,0.306529267
3767,-2.16770684,-0.531537455
3768,0.0142348861,-0.972378061
3769,0.767883143,-0.0968897659
3770,-1.06821564,0.37487051
3771,-1.96613187,1.52974526
3772,-1.7465476,-1.2522715
3773,-1.7465476,-1.2522715
3774,0.19127642,-0.510260248
3775,-2.28982112,2.37161513
3776,0.497574908,-0.641143193
3777,-1.58830012,-0.116020935
3778,-1.15714657,0.257751886
3779,-1.95921614,0.392926756
3780,-2.33845936,-0.264863578
3781,-2.33845936,-0.264863578
3782,0.722507201,-0.468898627
3783,-1.87309829,1.58663002
3784,0.0716649671,-0.710651424
3785,0.873220552,-1.09566624
3786,0.280651765,-0.313240408
3787,-0.656612018,0.674189119
3788,-0.603878032,0.917091198
3789,-0.603878032,0.917091198
3790,-0.557277941,-0.682406917
3791,-2.8945168,0.184947393
3792,-0.939991641,-1.76412858
3793,-1.35565446,0.109534835
3794,-1.54802184,-0.596512383
3795,1.25002642,0.397087342
3796,-0.741499009,-0.201680906
3797,-0.741499009,-0.201680906
3798,-0.335655719,0.366921434
3799,-1.78714652,-0.675932068
3800,-0.0999622995,-0.763366406
3801,-1.14623766,-0.395524805
3802,-0.690129852,-0.925982049
3803,-1.46246527,0.211090889
3804,0.264235899,0.773880401
3805,0.264235899,0.773880401
3806,-0.286985344,0.0646726284
3807,-1.21727665,-0.0210861145
3808,1.29922041,0.0140663358
3809,-0.928219272,0.268181075
3810,0.34401573,0.442369234
3811,0.572199992,1.20896867
3812,0.796419965,1.71357636
3813,0.796419965,1.71357636
3814,-0.445134118,-0.0170185485
3815,-1.33009248,0.542281841
3816,-1.06656627,-1.79671589
3817,-2.44486723,-0.788912112
3818,-2.56384934,-2.02218269
3819,-1.29314354,0.995083289
3820,1.94307557,0.470093918
3821,1.94307557,0.470093918
3822,-0.0826297139,-1.1660311
3823,-3.33831849,0.84063398
3824,0.706874945,-0.144066569
3825,-0.886288972,-0.112191574
3826,-0.677646661,-1.58946011
3827,-0.814958451,-0.0147128258
3828,2.02233419,-0.751460403
3829,2.02233419,-0.751460403
3830,0.380781732,0.715195016
3831,-1.11768416,0.954125668
3832,0,-0.812401815
3833,-1.74123397,-0.630452634
3834,-1.36508346,0.182271852
3835,0.0989812815,-1.36601096
3836,-0.664993703,0.0820002099
3837,-0.664993703,0.0820002099
3838,0.196085291,-0.467129016
3839,-2.76496081,0.457860425
3840,1.53063429,-2.05965183
3841,-0.786554152,0.550216857
3842,-0.846959192,-2.14825254
3843,-1.60336576,-0.42312743
3844,-0.160169492,0.156363998
3845,-0.160169492,0.156363998
3846,-0.0166484854,-2.3134646
3847,-1.00982307,-1.87760182
3848,-0.842326737,0.27706172
3849,-2.05408779,0.503985177
3850,-2.0100051,0.946502136
3851,-2.12999919,0.277855667
3852,-0.609487414,-0.842766495
3853,-0.609487414,-0.842766495
3854,-1.12332649,-0.0837011645
3855,-2.83857459,-0.654039261
3856,-0.143212042,-1.84063014
3857,-0.203356007,0
3858,-0.997959267,-1.27511686
3859,-0.394446878,-0.710216375
3860,0.306945707,-0.252139644
3861,0.306945707,-0.252139644
3862,-0.652164991,-1.13408838
3863,-2.67906527,2.22993159
3864,0.907299623,-0.245096126
3865,-0.916037152,-0.185737895
3866,-0.506626172,0.0469510556
3867,-1.47514816,-2.3725126
3868,-0.44215653,0.668403011
3869,-0.44215653,0.668403011
3870,-0.63453658,-0.736306712
3871,-2.29363565,-1.0548567
3872,-1.04963268,-0.885330368
3873,-0.206525551,-0.607188663
3874,-0.520549591,-1.51615587
3875,-2.18459801,0.311813827
3876,0.980480497,0.952392017
3877,0.980480497,0.952392017
3878,-0.443625471,-0.337074972
3879,-2.54241601,0.386306946
3880,1.12823245,-1.30556576
3881,-1.11062387,-0.808547522
3882,-0.567566403,-1.23373413
3883,-2.51147748,-1.47414509
3884,0.759667122,2.05465368
3885,0.759667122,2.05465368
3886,1.26317938,-1.30834004
3887,-0.938685726,-0.161908208
3888,-0.147250016,-0.801815995
3889,-0.0742060511,1.207756
3890,-0.342771104,0.335200342
3891,-1.56287737,0.0148044629
3892,0.328131852,0.255501411
3893,0.328131852,0.255501411
3894,0.357222312,0.280242904
3895,-2.28999364,1.1299949
3896,-0.514868039,-1.41734242
3897,0.839461893,-1.26978284
3898,-0.731084205,-2.59039433
3899,0.162510585,-0.530266928
3900,1.46216697,-2.26732477
3901,1.46216697,-2.26732477
3902,-0.0835545829,-0.164884876
3903,-0.856377099,1.15128164
3904,0.0739535314,-0.936653452
3905,-1.93518243,-0.109454074
3906,-0.861563571,0.192765556
3907,-1.34537118,-0.161690099
3908,-1.67417444,0.532967684
3909,-1.67417444,0.532967684
3910,0.642460325,-0.496047437
3911,-2.09228143,1.28337993
3912,0.533744619,-0.158336274
3913,-2.13273454,1.26909209
3914,-0.419664321,-0.721336776
3915,-1.08544624,-0.799048075
3916,-0.454511983,-0.343738723
3917,-0.454511983,-0.343738723
3918,-1.05122331,-0.427499909
3919,-1.4642926,-0.808618501
3920,-0.0447396653,-0.544125492
3921,-0.514328145,2.09797126
3922,-0.691315505,0.316927608
3923,-1.45212496,0.790212432
3924,0.0201907755,-1.61099666
3925,0.0201907755,-1.61099666
3926,-1.7578331,-1.14779259
3927,-1.89427909,0.0209949756
3928,-0.214108213,-1.55921977
3929,0.995112039,-1.04665886
3930,-0.335063919,-1.23638134
3931,-0.75192794,-0.400399584
3932,-0.480072262,0.85425991
3933,-0.480072262,0.85425991
3934,-0.652362529,-0.752359933
3935,-1.14258716,-0.567375179
3936,0.964852809,0.330064579
3937,1.4060039,0.797872882
3938,-0.0926459999,-1.00714504
3939,-1.778482,-0.0752926462
3940,-0.483795034,-0.117267721
3941,-0.483795034,-0.117267721
3942,-0.712395257,0.416973582
3943,-1.71900603,1.08755319
3944,-1.16400416,-1.37570314
3945,-1.16536204,-0.996114523
3946,-1.64622212,-1.85024525
3947,0.1126304,-0.670768164
3948,0.802011933,-1.37122329
3949,0.802011933,-1.37122329
3950,-0.934110897,-0.821644937
3951,-0.972263592,-0.294088744
3952,1.23128659,0.199995908
3953,-0.101388556,-0.287332377
3954,0.102951629,-1.23886948
3955,0.166296271,-0.349602409
3956,-0.545698731,-0.685936082
3957,-0.545698731,-0.685936082
3958,0.797523107,-0.997802077
3959,-3.07394538,-1.277463
3960,-0.797549968,-1.06445334
3961,-1.41286861,1.34215977
3962,-1.36424437,0.480035181
3963,-0.88011854,-2.49270898
3964,0.0789966405,-1.09914602
3965,0.0789966405,-1.09914602
3966,-0.391038499,-0.505493779
3967,-1.04577545,1.36585526
3968,1.52784044,-1.4190308
3969,-1.71018018,-1.76074868
3970,-1.70347239,-2.5430117
3971,-1.38078816,-0.940670414
3972,-0.299924389,-0.538524118
3973,-0.299924389,-0.538524118
3974,0.698648554,0.401699717
3975,-2.28634476,1.01637766
3976,-0.630360945,0.820903129
3977,-1.08193088,-0.422965737
3978,-1.38935025,0.616578665
3979,-2.12025277,0.931045037
3980,0.903315003,-0.206830918
3981,0.903315003,-0.206830918
3982,-1.2251818,1.22531534
3983,-3.1570277,0.719116696
3984,0.799094374,-2.53618072
3985,-0.0291353469,1.12709904
3986,0.0593994272,-0.943856077
3987,0.662843074,1.20357002
3988,0.268392167,-1.19647043
3989,0.268392167,-1.19647043
3990,-0.525078271,-1.86747169
3991,-2.94898894,-0.0200272536
3992,0.812297706,-0.297347552
3993,-1.08021313,-0.189685036
3994,0.101581677,-1.09147933
3995,0.397863245,0.840100866
3996,-0.805606919,0.518484446
3997,-0.805606919,0.518484446
3998,-0.83141445,-0.0163075551
3999,-1.9838345,1.62032509
4000,-2.18707069,-1.7753542
4001,0.114296881,-1.92188567
4002,-0.530487382,-1.03288795
4003,0.195558932,-0.0433490207
4004,-0.22167991,-1.1771065
4005,-0.22167991,-1.1771065
4006,-1.352224,-1.64896772
4007,-1.34743472,-0.424071284
4008,0.960056518,0.190668947
4009,-0.918601607,-0.451602081
4010,-0.839833037,0.475918939
4011,-0.575851554,-0.20392834
4012,0.779470765,-1.70642811
4013,0.779470765,-1.70642811
4014,0.531758603,0.713275765
4015,-2.72863072,-0.161364959
4016,0.345234703,-0.224522303
4017,-0.475656225,0.935320207
4018,0.640662374,0.101745731
4019,0.568278772,-1.33928172
4020,1.08776091,-0.634132282
4021,1.08776091,-0.634132282
4022,1.03660404,-0.491653582
4023,-2.14357837,3.28198851
4024,-0.255132142,-1.97421372
4025,1.17339893,-0.596118942
4026,-1.09028969,-2.05760736
4027,0.0578250713,-0.704162762
4028,-0.852752762,0.737082497
4029,-0.852752762,0.737082497
4030,0.489035523,-1.07268217
4031,-3.92760434,0.236651726
4032,0.406468778,-0.378005117
4033,-1.97466325,0.903223233
4034,-1.36829786,0.51452603
4035,0.773986127,-1.05746315
4036,2.13018948,0.121721522
4037,2.13018948,0.121721522
4038,-1.15934983,-0.187500705
4039,-1.46261588,0.862705613
4040,0.690131238,-0.837320176
4041,-0.181139313,-0.509298374
4042,-0.391064068,-0.446462431
4043,-0.369308456,0.399248199
4044,0.658537656,0.781674082
4045,0.658537656,0.781674082
4046,-0.4019391,-0.714828956
4047,-1.39551198,0.0205259579
4048,0.0736334315,-1.05604153
4049,-1.85506271,-0.85606246
4050,-2.63287438,-1.66330477
4051,-0.838313678,-0.0903818716
4052,0.461217129,-1.64198272
4053,0.461217129,-1.64198272
4054,-0.330216922,-1.46170403
4055,-2.80553323,0.390078883
4056,-0.89949337,-1.19016166
4057,-0.719672404,-0.910222153
4058,-1.38749239,-1.59716075
4059,-2.08208364,-1.37215215
4060,0.651024223,-1.98014507
4061,0.651024223,-1.98014507
4062,-0.426634444,-0.458355122
4063,-2.14438792,-0.68035135
4064,0.666876325,-0.155580065
4065,-0.767406083,0.0292678397
4066,-0.209046328,-0.193388877
4067,-0.109019001,0.206912427
4068,-0.162224096,0.537394765
4069,-0.162224096,0.537394765
4070,0.266935894,-0.90396718
4071,-0.147711808,1.32928065
4072,-0.584234974,-1.24931382
4073,-0.516409282,-1.43834022
4074,-1.09877494,-1.28882683
4075,-1.60237444,-0.308855087
4076,-2.16040269,0.818228691
4077,-2.16040269,0.818228691
4078,-0.596283769,-1.02322563
4079,-3.09908209,0.436719953
4080,1.11281705,-0.731660113
4081,0.276527869,-0.962088543
4082,0.173038541,-0.864260586
4083,-1.36104733,0.0150278145
4084,-0.221883267,2.08111776
4085,-0.221883267,2.08111776
4086,0.385856609,0.453912326
4087,-2.10045264,0.498576777
4088,-0.728731908,-0.618273186
4089,-2.86448337,0.679360084
4090,-2.12065548,-0.700379439
4091,-1.213807,-0.695543128
4092,-0.0201412826,0.163370986
4093,-0.0201412826,0.163370986
4094,-0.325965073,0.854716114
4095,-3.46458439,-1.9173619
4096,0.259988984,0.741152875
4097,-0.0436663288,-0.800027418
4098,0.741358134,-0.302420281
4099,0.977574467,-1.59836275
4100,1.13822496,-4.08511285
4101,1.13822496,-4.08511285
4102,0.85369694,0.347511471
4103,-0.892480471,-0.957062104
4104,0.638271846,0.682423955
4105,0.228901126,-0.524406017
4106,1.34485532,-1.90056234
4107,-0.592347971,-1.35379148
4108,-0.501427898,0.448703101
4109,-0.501427898,0.448703101
4110,-1.3069368,0.647743782
4111,-1.58478852,-0.590230877
4112,3.49654504,-0.322662702
4113,-0.556335299,-1.63278235
4114,0.675305196,-0.855371626
4115,-1.40566655,0.990651983
4116,0.500198865,-0.741196268
4117,0.500198865,-0.741196268
4118,2.67976586,1.10928344
4119,-0.922521769,0.348516752
4120,0.425908009,1.04537067
4121,0.196614758,0.749756416
4122,-0.253532933,0.473500196
4123,1.10387132,0.439580418
4124,-1.05807631,0.665394221
4125,-1.05807631,0.665394221
4126,0.493863524,0.247930892
4127,-1.0941238,-0.122908824
4128,1.85163607,-0.715045392
4129,-0.819486758,0.778714893
4130,-0.343154656,1.32441885
4131,-0.244007127,-1.28744006
4132,0.431312994,0.0197434193
4133,0.431312994,0.0197434193
4134,2.16788671,1.14518075
4135,-0.426689767,1.35101844
4136,2.00131431,0.230567959
4137,1.12117175,-0.624224559
4138,0.721750318,1.74218871
4139,-1.42969106,0.419588051
4140,-0.506047858,1.1085485
4141,-0.506047858,1.1085485
4142,1.47405857,-0.0978722426
4143,1.84521685,-0.101445119
4144,0.958796274,0.0784345259
4145,-0.263045119,-0.404530004
4146,-1.62049817,1.21922042
4147,-1.33167681,0.589929824
4148,-1.45241924,-0.126883636
4149,-1.45241924,-0.126883636
4150,1.96974133,-0.498068411
4151,0.562469574,0.259232534
4152,1.45696942,0
4153,-0.751843588,0.881730973
4154,0.351641965,0.228977262
4155,0.97969242,-0.813468329
4156,0,-0.276474459
4157,0,-0.276474459
4158,-0.507288386,-0.132708129
4159,-0.384524156,-1.16780798
4160,2.15724552,-0.41855301
4161,-0.629226395,-0.746724137
4162,1.19460792,0.4757496
4163,-2.47119707,-1.24218608
4164,-0.814935605,1.50614938
4165,-0.814935605,1.50614938
4166,0.905483958,0
4167,-0.279435536,-1.02657507
4168,0.649486447,-0.179924344
4169,0.724442782,0.185737895
4170,0.949774523,-0.468118624
4171,0.610702326,-0.209724045
4172,1.46260118,-2.50413147
4173,1.46260118,-2.50413147
4174,-0.131968251,-0.368009769
4175,-1.85013491,-0.834408904
4176,2.69274409,-0.0254703622
4177,-1.8023535,1.2162759
4178,-0.548041223,0.569372908
4179,-1.02866718,-0.675533601
4180,1.95282195,-1.08818979
4181,1.95282195,-1.08818979
4182,0.999804729,-1.92326982
4183,0.0764965811,-0.270945502
4184,1.241596,1.5200705
4185,0.5715151,-0.381773464
4186,0.972270463,-1.66227941
4187,-1.11776719,-0.77576732
4188,-0.853888061,-0.966653474
4189,-0.853888061,-0.966653474
4190,0.613799437,1.47794555
4191,-3.23528543,1.15966135
4192,2.54541546,-1.11006281
4193,0.907638252,0.882812029
4194,1.0264556,0.984334017
4195,-0.188680928,-0.556896565
4196,1.83679893,0.333932504
4197,1.83679893,0.333932504
4198,0.520568061,-1.09863642
4199,-0.169679859,-0.0629228129
4200,0.642543177,0.513094093
4201,0.733358516,-0.680153778
4202,0.377924032,2.51714359
4203,1.38959652,-0.132318557
4204,-0.313750434,-0.81590038
4205,-0.313750434,-0.81590038
4206,0.267930585,0.141096835
4207,-0.526625149,0.385596489
4208,2.01539218,0.157515454
4209,0.569326759,-1.24676118
4210,-0.133890794,-0.240664881
4211,0.184720605,-0.535449986
4212,-0.0405373542,-0.163038181
4213,-0.0405373542,-0.163038181
4214,0.655191536,0.84697489
4215,1.10347129,0.120656782
4216,1.20186054,-0.587566937
4217,-0.119502606,0.264488062
4218,0.170000058,-0.907893408
4219,-1.52502556,0.829873358
4220,0.222842476,0.560780295
4221,0.222842476,0.560780295
4222,0.306383402,-0.604329198
4223,0.51157081,0.942958892
4224,2.11671028,-0.0643049085
4225,0.714004785,-0.389643886
4226,1.26537341,1.35141747
4227,-1.35189595,0.975848391
4228,0.241986499,-0.705223325
4229,0.241986499,-0.705223325
4230,1.08840413,-0.338156394
4231,-2.14424531,0.602410844
4232,1.27498769,0.493268952
4233,0.0296312902,-0.636464764
4234,0.682954759,0.363671954
4235,-0.554871514,0.144183243
4236,-1.51252513,0.082308022
4237,-1.51252513,0.082308022
4238,-0.0998988587,0.678903044
4239,-1.61345679,0.310514422
4240,2.49782916,-0.0898577652
4241,1.05212926,1.05190184
4242,-0.0770809558,2.10297884
4243,-0.742669894,1.98962555
4244,0.298807895,-0.255343251
4245,0.298807895,-0.255343251
4246,0.791522693,-1.56908979
4247,1.72572523,-0.359826892
4248,0.917568428,1.16323299
4249,-1.5827797,-0.369359074
4250,0.708312289,0.4874613
4251,-0.612801604,1.16681636
4252,-1.38826174,0.0806588784
4253,-1.38826174,0.0806588784
4254,0.310720808,0.0170199076
4255,-1.77502117,0.325591387
4256,3.22402576,-0.861342357
4257,-1.37157397,-0.246736984
4258,-0.162563577,-0.554736215
4259,-1.59746156,-0.878701457
4260,-1.60927769,-0.141707146
4261,-1.60927769,-0.141707146
4262,1.34080883,0.119026377
4263,0,0.59720698
4264,0.090431677,0.443580188
4265,-0.813271066,2.48382729
4266,-0.253022801,2.15078277
4267,-1.40342746,-1.23458436
4268,-0.238415824,-0.496435721
4269,-0.238415824,-0.496435721
4270,0.0333699898,0.653455592
4271,-0.635475858,0.467749108
4272,1.86113426,0.867945941
4273,0.472630228,-0.680453413
4274,0.141654014,-0.465065038
4275,-0.571485142,0.569402527
4276,0.474064378,0.477216974
4277,0.474064378,0.477216974
4278,1.146588,0.331509555
4279,0.16499309,1.63900807
4280,2.12505189,-0.907289371
4281,-0.55235803,-1.74199341
4282,-0.705268549,-1.75191692
4283,-0.546449621,1.28489723
4284,-0.744873111,0.481612905
4285,-0.744873111,0.481612905
4286,0.801053051,-0.74915364
4287,-0.572277163,-0.120876641
4288,1.39242384,-0.849749019
4289,1.3516293,-1.38479314
4290,-0.226127963,-0.286564153
4291,0.621658842,0.825164459
4292,-0.630432687,-0.882208264
4293,-0.630432687,-0.882208264
4294,1.54857995,-0.586789945
4295,1.44781095,-0.551366992
4296,1.63948786,-0.233778142
4297,1.95831355,-1.46431669
4298,0.648357909,-1.7143311
4299,-0.129021655,0.519958702
4300,0.747683848,1.2970666
4301,0.747683848,1.2970666
4302,1.39762478,-1.21882596
4303,0.365083069,-0.29466216
4304,3.01168456,0.116049516
4305,0.317411746,-0.771874396
4306,-0.511480942,0.720467188
4307,-1.22398733,-0.719676888
4308,0.509272507,-0.82541417
4309,0.509272507,-0.82541417
4310,1.73596085,-0.0686553285
4311,-1.77587811,0.55468252
4312,1.6199911,1.9498595
4313,-1.49654489,0.359270315
4314,0.0493874799,-1.06174218
4315,0.55620294,-0.902396228
4316,0.903533875,0.467482666
4317,0.903533875,0.467482666
4318,-0.282912075,1.66764845
4319,-0.763245047,-0.349493804
4320,1.29179421,-1.36336975
4321,0.792241198,-0.69179412
4322,0.271644539,0.0885859683
4323,-0.0295016067,0.0153233274
4324,-0.391647162,0.428221127
4325,-0.391647162,0.428221127
4326,1.96594929,-0.364144591
4327,-0.120601179,0.222203444
4328,1.44970473,0.561727979
4329,-0.408547263,-0.11549279
4330,0.0776822596,1.72237544
4331,0.600296498,-0.515185416
4332,0.628965012,-0.0800947244
4333,0.628965012,-0.0800947244
4334,1.14998439,0.10446905
4335,-0.616238629,1.58700061
4336,1.71530501,0.602135227
4337,-0.410766042,-0.998164527
4338,0.61420057,0.286162246
4339,-1.33973808,-0.894525947
4340,-0.02085468,-0.452128799
4341,-0.02085468,-0.452128799
4342,1.76801073,0.380085757
4343,-1.02911642,-1.48696823
4344,1.83822559,0.0254820485
4345,-0.486568745,0.227323649
4346,-0.941156344,-0.395857847
4347,0.24758455,-1.05552192
4348,0.846467605,-0.67041261
4349,0.846467605,-0.67041261
4350,1.24963248,0.77468239
4351,0.445720483,-0.911153758
4352,1.76248418,-1.86505884
4353,0.629106276,-0.739447088
4354,0.871612801,0.37166866
4355,1.3615068,0.365459728
4356,-1.21580896,-0.557720659
4357,-1.21580896,-0.557720659
4358,0.749110101,-1.43280874
4359,-0.4413716,-2.55877769
4360,0.570915255,1.55038211
4361,0.276951635,-0.947449975
4362,0.867195631,-1.20122336
4363,-0.225110887,0.30987427
4364,0.732312381,-2.09688798
4365,0.732312381,-2.09688798
4366,0.119328537,1.42020249
4367,-0.702013213,0.816563873
4368,3.76999142,-0.640278848
4369,-0.940590545,0.594863854
4370,-0.394522014,1.37876826
4371,-1.35227655,-0.02935356
4372,0.679203733,0.680624619
4373,0.679203733,0.680624619
4374,0.842410408,0.426793613
4375,-1.18439864,-0.14079443
4376,0.312001767,0.369760449
4377,-0.310607714,0.697756092
4378,0.319222979,0.336662022
4379,-0.571081452,1.76835211
4380,-0.229312513,0.736358342
4381,-0.229312513,0.736358342
4382,-1.33795528,-0.852436938
4383,-0.25694877,-0.934255109
4384,2.41549709,0.0260629927
4385,-1.2290718,-0.142399311
4386,0.919191701,-1.36316343
4387,-0.827829505,-1.0389029
4388,-0.590409887,-1.14406215
4389,-0.590409887,-1.14406215
4390,0.887269735,0.253721207
4391,-0.231207456,1.25939089
4392,1.30392929,-0.400803145
4393,-1.00365216,0.193281849
4394,0.229250406,1.18258983
4395,-0.958188185,-0.257740873
4396,-0.100880311,-1.28887964
4397,-0.100880311,-1.28887964
4398,-0.433553728,-0.134265415
4399,-0.920379234,0.509947575
4400,1.72486626,0.937482348
4401,-0.366249522,0.895985484
4402,0.968392482,0.744862082
4403,0.0622523296,-0.33591748
4404,-0.1205231,-1.96661042
4405,-0.1205231,-1.96661042
4406,1.40589119,-0.920758079
4407,0.0402572986,-0.705328325
4408,1.69129473,-0.848805002
4409,0.482137846,1.66394864
4410,-0.624737477,0.516565916
4411,-3.63120686,0.574713287
4412,-0.179891917,-0.953383482
4413,-0.179891917,-0.953383482
4414,2.0220607,0.70890764
4415,-1.32384774,-0.177660229
4416,1.64640213,-0.480006951
4417,0.841235874,0.619591254
4418,1.17598614,0.725036668
4419,-1.06632676,0.20818181
4420,1.11982997,-0.437921784
4421,1.11982997,-0.437921784
4422,0.0489655676,0.268863575
4423,1.49883814,-1.02103558
4424,0.672856604,-0.0773311469
4425,1.05748638,0.585504444
4426,1.49702088,0.427084481
4427,-0.819975134,0.955128165
4428,-0.140321737,-1.84349811
4429,-0.140321737,-1.84349811
4430,-0.0324269654,0.230585066
4431,-0.198586555,0.732011282
4432,3.05725335,0.66292473
4433,1.36222282,0.634313284
4434,0.498311079,2.34066768
4435,-0.797837064,0.172453941
4436,-1.50981352,0.802446589
4437,-1.50981352,0.802446589
4438,0.229544146,1.38444789
4439,0.359194292,0.260253855
4440,0.957395195,-0.301172328
4441,-0.272455121,-0.212031994
4442,0.364649018,-0.362008085
4443,-1.9582108,-0.411150063
4444,-1.57249722,0.597133456
4445,-1.57249722,0.597133456
4446,-0.470202012,0.202055773
4447,-0.826540499,-0.533798736
4448,1.95470998,-0.328175691
4449,-1.68948585,-0.10390591
4450,-0.303905801,-0.248427113
4451,-0.550654707,1.27026598
4452,0.787224716,-0.395612118
4453,0.787224716,-0.395612118
4454,0.487193631,0.153841577
4455,-0.223382621,-0.122701495
4456,0.901308213,-0.0129253437
4457,-0.113459438,-1.07517731
4458,0.282029789,0.217852042
4459,-0.612966469,0.609628763
4460,0.32126341,-0.639373433
4461,0.32126341,-0.639373433
4462,-0.579331469,-0.384565416
4463,-0.633103731,1.22329711
4464,2.26308891,1.13728049
4465,1.53364174,-2.02194663
4466,0.828521319,-0.125458187
4467,-1.6506104,0.240467478
4468,0.499305959,0.227251629
4469,0.499305959,0.227251629
4470,0.573540458,-0.135097238
4471,0.24485183,0.418367671
4472,1.92494269,-0.685029447
4473,-0.732812746,-1.03442801
4474,-0.45690632,-0.786648409
4475,-0.169510738,-1.48712958
4476,0.562071792,-0.0609440793
4477,0.562071792,-0.0609440793
4478,1.01954448,-0.380281017
4479,-1.10801884,-0.0800002406
4480,1.20466961,0.0525927983
4481,-0.65522868,-0.285502621
4482,-0.3830468,1.21777104
4483,-1.69069722,-1.34556922
4484,0.247422384,-0.0392047137
4485,0.247422384,-0.0392047137
4486,0.849915855,0.195950012
4487,0.0202673729,-1.87566553
4488,1.84148006,-0.883107856
4489,1.31239589,-0.0283243655
4490,1.27286998,-0.613821403
4491,0.0438016657,-1.38572534
4492,-0.586895265,0.56782413
4493,-0.586895265,0.56782413
4494,0.564881047,0.526206001
4495,2.1460115,-0.352165199
4496,2.31284647,0.525612987
4497,0.386275505,0.828203618
4498,-0.242826159,0.408461659
4499,-0.407730077,-0.983603384
4500,0,0.26538758
4501,0,0.26538758
4502,0.204652732,0.858970177
4503,-0.964579473,0.0616379113
4504,1.74671269,0.440874738
4505,-0.770360965,-0.502087705
4506,-0.636042702,-0.0984569305
4507,-1.91768421,0.450226764
4508,-0.306566942,-1.50198672
4509,-0.306566942,-1.50198672
4510,0.534203182,1.04255564
4511,2.38572595,-0.294932124
4512,1.3548386,-0.322789941
4513,0.561065184,0.30100743
4514,0.0389453038,0.477752668
4515,-1.19947408,-0.20709663
4516,0.751880219,2.12752094
4517,0.751880219,2.12752094
4518,-0.13746461,0.942453644
4519,0.341783815,-1.31039099
4520,1.83991448,-0.493950496
4521,1.50826793,-0.769594453
4522,0.354566376,0.616738996
4523,-0.265938268,-0.0288869771
4524,0.717442623,-0.422045371
4525,0.717442623,-0.422045371
4526,2.16979852,-1.68688019
4527,-1.04298528,-0.399386278
4528,1.12511792,1.75972879
4529,-0.252491043,-0.467990102
4530,0.112784817,-0.488435634
4531,0.750414308,-0.0739322126
4532,-0.103203064,0.0598656257
4533,-0.103203064,0.0598656257
4534,0.0815621331,0.578604399
4535,0.272320851,1.11792111
4536,1.48808439,-1.14475456
4537,0.918573581,0.852739923
4538,1.66654385,0.138002454
4539,-1.38898284,-2.14649231
4540,1.59112227,-0.700314134
4541,1.59112227,-0.700314134
4542,0.618970574,-1.22425174
4543,0.0814694946,0.559939429
4544,1.86852224,0.117160091
4545,-0.22534175,0.133680302
4546,0.272290929,0.544466495
4547,-2.14602618,-0.396506135
4548,-1.0834512,1.42841702
4549,-1.0834512,1.42841702
4550,1.39306034,0.727584104
4551,1.21367315,1.73844609
4552,0.983998763,0.0902798476
4553,1.05148053,-0.991947162
4554,1.65784974,-0.499809202
4555,-1.84240069,-0.761390179
4556,0.849187738,-1.55896756
4557,0.849187738,-1.55896756
4558,-0.098061875,0.151662847
4559,-0.317229385,-0.689009957
4560,3.09407155,0.155189042
4561,0.551699417,0.774565481
4562,1.76483206,0.380356814
4563,-1.84953204,0.160292286
4564,0.244072995,-0.0631074689
4565,0.244072995,-0.0631074689
4566,2.50550257,-0.5437041
4567,0.0401502965,0.875491527
4568,0.857115801,0.656028048
4569,0,-0.619039384
4570,0.982103012,1.23514153
4571,-0.227559445,0.730607342
4572,-0.181520495,2.01649518
4573,-0.181520495,2.01649518
4574,0.217260771,-0.101333503
4575,-1.46197251,1.50204883
4576,3.10837871,-0.181342352
4577,0.249978005,-0.161951301
4578,0.753959591,0.752954925
4579,-2.53215602,0.412196713
4580,-0.201974525,0.224513233
4581,-0.201974525,0.224513233
4582,1.20250014,-0.115264834
4583,-0.0387182634,-0.671784325
4584,0.305976523,-0.695043412
4585,-0.375448854,1.16417862
4586,1.14890827,1.51279859
4587,-1.64568906,1.34284203
4588,-0.390473425,1.03256844
4589,-0.390473425,1.03256844
4590,-0.937308219,0.393285505
4591,1.16232998,1.32193043
4592,1.27668865,1.45868288
4593,-0.203282495,-0.348339978
4594,0.606312321,0.693946696
4595,1.15518378,-0.817742292
4596,-0.86929308,-0.851066535
4597,-0.86929308,-0.851066535
4598,2.74509263,1.33261754
4599,0.829689412,0.159076292
4600,2.36608016,-0.764369109
4601,-0.740016985,0.186063357
4602,-0.868578787,0.0130454207
4603,-1.0326728,1.00369858
4604,0.200983854,0.245748909
4605,0.200983854,0.245748909
4606,3.03189203,1.22523895
4607,0.340732637,0.163884292
4608,1.85856601,-1.45141331
4609,0.582922047,-0.18933681
4610,0.563509078,0.54315679
4611,0.0454278018,-0.606166423
4612,0,-1.36929409
4613,0,-1.36929409
4614,2.20212093,-2.08549925
4615,-0.749195606,-1.46641584
4616,0.307553355,0.892689049
4617,-0.194873212,-1.02093939
4618,1.04679642,-0.437816336
4619,0.169848718,0.0284386582
4620,0.339923164,0.361224262
4621,0.339923164,0.361224262
4622,-0.485911984,0.791178571
4623,0.872889747,0.333998143
4624,3.6003134,-0.104073791
4625,0.129428953,-1.14500258
4626,-0.255913463,-0.648320095
4627,-2.4715277,0.181348631
4628,0.757170887,-1.00998772
4629,0.757170887,-1.00998772
4630,1.63797265,-0.464220794
4631,0.845300273,-0.461257778
4632,0.710678496,0.978713001
4633,1.43548482,0.961244077
4634,1.23265506,0.0866742056
4635,0.304907872,-0.197047216
4636,0.288634846,-0.418950169
4637,0.288634846,-0.418950169
4638,-0.899669981,0.841559072
4639,-1.37517974,-0.687089422
4640,2.06808285,-0.581583486
4641,1.13044381,-1.46092812
4642,1.74058481,-0.675778855
4643,-0.206428299,0.684807963
4644,0.867822188,0.998689619
4645,0.867822188,0.998689619
4646,0.534037891,-0.504451395
4647,-0.408657829,-1.36107837
4648,2.21717156,0.358787883
4649,0.665355383,-0.216900657
4650,-0.869831336,0.523724287
4651,-2.68774212,1.43971217
4652,0.501195502,1.01016309
4653,0.501195502,1.01016309
4654,1.14894175,-0.23380353
4655,-0.0587585673,0.844941264
4656,1.19734605,0
4657,0.399880001,0.64316713
4658,-0.154272155,0.5684613
4659,1.87335493,-0.404075992
4660,0.187198561,-0.507857392
4661,0.187198561,-0.507857392
4662,0.60063238,-0.597231066
4663,0.247367569,-0.923780589
4664,1.64698327,0.144357907
4665,0.188581392,1.42416432
4666,0.217521044,-0.710049668
4667,0.310626337,1.29703104
4668,-2.32457041,0.466352225
4669,-2.32457041,0.466352225
4670,0.315644411,-1.69561083
4671,-0.895332844,0.553250613
4672,2.38290755,-0.394143972
4673,-0.934089002,1.30115214
4674,0.341466771,0.858286285
4675,-0.371001584,0.722428784
4676,1.03628892,0.641857842
4677,1.03628892,0.641857842
4678,1.80735479,-0.514529915
4679,0.838567881,1.26450053
4680,0.994588058,-0.218172306
4681,-0.488890209,-1.45443432
4682,-0.184390825,-0.712887957
4683,-0.552670487,-1.20264408
4684,-0.290767568,-0.061823163
4685,-0.290767568,-0.061823163
4686,0.298994634,-1.28676943
4687,0.379979621,-0.0421485403
4688,2.72379167,-0.2931622
4689,-0.97782465,-0.730561331
4690,-0.71272934,0.436842989
4691,-0.437202547,-0.353835241
4692,0.126970048,0.886899756
4693,0.126970048,0.886899756
4694,0.829394927,-0.605472466
4695,0.276196271,-0.0202811161
4696,1.22293435,1.33578336
4697,0.366616194,0.643786568
4698,0.971439918,0.0637790268
4699,0.480475059,0.102918336
4700,-1.0182938,-2.38771716
4701,-1.0182938,-2.38771716
4702,-0.144410428,-1.09404394
4703,-1.36855137,-0.346571051
4704,2.77091294,-0.94935226
4705,-3.07333634,2.50268769
4706,-0.490367156,1.34432013
4707,-1.72880872,1.01559377
4708,0.144068013,-1.26573538
4709,0.144068013,-1.26573538
4710,0.15420971,0.24410915
4711,-1.36754748,-2.06362124
4712,0.689188564,0.577886701
4713,0.716912717,0.864785152
4714,0.823515337,1.57507315
4715,1.04031549,-0.481560591
4716,1.11209365,1.320064
4717,1.11209365,1.320064
4718,-0.236566635,-0.135565064
4719,-1.05784969,1.12038532
4720,1.96955437,0.144249609
4721,0.285868462,-3.30122016
4722,1.65255821,0.15900468
4723,1.64241955,1.56160055
4724,-1.05474907,0.582605208
4725,-1.05474907,0.582605208
4726,1.61088731,0.852330718
4727,-0.161217076,-0.33084148
4728,1.35563228,-0.547409291
4729,-0.0144667016,-2.11819936
4730,-1.29822477,-1.30573484
4731,-0.946071408,-1.28424923
4732,-1.12856332,0.102239298
4733,-1.12856332,0.102239298
4734,-0.617771518,-0.0493851214
4735,-0.122928865,0.169264334
4736,2.10308436,-0.180233562
4737,-0.452853972,0.367895301
4738,0.518717915,0.747654377
4739,-0.309636628,-0.485754786
4740,-0.916291814,0.760824196
4741,-0.916291814,0.760824196
4742,-0.0836961093,-0.419312331
4743,-1.35763967,0.847856225
4744,1.27178336,0.389719215
4745,-1.27121611,-0.446140224
4746,0.163771738,-0.784612263
4747,1.19095158,2.57698532
4748,-1.51279991,-1.46712373
4749,-1.51279991,-1.46712373
4750,0.133653895,-1.76585837
4751,0.100343263,1.03189808
4752,2.50740356,-0.271608548
4753,-0.985814252,0.239613148
4754,0.887878253,-0.164428383
4755,-0.318297673,0.264762429
4756,0.261669651,1.20929949
4757,0.261669651,1.20929949
4758,1.16997012,2.41809886
4759,-0.456563871,-0.258458382
4760,0.69182679,0.926935882
4761,0.206244975,0.612887458
4762,1.41522702,0.633613406
4763,1.14566948,-0.519947646
4764,0.617496948,0
4765,0.617496948,0
4766,0.997268956,1.61480891
4767,-1.01462981,1.76781873
4768,3.20087329,-1.14190721
4769,2.84220748,0.0901565542
4770,1.23380812,-0.29911555
4771,-0.166253422,0.0139846729
4772,-0.83195126,0.541106943
4773,-0.83195126,0.541106943
4774,2.54894928,0.298681467
4775,-1.76553855,-0.244862306
4776,0.308604654,0.367753189
4777,-0.778176471,-1.29491044
4778,0.432892528,-0.690727665
4779,-0.308659829,1.27923409
4780,1.4739126,1.06963091
4781,1.4739126,1.06963091
4782,-0.0168493889,0.359429092
4783,-0.211479371,0.204086
4784,1.68514443,1.01510575
4785,-0.731479218,-1.57195949
4786,0.580956845,-0.454976803
4787,1.64834665,2.15774587
4788,-0.397579423,-0.473299003
4789,-0.397579423,-0.473299003
4790,0.251166655,0.570439827
4791,-0.695595847,-0.222673053
4792,1.74057701,-0.69118563
4793,2.24672725,1.76757724
4794,0.551613827,0.741285659
4795,1.23447218,0.342174908
4796,-0.208695512,-0.36247473
4797,-0.208695512,-0.36247473
4798,0.674245951,-0.620140556
4799,0.777200712,0
4800,1.33239267,-0.651319445
4801,0.836086838,1.57733233
4802,0.82090692,0.605556603
4803,-0.330746423,-1.03886141
4804,2.71107148,-0.525660176
4805,2.71107148,-0.525660176
4806,2.05065518,0.201034425
4807,-0.0643404694,0.686702095
4808,1.72566774,-0.182648159
4809,-0.24418623,0.283933432
4810,0.387865968,-0.414816829
4811,0.833747149,-0.548942119
4812,-0.65014718,-1.49987129
4813,-0.65014718,-1.49987129
4814,0.931478029,-1.07687414
4815,0.138717149,-0.547594958
4816,3.0042138,0.0128920808
4817,-1.91931738,0.666797783
4818,-0.861974987,1.81264841
4819,0.264406959,0.776914243
4820,-0.630708628,0.964660942
4821,-0.630708628,0.964660942
4822,0.510832903,-0.303283067
4823,1.45385199,-0.243040768
4824,1.76395241,1.84871983
4825,1.85249636,0.8011624
4826,0.589425372,0.64025385
4827,-0.217770628,0.265817305
4828,-0.0401224649,-0.269160986
4829,-0.0401224649,-0.269160986
4830,1.32009399,0.881306341
4831,-1.9923644,0.263795413
4832,1.39436566,-1.69866115
4833,0.635880519,-1.04807897
4834,-0.012881043,0.295105356
4835,-2.00639775,0.428594576
4836,1.02120763,0.695468131
4837,1.02120763,0.695468131
4838,-0.331225264,-1.06699642
4839,-2.10654919,-1.13724881
4840,1.20980779,0.272722431
4841,-0.805763542,0.481576189
4842,-0.984946774,1.11950105
4843,-2.37084959,-1.62188911
4844,-0.409119065,-0.479576141
4845,-0.409119065,-0.479576141
4846,0.312497668,-0.244649774
4847,-0.521290864,1.30495549
4848,1.63905445,0.771445493
4849,-0.182596527,1.67026988
4850,0.786677434,0.541101935
4851,0.0879414988,-0.0284124808
4852,0.128473834,0.63684561
4853,0.128473834,0.63684561
4854,1.27588356,0.688935364
4855,-0.884882113,-0.800512974
4856,1.89031533,0.192159445
4857,0.111529943,-1.51824159
4858,0.218542489,-0.930100259
4859,-1.73260561,-0.675952733
4860,1.36770276,0.891451331
4861,1.36770276,0.891451331
4862,1.44057592,-0.185541413
4863,-0.859848732,-1.84372364
4864,1.7145071,-1.71697134
4865,-0.699616245,-0.682700795
4866,0.623156474,0.804034261
4867,0.806222483,-0.750513634
4868,0.898506058,1.29950376
4869,0.898506058,1.29950376
4870,2.07902052,-2.69891494
4871,0.683130051,1.26148241
4872,0.661040152,1.65879435
4873,0.231698677,-1.03657576
4874,-0.633524438,-1.10820078
4875,-0.365877356,-0.645670717
4876,0.834618064,0.140023655
4877,0.834618064,0.140023655
4878,1.39272613,2.47528954
4879,0.847004544,-0.277919454
4880,3.7065483,-0.603942106
4881,0.577859912,-2.00101523
4882,0.29243319,-0.253325291
4883,0.299313473,-0.635787764
4884,1.13848038,1.11769445
4885,1.13848038,1.11769445
4886,0.786739271,0.13228548
4887,0.50591146,-0.402205233
4888,0.129398423,0.529366
4889,-0.753248053,-1.19981723
4890,-0.329125093,0.340559046
4891,-1.61143847,0.217286326
4892,-2.40267476,0.390742051
4893,-2.40267476,0.390742051
4894,1.51405152,1.20235613
4895,-0.513726298,0.817388205
4896,2.14785031,0.257501119
4897,-0.0992231265,-1.28067051
4898,0.0128414278,-1.16894222
4899,0.900622325,0.451949761
4900,0.332110172,-0.222192082
4901,0.332110172,-0.222192082
4902,1.73071809,0.340624661
4903,-2.36202783,-0.732073265
4904,1.44468855,-0.401306502
4905,0.469180303,1.09828985
4906,1.32660072,0.422468558
4907,-0.15333556,0.465319492
4908,0.457661743,-0.400646891
4909,0.457661743,-0.400646891
4910,1.32662756,-0.584954958
4911,-2.3004297,-1.3730553
4912,1.87062815,1.01111027
4913,-0.0987469087,-1.06925002
4914,-0.696092484,0.296916731
4915,-1.19050866,1.31794909
4916,-0.92143013,-0.944895235
4917,-0.92143013,-0.944895235
4918,1.45725894,0
4919,-1.28694081,-0.285803054
4920,1.79639315,-0.66919524
4921,0.157054719,1.09555668
4922,-0.690523468,-0.319504442
4923,-0.834349942,-1.30488313
4924,-1.58352259,0
4925,-1.58352259,0
4926,1.56185845,-0.438914284
4927,0.270371148,0.384990522
4928,1.69513759,-0.466071886
4929,0.0722256188,-0.477776152
4930,1.06370664,-0.746748483
4931,-1.15323297,-1.36652223
4932,0.824459179,0.143671086
4933,0.824459179,0.143671086
4934,1.67008932,-0.461497504
4935,-0.629543261,-0.22622502
4936,0.582752452,0.181458065
4937,0.574102768,-0.112322089
4938,0.725006015,0.887217087
4939,0.08655668,0.260428702
4940,-1.34959179,0.516164364
4941,-1.34959179,0.516164364
4942,-0.398636907,-1.15562537
4943,-0.832920426,0.0413835802
4944,3.09064324,0.739965119
4945,-0.129601711,0.144429977
4946,0.121504257,0.868991078
4947,0.19431865,-0.756902124
4948,-0.0987900874,-0.189167642
4949,-0.0987900874,-0.189167642
4950,-0.201354773,0.176593958
4951,-1.09122567,-1.80310578
4952,1.07160812,-0.445604095
4953,-1.52577816,0.548942119
4954,0.277304763,-1.06454228
4955,-0.630585823,-1.02340635
4956,1.47731108,0.798749863
4957,1.47731108,0.798749863
4958,0.487982069,-0.543122435
4959,-0.59370003,-1.89291156
4960,2.06529478,-0.250138369
4961,-0.278190168,0.32179767
4962,-0.461756411,0.615317448
4963,-2.27022397,-1.62731538
4964,0.237944779,-0.789866661
4965,0.237944779,-0.789866661
4966,2.35293898,0.702075963
4967,-1.0954115,0.177660229
4968,0.72947263,0.142581729
4969,-0.301334695,1.26070733
4970,-1.43425996,1.62546523
4971,-1.02609721,0.503574593
4972,-1.38074837,-1.57175451
4973,-1.38074837,-1.57175451
4974,0.152883984,0.744356582
4975,0.960342091,0.868366614
4976,1.87202252,1.34428612
4977,-0.174896846,-0.853095198
4978,1.18900877,1.36332682
4979,-2.76360123,-0.116140071
4980,0.183388462,-0.8487738
4981,0.183388462,-0.8487738
4982,1.1321699,0.233465512
4983,-0.911643861,0.347998918
4984,1.85680302,-0.585464369
4985,-1.59339588,1.16182815
4986,-0.635292774,-0.323970543
4987,-0.59858137,2.57977965
4988,2.37432341,-0.319275849
4989,2.37432341,-0.319275849
4990,2.0202165,-2.38634867
4991,0.549507222,0.604936767
4992,1.19485609,-0.11771041
4993,-1.58600549,-2.97536881
4994,-1.31175228,-0.604817028
4995,-0.348816761,0.835780894
4996,0.780295023,-0.250034
4997,0.780295023,-0.250034
4998,-0.0819531937,-1.14875826
4999,-1.53165266,0.545908914
5000,1.90666914,-0.921444943
5001,-0.76854653,-0.441807673
5002,0.230386885,0.304913723
5003,0,0.35297198
5004,0.0575257931,-1.38835141
5005,0.0575257931,-1.38835141
5006,2.04026195,-0.995544239
5007,-0.41197118,-2.10263789
5008,2.25509375,0.75432636
5009,-1.04983228,-0.88773362
5010,-1.45945728,-0.286204443
5011,-0.315188513,-0.589336768
5012,0.364857601,0.409655435
5013,0.364857601,0.409655435
5014,0.101439142,0.481746392
5015,-2.07154304,-0.801426564
5016,1.61294319,0.689551018
5017,0.668267277,0.918938483
5018,1.66673396,1.31459058
5019,-0.798959044,0.132692158
5020,0.038485017,1.75707206
5021,0.038485017,1.75707206
5022,0.849939483,0.293123175
5023,0.65100968,-1.07033944
5024,1.28371241,-0.116473318
5025,-0.391067899,-0.697355732
5026,0.327218968,-0.0616105509
5027,0.650177564,-1.07960811
5028,1.06111429,0.903492135
5029,1.06111429,0.903492135
5030,0.369656285,0.367104348
5031,0.652835222,-0.961452959
5032,1.89609468,-0.575200812
5033,-0.354984846,0.332001108
5034,0.830650346,-0.123393903
5035,-1.44530423,-0.539316529
5036,-0.610986273,0.966075764
5037,-0.610986273,0.966075764
5038,0.698670224,-0.249486151
5039,-0.57413634,-0.147596552
5040,1.24893292,1.59532739
5041,1.21980496,-2.01968852
5042,1.00192161,-0.532690052
5043,0.405818358,-2.23049119
5044,-0.570009182,2.54416147
5045,-0.570009182,2.54416147
5046,-0.0941914736,1.69250003
5047,-1.10796059,-1.2771582
5048,1.76254664,-1.26770668
5049,-1.51382113,-1.8653613
5050,-0.32773144,-2.15833723
5051,-3.04492597,-2.01488524
5052,0.834663671,0.135651665
5053,0.834663671,0.135651665
5054,0.593368079,-1.20524503
5055,-0.431348511,0.190778429
5056,1.91526396,0.271341569
5057,-1.66833578,0.0150795232
5058,-0.282224331,-0.0387218198
5059,-0.266698045,-0.0868288387
5060,0.0407222595,1.45324723
5061,0.0407222595,1.45324723
5062,0.0871559685,-1.1928933
5063,-0.323071719,1.7149513
5064,0.932788793,0.284199399
5065,-1.52674476,0.245362655
5066,-1.5555192,0.325947205
5067,-0.514997458,1.27682877
5068,-0.0420587506,-1.40317348
5069,-0.0420587506,-1.40317348
5070,-1.7834079,-0.913351262
5071,-2.02753406,0.786084075
5072,3.28857632,-0.0643735279
5073,-1.05071649,-1.36787937
5074,-0.234702328,0.255712264
5075,-0.547646085,-1.15729122
5076,-0.725102761,-0.273917238
5077,-0.725102761,-0.273917238
5078,0.73562122,0.586397637
5079,-0.0813300111,-1.70997524
5080,1.1668967,0.421522588
5081,-1.31269929,-0.186091066
5082,0.780132008,1.13201867
5083,0,1.51941113
5084,-0.0640436252,2.40356688
5085,-0.0640436252,2.40356688
5086,0.463076619,1.97314179
5087,0.501355483,-1.1699318
5088,3.09461189,-0.115847712
5089,-2.1493045,0.269977361
5090,-3.41677126,-0.0632401645
5091,-0.789253088,-0.168245984
5092,0.0825377343,-0.653534313
5093,0.0825377343,-0.653534313
5094,0.917301254,-0.602589832
5095,0.951782869,0.740100215
5096,0.240244664,-0.579572226
5097,0.699995235,-0.690518257
5098,0.608220757,0.174589239
5099,0.0706792426,-1.5583765
5100,0.0393410397,0.684263835
5101,0.0393410397,0.684263835
5102,-0.54388611,-0.36692368
5103,-0.955078823,-1.10738105
5104,1.21235635,1.58474085
5105,-1.07429168,1.47158474
5106,-0.259257279,1.71102073
5107,-0.868001869,0.301669581
5108,-0.29342913,-0.29378932
5109,-0.29342913,-0.29378932
5110,1.32106558,0.588063123
5111,-0.482646693,0.0807135136
5112,2.26849939,-0.642530439
5113,-0.632484682,0.285568563
5114,-1.46879778,0.571091295
5115,0.265484783,-0.925140748
5116,1.71891419,-1.20948529
5117,1.71891419,-1.20948529
5118,-0.334055062,-0.634406591
5119,0.999708163,0.061050888
5120,0.0937351334,-0.954056965
5121,0.582456003,0.289721817
5122,-1.14978144,-1.42292919
5123,0.619020851,-0.828933601
5124,0.504629167,0.784685624
5125,0.504629167,0.784685624
5126,0.896148452,-0.450019202
5127,0.612276535,1.37443348
5128,-1.59185482,-1.12211283
5129,0.139827231,-0.849463899
5130,0.642755396,-2.8912398
5131,-2.06833553,0.38809448
5132,-0.422155641,0.934460033
5133,-0.422155641,0.934460033
5134,-2.33201856,-1.3409255
5135,-0.950848008,1.18353682
5136,-0.61825127,-0.201748787
5137,0.145344703,-0.215602821
5138,1.19892057,1.17021944
5139,-1.8482543,0.352649426
5140,-0.260442803,1.29191057
5141,-0.260442803,1.29191057
5142,-0.171347841,0.999251928
5143,-1.94463805,0.69219286
5144,-0.796687599,-1.30058232
5145,-1.75259423,1.50734227
5146,-2.30939451,0.789875091
5147,-0.811888087,1.55316492
5148,0.659396191,-0.985541029
5149,0.659396191,-0.985541029
5150,0.888028544,-0.551157903
5151,-0.348140811,0.33601322
5152,-0.291903436,1.61082143
5153,1.2014946,-0.887618324
5154,0.0823696105,0.992795521
5155,-1.95322319,0.212215372
5156,-1.28378617,1.68601839
5157,-1.28378617,1.68601839
5158,-0.249343396,0.708161014
5159,-1.5981963,-1.23366327
5160,-0.793623415,-0.669672664
5161,0.426974706,0.0144734902
5162,-0.721482017,0.189845115
5163,1.60013404,-0.307089148
5164,-0.751424428,1.24704765
5165,-0.751424428,1.24704765
5166,-1.10692605,-0.269664585
5167,-1.81296487,0.924129608
5168,0.314054387,-0.685172255
5169,-1.2879025,0.589244017
5170,-0.486232849,0.501959004
5171,-1.15428837,1.12475887
5172,1.23034321,-0.224506201
5173,1.23034321,-0.224506201
5174,1.82338488,0.622250782
5175,-1.31673686,0.635912065
5176,-0.858393917,0.271179255
5177,0.23270472,0.708816012
5178,0.304514534,-0.844416754
5179,-0.969778049,-0.178491215
5180,0.831867028,0.764589794
5181,0.831867028,0.764589794
5182,-0.412844082,-2.16644356
5183,-1.6208952,1.93179371
5184,-1.64648641,1.23723236
5185,-0.243237206,0.488308707
5186,-1.21864496,0.960733315
5187,-0.758760996,-0.516734823
5188,1.71682295,0.372976942
5189,1.71682295,0.372976942
5190,0.102820206,0.704786466
5191,-0.447794204,0
5192,-0.41514015,-1.41387488
5193,-0.269988838,-1.32323839
5194,0.304909152,-0.477020064
5195,-0.908490977,-1.04081988
5196,-0.825764666,-0.0206016699
5197,-0.825764666,-0.0206016699
5198,-1.79106591,-1.09316961
5199,-1.62403614,-1.72589106
5200,0.715936614,-0.941308587
5201,0.999114693,0.0847227082
5202,0.740722666,-0.532771201
5203,-0.367745637,-1.37758106
5204,1.33221854,-0.209882874
5205,1.33221854,-0.209882874
5206,-0.0167397391,-1.14714787
5207,-1.38166883,-0.473519508
5208,-1.17781967,0.610503393
5209,0.179070039,-0.423520125
5210,-1.16991716,0.190440754
5211,1.47000707,2.31520588
5212,-1.33311223,0.0418518205
5213,-1.33311223,0.0418518205
5214,-0.149747558,1.46947182
5215,0.299214771,-0.452672463
5216,-0.487488609,0.756688457
5217,0.802973472,0.314629482
5218,-1.20666048,0.479832308
5219,-0.473755206,0.0144037538
5220,-2.37542425,-0.691933405
5221,-2.37542425,-0.691933405
5222,-1.26051189,-0.820542224
5223,-2.65193766,0.177374636
5224,-0.499817196,-1.54301171
5225,0.943440998,-0.127604338
5226,0.536487073,-1.25648679
5227,-1.41816301,-0.992953826
5228,-0.774122792,0.677187114
5229,-0.774122792,0.677187114
5230,-0.0689147575,0.290994038
5231,-2.13307154,-1.93929922
5232,-0.584782465,0.105800102
5233,0.186984143,0.398783614
5234,-1.98669145,0.371290824
5235,0.0147422078,0.190053921
5236,0.186743524,0.712501348
5237,0.186743524,0.712501348
5238,-0.380111254,0.405141457
5239,0.182741158,0.804261174
5240,-0.291198451,-0.849039927
5241,0.164150879,-1.73002545
5242,1.41747625,0.258785858
5243,-0.207398381,-0.087857906
5244,0.285698928,1.66091177
5245,0.285698928,1.66091177
5246,-0.151967938,-1.03143997
5247,-1.93167256,-0.994685181
5248,-0.97184862,1.58265408
5249,0.0144927536,0.0851953514
5250,-1.36296524,0.433514433
5251,-2.67767634,-1.18209002
5252,-0.325402321,1.08616821
5253,-0.325402321,1.08616821
5254,-0.882846992,0.339277162
5255,-0.498226056,-0.257532917
5256,-1.0248236,-0.595448424
5257,-0.784076738,0.740372199
5258,-0.754609875,-0.264689704
5259,-0.538909195,-0.826592149
5260,-0.485740582,0.558429091
5261,-0.485740582,0.558429091
5262,-1.48768066,-0.499427501
5263,0.0815669916,1.38029216
5264,-0.880955163,-0.834423816
5265,-0.382133042,0.547431036
5266,0.566914347,-0.163461751
5267,-2.12287206,-0.335239575
5268,-0.304895153,-1.3842397
5269,-0.304895153,-1.3842397
5270,-0.150377412,-0.721945503
5271,-1.08214472,1.47619679
5272,0.744380519,0.325837456
5273,0.247915562,0.54683406
5274,0.635665698,0.776675623
5275,-1.19103349,-1.03071819
5276,-0.691803214,2.13040648
5277,-0.691803214,2.13040648
5278,0.0968004523,0.0844312176
5279,-0.83045121,0.74956568
5280,-0.788538976,-0.101628153
5281,-0.797775476,-1.07100594
5282,-2.39100689,-0.759971724
5283,-1.80720759,0.0734639198
5284,-0.143794108,0.284649435
5285,-0.143794108,0.284649435
5286,-0.0665568948,0.879894048
5287,-1.74570604,-0.265735864
5288,-1.33602771,-0.485876162
5289,0.357382856,0.974136359
5290,-0.40432172,-0.744344966
5291,-1.5367386,-0.485707743
5292,1.01513864,1.13142851
5293,1.01513864,1.13142851
5294,0.723161441,-0.425116974
5295,-0.717983579,-0.449800443
5296,-0.35389418,-0.871345427
5297,-0.725141237,-0.0573744244
5298,0.295755885,0.235697095
5299,-0.191677937,2.03097558
5300,0.551640789,-0.160880111
5301,0.551640789,-0.160880111
5302,0.287392476,-1.51727426
5303,1.29193814,0.674453975
5304,-1.22845808,0.560470397
5305,0.892872086,-0.804937035
5306,0.261209008,-0.218587762
5307,-2.49167042,-1.10211802
5308,0.202870878,-0.747000692
5309,0.202870878,-0.747000692
5310,-0.228955781,1.03827845
5311,-0.777484339,0.336053844
5312,-0.150736698,1.33531943
5313,-0.379770805,0.323848683
5314,0.327318443,1.2117782
5315,-2.68928254,1.09815249
5316,1.12933364,1.39605742
5317,1.12933364,1.39605742
5318,-0.66252841,0.193441843
5319,-0.916116741,0.0390904381
5320,0.385633021,-1.54226503
5321,0.16094319,-3.63841508
5322,0.876583059,-2.16907154
5323,-0.805644479,-0.7561724
5324,0.226271077,0.145788381
5325,0.226271077,0.145788381
5326,0.083168278,-2.18460205
5327,-1.12421131,-0.437557358
5328,-1.0852807,-0.53569614
5329,-0.502100654,-0.870214629
5330,-0.263230662,-0.833467605
5331,0.344904937,0.367773959
5332,-0.606479405,-1.07771589
5333,-0.606479405,-1.07771589
5334,-0.364704209,-0.272469199
5335,-0.859701895,0.256264193
5336,-0.70920488,0.397697345
5337,-0.240406967,-0.419062902
5338,-0.575246395,-0.331836597
5339,0.922691514,-0.788726492
5340,-0.0819781087,-0.164886252
5341,-0.0819781087,-0.164886252
5342,-1.15336118,0.494623284
5343,-2.10420845,-0.465027393
5344,-0.75273114,0.226443375
5345,0.0847593114,-0.783957721
5346,-0.527154728,-1.36458731
5347,0.0594092796,-0.218258414
5348,-0.477117116,-0.933895562
5349,-0.477117116,-0.933895562
5350,1.20196387,0.170657061
5351,-0.213046897,-1.09585131
5352,-0.680219889,-0.421914888
5353,0.417473186,1.20800194
5354,0.711223183,-0.557276315
5355,-1.01761033,1.88116343
5356,-1.49115037,0.422100923
5357,-1.49115037,0.422100923
5358,-1.31810494,-0.725474154
5359,-0.436782435,0.103091726
5360,-0.64503275,-0.418045601
5361,1.59598965,1.5211267
5362,-0.326402089,0.283248174
5363,-0.501029199,0.087897545
5364,-0.469125353,2.38161754
5365,-0.469125353,2.38161754
5366,-1.57538898,-0.296721617
5367,-0.626693365,1.63065942
5368,0.141595204,0.9984963
5369,0.155537805,0.676093215
5370,-0.860517966,-0.706320633
5371,-0.328610849,-0.36384891
5372,0.962664809,-1.23178966
5373,0.962664809,-1.23178966
5374,-0.304293666,-1.68019164
5375,-1.3279604,0.751772731
5376,-0.587937808,0.203276932
5377,-3.07318089,-0.637945676
5378,-3.0115047,0.703488113
5379,0.882227866,0.724089192
5380,0.041756609,2.08381427
5381,0.041756609,2.08381427
5382,-0.189380311,1.16181724
5383,-2.75576005,-0.951803886
5384,-1.14903707,-0.814370089
5385,-1.64412505,-0.923683421
5386,-1.19925029,0.43118233
5387,0.472045742,-0.102545674
5388,0.581654016,0.0638174795
5389,0.581654016,0.0638174795
5390,-1.48981276,-0.359490576
5391,-0.871906898,-0.522899043
5392,-1.03679482,-0.535104612
5393,-0.891112129,-1.31439972
5394,-0.264559351,-0.936030845
5395,-1.24400508,-0.372245464
5396,0.150100079,-0.143705986
5397,0.150100079,-0.143705986
5398,-0.0661187755,-0.204970782
5399,-3.17870652,-0.399419811
5400,-0.649242012,-1.24628629
5401,-0.752716934,1.45107269
5402,-1.9843198,0.957157325
5403,-1.24948826,0.448177754
5404,-1.49893122,-2.29982443
5405,-1.49893122,-2.29982443
5406,-0.224971339,-0.759097596
5407,0.888192231,0.156531195
5408,0.274481199,1.41197281
5409,-0.882984895,0.666441166
5410,-1.38775745,0.931338861
5411,0.935693036,1.36235721
5412,-0.159436138,-2.12577895
5413,-0.159436138,-2.12577895
5414,-0.26842019,0.365768299
5415,-1.2223098,-1.26435162
5416,-0.261572172,-0.824292452
5417,-0.561983735,1.17486789
5418,-0.688764541,0.826371242
5419,0.240877268,0.742506398
5420,0.040681743,-1.19216776
5421,0.040681743,-1.19216776
5422,-1.00189128,-0.148089802
5423,0.36129981,0.0198518971
5424,-0.0442408132,-0.174914741
5425,-1.03487365,0.0304236834
5426,-1.00204065,-1.51512036
5427,-0.0445549768,0.0444903885
5428,-1.78670691,-0.487533725
5429,-1.78670691,-0.487533725
5430,-0.504132316,1.63698647
5431,-0.461907069,0.757054922
5432,-1.48786506,-0.285475184
5433,-1.03579395,0.501090072
5434,-1.21958814,0.107166932
5435,-2.59062277,-0.897126334
5436,-1.4629144,-0.355079012
5437,-1.4629144,-0.355079012
5438,-0.454653459,0.120453017
5439,0.142164626,-0.358893543
5440,-1.27969079,1.16409165
5441,-0.159301422,-2.52436664
5442,-1.37431649,-0.209366784
5443,-1.72652258,1.14743879
5444,-0.170103277,-0.649112363
5445,-0.170103277,-0.649112363
5446,-1.11256445,-0.347017721
5447,0.573479828,-0.309463119
5448,0,-1.48230838
5449,1.17584927,0.255717889
5450,0.639439713,-0.181099254
5451,-1.46946055,0.932684239
5452,-0.364872254,0.666896844
5453,-0.364872254,0.666896844
5454,-0.842861458,-1.17836626
5455,-0.769270516,0.87525234
5456,-0.0899418556,-0.318584707
5457,-0.289064953,-0.16652021
5458,1.01476982,0.395935542
5459,-1.10553673,-0.518668248
5460,0.800850078,0.518945046
5461,0.800850078,0.518945046
5462,0.387120241,0.605535337
5463,-1.68167185,2.73339165
5464,-1.84920925,0.524824046
5465,-1.8973693,-1.07612842
5466,-1.2546424,-0.182055603
5467,-0.0303463447,-1.48856711
5468,-0.573643292,0.369168958
5469,-0.573643292,0.369168958
5470,-0.785901552,-0.847284153
5471,-1.11957133,0.121337523
5472,-0.107633428,0.183499187
5473,0.252136385,-0.44774857
5474,0.0392642512,1.65125153
5475,-1.22300385,0.742269524
5476,0.0403927162,0.577706756
5477,0.0403927162,0.577706756
5478,0.580115457,-1.27242438
5479,-1.51230711,0.351166497
5480,0.726622777,-1.17318625
5481,0.955844493,0.709896695
5482,0.242463152,-1.4706825
5483,0.105533088,0.798862061
5484,-0.832314771,-1.82920519
5485,-0.832314771,-1.82920519
5486,0.904621428,-0.859847005
5487,0.934633787,1.61626226
5488,-1.45322399,-0.290792599
5489,-1.29273385,-1.36208328
5490,-0.637112235,0.298616631
5491,-1.28686084,-0.256624359
5492,0.745782703,1.72461489
5493,0.745782703,1.72461489
5494,0.680389876,-0.520962812
5495,-1.21968338,0.890813799
5496,-0.635183473,-0.0462542082
5497,-0.0422460445,1.35927971
5498,-2.0033474,1.02919072
5499,1.76014395,0.320839688
5500,-0.404257498,0.0202270155
5501,-0.404257498,0.0202270155
5502,-1.17422155,0.479658311
5503,0.735624248,-2.32916584
5504,0.199255044,0.638762934
5505,-0.408556343,0.494299982
5506,-0.740819709,0.450738299
5507,-0.45504528,-0.722927373
5508,0.079886278,1.93771043
5509,0.079886278,1.93771043
5510,-0.824380257,-0.184399693
5511,-1.53443696,-0.146003769
5512,-1.22873631,-0.095472099
5513,-1.5308892,0.828670822
5514,-1.16835087,0.779356194
5515,-0.459680301,-1.07184444
5516,-3.13098422,-0.0621147411
5517,-3.13098422,-0.0621147411
5518,-1.01619121,-0.016361098
5519,-1.85028363,-0.601341238
5520,-1.12740051,-1.76953094
5521,-1.17100525,-0.976621004
5522,-1.31209104,-1.54514054
5523,-1.74543341,-0.974722555
5524,-0.0611930709,0.793142517
5525,-0.0611930709,0.793142517
5526,-0.949152249,-1.24389876
5527,-0.0213816037,0.593435054
5528,0.281042558,0.669464261
5529,-0.884498602,-0.445241174
5530,-0.576558645,-0.943857411
5531,-1.16792169,-0.118437232
5532,0.0809513619,-0.615323728
5533,0.0809513619,-0.615323728
5534,0.342327604,-0.714527134
5535,-0.773562999,-0.179653185
5536,-1.16834792,1.1824538
5537,0.456139572,0.847499657
5538,-0.458771039,-0.386783128
5539,-1.19436902,-1.3362087
5540,-0.582805141,-0.471688791
5541,-0.582805141,-0.471688791
5542,-1.03765391,1.18122482
5543,-0.703575223,0.30743328
5544,-0.410560948,-1.519653
5545,-0.881951095,-0.0843525371
5546,-2.05857486,-0.55071553
5547,0.908587944,-0.717472797
5548,-0.644778265,0.05968458
5549,-0.644778265,0.05968458
5550,-0.487920402,-0.860860087
5551,-0.686122489,0.572397629
5552,-0.0571325788,-0.407125466
5553,-1.0209564,-0.0138094585
5554,-0.0129650657,-0.99042739
5555,0.127314357,-0.0734776763
5556,-0.299960459,0.905432095
5557,-0.299960459,0.905432095
5558,0.18679013,0.702209216
5559,-0.884694037,0.30640019
5560,-1.62028929,-0.0356075287
5561,-1.06298515,1.06316293
5562,0.149102634,-1.20238354
5563,-2.07523871,0.146245665
5564,0.700359886,0.863513366
5565,0.700359886,0.863513366
5566,-1.98321697,0.215751245
5567,-2.16238405,-0.984479616
5568,-0.447268095,0.693579886
5569,1.05689622,-1.12726761
5570,0.386297478,-0.106028203
5571,-0.345971221,0.251210169
5572,0,2.14787622
5573,0,2.14787622
5574,0.507410579,0.968578862
5575,-1.71932446,-0.477888541
5576,-0.378015759,-1.03743032
5577,1.36673274,2.37525007
5578,0.492083444,-0.776436475
5579,-2.03149482,-0.712749024
5580,-0.166482953,-1.34433262
5581,-0.166482953,-1.34433262
5582,0.442709038,-0.566054206
5583,-0.105829934,0.393100597
5584,0.207919759,0.0115657907
5585,1.10893767,-0.162275519
5586,0.845621308,-0.178081187
5587,0.2371149,-0.637324724
5588,1.30090879,-1.51019703
5589,1.30090879,-1.51019703
5590,0.86395614,0.0976003618
5591,-0.822727577,-1.03078184
5592,-1.65235351,0.155265494
5593,-1.34969074,0.187992786
5594,-1.64497883,-0.63611893
5595,0.541170033,0.777112651
5596,-0.462015729,-0.454161654
5597,-0.462015729,-0.454161654
5598,-1.2301182,-1.67498697
5599,-0.667372014,-0.666411545
5600,-0.688152804,0.477607361
5601,0.679460425,1.53573713
5602,-0.967966629,0.375600176
5603,-0.0151747791,1.13304397
5604,1.55464782,-0.677582676
5605,1.55464782,-0.677582676
5606,0.0851382403,1.51649293
5607,-0.854053045,0.221971563
5608,-0.263048826,-0.84890467
5609,0.838651674,0.855043162
5610,0.106972741,0.67854708
5611,1.33198235,-0.224636127
5612,-0.776236951,1.44131198
5613,-0.776236951,1.44131198
5614,-1.05649903,-0.824011242
5615,-1.51377547,1.37224449
5616,-0.369029333,-0.6070162
5617,-1.07010576,0.78648401
5618,-0.741773222,1.05753358
5619,-0.0146107537,0.629850935
5620,1.15941585,0.975199583
5621,1.15941585,0.975199583
5622,-0.127921386,0.402372374
5623,-1.79350072,-1.58901368
5624,0.0235942366,1.29491392
5625,-0.451354677,0.692589574
5626,-1.42598783,-0.555594373
5627,-0.887565377,0.878187988
5628,0.781578768,0.495925988
5629,0.781578768,0.495925988
5630,0.0805132204,0.223090371
5631,-0.14605155,-0.713233762
5632,-0.113540643,0
5633,-0.1915321,-0.412528545
5634,0.431015811,-1.48192029
5635,0.190392819,-0.621031524
5636,-0.300215721,-0.165387972
5637,-0.300215721,-0.165387972
5638,0.414461866,-0.728871464
5639,-1.04479361,0.359063027
5640,-1.54471215,-1.15835326
5641,-2.11391324,0.666887696
5642,-1.66396857,0.936983414
5643,-0.962591098,0.660269068
5644,-0.321542917,1.00562329
5645,-0.321542917,1.00562329
5646,-1.68295644,-1.00939059
5647,-1.0879355,-0.764372221
5648,-0.65440103,-0.213427241
5649,0.0734739383,-0.805067107
5650,1.80488308,-0.520421909
5651,-2.6075241,-0.779509158
5652,-0.0200888594,-0.0782500571
5653,-0.0200888594,-0.0782500571
5654,-0.539304982,-1.20422904
5655,-1.35680815,-1.33754439
5656,-0.798155696,-1.21420164
5657,-1.23737024,-0.0947848172
5658,-0.669735886,-0.110739589
5659,0.772140408,0.618013952
5660,0.542448156,-0.551132027
5661,0.542448156,-0.551132027
5662,-0.0501068053,-0.796257832
5663,-1.06968546,-1.27321989
5664,-0.465262455,1.60980292
5665,1.2479161,-1.22895814
5666,-0.493094272,-0.472585547
5667,0.149596269,0.718000074
5668,-0.123011717,1.40223991
5669,-0.123011717,1.40223991
5670,-0.740177839,-0.26528657
5671,0.143861371,-0.77310774
5672,-0.970712769,-0.628588974
5673,-0.510982306,2.718256
5674,-1.33423647,1.81428799
5675,1.53321692,0.761398361
5676,-0.221288781,-2.54379732
5677,-0.221288781,-2.54379732
5678,0.178576998,0.0330537974
5679,-1.18458175,1.69246068
5680,0.134503123,-0.495908648
5681,-0.157512803,-0.669263327
5682,-1.26936977,0.134599448
5683,-1.44850541,-0.507133197
5684,0.548327733,-0.768025092
5685,0.548327733,-0.768025092
5686,-0.45448761,-0.81711607
5687,-1.37554423,-0.16386499
5688,-0.880199723,0.29474055
5689,-0.333256503,-0.395310082
5690,-0.859214651,-0.637333516
5691,-0.253300145,-0.831151015
5692,-0.290820708,0
5693,-0.290820708,0
5694,0.223369165,-1.14860567
5695,-0.265890169,-0.46186255
5696,-1.49250743,1.27442895
5697,-0.661011173,-0.0138223602
5698,-1.99718035,2.05703706
5699,-1.0136452,1.46742462
5700,1.02164672,0.169395332
5701,1.02164672,0.169395332
5702,-0.626916718,1.64989572
5703,-1.56837664,1.05152964
5704,-0.532602086,-1.4157073
5705,-0.028321561,-0.0736032725
5706,0.613594948,0.106924406
5707,-3.02426548,-2.63267581
5708,0.204215653,-0.414147891
5709,0.204215653,-0.414147891
5710,0.410211913,-0.963501705
5711,-0.731523807,-1.69376582
5712,0.606038144,-0.860655815
5713,0.892855284,0.115425283
5714,-0.192354172,0.501029868
5715,-0.272653238,-1.19309897
5716,-0.776745453,1.11666339
5717,-0.776745453,1.11666339
5718,0.285867804,-1.73709411
5719,-3.12688373,0.969079938
5720,-1.06807484,0.62396322
5721,-0.79594251,0
5722,-0.513941071,-0.612918434
5723,-0.333163157,-0.232669198
5724,-1.07443848,0.307073349
5725,-1.07443848,0.307073349
5726,-0.0337566773,-0.390469764
5727,-3.07078916,-0.561579712
5728,-0.5699267,0.499024635
5729,1.58637106,-0.797786872
5730,1.16510042,-1.70317386
5731,-0.403360886,-1.4500813
5732,0.198678674,-0.927846624
5733,0.198678674,-0.927846624
5734,-0.326567996,-0.40331363
5735,0.168238359,-0.13336564
5736,-0.733676411,-1.62255087
5737,0.127415107,0.142784057
5738,-0.0402457348,-1.4204034
5739,-0.260397009,0.874469297
5740,-0.973736012,0.191979197
5741,-0.973736012,0.191979197
5742,-0.459941726,-0.0680449347
5743,-1.43767136,0.144629526
5744,-0.667664833,0.318478929
5745,0.0430493242,-0.420710857
5746,-1.79176179,-0.321800827
5747,0.0445095292,-1.75364443
5748,1.77231924,-1.08291231
5749,1.77231924,-1.08291231
5750,-0.722912604,1.37881701
5751,-0.72939831,-0.581953332
5752,-0.28094795,-0.869497688
5753,0.983555898,0.596070309
5754,-0.0124135601,-0.154170011
5755,-1.15308871,-1.83581038
5756,-0.287360831,-0.461257778
5757,-0.287360831,-0.461257778
5758,-2.12570515,0.12971487
5759,-1.51670131,-0.587903141
5760,-0.857369461,1.39631593
5761,1.25034122,1.06166934
5762,-0.27864113,1.64791572
5763,-1.39486318,-1.28189731
5764,-0.840523689,-0.875966418
5765,-0.840523689,-0.875966418
5766,-0.522388302,0.861697024
5767,-1.55576299,-0.287178645
5768,-0.872799629,-0.50052174
5769,1.1042012,-0.863773293
5770,-1.03498296,-0.0548839168
5771,-1.3372537,0.478066264
5772,-0.909216131,-0.66367019
5773,-0.909216131,-0.66367019
5774,-1.85126916,0.561504186
5775,-0.574450179,-0.867745985
5776,-0.889928641,-0.714990767
5777,1.4251488,0.405520642
5778,0.17121887,-0.690411387
5779,-0.885571061,-0.78341191
5780,-1.00097988,-1.39389326
5781,-1.00097988,-1.39389326
5782,0.888521314,-1.77094811
5783,-1.24150723,-0.168125096
5784,0.743988548,0.374458094
5785,0.375495954,0.482689205
5786,-1.2697385,0.449907611
5787,-0.688611492,-0.863710935
5788,-0.224461681,0.318137451
5789,-0.224461681,0.318137451
5790,0.700298661,-0.0836365736
5791,-1.49227159,-0.636706866
5792,-0.823486136,-0.0564683143
5793,0.0279838133,0.583147222
5794,-0.957560326,0.0401368979
5795,-0.620285183,-0.593696813
5796,-1.60887616,-0.157919972
5797,-1.60887616,-0.157919972
5798,-0.672565778,0.268352055
5799,-2.21224808,-0.174986345
5800,-1.28894005,-0.367966291
5801,0.898267323,0.854814021
5802,1.31975081,-0.652506239
5803,-1.10713908,-0.557067783
5804,0.888090821,-0.358434927
5805,0.888090821,-0.358434927
5806,0.0670084586,0.788094581
5807,-1.29595642,0.358200056
5808,-0.352126715,-0.896147649
5809,-0.532561865,0.409786538
5810,-0.411469386,-0.475479449
5811,-1.39569819,-0.925918062
5812,-2.91501231,-1.28978387
5813,-2.91501231,-1.28978387
5814,1.05560849,-1.2807861
5815,-1.13718938,-1.50563793
5816,-1.32220868,0.302390657
5817,-0.566386816,1.1519263
5818,-0.874515034,1.31163921
5819,0.712497499,-0.486870111
5820,-1.39098055,0.0395907291
5821,-1.39098055,0.0395907291
5822,-0.807680849,-0.215066434
5823,-1.31504103,-0.969903805
5824,-0.127436469,1.27699563
5825,-1.77608131,-0.119253107
5826,-1.08083295,0.63848961
5827,0.743096609,-0.7827857
5828,-1.2242736,-3.4186528
5829,-1.2242736,-3.4186528
5830,-2.92826526,-1.07476339
5831,0.0431205949,1.69126439
5832,0.325789893,-1.50749777
5833,-2.01695479,-0.172784817
5834,-0.677876406,-0.630309092
5835,-2.40617024,0.177873384
5836,0.454148523,1.82636142
5837,0.454148523,1.82636142
5838,-0.978657319,-0.795866291
5839,-0.924534153,0.451988636
5840,-1.1771166,-0.558752206
5841,-0.802619324,0.142377316
5842,-0.682557832,0.87982976
5843,-1.04215209,-0.0610344075
5844,-0.9655939,-0.181159223
5845,-0.9655939,-0.181159223
5846,-0.517695041,0.23408172
5847,-2.84150016,-0.666433151
5848,-0.732076161,0.433089196
5849,-0.0610726225,-1.76173045
5850,-0.776871166,-0.0940806041
5851,-0.810895223,-0.213909943
5852,1.22295457,-0.78627368
5853,1.22295457,-0.78627368
5854,0.0514209468,1.41979209
5855,-0.73819665,0.663046376
5856,-0.938061523,0.285310928
5857,0.136663904,-0.453131312
5858,-2.39474161,-0.119926177
5859,-0.326620507,-1.39660614
5860,0.445317522,-0.569226756
5861,0.445317522,-0.569226756
5862,0.0498794578,0.0677939012
5863,-1.23975527,-1.06154121
5864,-1.00382851,-0.492249287
5865,-0.324656593,1.69527782
5866,-1.24271611,0.34471324
5867,-2.55719236,0.0598243831
5868,-1.74692878,0.435883462
5869,-1.74692878,0.435883462
5870,-0.690098149,-0.166592572
5871,-3.34425186,0.622709295
5872,-0.70150677,-0.455387722
5873,-0.778144072,0.364739779
5874,0.259124383,0.576302673
5875,-1.28278815,0.247743165
5876,0.783054644,-0.825900076
5877,0.783054644,-0.825900076
5878,-0.0328241483,0.645461843
5879,1.06103578,0.462085831
5880,0.259844488,1.0788342
5881,-2.24159901,0.409358675
5882,-1.84384216,1.04634445
5883,-2.0123105,-0.575765428
5884,-1.0535904,-0.620892299
5885,-1.0535904,-0.620892299
5886,-0.549411405,0.591034325
5887,-1.42325367,0.296989246
5888,-0.482711551,0.0451247618
5889,0.911770401,1.64962246
5890,-0.517764325,1.04901913
5891,-2.00544167,-0.7342478
5892,-1.4130634,-0.795009691
5893,-1.4130634,-0.795009691
5894,-0.748006359,1.14396045
5895,-1.4188368,-1.52246234
5896,-0.962289652,-1.03810839
5897,0.440229707,-0.172598823
5898,1.03512286,-0.554032374
5899,-1.04896846,-1.01228393
5900,-2.12334898,-0.263357122
5901,-2.12334898,-0.263357122
5902,-1.01742218,-0.67848101
5903,-0.947218291,-0.125242465
5904,-1.13341439,-0.417918208
5905,-0.106452491,-0.46281321
5906,-1.00121144,-0.753178157
5907,-1.56853267,-2.35783265
5908,-0.726492963,0.564641824
5909,-0.726492963,0.564641824
5910,-1.97673109,-0.710804112
5911,-1.09715969,-0.978684572
5912,-0.830024424,-1.0564885
5913,-0.286862656,0.83754216
5914,-1.39022486,1.08302499
5915,-1.77825409,-1.24618467
5916,-0.97970785,1.27585016
5917,-0.97970785,1.27585016
5918,-0.660504502,-1.26881167
5919,-0.684690795,1.138389
5920,0.147834988,1.39090561
5921,0.517769356,0.0999756879
5922,1.22559726,0.292952115
5923,-1.21933135,-1.50655608
5924,0.997599483,-0.739233004
5925,0.997599483,-0.739233004
5926,1.00718048,0.177693971
5927,-1.23155942,-1.20766609
5928,-0.47401226,-0.896347166
5929,-0.693511873,0.213612483
5930,-1.09066243,-0.39153053
5931,-0.546050448,-0.422578285
5932,1.52272656,0.978835523
5933,1.52272656,0.978835523
5934,1.24537571,-2.01549575
5935,-1.67258986,1.47778244
5936,-0.110344076,-0.0930293718
5937,-0.0146330206,-1.20092808
5938,-0.220744512,1.06075291
5939,0.0439531581,0.661437291
5940,-1.64920448,0.853855422
5941,-1.64920448,0.853855422
5942,0.251932956,0.0966245616
5943,-2.48534725,-1.02224937
5944,-1.36668734,-0.297521892
5945,0.344518626,-0.235984791
5946,0.846543893,0.0683369392
5947,-2.47642415,0.874879269
5948,0.503373435,1.82316385
5949,0.503373435,1.82316385
5950,0,0.462491665
5951,0.66658546,0.162476798
5952,-1.18822961,1.03872988
5953,-1.32729014,-0.195762728
5954,-1.13977611,0.635970187
5955,-0.380288471,1.00749645
5956,-0.445797078,0.953617566
5957,-0.445797078,0.953617566
5958,-0.122274316,0.332424827
5959,-1.59343969,0.965387328
5960,0.232508586,-1.47310851
5961,0.428684932,-0.38296223
5962,-2.21261561,-0.465560892
5963,-0.297071302,-2.88653014
5964,1.13314182,0.917158652
5965,1.13314182,0.917158652
5966,0.252414888,0.67702525
5967,-1.31941907,2.14086833
5968,0.0337015956,-0.283842885
5969,1.1486538,0.447867702
5970,0.39104876,0.81462095
5971,-1.4266737,0.506859104
5972,-0.156853752,-1.33841329
5973,-0.156853752,-1.33841329
5974,0.360663829,0.443206045
5975,-2.03018799,-0.477903737
5976,-1.69816725,0.681132659
5977,-0.405452582,-0.992624155
5978,0.133328135,0.370630424
5979,0.656272263,-0.246602014
5980,1.141682,-0.0204285594
5981,1.141682,-0.0204285594
5982,-0.433737546,-0.430184878
5983,-0.681664776,-0.286271984
5984,-0.119977385,0.3675767
5985,-1.59334294,0.454208839
5986,-1.57311221,-0.717865768
5987,-2.59725568,-0.0998211805
5988,-0.666510805,-0.308216297
5989,-0.666510805,-0.308216297
5990,1.08470195,1.08671884
5991,-0.49539613,-1.11383398
5992,0.542510686,-1.25867569
5993,-0.981995614,0.673688429
5994,-1.23228576,0.662046575
5995,-0.635934126,1.88897814
5996,0.51189646,1.1343937
5997,0.51189646,1.1343937
5998,1.3234147,-1.0181813
5999,-1.78467789,-1.25217684
6000,-1.45210515,-0.44745548
6001,0.416064457,0.589872165
6002,-0.716924712,0.498532862
6003,0.977833966,-1.16178148
6004,-0.780184998,-0.833500925
6005,-0.780184998,-0.833500925
6006,-1.45159688,-0.215114543
6007,-0.893553661,0.774509047
6008,-0.437278893,-0.0460495808
6009,0.335341539,0.415837552
6010,-0.832354805,1.53901888
6011,0.0149059286,0.578034228
6012,-1.45617213,-0.793045335
6013,-1.45617213,-0.793045335
6014,-0.0169322886,0.567849535
6015,0.106891363,0.161211825
6016,0.421884245,0.635396993
6017,1.1375309,-0.666603386
6018,0.835573943,0.0533235338
6019,0.280271148,-1.26163652
6020,1.43292235,-0.62124467
6021,1.43292235,-0.62124467
6022,-0.29941195,-0.692709079
6023,-2.72263983,-1.38495346
6024,-1.34977265,-0.13143941
6025,-0.411718347,-1.63043697
6026,-0.137648503,-0.865914543
6027,-1.35021213,-0.742260292
6028,-0.672143359,0.120287829
6029,-0.672143359,0.120287829
6030,-1.26914141,-0.392090902
6031,0.982575345,1.01612517
6032,-1.18969429,-1.78139975
6033,-0.640847166,1.05301256
6034,0.849334901,1.69177672
6035,-0.19542022,-0.621439931
6036,1.62453456,-0.873883757
6037,1.62453456,-0.873883757
6038,-1.72095222,-1.30939262
6039,0.778514258,0.955676754
6040,0.456384095,0.738072254
6041,1.85962074,0.453408473
6042,0.706224878,-0.428766856
6043,-0.854365398,1.83200908
6044,0.546286243,-0.325393384
6045,0.546286243,-0.325393384
6046,0.0832509866,0.260802619
6047,0.0635781055,-0.783454132
6048,-1.17948657,1.29533185
6049,-0.562459198,1.22325097
6050,-0.566920302,-0.699757376
6051,-1.81266174,0.60386307
6052,0.34436529,-0.459298614
6053,0.34436529,-0.459298614
6054,-0.951493262,0.251424025
6055,-1.04408748,0.574931405
6056,-0.396356225,-1.43352362
6057,0.290094698,-2.63129917
6058,-1.66789571,-2.01589988
6059,1.66241883,0.923341244
6060,0.263943633,1.43295854
6061,0.263943633,1.43295854
6062,-1.18509239,-1.55418506
6063,-1.47146763,0.573093877
6064,0.0228335868,-0.190993631
6065,-1.24595023,-2.03169428
6066,0.081420149,-1.4612553
6067,-0.300952887,0.867707007
6068,-0.104220702,-2.24800975
6069,-0.104220702,-2.24800975
6070,-0.163054306,0.0645206304
6071,-0.447132287,-2.1112597
6072,-1.54181841,0.142338552
6073,-0.762546114,-1.13738394
6074,-1.07458907,0.786385178
6075,0.451921885,-0.205448302
6076,0.448762524,0.511296191
6077,0.448762524,0.511296191
6078,-0.757326365,-0.237246717
6079,-1.35195641,1.40727101
6080,-0.411013165,0.704673033
6081,-0.481890486,-0.254875604
6082,0.566550715,0.108832474
6083,-0.207332363,0.885261605
6084,-1.89891582,1.76152499
6085,-1.89891582,1.76152499
6086,-0.99333678,-0.116606001
6087,-1.08104618,-0.672366991
6088,-0.200766286,-1.02464376
6089,0.418081634,0.414335759
6090,-1.10158166,0.0698945241
6091,-2.04197653,1.05536974
6092,1.28623416,0.186693572
6093,1.28623416,0.186693572
6094,0.764679441,-0.451091837
6095,0.0413120046,0.0415355299
6096,0.289087784,0.162064709
6097,-0.148589919,0.0850291925
6098,0.486337376,-1.24147336
6099,0.557669002,0.174179104
6100,0.242024736,0
6101,0.242024736,0
6102,0.101526456,0.324850178
6103,-1.40271235,-1.63269311
6104,-1.59662554,0.167582637
6105,0.181845177,0
6106,-1.46858659,0.38132511
6107,-1.97111125,0.438040226
6108,-1.10618101,-0.425636741
6109,-1.10618101,-0.425636741
6110,-1.36916094,-0.725967637
6111,-1.58207644,0.0386962797
6112,-0.609511943,0.197767359
6113,1.20055114,0.014907207
6114,-1.06114336,-0.695794192
6115,-0.365728179,0.187503242
6116,1.13988752,0.225564138
6117,1.13988752,0.225564138
6118,-0.190788642,0.475634783
6119,-0.790450328,-1.72341879
6120,-0.346430356,-1.039167
6121,0.100440959,-1.15466062
6122,-1.10326534,-0.780299206
6123,-0.0293397353,-1.01248057
6124,-0.227314372,-1.39913353
6125,-0.227314372,-1.39913353
6126,0.628405804,-1.16161973
6127,-1.32940483,1.72663192
6128,-0.403110954,-0.846904005
6129,0.540425008,-0.0144022262
6130,0.482588359,0.534432118
6131,-1.59743171,-0.465282177
6132,-0.176654522,0.602527764
6133,-0.176654522,0.602527764
6134,-0.201525493,-0.119957833
6135,-1.74879948,-0.234063268
6136,0.0825221796,1.03587858
6137,0.557089433,-0.386058517
6138,-0.810405904,-0.52976496
6139,-0.817805071,0.106835745
6140,1.12515118,2.13516298
6141,1.12515118,2.13516298
6142,-1.14875812,1.34570427
6143,-0.982626309,-0.49143222
6144,0.885404947,0.884337781
6145,0.559635354,-0.0675895501
6146,0.127351151,-2.61065074
6147,0.413490648,0.467739863
6148,-1.3895479,-0.187336739
6149,-1.3895479,-0.187336739
6150,0.093365573,2.64539001
6151,2.29198043,-1.24241369
6152,1.78689196,-0.400374814
6153,0.464863159,0.981055874
6154,-0.166988397,0.640320084
6155,0.389634639,0.101802082
6156,-0.317766791,0.265498526
6157,-0.317766791,0.265498526
6158,-0.225780397,-0.332308652
6159,2.005904,0.104286359
6160,0.346906312,-1.28450504
6161,0.600858368,-0.567045978
6162,0.573081213,-0.583128695
6163,-1.22564538,-1.15440666
6164,-1.56031466,-1.10927176
6165,-1.56031466,-1.10927176
6166,0.985559792,-1.94164051
6167,3.83199984,1.59594365
6168,1.08285816,0.566431532
6169,1.29578864,0.315897019
6170,1.17855123,-0.166047197
6171,-0.657142333,1.26044934
6172,-1.68717037,2.80082474
6173,-1.68717037,2.80082474
6174,1.53259202,-0.539513567
6175,1.11412758,0.0601286835
6176,1.20895076,-1.31536555
6177,0.534873515,0.73537075
6178,0.523216639,-0.394057114
6179,-0.425569301,1.31786416
6180,0.184920777,-0.420473431
6181,0.184920777,-0.420473431
6182,1.42600285,-0.691284508
6183,3.40219537,0.201541449
6184,0.670170282,0.0535090406
6185,-0.221852279,0.704086919
6186,0.602108574,0.717438917
6187,0.403650623,0.859218508
6188,-0.306991459,-0.491619785
6189,-0.306991459,-0.491619785
6190,1.26026444,1.06909208
6191,0.808848231,2.01123105
6192,0.176895419,-2.02805508
6193,-0.841158885,0.0423074874
6194,-1.42913954,-0.86470632
6195,-1.22817658,0.378794526
6196,0.842700121,0.0404054818
6197,0.842700121,0.0404054818
6198,0.561270784,-1.26231966
6199,1.82444016,0.964411224
6200,0.618472693,0.413227046
6201,0.651757525,1.33287506
6202,0.768301129,-0.0842246326
6203,-2.20843096,-0.514545564
6204,-1.49637696,-0.239329616
6205,-1.49637696,-0.239329616
6206,0.914369307,-0.475602079
6207,0.708420418,-0.0606686061
6208,2.30180335,-0.670108984
6209,1.35264036,-0.533394494
6210,0.619895351,-1.21517036
6211,-1.02003512,0.397949882
6212,-1.13601655,-0.282114377
6213,-1.13601655,-0.282114377
6214,-0.18173189,-0.0493894152
6215,2.41208712,-0.212611992
6216,-0.329495631,-0.0322822458
6217,1.25630765,0.0284952603
6218,0.0402336504,-0.926038761
6219,-0.142072968,-1.84878956
6220,-0.199557164,0.921238993
6221,-0.199557164,0.921238993
6222,-0.150344805,0.419449747
6223,1.16958122,-0.994038695
6224,1.20811115,-0.578031613
6225,2.56899677,-0.0287383075
6226,1.97992074,0.194824685
6227,-0.103757617,0.61935433
6228,1.30472848,-1.56890711
6229,1.30472848,-1.56890711
6230,1.07778864,-0.966140155
6231,2.41775622,-1.45845454
6232,0.937801515,0.354226045
6233,-0.78367563,-0.844974654
6234,1.1796585,-0.810248289
6235,0.860282618,0.546324728
6236,-1.64013488,0.824231205
6237,-1.64013488,0.824231205
6238,1.20428498,0.667521511
6239,2.52263856,-0.121291906
6240,0.995108405,-0.40899255
6241,-0.213380502,-2.38524158
6242,-0.534037281,-3.24490785
6243,0.482121654,0.526120151
6244,1.30952027,1.68894846
6245,1.30952027,1.68894846
6246,1.34989531,1.09170721
6247,1.49436236,-1.16322119
6248,2.86779693,-0.362941133
6249,1.07202936,0.0413955851
6250,0.669658741,-1.69308905
6251,0.741999369,1.10401998
6252,-0.0206071508,-1.4573397
6253,-0.0206071508,-1.4573397
6254,1.43309159,-1.82580393
6255,1.13315935,-0.645958772
6256,-0.427014186,-1.81592292
6257,-0.399928812,-1.16348133
6258,-0.378971864,-0.80708641
6259,-1.99977822,-0.681763342
6260,-0.557432503,-0.804343457
6261,-0.557432503,-0.804343457
6262,0.349143142,-0.346092379
6263,0.70687464,-1.65730302
6264,0.9468943,0.734976783
6265,-0.567418887,-0.629281812
6266,0.340067306,-1.25168251
6267,-0.137457377,-1.07867643
6268,-0.961995547,-0.541900665
6269,-0.961995547,-0.541900665
6270,1.57992511,1.03015468
6271,1.79689093,-0.37250019
6272,0.358886515,-1.38972084
6273,0.421057666,-0.310096885
6274,-0.388603337,-0.708987828
6275,-1.04357599,0.784874558
6276,0.46539414,-1.23608449
6277,0.46539414,-1.23608449
6278,-0.428236246,0.787371444
6279,1.73955929,-0.921471508
6280,1.76424203,0.89385284
6281,0.339658726,-0.102530345
6282,0.736696674,-0.279775543
6283,-0.601480632,-0.841479194
6284,1.10809896,0.260130032
6285,1.10809896,0.260130032
6286,1.61161682,1.30556075
6287,2.16389815,0.918810555
6288,0.654278444,-0.634904576
6289,3.41484503,-1.46784567
6290,1.31590045,-0.0549567792
6291,-1.81145934,-0.0731919748
6292,-0.323035741,1.4296067
6293,-0.323035741,1.4296067
6294,0.101472295,-0.143200084
6295,2.71628892,-0.0824842353
6296,1.09037277,-0.276464036
6297,0.427614874,1.09780211
6298,-0.0278991385,0.194747665
6299,0.0841268053,1.31167646
6300,-0.435805006,0.898484044
6301,-0.435805006,0.898484044
6302,0.628611536,0.0330926943
6303,0.273980913,1.66312781
6304,0.124932883,-1.20396836
6305,0.31438221,0.453169346
6306,0.602664258,1.09513329
6307,-1.00132499,-0.899192741
6308,0.584361049,1.61088345
6309,0.584361049,1.61088345
6310,0.0165245177,0.489161609
6311,2.25719336,-1.37650575
6312,1.95930202,0.46739914
6313,-0.502375389,0.517120976
6314,-0.0934976127,0.606686825
6315,0.534425423,1.64121184
6316,-1.60957568,0.205856799
6317,-1.60957568,0.205856799
6318,-0.100556689,-0.183383195
6319,1.43007678,-0.84752755
6320,0.733685429,-2.82323557
6321,0.526122123,0.199466923
6322,-0.218714677,-0.125266664
6323,-0.511162012,0.323681202
6324,1.34794166,-0.407176483
6325,1.34794166,-0.407176483
6326,1.11847815,-2.03258014
6327,1.15926656,0.75397117
6328,1.01906775,0.600596581
6329,-0.662995632,-0.950251278
6330,-0.21326754,-0.139180756
6331,-0.119808527,-0.339474865
6332,-0.283169652,0.136947517
6333,-0.283169652,0.136947517
6334,1.43902137,1.03227893
6335,1.58458868,0.359902957
6336,0.93443366,-0.322566192
6337,0.599116578,-1.44216015
6338,1.57876011,-0.956000554
6339,1.60045703,-0.624210659
6340,-0.81648177,1.82113834
6341,-0.81648177,1.82113834
6342,0.711937663,0.100044934
6343,1.91130917,-0.203317655
6344,0.194254451,0.95579126
6345,0.411405894,1.08352382
6346,1.26206688,-0.0651697011
6347,-1.13575134,0.83789759
6348,-0.324894488,-2.001618
6349,-0.324894488,-2.001618
6350,-0.279397762,1.49705194
6351,2.56805917,-0.894059672
6352,0.941207456,-1.7017663
6353,-1.91651276,-1.73372553
6354,-1.01499114,-2.81612535
6355,0.427649142,-1.52807163
6356,0.632126727,0.588955036
6357,0.632126727,0.588955036
6358,1.0883089,-2.24050646
6359,2.36702632,-1.16021735
6360,1.78210244,0.0620262202
6361,0.618765197,-0.708291215
6362,0.493355957,0.642113739
6363,-0.395641005,-0.564999787
6364,0.259544668,-0.862040544
6365,0.259544668,-0.862040544
6366,1.30332115,0.234689114
6367,1.07306956,0.507129459
6368,0.0710097607,-1.11750412
6369,0.0842579284,1.07571429
6370,0.252218757,-0.66451764
6371,-0.902094604,-1.62265164
6372,0.995369018,1.29264063
6373,0.995369018,1.29264063
6374,0.293296914,-1.64723874
6375,1.27010059,0.629909465
6376,1.08849144,-0.303813293
6377,-0.330915914,-0.208423487
6378,-0.583941471,-0.782008879
6379,-0.249005479,-0.368985812
6380,0.402882704,-0.237243302
6381,0.402882704,-0.237243302
6382,1.3966877,-0.0169050523
6383,1.39638605,0.924992215
6384,1.48023609,-0.322008496
6385,-0.785237296,1.10548319
6386,-0.686568642,0.0419703558
6387,-1.80367361,-1.15024528
6388,0.822539221,0.620313875
6389,0.822539221,0.620313875
6390,0.535900931,0.139787951
6391,2.30948445,-0.121680362
6392,0.286611712,0.123469371
6393,0.181789342,-0.277196776
6394,-0.500778496,-1.00612815
6395,0.555912728,-0.202442682
6396,-0.98801253,-0.0618785108
6397,-0.98801253,-0.0618785108
6398,-0.670542264,0.096582385
6399,1.51031208,0.320237015
6400,1.40201904,-1.18920931
6401,-0.295192574,0.909576147
6402,0.651902353,1.4774817
6403,-0.379666267,-0.115532808
6404,-0.54470711,1.51666914
6405,-0.54470711,1.51666914
6406,1.58565338,0.311251592
6407,2.05748544,0.974818662
6408,1.05642288,0.471988335
6409,-0.506270734,-1.3062239
6410,0.0658134803,-1.05006802
6411,-0.79457406,0.250963069
6412,1.06688512,1.53892538
6413,1.06688512,1.53892538
6414,1.93817358,0.507100148
6415,1.15703186,0.923868433
6416,1.58021493,-0.938907337
6417,-0.88570887,0.641335199
6418,-0.260065921,-0.0680833741
6419,-0.651068679,0.397673768
6420,0.419617576,-0.0209211006
6421,0.419617576,-0.0209211006
6422,1.45035752,0.483148613
6423,1.5263703,0.677400959
6424,0.179324543,-0.210119916
6425,0.268693371,0.27565328
6426,-0.406374993,0.329559242
6427,1.30537572,-0.814430253
6428,0.465483949,1.94299553
6429,0.465483949,1.94299553
6430,-0.526193324,-0.222981817
6431,1.16442478,-0.143237722
6432,1.12054461,-0.179245781
6433,-0.472261337,-0.725485877
6434,-0.564216378,-1.29425662
6435,-0.103030929,0.177719902
6436,-3.17338989,-0.0831216611
6437,-3.17338989,-0.0831216611
6438,0.645253313,0.596461377
6439,1.1190815,1.16506488
6440,0.394305057,-0.461582197
6441,0.130293977,-1.64976992
6442,-0.0540032119,-0.97707998
6443,-1.58036085,1.06803752
6444,-0.0626708349,1.46453305
6445,-0.0626708349,1.46453305
6446,-0.23640969,0.53886326
6447,3.09493732,0.0793631155
6448,0.977726304,-2.15750239
6449,1.01523169,-0.074316491
6450,2.30103995,1.4082562
6451,-1.73110723,-0.311638234
6452,-0.567441169,-0.263671905
6453,-0.567441169,-0.263671905
6454,-0.665605175,-0.607356596
6455,1.73716864,-0.060857654
6456,0.812641318,0.738814685
6457,0.590751391,-0.190968586
6458,0.754423756,0.121353791
6459,0.0761743996,1.24833148
6460,0.478643964,0.877018379
6461,0.478643964,0.877018379
6462,0.234092874,0.391901983
6463,1.49728108,1.10873098
6464,1.47904311,-1.19979703
6465,0.299293664,1.02304981
6466,0.0261317171,-0.988032826
6467,-0.929206956,-1.1322992
6468,0.670877716,-0.876939755
6469,0.670877716,-0.876939755
6470,1.34148269,-1.6582387
6471,1.92968293,0.200787382
6472,0.305103741,0.515939568
6473,-0.506835129,0.88845966
6474,-0.857573543,0.153846484
6475,-0.331808828,-1.65613749
6476,-1.80191814,-0.241551641
6477,-1.80191814,-0.241551641
6478,-0.17991994,0.882729474
6479,0.988691393,0.102513382
6480,0.772937971,-0.844316496
6481,-0.356533654,0.0988165225
6482,0.142062955,1.45569366
6483,-1.12193773,-0.0866239367
6484,-0.797970854,0.218567409
6485,-0.797970854,0.218567409
6486,0.116497647,0.0337786071
6487,2.05529161,0.438263685
6488,1.98262955,0.414639972
6489,-0.128369391,0.233652018
6490,0.241899269,-0.657306688
6491,-0.664839994,-0.164948772
6492,-0.0204897285,-0.269759276
6493,-0.0204897285,-0.269759276
6494,1.33507864,-0.204084633
6495,-0.423121434,-1.36277791
6496,-0.0721695623,-1.05025313
6497,-0.37069345,-0.0992912495
6498,-0.262706536,-2.08980651
6499,-0.1595258,0.796411062
6500,0.305211993,0.754276225
6501,0.305211993,0.754276225
6502,-0.289484833,0.844716434
6503,2.34719853,-0.281111141
6504,2.31293201,-0.126726356
6505,1.09499602,0.271541442
6506,1.28170329,-0.596614068
6507,-2.42020322,1.91346855
6508,-0.143408183,-0.301206792
6509,-0.143408183,-0.301206792
6510,2.88834341,-0.0835674512
6511,1.22191968,-0.100869609
6512,0.141477413,-2.208905
6513,0.300999681,0.732310321
6514,0.0526426586,-0.813562082
6515,-1.28604859,0.873131972
6516,-1.04083935,0.0407959549
6517,-1.04083935,0.0407959549
6518,0.471159958,-2.62482612
6519,1.73215101,-1.8813601
6520,0.425023361,1.57070775
6521,1.1266027,-0.230672878
6522,1.63182319,-0.276205078
6523,0.70745743,2.27530937
6524,0.985899442,-2.1897046
6525,0.985899442,-2.1897046
6526,1.38515179,1.44561575
6527,0.936726745,1.0483387
6528,1.51112708,-1.22128089
6529,0.125427295,-0.901374798
6530,0.232859709,-0.528845795
6531,-1.2286687,-0.0433321082
6532,-0.716755893,0.202113435
6533,-0.716755893,0.202113435
6534,0.47229683,1.13487201
6535,2.26757958,0.517999206
6536,1.50550696,0.719451754
6537,-0.110693404,0.0137654223
6538,-0.791712557,-0.870787524
6539,-1.05977723,0.450708065
6540,-2.01538294,-0.0611144806
6541,-2.01538294,-0.0611144806
6542,1.21283707,0.768541552
6543,0.659657388,-0.647775821
6544,1.26402733,-1.48782493
6545,0.0719387648,-1.37162525
6546,-1.2444633,-1.27023738
6547,-2.15418477,-0.548139216
6548,-0.403156369,-0.270318209
6549,-0.403156369,-0.270318209
6550,0.711447772,-1.85541396
6551,3.01176655,1.2525812
6552,0.888432575,-0.125577928
6553,1.6690204,0.587643757
6554,1.3717685,0.641275462
6555,0.180456331,-0.772414547
6556,0.584361049,-0.898675261
6557,0.584361049,-0.898675261
6558,-0.31079623,-0.930956479
6559,1.07158361,0.226144966
6560,-0.351622457,-0.827496724
6561,-0.541602861,-0.534822263
6562,1.04725145,-0.647086515
6563,-0.209760017,-0.444202512
6564,-2.30497,-0.512249681
6565,-2.30497,-0.512249681
6566,2.01792572,-1.47956182
6567,0.551840138,0.0406479942
6568,1.57242026,0.23585708
6569,0.222391304,-0.965474444
6570,-0.475787396,-0.80825263
6571,-1.00705745,-0.546770696
6572,0.163589991,0.401588967
6573,0.163589991,0.401588967
6574,2.04533911,-0.996996848
6575,1.34458623,-0.902458677
6576,0.11337718,-2.15091316
6577,1.13858351,-0.140529656
6578,0.133451206,1.08402769
6579,-0.85602909,0.0278852025
6580,-1.0969892,-0.184256396
6581,-1.0969892,-0.184256396
6582,-0.463562214,-2.98953571
6583,1.47668556,0.728458327
6584,1.77804307,1.08627343
6585,-1.35934638,-0.832624963
6586,0.113461268,-0.399759592
6587,-0.22476351,0.366227853
6588,-0.300973027,-0.193103477
6589,-0.300973027,-0.193103477
6590,-0.081272134,2.37648581
6591,1.2398327,1.92401145
6592,0.903348974,-1.00270755
6593,0.362583865,0.812039524
6594,1.19587753,-0.90297578
6595,1.96120788,1.16001924
6596,-0.369824533,2.45725962
6597,-0.369824533,2.45725962
6598,0.687354055,-0.0161670291
6599,1.88666872,-0.892768101
6600,-0.687014568,0.635210172
6601,1.27937438,-0.856989453
6602,1.21301851,-0.803462972
6603,-0.817732929,1.09811869
6604,-0.314229042,1.03726047
6605,-0.314229042,1.03726047
6606,-0.0651841624,2.28864854
6607,0.0422698692,0.0828856256
6608,1.74988979,-1.14242273
6609,0.759335345,-0.608374358
6610,0.888111913,0.761563142
6611,-0.234749285,-0.473140775
6612,0.345553833,-2.71287287
6613,0.345553833,-2.71287287
6614,0.505271597,-0.92124795
6615,1.70256138,-1.86959854
6616,2.17014377,0.0842129702
6617,0.825771651,1.12099558
6618,-1.01627291,0.0402073783
6619,-0.50320338,-0.115072982
6620,-1.74491646,1.16940597
6621,-1.74491646,1.16940597
6622,-0.188326996,0.884816676
6623,3.81777996,2.14184235
6624,0.132813995,-1.15731093
6625,-0.688406132,0.509742324
6626,-0.538697484,-0.335423989
6627,-1.86271214,0.66580799
6628,-1.76727789,1.14392706
6629,-1.76727789,1.14392706
6630,1.2039708,-1.63624877
6631,2.49873337,-1.06563393
6632,1.46911251,0.0848713455
6633,-0.473708834,-0.456809428
6634,1.70917048,-1.66233924
6635,-1.2786403,-0.731156213
6636,-0.732881127,-0.358059587
6637,-0.732881127,-0.358059587
6638,2.22314102,0.463782643
6639,0.833144847,0.606315475
6640,0.890053129,-1.370159
6641,0.83129843,-2.73505126
6642,0.240899914,-0.670914892
6643,-0.159851881,-0.312259649
6644,-2.11541362,-1.1667096
6645,-2.11541362,-1.1667096
6646,0.228573676,-0.0331979425
6647,1.52313978,-0.87936354
6648,1.03692118,0.702108266
6649,0.0276345265,-0.112131677
6650,1.12268293,-0.24836116
6651,-1.3057047,-1.23351592
6652,-0.185279876,0.650229643
6653,-0.185279876,0.650229643
6654,1.51127101,0.0336030245
6655,2.61962608,-0.423324319
6656,0.40608488,-0.799431176
6657,-0.60061226,-0.402139525
6658,-0.540987174,-0.80111163
6659,0.262671867,-0.901415588
6660,-0.338494797,0.627055822
6661,-0.338494797,0.627055822
6662,-0.191978061,-0.444299556
6663,1.54730267,2.02154258
6664,1.85495755,-0.359191061
6665,-0.0138960423,-0.309917173
6666,0.869696173,-0.429971927
6667,-1.0988427,0.134753805
6668,-1.39479628,0.23780422
6669,-1.39479628,0.23780422
6670,0.221415102,0.608536652
6671,1.39678557,0.266924841
6672,0.357405311,-1.2948039
6673,0.806316184,-1.14883491
6674,1.30608468,1.15633428
6675,1.42725955,-0.377940441
6676,-0.0214539472,0.219721862
6677,-0.0214539472,0.219721862
6678,1.45557925,-0.121121995
6679,1.62436589,-0.271529981
6680,1.08086294,0.588436308
6681,-1.93103014,-0.784570028
6682,-0.437892521,-0.817209123
6683,-2.2996514,-0.355044057
6684,-0.3438776,-1.12584811
6685,-0.3438776,-1.12584811
6686,0.147321061,1.14282873
6687,2.08853646,-0.552920816
6688,1.24528863,-1.25446966
6689,1.43600834,1.05122776
6690,1.89570201,-1.13720729
6691,-1.45385111,-1.28991619
6692,0.904293974,1.48495522
6693,0.904293974,1.48495522
6694,1.63503457,0.168449848
6695,1.41305697,1.21618449
6696,0.670527509,0.181701607
6697,-0.986288482,-0.64936426
6698,-0.352098587,-1.71480587
6699,-1.52616468,-2.18899648
6700,0.49056694,-2.15366393
6701,0.49056694,-2.15366393
6702,0.422658899,0.819608924
6703,0.937443406,1.71170128
6704,0.210253507,-1.97266745
6705,-0.474835758,1.75551364
6706,0.679070636,0.504425755
6707,-1.07539186,-0.0590993975
6708,-1.45775307,-0.35195521
6709,-1.45775307,-0.35195521
6710,0.97782817,-0.764313073
6711,2.55552015,-1.29477057
6712,0.6701642,0.360440694
6713,-0.905549123,-0.28318487
6714,-0.239748404,0.293823048
6715,-0.468478583,0.0445060919
6716,-1.21259996,-0.652042648
6717,-1.21259996,-0.652042648
6718,-0.0489630831,-0.700977678
6719,1.61015877,1.30254468
6720,2.39297861,-0.597565889
6721,1.76876031,-1.53553133
6722,0.905249843,-3.57639081
6723,-0.882952463,-0.0454762809
6724,0.779006096,-1.33022371
6725,0.779006096,-1.33022371
6726,0.292773128,0.866304881
6727,1.18054326,0.0198954126
6728,-0.223375651,0.0215538826
6729,-1.46455829,1.06744015
6730,-0.811093334,-0.420675483
6731,-1.43621247,0.693252231
6732,0.601722275,0.49256344
6733,0.601722275,0.49256344
6734,1.16001988,0.690004315
6735,2.43240001,-2.07960982
6736,1.17974162,-0.576881902
6737,-0.705534065,-0.0762136898
6738,0.512394464,-2.05994874
6739,-0.31578972,0.246150415
6740,0.795107804,-1.20377837
6741,0.795107804,-1.20377837
6742,0.909890212,0.221725471
6743,1.40582808,-0.948098897
6744,0.893945177,0.287758559
6745,-0.087018499,0.662038981
6746,0.431789907,1.90654989
6747,-0.878376583,-0.171498936
6748,0.316348832,0.658741057
6749,0.316348832,0.658741057
6750,1.30678801,0.3369215
6751,1.19848332,0.102272527
6752,0.953467685,-0.397806122
6753,1.29445855,0.85800328
6754,2.30589418,0.63178881
6755,0.130849554,-0.739212936
6756,-0.657507576,0.601852536
6757,-0.657507576,0.601852536
6758,-0.0645505651,0.20933655
6759,4.18702629,0.938659544
6760,2.83755004,-0.308484608
6761,0.0423609413,2.8313234
6762,0.744680948,-0.592949926
6763,0.546422435,0.602599581
6764,-1.55182571,-0.53293401
6765,-1.55182571,-0.53293401
6766,3.61686499,-0.581669951
6767,2.28284896,0.865925193
6768,-0.427511678,-1.84032399
6769,-0.184472467,-1.48565198
6770,-0.0673119964,-1.91063865
6771,-1.34370354,-0.620444556
6772,-0.466187973,0.602276577
6773,-0.466187973,0.602276577
6774,-1.23776183,-1.0127871
6775,1.59945249,0.084269133
6776,0.871246854,0.798461059
6777,-0.341943813,-0.0432163403
6778,-2.00539721,1.25123156
6779,-0.0454955167,1.16594342
6780,-0.0398972196,-1.10962857
6781,-0.0398972196,-1.10962857
6782,0.0842002269,-0.0333153863
6783,0.901281139,1.06036627
6784,0.317463425,-1.38992608
6785,0.593684958,-0.130141213
6786,0.107473189,-0.399732252
6787,-1.06820773,1.41643362
6788,-0.338001199,-1.5641351
6789,-0.338001199,-1.5641351
6790,0.353560027,-1.15175369
6791,0.371887188,-0.0595162008
6792,1.77117342,0.874881237
6793,-0.976920105,-0.437762146
6794,0.134692992,-2.19533911
6795,-0.891195186,-1.38305458
6796,0.243985736,0.218643576
6797,0.243985736,0.218643576
6798,-1.00417266,1.97191885
6799,0.566239143,1.91164972
6800,0.804559121,-0.604900069
6801,-0.288681219,1.26212204
6802,1.24120956,-0.898234181
6803,-2.01405814,-0.573182966
6804,-0.620741287,-0.56500382
6805,-0.620741287,-0.56500382
6806,0.672752907,-0.12713776
6807,1.5848389,0.536900308
6808,1.09984984,-0.170038359
6809,-0.231110076,0.475519551
6810,0.147453078,-1.57908581
6811,-1.58269806,-0.484013481
6812,-1.46475174,-0.620929629
6813,-1.46475174,-0.620929629
6814,1.05139349,-0.330642108
6815,0.586945434,0.342569027
6816,0.0416442604,-1.08890472
6817,-0.994050753,0.211712323
6818,-0.792232677,1.6410291
6819,-0.464923884,0.497232794
6820,-0.669975536,-0.0613824422
6821,-0.669975536,-0.0613824422
6822,0.813280237,0.0486216958
6823,-0.464887792,0.124416971
6824,2.01059266,0.42553276
6825,0.463147084,1.59941682
6826,-0.410419084,0.622750359
6827,-0.648972291,1.62094918
6828,1.2639723,0.847520948
6829,1.2639723,0.847520948
6830,2.01189959,-0.604479494
6831,0.69840378,0.123833298
6832,0.845947214,-2.87837978
6833,-0.440344565,1.54045256
6834,0.316805181,-0.0285345564
6835,0.146757025,0.458445038
6836,-0.716466857,0.929758924
6837,-0.716466857,0.929758924
6838,-0.802398234,-2.43166998
6839,3.30597455,0.872284562
6840,1.12622681,0.632421669
6841,-0.286841212,1.47624805
6842,-0.489140469,1.75439107
6843,-1.66507752,0.652696793
6844,-0.222262551,-1.18042683
6845,-0.222262551,-1.18042683
6846,0.67936622,1.13575147
6847,3.00102759,0.2896574
6848,1.00994544,-0.260061773
6849,0.90292926,-0.245508821
6850,1.61582035,-1.05180741
6851,1.19060775,-0.0144291805
6852,-0.30623691,0.591553992
6853,-0.30623691,0.591553992
6854,-1.32722964,-0.244164907
6855,2.57020249,0.355918302
6856,0.107477576,0.935798416
6857,-0.468287447,0.787939539
6858,0.308277878,0.12536848
6859,0.634450897,0.869026356
6860,-2.75634102,0.193541517
6861,-2.75634102,0.193541517
6862,-0.0164678373,-0.301017053
6863,1.20736286,-0.264579114
6864,0.807160421,-1.80489971
6865,-0.829686681,-0.0430651958
6866,-0.377936168,-1.04621693
6867,-0.860365142,-0.946419711
6868,-1.36989176,-0.345171323
6869,-1.36989176,-0.345171323
6870,1.0285955,-1.20067157
6871,0.149090857,2.01718026
6872,1.80954244,0.0517300372
6873,-1.09162853,-0.857156072
6874,-1.52112466,-1.84964815
6875,-0.437951089,0.937450356
6876,-0.610650036,-1.09393613
6877,-0.610650036,-1.09393613
6878,0.750882141,0.252731124
6879,2.24056485,-0.378377122
6880,0.192378228,-1.12557761
6881,-2.36175284,-0.548476169
6882,-0.3390114,-0.900528196
6883,0.284825491,-0.0750772267
6884,-0.155737051,-0.11826317
6885,-0.155737051,-0.11826317
6886,1.52652059,0.990022594
6887,0.146247945,-1.66395349
6888,1.0979853,-0.380854139
6889,-0.585777957,1.18859947
6890,-0.907050516,0.571823846
6891,1.15583991,0.430698109
6892,-1.0164954,-0.192994748
6893,-1.0164954,-0.192994748
6894,-0.738377617,-1.23921671
6895,0.225523738,0
6896,1.42801902,-0.435336146
6897,-0.589712885,-0.527816822
6898,-1.14871556,-0.985524521
6899,-1.12358861,0.0148564889
6900,0.830781546,-0.303341787
6901,0.830781546,-0.303341787
6902,0.168453322,-0.814660266
6903,1.03887011,-0.390842268
6904,0.28614484,0.0822754838
6905,-0.533132078,0.174122201
6906,-1.38199882,-0.560264586
6907,-0.859870353,-1.44879954
6908,0.914164972,-0.0201508731
6909,0.914164972,-0.0201508731
6910,0.246167403,0.197143956
6911,2.8929618,0.0842077085
6912,1.37254855,-1.25543026
6913,-2.05541838,0.257670574
6914,-0.971676591,0.388556345
6915,-0.506690838,-0.465385196
6916,-1.97849179,0.529554468
6917,-1.97849179,0.529554468
6918,0.67723739,-0.265069692
6919,0.692791846,-0.267386321
6920,0.970137097,0.493713095
6921,-1.28698706,-0.36301612
6922,-2.1491292,-1.02723064
6923,-1.88749251,-1.64809979
6924,0.1424036,-0.442904498
6925,0.1424036,-0.442904498
6926,1.43620983,0.198164809
6927,2.13468419,-1.02020152
6928,1.66145936,-1.01469466
6929,0.970433879,-0.848154522
6930,1.70544467,-1.4389139
6931,-0.504574974,-1.43635011
6932,-1.35864147,0.0203663255
6933,-1.35864147,0.0203663255
6934,2.77994347,-0.722848945
6935,1.32239424,0.602298859
6936,0.22106798,-0.294211754
6937,-1.5309467,0.887833477
6938,-1.14820154,1.19570416
6939,-2.58575719,0.582468752
6940,-0.680043633,-2.1861911
6941,-0.680043633,-2.1861911
6942,0.548662632,0.967377325
6943,2.86922655,0.0616708045
6944,1.2038532,-0.0844295291
6945,-0.453387202,-0.289296478
6946,-0.891318169,-0.868947849
6947,-1.16959621,1.36445578
6948,-0.521523921,-0.996679864
6949,-0.521523921,-0.996679864
6950,1.97925199,0.84495992
6951,0.61475622,0.406091253
6952,0.458383955,-0.378549736
6953,0.0560442078,-0.0966411782
6954,0.738004743,0.109706769
6955,-0.71821392,-0.836196101
6956,0.641319357,-0.774972165
6957,0.641319357,-0.774972165
6958,-1.47084875,0.181299073
6959,0.696869679,-2.07392536
6960,0.928117728,-2.09096737
6961,0.114709049,-0.563821366
6962,0.658906216,-1.60318748
6963,0.26104958,-0.812303239
6964,1.04283388,0.929159001
6965,1.04283388,0.929159001
6966,0.574032397,-2.61535277
6967,1.71589821,0.930629292
6968,0.675729282,0.769863798
6969,1.80823806,-0.173172985
6970,1.20314561,0.164872444
6971,0.0143555694,-0.389555352
6972,-0.556979056,0.290593536
6973,-0.556979056,0.290593536
6974,-0.262163122,1.20941583
6975,0.794476035,-0.52430475
6976,1.41627133,-1.16839137
6977,0.488671357,-0.647681185
6978,-0.282421126,-0.228108703
6979,-1.79783407,1.33421946
6980,0.423151111,1.22079007
6981,0.423151111,1.22079007
6982,0.845250253,-0.166000717
6983,0.458569339,-0.693753734
6984,0.39886433,0.505067335
6985,0.769009264,0.130909071
6986,1.41552881,0.861084135
6987,-1.24870559,0.818621673
6988,0.488260608,0.403268091
6989,0.488260608,0.403268091
6990,-0.679567227,-0.549727786
6991,0.393030091,0.377074328
6992,0.856697063,-0.771244748
6993,0.693383934,0.749913468
6994,-0.291165103,3.04997508
6995,-1.45049126,-1.76990299
6996,-1.23012754,-1.00728767
6997,-1.23012754,-1.00728767
6998,-0.343199618,-1.71182725
6999,2.67150691,-0.786132104
7000,1.93842625,0.621483992
7001,0.83050861,-0.847574903
7002,0.898666924,0.830731652
7003,-1.03610595,0.331364581
7004,1.1138275,1.38223641
7005,1.1138275,1.38223641
7006,1.05862973,1.07975997
7007,0.567577086,-0.183729479
7008,-0.123780616,-0.91322492
7009,0.325308012,0.941077312
7010,0.792488328,-0.231201492
7011,-0.351934677,0.120059503
7012,-0.946325365,0.609722438
7013,-0.946325365,0.609722438
7014,0.638862504,-0.94171192
7015,2.54589252,-0.283022273
7016,2.21460328,-0.169159033
7017,0.937460872,-0.6828476
7018,-0.546446523,1.4041843
7019,-2.2399686,-0.253836238
7020,0.248770412,2.00114121
7021,0.248770412,2.00114121
7022,0.930313485,-0.445694316
7023,1.62998935,0.44252303
7024,0.0505297102,-2.29487462
7025,-0.479612001,-1.6185503
7026,-0.346221522,-2.84778753
7027,0.929881681,0.359080796
7028,-1.06609309,0.504011936
7029,-1.06609309,0.504011936
7030,0.420464653,-2.0300998
7031,3.89544069,0.653116108
7032,0.403365756,1.57986033
7033,-0.56927342,0.126141335
7034,1.30581042,0.0416963608
7035,-0.188171575,0.163218356
7036,1.59369628,0.993545285
7037,1.59369628,0.993545285
7038,1.24363641,-0.3440375
7039,0.457114225,-0.410184272
7040,1.42288109,-1.23411689
7041,0,-1.29890693
7042,0.27676379,-0.515049727
7043,0.117643552,-0.101311453
7044,0.0419806072,-0.64178468
7045,0.0419806072,-0.64178468
7046,0.957519938,-0.918703668
7047,1.1111491,0.461298437
7048,1.49614066,0.644956582
7049,-1.3002292,-0.343281965
7050,0.111242901,-0.623654018
7051,-0.875327189,-1.01401059
7052,-0.0580392739,1.51257031
7053,-0.0580392739,1.51257031
7054,0.651516051,-0.813331854
7055,2.04714764,0.705747834
7056,1.2748724,-1.55912664
7057,0.661614492,-0.378899194
7058,0.571314714,-0.911732049
7059,-1.59152097,2.06216855
7060,-1.39516052,0.477394197
7061,-1.39516052,0.477394197
7062,1.67688354,-1.39805085
7063,1.70440426,-0.155815211
7064,0.963126373,-0.188302713
7065,-1.11899286,0.909479021
7066,-0.692442871,0.968624013
7067,-3.90487124,-0.670972318
7068,-0.774546474,-2.24338055
7069,-0.774546474,-2.24338055
7070,0.199242009,0.437835722
7071,2.69842535,-0.456435169
7072,-0.207026617,-0.721845084
7073,-0.057056394,0.640512654
7074,-0.221142991,0.176526578
7075,-1.06988375,-1.11314594
7076,0.258333523,-0.543859974
7077,0.258333523,-0.543859974
7078,0.289491054,0.400112654
7079,0.509235435,-0.0992332211
7080,1.65184778,0.311434372
7081,0.32353818,-1.2115256
7082,-0.13947012,-0.591987947
7083,-0.195810073,-0.892391414
7084,0.101006111,0.766342037
7085,0.101006111,0.766342037
7086,0.402589111,-0.725222227
7087,1.34812771,-1.09172711
7088,0.25806915,-2.16032492
7089,0.698860825,-0.781528875
7090,-0.258630543,-0.874897802
7091,-0.904155598,-0.746280148
7092,-0.122835339,-0.468704277
7093,-0.122835339,-0.468704277
7094,-0.246143479,-2.11984868
7095,3.52549487,-0.696928383
7096,1.84165726,1.10702733
7097,-0.199466923,1.06163927
7098,-0.263971005,1.05109974
7099,1.09258219,0.0432600108
7100,-0.805924147,2.22700739
7101,-0.805924147,2.22700739
7102,2.43063161,0.542624179
7103,0.458985356,0.67446563
7104,0.827509972,-1.02360252
7105,-0.216743742,-2.78548334
7106,-0.316788442,-1.77359826
7107,-2.0130161,0.776374102
7108,-2.53941544,1.77420484
7109,-2.53941544,1.77420484
7110,0.0505199925,-0.962325095
7111,2.42040846,0.402716548
7112,-0.768599486,0.571515114
7113,1.05936275,-0.313114307
7114,0.802694792,-1.35661022
7115,-0.515314418,-0.70428167
7116,-0.020533331,1.25890119
7117,-0.020533331,1.25890119
7118,1.177318,-0.0815087704
7119,1.3048708,0.398539272
7120,1.6053021,-1.15116585
7121,-0.141959617,1.13343967
7122,0.286997847,1.62886449
7123,-1.13596435,-0.25450694
7124,-0.863761548,0.0968180778
7125,-0.863761548,0.0968180778
7126,0.0965492849,-1.33401705
7127,2.22648838,0.799582482
7128,2.11048389,0.0421819485
7129,1.74259147,-0.259235692
7130,2.28204049,-0.977696068
7131,1.34720621,1.08126926
7132,0.0208311694,-1.6826944
7133,0.0208311694,-1.6826944
7134,2.50905065,0.652847992
7135,1.9421356,0.683298065
7136,0.132827894,-1.21198891
7137,0.361072526,-0.626633381
7138,-0.354278049,-0.593787418
7139,-1.89586072,-1.1802511
7140,-1.45805139,1.00342083
7141,-1.45805139,1.00342083
7142,0.130456658,-1.11440625
7143,1.80313398,-1.64924282
7144,1.45097378,0.0633884309
7145,0.0987986613,0.0994723909
7146,-0.843894884,0.0404576059
7147,-1.92136253,-1.23237382
7148,-1.14766936,-1.47076793
7149,-1.14766936,-1.47076793
7150,0.514974973,-0.361824855
7151,1.19665964,1.26314756
7152,0.826925687,-1.34049968
7153,0.61135993,0.0580101003
7154,0.169612897,-0.482876145
7155,-2.15456686,-0.558550937
7156,1.02427287,-0.305759455
7157,1.02427287,-0.305759455
7158,-0.307477443,-1.58501274
7159,0.880932493,0.659762094
7160,1.02532401,0.702127155
7161,0.470284493,1.02107935
7162,0.564864914,-1.05836873
7163,-1.05897045,0.79401832
7164,-0.0408639792,0.622397217
7165,-0.0408639792,0.622397217
7166,0.670151049,0.104674124
7167,2.32302221,0.269132651
7168,0.4428521,0.19692957
7169,0.411286834,-1.1048321
7170,1.31332968,-0.969303359
7171,-3.00208041,-0.314521803
7172,-1.75302544,-0.701105127
7173,-1.75302544,-0.701105127
7174,-0.796316121,1.50317649
7175,-0.140871581,-0.623291722
7176,-1.36594012,-1.61278903
7177,0.0284275538,0.573021171
7178,0.436726564,0.748776283
7179,0.646917532,-0.414735403
7180,-0.528229282,-0.679971812
7181,-0.528229282,-0.679971812
7182,-1.2636659,-0.989176638
7183,1.00499544,-0.0985819707
7184,0.903248709,1.21001694
7185,-0.148412717,0.908310297
7186,0.0413977977,0.992956328
7187,0.437707974,2.24419532
7188,0.246532736,-1.48521298
7189,0.246532736,-1.48521298
7190,-0.416950587,0.7874682
7191,0.686836986,-0.242276806
7192,0.345399536,0.248706931
7193,-0.379220668,-0.57634483
7194,-0.564405122,-1.03493576
7195,0.834402853,-0.517946277
7196,-0.259346283,-1.275348
7197,-0.259346283,-1.275348
7198,0.656425939,0.127658814
7199,-0.91508667,-0.123537568
7200,-0.72015006,0.341258192
7201,0.936292405,1.82512596
7202,1.20110887,1.85928904
7203,0.215519072,3.26750917
7204,-0.818358293,0.249101997
7205,-0.818358293,0.249101997
7206,1.37367391,0.889439504
7207,1.89705228,1.12341369
7208,-0.906121524,-1.72154843
7209,1.52605086,0.638958072
7210,2.04652646,0.165045883
7211,2.00879688,-1.24897584
7212,0.244717043,1.15360152
7213,0.244717043,1.15360152
7214,-1.50384744,-1.58568665
7215,0.7148665,0.13760193
7216,1.81491403,1.74051887
7217,0.26150419,-0.153611402
7218,-1.01649079,1.08291231
7219,0.364299099,0.746400206
7220,0.931084211,-1.00214797
7221,0.931084211,-1.00214797
7222,2.81110902,1.88116849
7223,-1.6292425,-0.522651685
7224,-1.50797965,-1.45871949
7225,0.781186963,1.94009548
7226,0.653876337,1.93013638
7227,0.0295382754,1.1174024
7228,-0.787767095,1.0160341
7229,-0.787767095,1.0160341
7230,-1.35233521,-0.916704703
7231,-2.90163084,0.040633358
7232,-0.143667749,1.31994409
7233,0.0731123888,0.187250971
7234,-1.21985632,-0.5596307
7235,-0.358884046,-1.61687953
7236,0.19535047,-0.487601002
7237,0.19535047,-0.487601002
7238,0.975345825,1.87191814
7239,-0.767321209,0.231555381
7240,-0.382494357,-1.28309132
7241,-0.433415678,0.617060958
7242,-0.180426019,-0.123149441
7243,-0.73126284,0.522852996
7244,1.76721617,-0.636953388
7245,1.76721617,-0.636953388
7246,-0.40236217,0.0884893488
7247,1.04327167,-0.914489061
7248,-0.455336279,-0.257893186
7249,-0.0290735127,-0.303034613
7250,0.727950529,-0.178404709
7251,0.172061923,-0.192239344
7252,0.906072182,0.614568984
7253,0.906072182,0.614568984
7254,-0.861017533,0.636078593
7255,-0.853960359,0.716869181
7256,-0.237519883,0.989753041
7257,-2.63638755,0.75368689
7258,-0.841914611,1.58677063
7259,-0.384837095,0.31321537
7260,0.463391805,2.8674031
7261,0.463391805,2.8674031
7262,1.70725363,1.00002021
7263,0.260783528,-2.37144849
7264,-0.352530221,-0.114164438
7265,-2.04231103,-0.784719684
7266,-0.417399717,-1.06326474
7267,-0.557105957,0.327671155
7268,-0.711304185,0.802964757
7269,-0.711304185,0.802964757
7270,1.07001147,0.701126005
7271,0.647775821,-1.15555627
7272,-1.32629444,-0.25645121
7273,1.68811276,0.739576989
7274,0.346239053,0.502595764
7275,0.293893447,0.923880555
7276,-0.706213945,-0.786428472
7277,-0.706213945,-0.786428472
7278,0.412714327,-2.09759765
7279,0.72318477,0.101364418
7280,1.66346294,0.114860663
7281,1.75692512,1.21320686
7282,1.87391572,1.06950388
7283,0.803926154,-0.966616525
7284,-1.37914754,0.268070699
7285,-1.37914754,0.268070699
7286,0.730627494,0.370272274
7287,-1.00320478,0.182051354
7288,-1.06664782,-0.461526591
7289,0.398840314,-1.08709579
7290,0.0196515577,-0.685799679
7291,0.127623629,-1.52912016
7292,-0.020075422,-1.00614859
7293,-0.020075422,-1.00614859
7294,0.861335771,-0.514611643
7295,-0.21642788,0.83107237
7296,0.411400956,0.475899754
7297,0.523088223,-0.0706507301
7298,0.0200128545,-0.550550514
7299,0.401227752,0.285307327
7300,-1.2218885,0.967020016
7301,-1.2218885,0.967020016
7302,1.27012468,-0.676073621
7303,0.89198712,0.550144319
7304,-1.29841048,-1.75912814
7305,-0.144713516,0
7306,0.612312333,-0.0987228837
7307,1.20696835,0.0591832879
7308,0.145240575,-0.283920844
7309,0.145240575,-0.283920844
7310,0.281841058,-0.654423503
7311,0.208205183,-0.453335846
7312,1.43095801,1.83699634
7313,-0.350388148,-1.1831394
7314,-1.84022407,0.159230845
7315,-0.510677674,-0.537743586
7316,0.885879134,0.774424005
7317,0.885879134,0.774424005
7318,0.430047035,1.48427946
7319,-1.15240016,-1.06002075
7320,-1.06293812,0.0871954197
7321,-0.480906139,1.15134284
7322,-0.321775878,-0.059427517
7323,-1.41128016,-0.355243014
7324,-1.38731691,-0.221140792
7325,-1.38731691,-0.221140792
7326,-0.580581847,0.0330576221
7327,1.00437205,-0.143254561
7328,-0.891223453,-0.249171854
7329,2.14936847,-2.04172704
7330,2.17097562,-1.25940153
7331,-0.560488656,0.511155251
7332,0.748487935,0.41774565
7333,0.748487935,0.41774565
7334,-0.990169501,-0.826479602
7335,0.646409688,-1.00746481
7336,-0.914322192,-1.23025899
7337,1.39490733,-0.395641005
7338,0.142915634,-0.541288961
7339,1.00692968,-1.74471942
7340,0.398807956,0.790032363
7341,0.398807956,0.790032363
7342,-0.999791906,0.0498108291
7343,1.44895527,0.266764225
7344,1.27102035,1.89424667
7345,-0.057742414,0.494560555
7346,0.204249814,1.22341838
7347,-0.357008212,-0.575455634
7348,0.9472855,-0.280206544
7349,0.9472855,-0.280206544
7350,1.49802324,1.90830372
7351,-1.739429,1.80252863
7352,-0.298990532,-0.882187522
7353,0.608453058,0.598421327
7354,0.280868586,1.02793851
7355,1.30586611,1.40163007
7356,0.120659227,-1.49261758
7357,0.120659227,-1.49261758
7358,-0.156077206,-0.926494917
7359,0.534763512,-0.502406486
7360,-0.612704848,0.252744431
7361,-1.64420065,-0.420057738
7362,-1.47616915,-0.489677091
7363,-0.40227927,0.444004521
7364,-0.10283893,1.77152326
7365,-0.10283893,1.77152326
7366,-1.19244219,-0.183128251
7367,0.15671415,0.227074383
7368,-0.918784681,-0.876802621
7369,0.501708502,-0.269230179
7370,-0.0623093233,0.123037254
7371,0.203830811,-1.16001924
7372,0.929928402,-2.18078536
7373,0.929928402,-2.18078536
7374,-2.09739932,-1.16184687
7375,-0.326902257,0.421550631
7376,0.423978563,1.99802653
7377,2.79604143,0.154236542
7378,1.23224178,1.04345988
7379,0.323686997,0.959427389
7380,-0.497137774,0.140560897
7381,-0.497137774,0.140560897
7382,0.499926569,1.82193988
7383,1.47434698,0.657300235
7384,0.377527226,-0.67400047
7385,0.896279686,0.098335114
7386,0.987977283,-0.222139842
7387,0.91723157,-0.446412487
7388,2.1651499,-1.12805608
7389,2.1651499,-1.12805608
7390,0.760004296,-0.85493199
7391,0.375527328,-0.510728411
7392,-0.0591123352,0.501422325
7393,-0.268018894,0.906623184
7394,-0.370318513,-0.0197856027
7395,0.545587112,0.0910615253
7396,0.280789007,1.28668592
7397,0.280789007,1.28668592
7398,0.998080545,0.127779888
7399,1.1722097,-1.46788616
7400,-2.44093929,-2.33265563
7401,-0.252738312,-0.771040211
7402,0.244371901,-1.19297649
7403,0.476478033,-1.65001753
7404,1.58720291,0.292030409
7405,1.58720291,0.292030409
7406,-1.09756881,-0.586133538
7407,1.26158812,-0.523943764
7408,1.74633374,1.1462502
7409,-0.589608563,-2.22899412
7410,0.0620887299,-2.52713332
7411,0.553067335,-1.45707631
7412,1.39758933,0.255585554
7413,1.39758933,0.255585554
7414,0.967610752,0.280751229
7415,0.350669919,-1.920382
7416,-0.704573458,-0.423613541
7417,0.323194774,0.377785034
7418,0.57657955,0
7419,0.391730143,-0.631765472
7420,0.734469661,0.420410011
7421,0.734469661,0.420410011
7422,0.325739617,-0.497934411
7423,-1.30522286,-0.040221577
7424,0.585225829,0.446557427
7425,0.592483496,-0.418112562
7426,0.401191901,-0.329113364
7427,-0.0728481901,0.711007336
7428,0,0.386244524
7429,0,0.386244524
7430,-1.14757615,1.07908183
7431,0.223133685,-0.692567991
7432,-1.74043037,-0.985857874
7433,2.58634475,-0.827960348
7434,2.59293798,-0.530508424
7435,3.01321543,-1.13021122
7436,-0.839679821,0.301902609
7437,-0.839679821,0.301902609
7438,-0.925038773,-2.06607345
7439,-0.268147648,0
7440,0.921147915,0.755630446
7441,0.0136863286,1.38346226
7442,-0.138647845,0.857505002
7443,-1.47341457,-1.46509366
7444,0.319500401,-0.580271439
7445,0.319500401,-0.580271439
7446,0.789152397,0.372909414
7447,-0.677630064,0.666148545
7448,0.229332559,0.113502703
7449,-0.318217961,-0.784139345
7450,-1.11805756,-1.25585137
7451,0.0762128022,-0.34831554
7452,0.93420622,0.688502974
7453,0.93420622,0.688502974
7454,-1.08337595,-1.53943284
7455,0.372852529,-0.933262264
7456,-0.373737271,0.340126015
7457,-1.07314952,-0.394287107
7458,-0.364138371,-0.0598686133
7459,0.134419047,0.261374947
7460,-1.62459734,0.28320479
7461,-1.62459734,0.28320479
7462,-1.08500917,-0.914054138
7463,1.87186079,0.118453052
7464,-0.841763445,-1.45721307
7465,1.47416661,-0.615136595
7466,1.26208749,0.88393887
7467,1.21070816,-0.0689502108
7468,-0.401486339,-1.19415208
7469,-0.401486339,-1.19415208
7470,1.7993555,-1.50573644
7471,-0.115894692,-0.246241171
7472,0.585602948,1.29208829
7473,-0.367381499,1.12297586
7474,0.857871935,-0.0586097658
7475,0.63954788,0.075256899
7476,-0.101993769,-0.923155509
7477,-0.101993769,-0.923155509
7478,0.183976467,1.47853099
7479,-0.590933915,0.904359939
7480,-1.01274853,-0.169878745
7481,0.182929869,0.262459505
7482,1.4051142,0.139340064
7483,0.725845024,-1.06759091
7484,1.25047357,-1.36045071
7485,1.25047357,-1.36045071
7486,0.501646218,-0.349623051
7487,-0.378051846,-0.428742423
7488,-0.0288201508,0.577263885
7489,0.994251777,-0.130910876
7490,0.258101176,-0.998375573
7491,0.340238482,-2.22031517
7492,-0.914278457,0.694685467
7493,-0.914278457,0.694685467
7494,0.327264447,0.923607942
7495,0.039822937,-0.0809870336
7496,-0.836070898,-1.15334276
7497,0.101570936,0.79875856
7498,0.638642256,0.405824648
7499,0.213269566,1.40930937
7500,0.141542673,-0.0411320179
7501,0.141542673,-0.0411320179
7502,-1.17389986,0
7503,-1.42533503,-0.87872623
7504,0.672728249,0.4861043
7505,0.521524897,0.246104124
7506,0.561122531,0.0207177838
7507,-1.34860115,1.04989087
7508,-0.317811119,0.423802821
7509,-0.317811119,0.423802821
7510,-0.389661654,-0.143152679
7511,0.389813777,0.289019349
7512,-0.675753818,0.350879584
7513,-1.32552192,1.28178501
7514,-0.746088282,0.68713571
7515,0.0588346279,2.34221125
7516,-0.581859814,0.472052172
7517,-0.581859814,0.472052172
7518,-0.915837216,0.226583074
7519,1.0322586,-2.25254513
7520,0.14494627,-0.224042391
7521,-0.029609796,0.754177421
7522,0.0207312137,-0.350201568
7523,0.340531798,-0.808849879
7524,0.604132531,0.247026585
7525,0.604132531,0.247026585
7526,0.559927877,-0.217839475
7527,0.122483825,2.10520223
7528,-1.70106184,-0.519265062
7529,-0.0275515322,2.192477
7530,-0.276877714,2.31081724
7531,-0.553158969,-1.29917041
7532,0.11929918,-0.570783098
7533,0.11929918,-0.570783098
7534,0.45844776,1.03639507
7535,-1.36156653,-0.414899886
7536,1.64585566,0.450462724
7537,0.602503248,-1.05834257
7538,0.65257878,-0.758132719
7539,-0.941999878,-1.48683297
7540,1.16090537,-2.00705681
7541,1.16090537,-2.00705681
7542,0.985554958,-0.454743647
7543,0.866409082,-0.167266176
7544,-0.869096629,-0.7029493
7545,-1.40638358,-1.1303494
7546,-1.75416785,-1.5061466
7547,-2.06572658,-0.483480132
7548,-0.540479465,-0.430922277
7549,-0.540479465,-0.430922277
7550,-0.469451634,-0.987793527
7551,0.0814164385,-0.844958101
7552,0.059691612,0.443967476
7553,0.566841704,-0.14639767
7554,0.527830282,0.452333298
7555,0.425858221,-0.0301525428
7556,-1.18878296,-1.1443387
7557,-1.18878296,-1.1443387
7558,0.391307198,-0.912206966
7559,1.67563579,0.222342193
7560,-1.28982697,-0.939414344
7561,-0.0141758603,-1.74849427
7562,-0.1391881,-0.657841772
7563,-0.488369303,-0.706369904
7564,0.664839449,-0.711072828
7565,0.664839449,-0.711072828
7566,-1.10480455,0.505820636
7567,1.85472438,-1.08710372
7568,1.01958802,1.27654255
7569,-0.469130153,0.758265515
7570,0.0390376616,-0.0821463887
7571,1.18062317,0.449575078
7572,-0.537780407,-0.631609029
7573,-0.537780407,-0.631609029
7574,-0.557654893,-0.283783845
7575,0.801601589,0.141169942
7576,-0.0877128481,-0.256156345
7577,0.403735053,0.308975712
7578,0.418625931,0.476049371
7579,0.29266646,0.487067178
7580,-1.23531653,-0.776352746
7581,-1.23531653,-0.776352746
7582,-0.518110671,0.114085535
7583,1.24145052,1.02951383
7584,-0.683269047,0.112701358
7585,1.86962672,-0.157133735
7586,0.905753808,1.48813801
7587,0.434732664,-0.661759114
7588,0.780904363,1.56553702
7589,0.780904363,1.56553702
7590,0.91631934,0.522591692
7591,0.0414227137,0.0789744875
7592,-2.0027356,-1.04837913
7593,-0.059344222,0.434948292
7594,1.40036564,-0.226268677
7595,-0.443008261,0.429656662
7596,0.860499336,0.389567269
7597,0.860499336,0.389567269
7598,-1.56301698,-1.06933444
7599,-1.38310741,-0.228603991
7600,2.4209848,0.772024903
7601,-0.447306663,0.914418325
7602,-0.282054678,0.635498615
7603,-0.170888466,-0.769968065
7604,1.22516075,-1.19348152
7605,1.22516075,-1.19348152
7606,1.25530364,1.46210538
7607,-2.36556849,-0.388792183
7608,-1.49846899,-0.540084145
7609,0.989455639,-0.836791407
7610,2.43786369,-0.462921094
7611,1.54745595,0.951100405
7612,-0.848047896,1.06523704
7613,-0.848047896,1.06523704
7614,-0.997517156,-1.55494691
7615,0.7929787,0.396527749
7616,0.0859011331,1.29262654
7617,-1.61837819,-0.143874507
7618,-2.00812228,0.299551833
7619,-1.04191563,0.490936942
7620,-0.776207223,-0.784217816
7621,-0.776207223,-0.784217816
7622,0.291098546,2.35814846
7623,-0.121665188,-0.674532106
7624,-1.44950471,-1.75683735
7625,-1.43460918,2.04597321
7626,-0.469867777,1.61001388
7627,0.527023685,0.283859885
7628,1.13087475,-1.54941164
7629,1.13087475,-1.54941164
7630,-0.453775166,-1.421652
7631,-1.16450912,-1.05088291
7632,0.88800276,1.33889106
7633,-1.92305053,0.853630318
7634,0.196254095,1.97006413
7635,0.353970255,1.44058513
7636,-0.345626948,-1.23738482
7637,-0.345626948,-1.23738482
7638,-0.353830622,-0.0853554807
7639,1.29510701,-0.710730563
7640,-0.347746923,0.280104198
7641,0.0427971734,0.378403042
7642,-0.0986384944,0.979042633
7643,0.953729113,0.808983371
7644,-0.375912576,-0.51602083
7645,-0.375912576,-0.51602083
7646,0.0960993125,1.86253732
7647,1.0693073,0.301227493
7648,-0.231044362,-0.256007736
7649,1.60937437,1.21767069
7650,1.22677364,-0.393578621
7651,-0.293581726,0.224485266
7652,-0.0211534973,0.126874535
7653,-0.0211534973,0.126874535
7654,-0.118028221,-0.577949291
7655,-0.859797238,0.687599031
7656,-1.59342988,-1.45138762
7657,1.9377797,-1.01227639
7658,1.57098915,-1.12332406
7659,-0.411329078,-2.10074603
7660,2.59660431,1.05889444
7661,2.59660431,1.05889444
7662,-0.284405039,-1.22593437
7663,-0.18946787,-1.26047332
7664,1.98615681,1.19551931
7665,-0.838806883,0.75005766
7666,-1.69031365,-0.955230488
7667,-2.58213207,-0.0434920458
7668,-1.68034198,-0.982479424
7669,-1.68034198,-0.982479424
7670,1.12701973,-0.0660716017
7671,-0.496244719,-0.922521769
7672,-1.23122427,-0.572939766
7673,-0.0416425247,-0.645846315
7674,-0.549419216,0.485376718
7675,0,0.103647525
7676,-1.86222121,-0.435960673
7677,-1.86222121,-0.435960673
7678,-1.47757574,0.252016114
7679,-1.00723977,-1.21590472
7680,0.202588821,0.667422149
7681,1.57491155,0.241065398
7682,1.25986765,-0.530564329
7683,0.737678258,-0.313835294
7684,-0.184719968,0.404456752
7685,-0.184719968,0.404456752
7686,-0.508098169,1.42185541
7687,-1.05746354,-0.407647737
7688,-1.36594012,-1.61278903
7689,0.941895552,-1.72012876
7690,1.3321047,-0.834620808
7691,0.94719278,0.901754875
7692,1.07302916,0
7693,1.07302916,0
7694,-0.228627447,-1.33036763
7695,-0.74503962,0.802525392
7696,0.903248709,1.21001694
7697,0.354275552,-0.343597952
7698,0.378282383,0.465169098
7699,0.640994908,0.356576346
7700,-1.66884447,0.340644162
7701,-1.66884447,0.340644162
7702,-0.0501866604,-0.24614514
7703,0.605992969,0.543169982
7704,0.345399536,0.248706931
7705,-0.74510282,-1.91779052
7706,0.12208106,-0.809614184
7707,-0.136478526,-0.151974732
7708,0.843743615,-0.24749412
7709,0.843743615,-0.24749412
7710,-1.31136627,0.465707966
7711,-1.29108508,0.335236189
7712,-0.72015006,0.341258192
7713,-0.337913555,-0.703966856
7714,0.571989791,-0.672320825
7715,1.96149005,0.760027162
7716,-1.31180813,-0.426900074
7717,-1.31180813,-0.426900074
7718,-1.38697546,1.44939039
7719,2.16193324,-1.54657835
7720,-0.906121524,-1.72154843
7721,-1.05444511,-0.566061314
7722,-0.177961854,-0.177763729
7723,-1.35086194,-0.749993613
7724,0.264356365,-0.391109018
7725,0.264356365,-0.391109018
7726,-0.267988601,0.161220856
7727,0.55879464,0.401650663
7728,1.81491403,1.74051887
7729,2.68941688,-0.0408287044
7730,1.07023358,-0.116628009
7731,1.10351922,-0.26760723
7732,2.20041906,0.120103472
7733,2.20041906,0.120103472
7734,1.24138302,1.17101899
7735,-0.801325064,0.180680623
7736,-1.50797965,-1.45871949
7737,0.0732399774,-0.350995517
7738,0.961791478,0.0201337918
7739,-2.78602537,0.357855193
7740,-1.12659592,-0.548452469
7741,-1.12659592,-0.548452469
7742,0.132873089,-0.632264616
7743,-0.523464392,-1.07532019
7744,-0.143667749,1.31994409
7745,-0.61839353,1.11149216
7746,-0.101104603,1.25538802
7747,-0.133491476,0.792794198
7748,-0.515564499,0.794209091
7749,-0.515564499,0.794209091
7750,-0.434416795,-0.329523309
7751,-0.0609669107,-1.25807746
7752,-0.382494357,-1.28309132
7753,0.142979691,-0.603946476
7754,0.914821138,-0.020123572
7755,-0.583598796,-0.0295740762
7756,0.332339927,0.0199361566
7757,0.332339927,0.0199361566
7758,0.672892475,0.389188719
7759,-0.678635319,0.828339916
7760,-0.455336279,-0.257893186
7761,0.160651433,1.92545841
7762,-0.588265173,0.964070761
7763,0.143997075,1.75677045
7764,-0.105833499,-1.87700725
7765,-0.105833499,-1.87700725
7766,1.09108999,-0.0474890799
7767,-0.623559595,0.375489778
7768,-0.237519883,0.989753041
7769,1.31027835,-0.386916512
7770,0.26185318,-0.536522139
7771,1.95320604,-1.54540357
7772,0.302992871,-1.56036987
7773,0.302992871,-1.56036987
7774,-0.286510808,1.19550097
7775,-0.890378328,0.300501253
7776,-0.352530221,-0.114164438
7777,0.637368219,0.660787564
7778,1.68099899,0.609694184
7779,0.353261655,1.44440085
7780,1.36146753,-0.0610730784
7781,1.36146753,-0.0610730784
7782,-0.358827562,0.863969794
7783,0.591159572,1.07173735
7784,-1.32629444,-0.25645121
7785,-0.693186703,0.863515061
7786,-0.259956873,1.06491194
7787,-0.507057595,0.852210134
7788,-0.498452577,-0.320601592
7789,-0.498452577,-0.320601592
7790,-0.175185798,-0.0841030875
7791,0.232000129,-1.55857411
7792,1.66346294,0.114860663
7793,0.798422615,-1.77002585
7794,0.583142234,-1.32344744
7795,-0.306722459,-0.97317979
7796,2.6226213,-0.685128641
7797,2.6226213,-0.685128641
7798,0.732502983,0.852315346
7799,0.65216518,-0.59968446
7800,-1.06664782,-0.461526591
7801,0.0823307312,0.832226163
7802,-0.549009146,1.20018049
7803,0.906384729,1.10651415
7804,0.26951623,0.359363616
7805,0.26951623,0.359363616
7806,-1.21341269,1.23699273
7807,0.855160342,1.40357326
7808,0.411400956,0.475899754
7809,0.903909973,-0.630059936
7810,1.54180277,-0.272431443
7811,1.63516275,0.258095094
7812,-0.063876912,0.381346958
7813,-0.063876912,0.381346958
7814,-0.116619465,0.312420829
7815,1.11119012,0.823704888
7816,-1.29841048,-1.75912814
7817,-0.0847742375,0.945495183
7818,0.288119662,1.25076338
7819,2.99432245,-0.130104536
7820,0.710140928,-0.0591269507
7821,0.710140928,-0.0591269507
7822,-1.00611311,-0.290536334
7823,0.226858848,-0.885387845
7824,1.43095801,1.83699634
7825,-0.248255961,-0.606906668
7826,1.08778618,-0.440038381
7827,0.153862264,-0.0284722231
7828,-0.157860783,-0.0203551558
7829,-0.157860783,-0.0203551558
7830,-0.794052507,0.87447037
7831,1.14912061,1.66475545
7832,-1.06293812,0.0871954197
7833,-0.583178287,-0.615120821
7834,-0.585085511,0.179818111
7835,0.807564207,0.046613799
7836,-0.58661834,-1.72015176
7837,-0.58661834,-1.72015176
7838,-0.0511400567,-1.54657182
7839,0.726311195,0.461433713
7840,-0.891223453,-0.249171854
7841,-0.159816359,0.282469731
7842,1.14660253,-0.0803522274
7843,0.315513394,0.134705527
7844,-0.927469662,-1.1726896
7845,-0.927469662,-1.1726896
7846,-0.233260106,-0.512433144
7847,0.0611357223,-1.63235119
7848,-0.914322192,-1.23025899
7849,1.06838285,0.485039951
7850,-0.0809431367,0.914533278
7851,-0.53602915,0.254022249
7852,1.05855602,-0.332307701
7853,1.05855602,-0.332307701
7854,-0.780479283,0.31124908
7855,-0.480732621,-0.887599425
7856,1.27102035,1.89424667
7857,1.56840829,0.609866064
7858,1.9374596,-0.379552221
7859,0.747452236,1.24341312
7860,0.498358247,0.74345475
7861,0.498358247,0.74345475
7862,1.61364236,0.723234244
7863,-0.403786472,-0.984396592
7864,-0.298990532,-0.882187522
7865,-0.537691487,0.323792417
7866,0.0417104738,0.49799536
7867,0.221025994,-0.392694178
7868,0.692215841,1.2814479
7869,0.692215841,1.2814479
7870,-0.191656164,-0.136374229
7871,0.813987761,-0.912812728
7872,-0.612704848,0.252744431
7873,3.1019547,0.287995646
7874,1.72536867,0.577485665
7875,1.85019688,1.84806502
7876,-0.56375963,-0.638900556
7877,-0.56375963,-0.638900556
7878,0.0162619447,-0.26528657
7879,-0.119721872,1.29733298
7880,-0.918784681,-0.876802621
7881,-0.573671411,-1.05256263
7882,0.43032324,-0.723431157
7883,0.151640054,1.34005507
7884,0.420091457,-0.596839583
7885,0.420091457,-0.596839583
7886,-0.525430113,-1.23000372
7887,-1.55459005,0.0199881109
7888,0.423978563,1.99802653
7889,0.729626551,-1.57463768
7890,0.458204007,-1.14526077
7891,0.561474381,-0.302109272
7892,-0.817054764,-1.60002246
7893,-0.817054764,-1.60002246
7894,-0.490067536,1.71217262
7895,0.510084827,-1.26308897
7896,0.377527226,-0.67400047
7897,0.582957488,-0.208649483
7898,1.24712603,0.463927349
7899,1.93210291,0.589566496
7900,-0.317013327,1.99491123
7901,-0.317013327,1.99491123
7902,-0.40740332,-0.911511214
7903,-0.380967684,0.841681721
7904,-0.0591123352,0.501422325
7905,-0.656439486,-1.07461614
7906,-0.30046378,-1.95023372
7907,-0.255670017,1.60868824
7908,-1.34251085,0.740784776
7909,-1.34251085,0.740784776
7910,0.383706028,-0.0336851069
7911,-0.980682148,0.451525441
7912,-2.44093929,-2.33265563
7913,0.709252377,0.73803774
7914,-0.760160695,-1.35803446
7915,-1.2750221,-0.213962919
7916,-0.616086732,1.57298626
7917,-0.616086732,1.57298626
7918,-2.36487119,-1.83391229
7919,-0.77704583,0.856771342
7920,1.74633374,1.1462502
7921,-0.85917634,-0.365319972
7922,-1.55611573,-0.811403979
7923,-0.649760954,-0.442733179
7924,-0.460030371,-1.03871368
7925,-0.460030371,-1.03871368
7926,-0.379444823,-0.326406599
7927,0.999775514,-0.799032135
7928,-0.704573458,-0.423613541
7929,1.45060811,0.895471476
7930,0.741152463,1.83069516
7931,-0.0144085195,-1.24626104
7932,-1.00107899,-0.60549781
7933,-1.00107899,-0.60549781
7934,-0.387277556,-0.44428448
7935,-1.0177197,0.991122488
7936,0.585225829,0.446557427
7937,-0.649438522,-2.5675613
7938,0.365174737,-2.70864443
7939,-0.671410165,-0.980655551
7940,1.63014831,0.162968134
7941,1.63014831,0.162968134
7942,1.62211197,-0.27199693
7943,1.18874725,-0.550550514
7944,-1.74043037,-0.985857874
7945,-1.71192745,0.404712971
7946,-1.47311308,-0.20174673
7947,-1.44975697,-0.889651451
7948,0.67290272,0.80481892
7949,0.67290272,0.80481892
7950,-0.293293791,0.177155105
7951,-1.06703893,-0.386484774
7952,0.921147915,0.755630446
7953,-0.574945703,-1.31980403
7954,-0.861292731,-1.3480372
7955,-2.99410959,-0.619025055
7956,0.958207957,-1.35235727
7957,0.958207957,-1.35235727
7958,0.474022512,0.366642989
7959,-0.234652965,0.253169511
7960,0.229332559,0.113502703
7961,-1.29457718,-0.855699308
7962,-1.4277654,0.360028876
7963,0.561370876,-1.08973267
7964,-0.256342096,0.060839836
7965,-0.256342096,0.060839836
7966,-0.145215315,-0.31033207
7967,-0.726450534,0.41551804
7968,-0.373737271,0.340126015
7969,0.245658077,1.31155612
7970,-0.349562684,1.26972467
7971,-0.28480253,0.757400326
7972,1.28021926,1.27002539
7973,1.28021926,1.27002539
7974,0.647825514,-0.0496574956
7975,-0.938706433,-0.867947987
7976,-0.841763445,-1.45721307
7977,1.27633182,0.410348767
7978,-0.460472255,-0.719281438
7979,-0.178667746,-0.70230366
7980,0.445808547,-0.866203741
7981,0.445808547,-0.866203741
7982,-0.792591585,-0.560078749
7983,-0.943699267,0.113917738
7984,0.585602948,1.29208829
7985,-0.29246562,-0.303016586
7986,0.279189386,0
7987,0.398213606,-0.335694922
7988,0.581371746,0.574623377
7989,0.581371746,0.574623377
7990,0.724287321,-0.160746983
7991,-0.0600245865,-1.19458022
7992,-1.01274853,-0.169878745
7993,1.58038269,-1.57338587
7994,0.70373838,-1.67677263
7995,0.941972926,0.496365444
7996,-0.25801962,0.799860488
7997,-0.25801962,0.799860488
7998,-0.720884142,-0.231556882
7999,0.559695749,0.105522331
8000,-0.0288201508,0.577263885
8001,0.0147582941,-0.469883937
8002,-0.585870837,0.461743852
8003,-2.02302419,0.587597055
8004,1.449588,-2.69460556
8005,1.449588,-2.69460556
8006,0.702889007,-0.800062655
8007,-0.190203658,-0.307660746
8008,-0.836070898,-1.15334276
8009,1.75328726,0.353013489
8010,0.123978313,2.11496381
8011,-1.02874351,0.623991726
8012,-0.264095381,-0.299348445
8013,-0.264095381,-0.299348445
8014,-0.0854639129,-1.3244166
8015,-0.188588458,0.812639418
8016,0.672728249,0.4861043
8017,-0.21766395,-0.609679916
8018,-1.34673128,-0.556394422
8019,-1.14016627,0.671244963
8020,0.219264963,-0.865865655
8021,0.219264963,-0.865865655
8022,-0.120918016,0.592954855
8023,0.573829772,-0.580403656
8024,-0.675753818,0.350879584
8025,-1.13194636,-0.419376758
8026,-1.36288668,0.814817791
8027,0.35374125,0.675936272
8028,0.101754015,-1.689409
8029,0.101754015,-1.689409
8030,-1.18308864,-0.0500241926
8031,1.13898935,-0.201758461
8032,0.14494627,-0.224042391
8033,-1.45727589,-0.159891491
8034,-0.96386547,0.316225476
8035,-0.306210446,0.9309146
8036,0.0597640755,0.811114218
8037,0.0597640755,0.811114218
8038,-0.209317594,-0.683017297
8039,0.625507755,0.769969555
8040,-1.70106184,-0.519265062
8041,0.20351793,-0.0738881745
8042,-0.884944664,0.545488342
8043,-0.236625679,-1.56947353
8044,0.852832284,-1.89621962
8045,0.852832284,-1.89621962
8046,-0.809635988,0.0531093708
8047,0.452391468,-0.977522106
8048,1.64585566,0.450462724
8049,0.380064827,-0.0145174744
8050,0.398435294,0.583325517
8051,-0.926195183,0.497305641
8052,-0.0624045278,0.386807413
8053,-0.0624045278,0.386807413
8054,0.631539751,-0.80240902
8055,-0.485075083,-0.333578719
8056,-0.869096629,-0.7029493
8057,0.59922813,0.88230406
8058,1.49617215,0.30691672
8059,1.28383191,0.1457903
8060,1.80685317,1.197892
8061,1.80685317,1.197892
8062,-1.22231842,-0.451157198
8063,0.355468471,-0.178148046
8064,0.059691612,0.443967476
8065,-0.0287341444,-0.680634699
8066,-0.0838907482,-1.09594101
8067,-1.19118971,-1.02562485
8068,-0.28461641,-0.0786219464
8069,-0.28461641,-0.0786219464
8070,0.97537117,1.55522153
8071,0.679001913,0.0621621789
8072,-1.28982697,-0.939414344
8073,-1.38178048,1.49385014
8074,-2.19989583,0.205163955
8075,-1.42869886,-0.710061944
8076,-0.381175143,0.0603761086
8077,-0.381175143,0.0603761086
8078,-0.640099196,-0.58643477
8079,0.535046593,-0.808010951
8080,1.01958802,1.27654255
8081,-1.45448251,-1.11551139
8082,-1.66365227,-0.0418447948
8083,-0.797533872,-0.167615273
8084,0.0825687551,0.596598174
8085,0.0825687551,0.596598174
8086,1.94644807,1.01017838
8087,0.136151065,-1.19988588
8088,-0.0877128481,-0.256156345
8089,-1.00568207,1.2699371
8090,-1.87419143,0.405906451
8091,-0.86147812,1.02217811
8092,-0.537748328,0.550690793
8093,-0.537748328,0.550690793
8094,-1.10725446,0.365511227
8095,0.396911815,-0.464462823
8096,-0.683269047,0.112701358
8097,0.214853351,-0.0980428558
8098,0.184593334,0.703770874
8099,0.078003315,-0.441455027
8100,-0.488147508,-0.369480702
8101,-0.488147508,-0.369480702
8102,-0.518146077,-1.82725736
8103,0.386815449,1.51085004
8104,-2.0027356,-1.04837913
8105,2.55240136,-0.805691139
8106,1.36525572,1.0080266
8107,1.77757105,-0.270352195
8108,-1.21364607,-1.57822731
8109,-1.21364607,-1.57822731
8110,-1.16140423,-0.0170466607
8111,0.0597152727,1.50814354
8112,2.4209848,0.772024903
8113,1.06599231,-0.904342906
8114,-0.202886574,-0.426786951
8115,-0.0149095323,-0.226277459
8116,-1.95114895,-1.26634124
8117,-1.95114895,-1.26634124
8118,0.833173837,-0.215885711
8119,-0.445159841,0.897328506
8120,-1.49846899,-0.540084145
8121,0.997736215,-0.0713433249
8122,1.32995695,0.749488455
8123,1.49053733,-0.785306892
8124,0.33223217,0.730757856
8125,0.33223217,0.730757856
8126,-0.895566355,0.0168267755
8127,-0.317429601,-0.119736569
8128,0.0859011331,1.29262654
8129,0.362286182,0.483123618
8130,0.513450559,0.833667083
8131,1.23493339,-0.518952137
8132,0.077425328,0.36487263
8133,0.077425328,0.36487263
8134,-0.109921594,0.11755957
8135,0.543439042,-1.01897133
8136,-1.44950471,-1.75683735
8137,0.958513879,-0.950792295
8138,1.33537788,-1.37317856
8139,-1.33732411,-0.731162058
8140,0.515291756,-0.0839841241
8141,0.515291756,-0.0839841241
8142,-1.02574884,-1.03994354
8143,-0.852771364,0.0839082325
8144,0.88800276,1.33889106
8145,0.0895282743,2.15928734
8146,0.2067281,1.76084923
8147,0.256040983,0.699802808
8148,1.1306744,1.12870996
8149,1.1306744,1.12870996
8150,0.827361071,-0.0165483173
8151,0.505380859,1.12072252
8152,-0.347746923,0.280104198
8153,0.483901964,1.320984
8154,0.428679731,0.156159444
8155,-1.1687247,0.606701105
8156,-1.3338722,-0.620931629
8157,-1.3338722,-0.620931629
8158,-1.0451407,1.38735054
8159,-0.969143858,0.0415436588
8160,-0.231044362,-0.256007736
8161,-0.573932494,-1.21876889
8162,-0.459603231,-0.280359991
8163,-0.642810381,-0.222330406
8164,-0.0813434129,0.148580901
8165,-0.0813434129,0.148580901
8166,-0.128379198,0.77569099
8167,0.402867638,-1.00952939
8168,-1.59342988,-1.45138762
8169,0.181743222,0.173982251
8170,0.177280953,0.618654182
8171,0.93558521,-0.161150136
8172,0.965885454,-1.41953849
8173,0.965885454,-1.41953849
8174,0.131246277,-1.09100316
8175,0,-0.228121996
8176,1.98615681,1.19551931
8177,0.157348419,1.31922219
8178,-0.226951768,0.432279307
8179,-0.10677978,0.334037799
8180,1.17412284,1.61132344
8181,1.17412284,1.61132344
8182,0.0506633652,-0.57490551
8183,-0.61932453,-0.821219769
8184,-1.23122427,-0.572939766
8185,-0.416975371,1.21613598
8186,1.28495534,0.495317327
8187,1.78254545,1.57645737
8188,-1.17410812,-0.551083533
8189,-1.17410812,-0.551083533
8190,-1.70257071,-0.695256036
8191,-2.38765396,0.249534912
8192,-0.467170362,-0.196008281
8193,0.654905917,-2.41044509
8194,1.11139605,-0.423510582
8195,-0.411448648,-0.708793284
8196,0.120360596,-0.286358421
8197,0.120360596,-0.286358421
8198,-0.296290908,0.418749573
8199,-0.291900112,-1.17146182
8200,-0.419846948,1.95188867
8201,-0.788935324,1.15199081
8202,-0.793183653,1.64606811
8203,-0.419440589,-0.0140262043
8204,1.15950001,1.60412758
8205,1.15950001,1.60412758
8206,1.19037634,0.639066401
8207,-1.14619358,-2.77549462
8208,-1.26885735,-0.808268098
8209,0.396398273,0.910408588
8210,-0.0982013077,-0.257192149
8211,0.47719495,-0.306298924
8212,0.0991504488,1.60693635
8213,0.0991504488,1.60693635
8214,-1.78125375,-0.822271246
8215,1.29691055,0.368181675
8216,1.00829643,0.868398259
8217,-0.380570126,-0.0280914193
8218,0.435837382,0.856769216
8219,-0.783230272,-0.956640228
8220,1.67863919,0.341097552
8221,1.67863919,0.341097552
8222,0.883741704,0.525977674
8223,0.0781105346,1.21247081
8224,0.234321741,1.03200781
8225,-0.474181275,-0.364956949
8226,-0.0800681187,0.889330385
8227,0.585122161,-1.45400064
8228,1.40606686,-0.307752913
8229,1.40606686,-0.307752913
8230,0.828188416,0.897165536
8231,0.552153544,-1.77513712
8232,-1.0071347,-0.307531175
8233,-1.02460549,1.20305439
8234,-0.693467397,0.128012624
8235,-0.307759208,0.212301459
8236,-0.0832688661,-0.969724335
8237,-0.0832688661,-0.969724335
8238,0.675662775,-0.973501923
8239,0.0589739692,0.244900899
8240,0.030629887,-0.46619032
8241,0.499002469,-0.0879297587
8242,1.01630453,-0.222188714
8243,-1.55615648,-0.621279556
8244,1.91699665,-0.732331715
8245,1.91699665,-0.732331715
8246,-1.68304365,-0.936438181
8247,0.38730257,-0.145778239
8248,-0.254403091,-0.95435155
8249,0.533510155,0.325780602
8250,-0.220438995,-0.817974297
8251,-1.12763128,0.141783277
8252,-0.773291366,0.544363945
8253,-0.773291366,0.544363945
8254,1.5049967,-0.254553082
8255,-0.0202794855,1.74275731
8256,0.673245912,1.67962936
8257,-1.60863473,-0.63845582
8258,0.584660658,1.61648746
8259,-0.225770905,1.87227422
8260,-0.377242685,-1.8850208
8261,-0.377242685,-1.8850208
8262,0.791867264,0.794760427
8263,0.311557396,-1.08272096
8264,-0.626862291,1.24305833
8265,0.87381717,-0.298453426
8266,-0.196877708,0.926684281
8267,0.746752768,-0.893540146
8268,0.451366773,-0.580069553
8269,0.451366773,-0.580069553
8270,0.202145567,-0.237224863
8271,-0.44971085,0.85324138
8272,1.39266238,-0.694328509
8273,1.93934861,0.160466081
8274,1.93344362,-0.199040892
8275,0.408483606,0.410305162
8276,1.08028933,-0.100079141
8277,1.08028933,-0.100079141
8278,1.10289543,-0.604274573
8279,-0.0202890656,0.403144463
8280,-1.43480926,0.821390387
8281,1.82240258,1.44651273
8282,0.117209852,1.0512403
8283,0.260762037,-0.751344057
8284,0.577324462,0.8563606
8285,0.577324462,0.8563606
8286,-1.05502174,-0.230943336
8287,-0.501390491,1.13667973
8288,0.587523826,-0.19691719
8289,-0.241467067,-0.0741290763
8290,0.226492426,0.479820578
8291,0.680505714,-0.454822898
8292,-0.0396639128,-1.53129599
8293,-0.0396639128,-1.53129599
8294,0.117116337,-0.677608181
8295,-0.0407236136,-0.963388319
8296,0.197089311,-0.648987111
8297,0.317316902,-0.0854215291
8298,-0.198918181,0.154492488
8299,-0.648711031,-1.62645761
8300,0.414314007,0.774090912
8301,0.414314007,0.774090912
8302,0.313901826,0.166434395
8303,-1.47272979,0.0800528242
8304,0.0914969557,0.563285001
8305,0.240225225,-0.823251288
8306,0.860302563,-0.08879532
8307,-0.325280436,0.113888314
8308,-1.01780478,0.407441101
8309,-1.01780478,0.407441101
8310,-1.93124404,0.756579458
8311,0.239564975,3.02765975
8312,-0.0940804338,0.957512037
8313,0.259227068,-1.84647737
8314,-0.660711527,0.731895622
8315,0.145263509,0.648388777
8316,0.775682579,0.390179952
8317,0.775682579,0.390179952
8318,1.47985959,-1.03385674
8319,0.42538498,0.0636077546
8320,-0.996319759,-0.555916839
8321,1.30868253,0.538307196
8322,0.256257502,0.689134985
8323,-1.54787017,0
8324,-0.0635828294,-1.53623849
8325,-0.0635828294,-1.53623849
8326,-0.651832058,-1.71805289
8327,-0.554821414,-1.09821576
8328,1.61905206,0.542880469
8329,0.990346074,-2.17204742
8330,1.91193286,-0.641760496
8331,-1.54399602,-0.71222025
8332,2.34857207,0.518093983
8333,2.34857207,0.518093983
8334,1.7456625,-0.621748211
8335,0.515048322,-1.84815925
8336,-1.42612022,1.14656472
8337,0.349813806,-1.53465936
8338,-0.897857597,1.04508491
8339,0.184315229,-0.545282517
8340,1.11007204,0.889199929
8341,1.11007204,0.889199929
8342,0.930248594,-2.36335144
8343,-1.01630507,-1.99323273
8344,0.604703031,-1.05323663
8345,0.524873955,-2.31799538
8346,1.76288948,-1.46620099
8347,0.502964238,-1.54051871
8348,0.188727243,-0.140120084
8349,0.188727243,-0.140120084
8350,1.36112329,-1.01484735
8351,0.55463637,0.791146658
8352,0.368357875,0.244832942
8353,0.954490199,1.48376188
8354,0.635803857,1.41234427
8355,0.365332959,0.691636828
8356,0.675416624,-0.84621033
8357,0.675416624,-0.84621033
8358,0.195928409,0.97141411
8359,1.29066007,0.551974224
8360,-0.403898409,0.505069173
8361,0.570017447,-0.531914863
8362,0.495700748,0.622902682
8363,-0.264110045,1.36696744
8364,0.274848167,-1.17753595
8365,0.274848167,-1.17753595
8366,-0.208751658,0.704428615
8367,0.209925891,-0.530031181
8368,-0.319520119,0.336071667
8369,-0.271917907,-0.397043388
8370,0.105608056,1.30756365
8371,1.33902423,-0.392550756
8372,0.876499136,0.277750353
8373,0.876499136,0.277750353
8374,-0.674363134,-1.33544362
8375,-0.0790455665,0.0396848468
8376,0.343885114,0.180277509
8377,-0.379614132,-0.317274115
8378,0.0889811959,0.0605538924
8379,-0.298187572,0.26175701
8380,-0.344104931,0.562399048
8381,-0.344104931,0.562399048
8382,-0.233765003,-0.440395699
8383,-1.43882058,-0.632356095
8384,-0.395454844,1.18009206
8385,0.318098877,2.45351502
8386,0.209194256,1.89988876
8387,-0.71035498,0.218098305
8388,-0.45556366,1.17119727
8389,-0.45556366,1.17119727
8390,-0.556103438,0.630565735
8391,-0.572968627,-0.600303388
8392,0.602481115,0.478462308
8393,-0.590392516,-0.158584506
8394,-0.455286905,0.35165406
8395,1.51249817,-0.625642913
8396,-1.12554035,0.183806288
8397,-1.12554035,0.183806288
8398,2.12325341,0.983246607
8399,0.756742111,-2.82430432
8400,-0.566211253,-0.358485966
8401,-1.7187973,0.180798059
8402,-0.824278855,0.359687256
8403,0.504064806,-0.228560089
8404,-0.530898399,1.65777264
8405,-0.530898399,1.65777264
8406,0.404952127,-0.479946384
8407,-0.481598622,2.37661221
8408,0.44315404,-0.28988764
8409,0.782152482,0.365209837
8410,1.38747884,0.240839725
8411,1.2110726,1.22808602
8412,-0.671953177,-2.20896073
8413,-0.671953177,-2.20896073
8414,-0.491567762,-1.67819569
8415,-1.2106404,0.908789469
8416,-0.781036407,0.169403499
8417,-1.88739198,-0.678212538
8418,-1.85164066,-0.315715433
8419,-1.36652877,0.652986395
8420,-0.976414649,0.202549175
8421,-0.976414649,0.202549175
8422,-0.752087526,0.410112942
8423,1.02168371,-0.323335816
8424,1.25643375,0.156820824
8425,0.850916806,-1.60997761
8426,1.53015283,0.794044943
8427,1.52035091,0.871401405
8428,-0.901743151,0.141514543
8429,-0.901743151,0.141514543
8430,0.50826177,-0.202577094
8431,0.476437687,-1.87442039
8432,-1.09910623,-0.558078307
8433,0.0589814423,0.832432966
8434,-0.378452404,-0.590302418
8435,0.201322292,0.852053294
8436,1.25298714,-0.400180975
8437,1.25298714,-0.400180975
8438,-1.31363184,-0.0330095596
8439,0.578100172,0.46905066
8440,0.141802492,-0.154249421
8441,0.0421961199,0.897262375
8442,-0.398678566,0.670907273
8443,0.719708922,0.203110846
8444,1.01293753,-0.0393099075
8445,1.01293753,-0.0393099075
8446,1.32878206,-2.65423335
8447,0.678024198,1.03901198
8448,-0.882357138,0.733857223
8449,0.480516947,-0.255810683
8450,-0.600715864,1.6434652
8451,1.45465026,1.50279616
8452,1.04861565,0.0801188004
8453,1.04861565,0.0801188004
8454,-0.791541728,-1.48954967
8455,-1.92829369,-0.569768371
8456,0.587813297,1.2493298
8457,-0.467773546,1.23602429
8458,0.580121955,1.07619819
8459,-1.17566739,0.422981522
8460,1.51474644,-0.666026172
8461,1.51474644,-0.666026172
8462,0.300163249,0.302000195
8463,1.13270875,1.18603815
8464,-0.107362025,-0.258216357
8465,0.411143435,-1.96103052
8466,0.974607817,0.0808132477
8467,2.4328707,1.4315784
8468,-0.318087026,2.03257567
8469,-0.318087026,2.03257567
8470,0.637826125,-1.01910513
8471,-0.420896445,-1.07411905
8472,0.122210595,-0.106160856
8473,-1.22112439,0.195265783
8474,-0.49149496,0.0179086631
8475,-0.261171937,1.28021523
8476,-0.688037638,-0.89562925
8477,-0.688037638,-0.89562925
8478,0.572179601,-0.314541105
8479,-0.693056268,-1.13694861
8480,0.928044504,1.20763969
8481,-1.01637009,-0.0567119963
8482,0.788426579,1.19671014
8483,0.543156553,-0.488013578
8484,0.338360339,0
8485,0.338360339,0
8486,1.06600859,-0.317093122
8487,0.631903935,-0.475249945
8488,-0.386658465,-0.61021163
8489,0.20210151,-1.31772715
8490,0.346889939,-0.554286196
8491,0.830395745,-0.577244487
8492,-0.901990191,1.32318481
8493,-0.901990191,1.32318481
8494,-0.0166113242,0.0669953132
8495,-0.058755178,-0.955821723
8496,-0.579755494,0.27426669
8497,0.20828747,-1.10801053
8498,0.856467229,0.524739885
8499,-0.89206637,0.347586929
8500,0.615160957,0.208970105
8501,0.615160957,0.208970105
8502,-2.01538184,-0.563709493
8503,-1.93010799,1.02915178
8504,0.674248823,0.216172958
8505,1.71894658,-0.311648899
8506,1.25944964,0.0640639077
8507,0.836759209,0.759466499
8508,1.1128927,-0.501117632
8509,1.1128927,-0.501117632
8510,0.0325822157,-0.610712382
8511,0.367492929,-0.841793468
8512,0.291747502,-0.167336615
8513,0.483809621,0.0968995371
8514,0.132907602,0.177546789
8515,2.03645505,3.00677298
8516,-0.324969722,-1.04929281
8517,-0.324969722,-1.04929281
8518,0.662457358,0.0484719472
8519,1.21884435,0.649370366
8520,-0.68900249,0.728137096
8521,1.08153299,-1.52595094
8522,-0.884188977,0.470983388
8523,-1.6803725,2.42016847
8524,-1.499206,0.752213348
8525,-1.499206,0.752213348
8526,-1.74832489,0.881241075
8527,-0.707424335,-1.08076883
8528,-0.15196444,-0.69760898
8529,-0.515765492,2.03553559
8530,0.275174828,1.40300376
8531,-1.23024827,-1.32371499
8532,0.206747588,-1.52412258
8533,0.206747588,-1.52412258
8534,-0.35916609,-1.51681362
8535,0.930006535,-1.39983042
8536,0.662069658,1.06888393
8537,-0.0423496844,0.640367579
8538,1.4512554,1.29628674
8539,0.336544367,1.83451345
8540,1.22912583,0.240776322
8541,1.22912583,0.240776322
8542,0.651891843,0.275544712
8543,0.307378272,-0.803576257
8544,-0.587145445,0.423848149
8545,-1.42127938,-0.846176954
8546,-1.68774297,0.730426303
8547,-0.62579764,0.014355866
8548,-0.0407337733,-0.915327468
8549,-0.0407337733,-0.915327468
8550,0.272176324,-0.905339784
8551,0.60786257,0.637996098
8552,1.47160706,0.197051401
8553,-0.496402837,0.437949158
8554,1.32746619,1.55910224
8555,0.434326832,0.905141703
8556,0.547455909,0.54561267
8557,0.547455909,0.54561267
8558,1.11913125,0.108880753
8559,1.36664398,1.4643106
8560,-0.939808769,0.554899001
8561,0.58071017,-0.320264047
8562,-0.260730484,-0.0185192547
8563,0.204448783,-0.0752201787
8564,-0.745515544,0.181135313
8565,-0.745515544,0.181135313
8566,0.501485991,-0.410244055
8567,-0.941949658,-0.240507349
8568,0.282124501,0.412541476
8569,-0.685899196,-0.419642273
8570,-0.581385426,0.891382163
8571,-1.78336584,-0.441513375
8572,1.49641572,0.213719698
8573,1.49641572,0.213719698
8574,-0.447703522,1.75192202
8575,-0.220680346,1.25290149
8576,0.121414456,-0.669900552
8577,1.38910365,-2.51023935
8578,1.29655203,-0.208856677
8579,0.234928698,0.443684077
8580,-1.10777885,-1.45607972
8581,-1.10777885,-1.45607972
8582,-0.0170016246,-0.600052221
8583,-0.0597791799,-2.26610105
8584,-0.929837657,1.54258811
8585,-0.987487256,0.679548203
8586,-0.953206291,1.43766464
8587,-0.182101078,-1.30131494
8588,-1.77615791,1.22522605
8589,-1.77615791,1.22522605
8590,-0.259518312,1.99411675
8591,0.102431399,-1.39835948
8592,0.52151774,-1.2321919
8593,-0.704905069,0.419136791
8594,0.195410571,0.361382253
8595,-1.03684773,-0.37061963
8596,-1.21808736,-0.406162184
8597,-1.21808736,-0.406162184
8598,0.212930398,-2.04165562
8599,1.63713853,0.0198848419
8600,-0.200717101,0.518136849
8601,-0.41060307,-1.58740441
8602,-0.142665381,0.36979815
8603,-0.475709024,-0.518127693
8604,-0.4097685,0.475107613
8605,-0.4097685,0.475107613
8606,0.763358803,1.51584442
8607,0.084567293,-0.610491326
8608,0.247656962,0.244425908
8609,0.379676007,0.0851004988
8610,-0.460693464,0.429058701
8611,-0.423405395,-0.324479375
8612,2.33838799,0.304379323
8613,2.33838799,0.304379323
8614,-0.485136573,-1.08574547
8615,0.903892628,1.21209779
8616,0.281828112,0.497601011
8617,2.2715802,-0.382489378
8618,1.23025196,0.516008014
8619,1.38494699,1.20815386
8620,-0.613651569,1.76336465
8621,-0.613651569,1.76336465
8622,0.0861636726,-0.517914369
8623,0.334526487,-1.02504623
8624,-0.754739417,-0.0304757791
8625,-1.11656172,-0.879654669
8626,-0.915777216,0.703415955
8627,-1.14781683,1.78755433
8628,2.03574897,0.35032519
8629,2.03574897,0.35032519
8630,0.238031817,-1.15678789
8631,-1.58017501,1.10751303
8632,1.03193848,0.374341138
8633,0.154914328,-0.621453342
8634,1.30372224,0.307226191
8635,-0.288089083,0.323448427
8636,0.831740143,-0.0794263794
8637,0.831740143,-0.0794263794
8638,0.295652344,-0.596762716
8639,-1.14764588,-0.565027057
8640,-1.35946764,-0.906069498
8641,0.173129164,-1.47360429
8642,-1.25927392,-1.23836525
8643,-0.74407294,0.735901445
8644,-1.45903275,-0.618285743
8645,-1.45903275,-0.618285743
8646,-0.451446323,-0.998285113
8647,0.333991797,1.40482673
8648,1.00974383,0.743696459
8649,-1.38689254,1.24977953
8650,0.289910515,1.27247668
8651,0.518996684,0.217963688
8652,1.1664142,0.0592877436
8653,1.1664142,0.0592877436
8654,0.383236896,0.200905585
8655,0.41850174,-0.204360312
8656,-1.45468523,-0.120146342
8657,-0.210646227,-0.244432825
8658,-1.27053223,0.906270807
8659,0.522122004,1.41819923
8660,-0.0806995974,-1.30932448
8661,-0.0806995974,-1.30932448
8662,0.610347021,-0.582065481
8663,1.18277536,-0.435420217
8664,0.203048792,0.865584078
8665,-2.67290733,1.21695766
8666,-0.22298036,1.54787907
8667,0.47015784,-2.0807598
8668,0.078264471,-0.71849974
8669,0.078264471,-0.71849974
8670,0.307635736,-0.925163979
8671,-0.411571121,-0.392967158
8672,1.75169912,0.416724122
8673,-1.80085319,1.42653438
8674,0.545430286,1.07158613
8675,-1.36900539,1.4014817
8676,-0.889377238,-0.71252047
8677,-0.889377238,-0.71252047
8678,1.39828241,-1.15005396
8679,0.820208596,-0.990317891
8680,-0.957104644,-0.0295743355
8681,-1.64978751,0.409087861
8682,-1.51033563,0.493275344
8683,-0.182848221,0.201062367
8684,-0.020296312,-0.0804492702
8685,-0.020296312,-0.0804492702
8686,0.744995272,-1.46075892
8687,0.882208264,0.712080204
8688,-0.428142941,1.03405447
8689,-0.946411055,1.14414474
8690,0.18872372,1.52959333
8691,0.721039502,1.06363391
8692,0.882663589,0.771835419
8693,0.882663589,0.771835419
8694,-0.11590777,-0.735867394
8695,0.120091413,1.07539148
8696,1.0839658,0.0899126649
8697,-0.117698616,-0.130740719
8698,0.47148431,-0.210111435
8699,-0.936118425,1.08839902
8700,-1.60318129,-0.290138721
8701,-1.60318129,-0.290138721
8702,-0.0337102331,-0.0660878727
8703,1.13519734,-0.828645146
8704,0.4223421,-1.54257543
8705,0.0283012571,-0.210243426
8706,1.30834049,-0.822880456
8707,0.318278871,0.0849766419
8708,-0.202040637,-0.184537697
8709,-0.202040637,-0.184537697
8710,-1.35669341,-0.406670609
8711,-1.46624723,1.50236172
8712,-0.419846948,1.95188867
8713,1.5470512,0.637259938
8714,0.398641396,1.95608011
8715,0.161152217,-0.779974482
8716,0.797146671,-2.60015836
8717,0.797146671,-2.60015836
8718,0.74828208,1.76357847
8719,-1.32522157,-0.2149687
8720,-1.26885735,-0.808268098
8721,-0.935970189,-0.456941597
8722,-1.30769467,-0.375423015
8723,0.403023329,-0.587533251
8724,-0.614944751,0.268249497
8725,-0.614944751,0.268249497
8726,-0.714456899,-1.77613715
8727,-1.67938027,-1.11871603
8728,1.00829643,0.868398259
8729,-1.52734893,-1.01423341
8730,0.482790832,0.938153973
8731,0.166730198,0.755221682
8732,-2.38993673,-0.0398673297
8733,-2.38993673,-0.0398673297
8734,0.433312217,-0.579575491
8735,0.813189173,1.04503773
8736,0.234321741,1.03200781
8737,-0.0273820363,-0.512440155
8738,0.551800141,0.627542174
8739,-0.163267012,-1.97540658
8740,-1.03594601,0.260050712
8741,-1.03594601,0.260050712
8742,-0.779834327,-0.789503489
8743,-1.14749122,-0.837632264
8744,-1.0071347,-0.307531175
8745,0.468748333,0.569920195
8746,-0.256901951,0.111043679
8747,-0.382696576,2.48363181
8748,0.566146615,-0.251107341
8749,0.566146615,-0.251107341
8750,-0.997523156,-0.195946739
8751,-1.16449093,-1.79050987
8752,0.030629887,-0.46619032
8753,-1.2205434,-1.45552845
8754,0.583998049,-0.74207047
8755,-1.12130151,0.256648702
8756,0.160969707,1.28146279
8757,0.160969707,1.28146279
8758,0.135126697,-0.997569458
8759,0.375466257,0.14477458
8760,-0.254403091,-0.95435155
8761,-2.3777901,-0.955213994
8762,-1.20964023,-0.66431851
8763,-0.42465168,-1.24219451
8764,0.161925497,-0.448559566
8765,0.161925497,-0.448559566
8766,-0.137395592,-1.37316452
8767,0.909629607,-0.185026916
8768,0.673245912,1.67962936
8769,0.334996539,-2.46925934
8770,1.3875481,1.00885644
8771,2.59142626,0.489790761
8772,-0.120004812,0.685173269
8773,-0.120004812,0.685173269
8774,0.995067149,1.85198727
8775,0.953731234,-0.642342462
8776,-0.626862291,1.24305833
8777,-0.947144542,0.361656538
8778,-0.701953392,1.25402307
8779,1.13426107,0.696210903
8780,-0.644362009,-0.144786998
8781,-0.644362009,-0.144786998
8782,0.119234786,-1.50540064
8783,0.102068095,0.38410382
8784,1.39266238,-0.694328509
8785,1.48439728,0.254068606
8786,2.3835479,-0.0635806616
8787,2.30051968,0.427753068
8788,-0.399852732,-0.494602414
8789,-0.399852732,-0.494602414
8790,-2.32750082,-0.114324307
8791,-1.23975687,-0.934969688
8792,-1.43480926,0.821390387
8793,0.773599564,1.62704917
8794,-1.28700841,0.634289458
8795,-1.57080016,0.0877596307
8796,1.22618497,2.71315421
8797,1.22618497,2.71315421
8798,-2.1741228,0.298566111
8799,0.378753777,-0.953193166
8800,0.587523826,-0.19691719
8801,-0.071115225,-0.468345769
8802,-0.00928066226,0.38875723
8803,-2.03651542,-1.07382894
8804,1.6689205,-1.30011313
8805,1.6689205,-1.30011313
8806,-0.221996902,0.223511074
8807,0.876877602,-0.060136555
8808,0.197089311,-0.648987111
8809,-0.985519957,0.47258218
8810,0.262742241,0.0915587685
8811,-1.78729699,-1.29526544
8812,0.0208333447,-0.224338103
8813,0.0208333447,-0.224338103
8814,-0.980565168,-1.2206006
8815,-0.102348753,-1.77994736
8816,0.0914969557,0.563285001
8817,-0.921759645,-0.30138789
8818,0.764700689,0.728775963
8819,1.32748773,-0.630157335
8820,-1.48873936,0.50439744
8821,-1.48873936,0.50439744
8822,-2.089054,0.515840096
8823,1.33425207,-0.987876592
8824,-0.0940804338,0.957512037
8825,-0.0864377382,-0.183333725
8826,-0.632475719,1.11682247
8827,0.367561607,0.786327664
8828,-0.288183297,-0.514894982
8829,-0.288183297,-0.514894982
8830,0.154136008,-1.44849057
8831,-0.296675198,-0.0404068045
8832,-0.996319759,-0.555916839
8833,-0.46656152,-1.83151626
8834,-1.3910537,-0.240137772
8835,-0.997096729,0.789638499
8836,-0.0395286642,-0.528770549
8837,-0.0395286642,-0.528770549
8838,-0.633626499,-0.820772721
8839,1.20606736,0.847298235
8840,1.61905206,0.542880469
8841,0.648253499,-0.561388638
8842,1.50764569,-0.142130213
8843,0.373142578,1.10078205
8844,0.315041597,0.273935175
8845,0.315041597,0.273935175
8846,-0.343688678,0.3586303
8847,-0.139138199,0.452665781
8848,-1.42612022,1.14656472
8849,0.311802112,-0.0995475878
8850,-0.93367015,2.33122448
8851,1.49668548,-0.204878397
8852,0.848537069,0.88351269
8853,0.848537069,0.88351269
8854,-0.209999493,-1.22622904
8855,0.952588101,-0.3818212
8856,0.604703031,-1.05323663
8857,-0.995202069,-0.857323102
8858,0.173358597,-1.32652641
8859,0,-0.241559914
8860,-1.73414163,-0.0405086688
8861,-1.73414163,-0.0405086688
8862,0.391069838,0.409968078
8863,-0.204656784,-0.289539383
8864,0.368357875,0.244832942
8865,-0.902415953,1.37402357
8866,-0.153222298,0.547259731
8867,0.0573413186,-2.84141943
8868,1.13277162,0.164016314
8869,1.13277162,0.164016314
8870,0.195961406,1.11942754
8871,-1.36946711,1.58004604
8872,-0.403898409,0.505069173
8873,-1.55655581,0.519508921
8874,-0.162753206,0.638116654
8875,-0.0438807447,0.703685364
8876,0.822419701,0.350115188
8877,0.822419701,0.350115188
8878,-0.0670235924,-0.525305539
8879,0.722602213,-0.333845852
8880,-0.319520119,0.336071667
8881,-0.163013398,1.44677843
8882,-0.171189837,1.83076692
8883,0.388654076,-0.370250304
8884,0,1.30276191
8885,0,1.30276191
8886,-1.05571361,-0.959993174
8887,-0.978851846,0.642602089
8888,0.343885114,0.180277509
8889,1.22268586,1.34456377
8890,1.02119917,1.0694106
8891,1.12796116,0.403032821
8892,1.28001925,-0.262703494
8893,1.28001925,-0.262703494
8894,1.08762483,0.73102819
8895,-0.568238269,0.616148066
8896,-0.395454844,1.18009206
8897,0.701808813,-0.618495994
8898,0.636271298,1.32381949
8899,0.746365767,0.165291899
8900,-0.65286094,1.16992578
8901,-0.65286094,1.16992578
8902,-0.372086419,2.16904883
8903,0.122334679,0.672364193
8904,0.602481115,0.478462308
8905,0.730774461,-0.585088048
8906,0.915672914,0.527820934
8907,0.159883025,1.12965277
8908,-0.345921284,0.10379973
8909,-0.345921284,0.10379973
8910,0.355051876,0.80551459
8911,-0.101878875,-0.204240631
8912,-0.566211253,-0.358485966
8913,0.958801142,-0.879386009
8914,-0.164068761,0.135549524
8915,-2.75070999,0
8916,-0.101395964,0.1883883
8917,-0.101395964,0.1883883
8918,0.501435513,-0.725263084
8919,0.142333345,1.26737358
8920,0.44315404,-0.28988764
8921,2.35696987,-0.392338024
8922,1.63189918,-0.0737536976
8923,0.154817394,-0.576736365
8924,-0.484401848,-0.692389842
8925,-0.484401848,-0.692389842
8926,0.118366908,0.217913405
8927,0.0422774427,-0.782763961
8928,-0.781036407,0.169403499
8929,-0.0999818217,-2.39239759
8930,-1.59176212,-0.0725205013
8931,-0.902244955,0.11155902
8932,0.8919804,0.380996103
8933,0.8919804,0.380996103
8934,-0.318887903,-0.60528997
8935,1.54510088,-1.30235474
8936,1.25643375,0.156820824
8937,0.280643322,1.45387679
8938,1.48743587,0.934714912
8939,-2.30122246,0.365256361
8940,0.427458971,-0.585149985
8941,0.427458971,-0.585149985
8942,-0.186756392,0.676326356
8943,-0.381336735,-0.604152537
8944,-1.09910623,-0.558078307
8945,0.423104506,-0.629050101
8946,-0.655621842,-0.407324794
8947,0.650131992,-0.469103215
8948,-1.08893925,0.162652607
8949,-1.08893925,0.162652607
8950,-1.51876418,-0.624527929
8951,0.528002107,0.165821045
8952,0.141802492,-0.154249421
8953,-0.0718975956,-1.08891838
8954,-0.0627312003,0.350898455
8955,1.16777584,-0.314885423
8956,-0.852471947,-1.17039986
8957,-0.852471947,-1.17039986
8958,0.855829693,0.0645502701
8959,-2.23193738,0.235831133
8960,-0.882357138,0.733857223
8961,0.947583997,0.778550572
8962,-0.559756079,1.84775711
8963,0.0986755743,-1.55306883
8964,0.0212334207,0.933454648
8965,0.0212334207,0.933454648
8966,1.19445801,0.66389594
8967,-0.0405796593,0.0815486365
8968,0.587813297,1.2493298
8969,-1.40764906,0.886351313
8970,0.204145156,1.15738933
8971,-0.126403231,0.101222747
8972,0.651046976,0.519774943
8973,0.651046976,0.519774943
8974,-0.953727177,0.986304404
8975,-0.236007032,-0.100237081
8976,-0.107362025,-0.258216357
8977,0.494065538,-0.924091392
8978,1.16062043,-0.226379108
8979,-0.126806721,0.158196683
8980,0.199986167,-0.71962834
8981,0.199986167,-0.71962834
8982,-1.063824,-1.03683774
8983,0.200998709,0.185516489
8984,0.122210595,-0.106160856
8985,-0.683444943,-0.128916518
8986,-0.638874764,0.555129764
8987,-0.991496057,0.828692771
8988,0.582467355,-1.11838553
8989,0.582467355,-1.11838553
8990,1.62686976,-0.784670997
8991,0.712325753,1.25859964
8992,0.928044504,1.20763969
8993,0.25864905,-0.794985852
8994,0.748270616,1.78941178
8995,1.35760275,0.343175875
8996,-0.143894886,-0.389575068
8997,-0.143894886,-0.389575068
8998,0.267466501,-0.815312819
8999,0.756060748,1.14023275
9000,-0.386658465,-0.61021163
9001,0.911389866,2.42807894
9002,0.459242971,0.62212828
9003,1.47270498,-0.085734416
9004,0.541455849,1.88534321
9005,0.541455849,1.88534321
9006,1.0226435,-0.593189177
9007,-0.239335581,-1.24547426
9008,-0.579755494,0.27426669
9009,0.499862753,-1.94121705
9010,0.301085368,0.921198042
9011,0.482033907,1.00268158
9012,0.692785358,-1.06585989
9013,0.692785358,-1.06585989
9014,-0.840737312,0.773462831
9015,1.3035458,-0.45368309
9016,0.674248823,0.216172958
9017,-0.649195925,-0.218588766
9018,0.182215436,0.117990966
9019,-1.10254532,-0.130811999
9020,0.301783754,-0.957086897
9021,0.301783754,-0.957086897
9022,-0.0661632374,0.385687971
9023,-1.86258505,0.299893741
9024,0.291747502,-0.167336615
9025,-1.42000785,0.698554141
9026,0.599131511,0.457121841
9027,0.929265871,-0.2544895
9028,-2.47102757,-1.11095672
9029,-2.47102757,-1.11095672
9030,0.559891818,-0.166832373
9031,0.863060473,0.975673077
9032,-0.68900249,0.728137096
9033,-0.229620275,1.33028344
9034,-0.76535057,1.16354718
9035,0.197200502,0.603985892
9036,-0.0201240622,-0.268820971
9037,-0.0201240622,-0.268820971
9038,1.21913837,-1.24514236
9039,0.572536788,-1.51352429
9040,-0.15196444,-0.69760898
9041,-1.30929938,0.772810853
9042,0.218840934,0.710440112
9043,1.6056078,-0.762816694
9044,0.124238226,0.866110375
9045,0.124238226,0.866110375
9046,-0.505200964,-0.838181321
9047,-0.234334067,-1.70607303
9048,0.662069658,1.06888393
9049,0.533007075,-1.10253544
9050,0.858352918,0.279393536
9051,0.853797868,0.408228281
9052,0.509931623,-0.681260985
9053,0.509931623,-0.681260985
9054,1.807233,2.90118071
9055,0.860961226,-0.237589879
9056,-0.587145445,0.423848149
9057,0.623268384,-0.128004809
9058,-0.608226466,1.23501099
9059,-1.77729229,1.19072765
9060,-0.352949509,0.286406475
9061,-0.352949509,0.286406475
9062,1.32189402,0.143991628
9063,-0.0391924488,0.467721419
9064,1.47160706,0.197051401
9065,-0.10084033,3.69604329
9066,1.00363709,2.11017053
9067,-1.20921038,-0.0717214885
9068,-0.307995408,-0.29924989
9069,-0.307995408,-0.29924989
9070,0.301271615,0.82348416
9071,-0.0621267573,0.203119097
9072,-0.939808769,0.554899001
9073,-0.845197075,-0.620429511
9074,-0.763010458,0.508575316
9075,-0.573799585,1.44051703
9076,1.06818198,1.02645344
9077,1.06818198,1.02645344
9078,-2.06109254,1.50857885
9079,1.30401228,1.73893269
9080,0.282124501,0.412541476
9081,0.014704914,0.737009719
9082,-0.366847173,1.10520985
9083,-0.99046893,0.057759551
9084,-0.998574483,-0.0601415217
9085,-0.998574483,-0.0601415217
9086,1.38913368,0.811452217
9087,0.780948387,0.697380628
9088,0.121414456,-0.669900552
9089,2.8309075,-1.20166256
9090,1.82760228,-0.817508097
9091,0.621666399,-0.692033023
9092,-0.664013162,0.161689092
9093,-0.664013162,0.161689092
9094,-1.35438672,-2.08371387
9095,0.0612618467,-1.37477995
9096,-0.929837657,1.54258811
9097,-1.62403586,-1.69325127
9098,-1.21193327,0.626402544
9099,0.787588717,-1.4922338
9100,-0.923691512,-2.22533679
9101,-0.923691512,-2.22533679
9102,-1.62127921,0.814267027
9103,-0.268578726,0.829622452
9104,0.52151774,-1.2321919
9105,1.21129766,0.210858939
9106,1.20118135,-0.437365492
9107,0.557982704,0.25639904
9108,0.25832841,0.290188703
9109,0.25832841,0.290188703
9110,-0.480682335,-0.349943526
9111,1.23511254,-0.299020904
9112,-0.200717101,0.518136849
9113,0.130859121,0.311071791
9114,0.117643132,1.31348231
9115,-1.15527269,-0.432202139
9116,1.8356323,0.743726638
9117,1.8356323,0.743726638
9118,0.149765848,-1.17881346
9119,1.60377959,0.331147782
9120,0.247656962,0.244425908
9121,1.86377087,-1.14881854
9122,0.571556215,-0.337486369
9123,0.479570255,0.101728878
9124,-0.646534667,-1.99718086
9125,-0.646534667,-1.99718086
9126,-0.434939883,0.321946928
9127,0.0201492738,0.161018076
9128,0.281828112,0.497601011
9129,-0.281569527,0.220755393
9130,0.403988532,0.715806172
9131,-0.567356011,-2.35059628
9132,-0.658587391,-0.0590511141
9133,-0.658587391,-0.0590511141
9134,-1.02748233,-0.133502223
9135,0.315743312,-0.554489003
9136,-0.754739417,-0.0304757791
9137,-0.0295222049,0.43587741
9138,-0.545904082,1.30295538
9139,-0.564347475,0.235224261
9140,0.122300152,-0.897495456
9141,0.122300152,-0.897495456
9142,-0.72704328,0.475747972
9143,-0.88561193,2.52914427
9144,1.03193848,0.374341138
9145,-0.362088718,-0.452603926
9146,0.560424912,-0.072791938
9147,0.958242768,0.506861235
9148,1.1479287,-0.623801609
9149,1.1479287,-0.623801609
9150,0.0820427325,1.20787101
9151,0.285554712,-0.0405932736
9152,-1.35946764,-0.906069498
9153,-0.323926591,0.249596082
9154,-0.0798136906,-0.701691555
9155,-0.496860794,-0.599704071
9156,-0.0384100579,-1.12272486
9157,-0.0384100579,-1.12272486
9158,-1.05298491,-0.696919576
9159,-1.33390868,0.942411997
9160,1.00974383,0.743696459
9161,0.571136407,1.25500477
9162,1.37501917,0.829255499
9163,-0.910703114,-1.40202684
9164,0.506316455,0.470855694
9165,0.506316455,0.470855694
9166,-0.364201012,0.562480951
9167,-0.576414954,-0.765396269
9168,-1.45468523,-0.120146342
9169,-0.493333963,-0.659767481
9170,-1.16420252,0.14828589
9171,-0.857386456,-0.567352547
9172,0.320961714,-0.0398881899
9173,0.320961714,-0.0398881899
9174,-2.2054159,-0.592733181
9175,-1.00399829,0.247644124
9176,0.203048792,0.865584078
9177,1.04532414,-0.380231408
9178,1.16362919,1.56483361
9179,0.747616308,-0.298731507
9180,0.27412904,1.38980219
9181,0.27412904,1.38980219
9182,-0.179673384,0.865268452
9183,-0.039288649,-0.466163974
9184,1.75169912,0.416724122
9185,-0.693651938,0.476707034
9186,1.38781161,0.728770398
9187,-1.73209403,0.875457485
9188,-0.461920441,-0.616646464
9189,-0.461920441,-0.616646464
9190,-0.175934471,-0.282928867
9191,-1.16044247,-0.415126957
9192,-0.957104644,-0.0295743355
9193,-0.549861817,-0.740327844
9194,-1.9447745,0.378078759
9195,-0.13346072,-1.38437341
9196,-0.585178949,-0.254115707
9197,-0.585178949,-0.254115707
9198,0.996242515,-0.994086596
9199,-1.36581944,0.450777357
9200,-0.428142941,1.03405447
9201,1.86573813,0.301356895
9202,1.03815299,1.67975022
9203,0.817710972,1.42376882
9204,-0.546646471,-0.0986694891
9205,-0.546646471,-0.0986694891
9206,-1.89663792,-0.919382713
9207,0.288237345,0.331147782
9208,1.0839658,0.0899126649
9209,-1.56172223,-0.140176606
9210,-0.0184399878,1.15363539
9211,1.19175112,-0.631019437
9212,0.491264921,1.9650855
9213,0.491264921,1.9650855
9214,1.01149578,-1.98497227
9215,0.570002077,-1.00031957
9216,-0.72723815,-0.211593007
9217,0.298604625,1.27591192
9218,-1.3650589,0.820447593
9219,-1.58433261,0.362592276
9220,1.52567242,-2.59362169
9221,1.52567242,-2.59362169
9222,1.83002503,1.02442899
9223,0.275146176,0.41069331
9224,1.57276586,1.06711723
9225,0.732556417,0.68913484
9226,-0.153415386,0.837043896
9227,-0.286484614,3.43576866
9228,-1.46204375,0.228185954
9229,-1.46204375,0.228185954
9230,0.0513807844,-0.0169031638
9231,-1.57076684,-0.297821995
9232,1.78590666,0.485244806
9233,0.553992519,0.297330295
9234,0.772645774,0.507007409
9235,-0.323399375,-0.362677564
9236,1.01927527,-0.567734301
9237,1.01927527,-0.567734301
9238,0.844474836,-0.337801399
9239,-1.73079225,-0.865333382
9240,-0.990212583,1.75404987
9241,0.40126339,0.691337804
9242,0.344983546,0.709680494
9243,1.2222827,-0.133809104
9244,-0.414185728,1.39642318
9245,-0.414185728,1.39642318
9246,-0.0822449936,-0.488614947
9247,-0.244743829,-0.392323316
9248,2.14938626,2.10720933
9249,0.39201813,1.68504819
9250,0.465359444,1.75105354
9251,0.796637224,-0.619896064
9252,0.578575182,-0.7334306
9253,0.578575182,-0.7334306
9254,0.62508676,1.88595914
9255,1.32179553,0.88178046
9256,1.04698121,0.961612777
9257,-0.769751484,0.375508031
9258,-1.00449666,1.80559128
9259,-0.693860755,-1.32305625
9260,-1.1914602,-1.13416103
9261,-1.1914602,-1.13416103
9262,1.5946737,-0.265187193
9263,0.795330231,-1.80470537
9264,-0.282892092,0.852542626
9265,-0.13041762,-0.839835714
9266,0.564260652,0.832889805
9267,0.90737185,-0.310700084
9268,-0.270249689,-0.588802931
9269,-0.270249689,-0.588802931
9270,-1.58571736,-1.69410247
9271,-0.548356622,-1.14129417
9272,0.679289728,1.56848473
9273,-0.172981682,0.743010111
9274,-1.06541142,2.12598811
9275,-1.51579443,-0.371528452
9276,0.504992238,-0.704380239
9277,0.504992238,-0.704380239
9278,0.851107482,0.787770647
9279,1.3924694,-0.333263737
9280,-0.0743910799,1.13109682
9281,-1.56648326,-1.88301599
9282,-1.37552135,0.916743828
9283,-0.311077296,-0.593809165
9284,0.474394133,-1.17945137
9285,0.474394133,-1.17945137
9286,-0.253268314,0.413699983
9287,0.396390309,0.875942867
9288,2.02670074,2.268648
9289,0.070656246,1.37467823
9290,1.41804782,1.91739684
9291,-1.80782698,-0.384159745
9292,1.5198385,-1.26861192
9293,1.5198385,-1.26861192
9294,1.86291582,1.67266018
9295,-0.400074834,1.84037395
9296,-0.263592983,0.983068124
9297,0.436170908,-0.22783033
9298,0.484512176,1.24969359
9299,1.335328,2.53617863
9300,1.98453305,-0.460751961
9301,1.98453305,-0.460751961
9302,-0.351330451,0.707722678
9303,-1.21073606,-0.0801907553
9304,-0.338902099,0.20626517
9305,-0.502784196,1.00025537
9306,-0.893594655,0.838161218
9307,-1.13900104,1.52265367
9308,0.558071482,1.04535359
9309,0.558071482,1.04535359
9310,0.739774924,0.778648914
9311,-1.44493701,1.09024885
9312,2.03491352,2.24443102
9313,-0.252144108,1.47862636
9314,-0.711702603,2.95603281
9315,0.542531738,-0.0437575025
9316,0.0200277368,-0.0406171
9317,0.0200277368,-0.0406171
9318,1.8166182,0.843750681
9319,0.43444392,-0.408721907
9320,0.475466694,1.59250284
9321,0.842166775,-0.886028452
9322,0.540653198,1.41087171
9323,-0.504538183,0.214897998
9324,0.743309331,0.492731305
9325,0.743309331,0.492731305
9326,-0.963402503,0.735576153
9327,-0.271152813,-0.741527372
9328,-0.271144381,1.07601707
9329,1.19073883,-0.414696322
9330,0.555426212,-0.149937017
9331,-0.201009588,0.410991334
9332,0.380322887,0.611726541
9333,0.380322887,0.611726541
9334,1.15450883,1.09181474
9335,-1.09198305,0.239118266
9336,1.51587145,1.35008882
9337,-0.336138258,1.74397698
9338,1.41432434,1.56528639
9339,-0.0462646335,1.34127844
9340,-0.72177606,-2.64021705
9341,-0.72177606,-2.64021705
9342,0.209248449,0.927685215
9343,-0.142170505,-0.137582478
9344,0.574445062,3.01827316
9345,-0.387087695,0.762112934
9346,0.459725279,2.33466259
9347,1.48621635,1.3328912
9348,-0.347736107,-0.481129024
9349,-0.347736107,-0.481129024
9350,0.0166812651,2.03877869
9351,0.415391222,-0.6867761
9352,1.03949689,0.496386172
9353,-0.394644092,0.135419829
9354,0.489478393,0.615462458
9355,1.9862987,-0.748148613
9356,-1.18780887,-0.431470857
9357,-1.18780887,-0.431470857
9358,0.391657994,0.79492706
9359,1.06925113,-0.639087002
9360,1.08935456,0.962344319
9361,1.17164991,-0.481081211
9362,0.41572488,1.25837721
9363,-0.770983672,1.17060678
9364,0.519484802,-0.240891803
9365,0.519484802,-0.240891803
9366,0.773298067,-0.145102694
9367,0.551214921,-1.20929466
9368,-0.0884573664,0.809060545
9369,-0.504425755,-0.174265621
9370,-0.665311859,0.604816031
9371,0.725159128,-0.0948159315
9372,1.00105455,1.11970102
9373,1.00105455,1.11970102
9374,-0.101455423,2.25872715
9375,-0.689100989,0.344534698
9376,0.284014996,3.44398425
9377,-0.735441558,-0.926010201
9378,-0.761820086,1.25865658
9379,-0.837388111,0.753852001
9380,0.345328353,1.14140391
9381,0.345328353,1.14140391
9382,-1.27451444,0.185283698
9383,-0.695174338,-0.255776419
9384,0.328857536,0.206316808
9385,1.25254715,-0.157871314
9386,1.38899644,-0.0439963354
9387,-1.05184026,-1.78180856
9388,-0.184661489,0.251030215
9389,-0.184661489,0.251030215
9390,2.09703283,0.709894819
9391,0.896019199,-0.672006372
9392,0.605318098,0.31288236
9393,0.359167737,0.599956422
9394,0.517575548,1.78614715
9395,-1.10584462,-1.28862975
9396,-0.218151628,-0.020127658
9397,-0.218151628,-0.020127658
9398,1.68386059,0.987259178
9399,-0.493076425,0.61549706
9400,1.093498,2.50695988
9401,-0.732891506,0.194421981
9402,-0.948160562,2.17273354
9403,0.0732737143,0.750582706
9404,0.185714361,-0.101456005
9405,0.185714361,-0.101456005
9406,0.795290265,0.793515089
9407,-1.38954822,-0.709849945
9408,1.39229078,1.23711663
9409,1.6470878,0.338660583
9410,1.87591745,1.15237082
9411,-0.557673987,-0.0296908053
9412,0.0208504531,-1.29462049
9413,0.0208504531,-1.29462049
9414,1.06193679,1.01868779
9415,0.750790984,-0.453557448
9416,0.406446798,-0.439726128
9417,0.729049571,0.843187792
9418,-0.168662219,0.596178076
9419,1.35834942,-0.0892284405
9420,0.635953958,-0.102300206
9421,0.635953958,-0.102300206
9422,0.848920623,-0.936980329
9423,-0.0404198317,-3.43993405
9424,0.838459143,2.52731876
9425,1.70319484,0.400166088
9426,0.611029158,2.7131383
9427,2.08101055,-0.203753321
9428,-0.256389572,-0.340359316
9429,-0.256389572,-0.340359316
9430,-0.19592998,1.80712971
9431,-0.52959755,-0.732118034
9432,0.29990035,2.22343119
9433,1.43998451,-0.0293468273
9434,2.39566926,2.7988944
9435,0.204859156,0.477104104
9436,-0.404557453,0.411365533
9437,-0.404557453,0.411365533
9438,0.180567621,0.574393616
9439,0.384664501,0.0397526886
9440,1.38899837,0.828806215
9441,0.736200073,-0.462221118
9442,2.12618548,0.644951166
9443,1.55509218,-1.48499593
9444,0.103209456,-0.209176475
9445,0.103209456,-0.209176475
9446,0.472097128,1.38320255
9447,-0.452210661,-1.02607202
9448,0.730717402,1.47541192
9449,-1.41464547,1.29325122
9450,-0.615948236,1.76281353
9451,2.53820953,-0.674514512
9452,-1.00383775,-1.31675378
9453,-1.00383775,-1.31675378
9454,0.297879219,0.434962497
9455,0.163658611,-0.528865902
9456,1.34950263,0.886624996
9457,0.524813351,1.02063913
9458,1.05563411,0.760308648
9459,1.10521658,1.91865878
9460,0.481335293,1.54655716
9461,0.481335293,1.54655716
9462,0.52272588,1.12326651
9463,0.963543858,0.227108343
9464,-0.282629348,0.838983742
9465,0.494787904,-2.47894472
9466,1.00698184,-0.500416998
9467,0.262528288,-0.878113903
9468,-1.07030636,0.93430614
9469,-1.07030636,0.93430614
9470,0.309218728,0.345612018
9471,-1.20800576,0.866345942
9472,0.567779966,2.14274189
9473,-0.372971524,-0.73768756
9474,-0.534874304,0.843044942
9475,1.33470815,0.542010603
9476,2.32219448,-1.07657744
9477,2.32219448,-1.07657744
9478,-0.547668677,0.149521152
9479,-1.4336769,0.97739951
9480,0.806567265,1.81658737
9481,-1.54182408,-2.30447157
9482,-0.794128422,-0.42988621
9483,-0.572964514,-0.798608315
9484,1.39805355,0.703703929
9485,1.39805355,0.703703929
9486,0.293118305,0.218515609
9487,-0.295145915,1.54162545
9488,0.844805306,0.563677441
9489,1.34938621,-0.558458509
9490,1.22018419,1.26757442
9491,0.850757668,-0.953706759
9492,-0.302054754,-1.68744303
9493,-0.302054754,-1.68744303
9494,0.397154846,0.421311474
9495,-1.38064749,-0.283248658
9496,-0.56540091,1.21453234
9497,-1.1639523,-0.256104182
9498,-0.362365372,0.936304696
9499,1.80339915,0.322861273
9500,0.571294368,0.0599960605
9501,0.571294368,0.0599960605
9502,-0.376408804,1.82131655
9503,-0.377896641,1.34605738
9504,1.88300814,1.75346144
9505,1.4362555,-0.587592332
9506,1.46702885,0.461115269
9507,0.278672404,-1.75346509
9508,1.1496848,0.0595111526
9509,1.1496848,0.0595111526
9510,-0.811429182,1.52117684
9511,0.277989581,0.718539195
9512,1.75351262,0.946424948
9513,-1.5385699,0.748312316
9514,0.41824392,1.61544482
9515,0.707164176,0.976455677
9516,1.4548687,0.544497094
9517,1.4548687,0.544497094
9518,0.936694483,0.192638435
9519,0.879475489,-1.27884027
9520,-0.222791635,0.475802476
9521,0.862159219,-0.679355451
9522,0.811909426,0.420937173
9523,1.04826198,-0.0876081761
9524,-0.301538522,0.750384469
9525,-0.301538522,0.750384469
9526,-0.114005114,1.48430552
9527,1.16809644,-0.578404558
9528,0.797155164,1.46036998
9529,0.919690012,-0.298321165
9530,1.25637403,0.110313211
9531,-0.587134282,1.28532672
9532,-2.01495631,0.0813488936
9533,-2.01495631,0.0813488936
9534,-0.317547867,0.103183553
9535,2.39747596,-0.12271796
9536,-0.315802248,1.75452631
9537,0.711502078,-0.673343633
9538,-1.05804381,0.771588064
9539,1.3611649,0.0450819635
9540,-0.339450687,0.25658926
9541,-0.339450687,0.25658926
9542,0.250028287,1.44758754
9543,1.55109084,-0.621303302
9544,1.93954192,2.59962684
9545,-1.13633406,0.929795873
9546,1.71330823,2.2826206
9547,-0.576701424,3.49644391
9548,-0.614880662,-0.755885159
9549,-0.614880662,-0.755885159
9550,0.0855475171,0.917529976
9551,-0.509975695,-1.26127006
9552,-0.0592389252,0.280284294
9553,1.67406889,1.51380505
9554,1.21759254,2.01406748
9555,-0.563903266,0.593063223
9556,1.72597017,-1.52373362
9557,1.72597017,-1.52373362
9558,-0.187377943,-0.802711193
9559,-0.0413590893,-0.627768333
9560,0.338678442,0.314896876
9561,0.115039342,-0.457177309
9562,1.94214997,0.264792145
9563,0.793746883,-0.161298569
9564,-1.09352521,-0.163180076
9565,-1.09352521,-0.163180076
9566,-0.653381394,1.54041771
9567,1.1553592,-0.740217088
9568,1.99023047,1.85142367
9569,-1.31880276,1.35630035
9570,0.55459265,1.79855368
9571,-0.0882652476,0.425475159
9572,-0.287113554,0.852139525
9573,-0.287113554,0.852139525
9574,0.774214659,1.31096125
9575,1.80542899,-0.895622373
9576,-0.0294854515,1.01542293
9577,-1.10359731,0.646614926
9578,-0.575685924,2.09382994
9579,-0.507160792,0.92934585
9580,0.473625847,-0.443909829
9581,0.473625847,-0.443909829
9582,-1.14827153,0.214237746
9583,0.401011948,0.755992747
9584,0.0592860027,1.10878635
9585,0.594845802,0.576042192
9586,0,1.16667571
9587,0.116953095,1.08730337
9588,-0.588440442,1.29628738
9589,-0.588440442,1.29628738
9590,1.86530311,0.118187827
9591,0.372333818,0.217445018
9592,1.50934941,1.4982584
9593,0.261618388,-1.04518656
9594,0.198029172,0.883080048
9595,-0.877116242,-0.589281292
9596,0.0840595707,-0.897599264
9597,0.0840595707,-0.897599264
9598,0.266649032,-0.110602441
9599,0.47590269,-0.0800120328
9600,0.233997956,3.23526757
9601,-0.356575825,1.02049133
9602,0.17220694,1.67970639
9603,1.54238586,1.24078645
9604,-1.37411674,0.453038956
9605,-1.37411674,0.453038956
9606,-1.95835269,2.09753796
9607,-0.726292904,0.54532592
9608,1.08077448,-0.0902190641
9609,1.11191614,0.679702564
9610,0.834801384,0.521997037
9611,1.61854274,1.12616425
9612,0.374210319,-0.273273619
9613,0.374210319,-0.273273619
9614,0.368186521,-0.566621304
9615,-0.85279304,0.628798785
9616,0.962357952,0.104647067
9617,0.997227387,1.75169627
9618,1.32139522,1.90966595
9619,0.371238738,0.478430141
9620,0.218343265,-0.218771421
9621,0.218343265,-0.218771421
9622,0.118651073,0.724432807
9623,0.350553704,-1.13443286
9624,0.149827376,0.926158145
9625,-0.115049121,0.93589564
9626,-0.557996248,0.947290833
9627,-2.32604061,0.991818876
9628,-0.476797687,0.0986646743
9629,-0.476797687,0.0986646743
9630,-0.0653533673,0.133133376
9631,-1.63255895,-0.949148025
9632,0.63745317,3.50852861
9633,-0.488866304,-0.168059297
9634,0.458595113,-0.0107720149
9635,-0.529013879,-0.265697523
9636,0.191358307,-0.779670327
9637,0.191358307,-0.779670327
9638,0.420958053,0.54140528
9639,0.182686802,-0.247537139
9640,0.104751324,0
9641,0.348080602,1.02167949
9642,0.948745361,0.942810398
9643,0.97441706,0.765413248
9644,-1.77014742,0.0209323551
9645,-1.77014742,0.0209323551
9646,-1.28831751,-0.817669886
9647,-2.07231709,0.0203110801
9648,0.507338212,0.206060348
9649,-0.821511909,-0.57182094
9650,0.651773242,-0.161306122
9651,-0.983444949,0.405845067
9652,0.34187734,-1.0294722
9653,0.34187734,-1.0294722
9654,0.855590779,-0.613592099
9655,-0.600481783,-0.388253912
9656,1.06914185,2.49993659
9657,-1.07210417,-0.0149503179
9658,0.77347803,1.37753484
9659,0.0730942946,1.03908946
9660,-1.19500554,0.641655185
9661,-1.19500554,0.641655185
9662,0.6509008,0.46587853
9663,0.64227047,0.715356435
9664,1.25484825,0.604443031
9665,0,1.00546112
9666,-0.311194893,1.36141274
9667,0.2185769,0.39441419
9668,0.564060584,0.74481014
9669,0.564060584,0.74481014
9670,0.178356594,1.15510118
9671,1.67573986,0.951376184
9672,0.226199035,-0.51610023
9673,1.8180543,0.259509286
9674,0.152388899,0.131537942
9675,0.745149957,-0.382157663
9676,1.36660727,-0.388050912
9677,1.36660727,-0.388050912
9678,0.691963223,-0.77541581
9679,0.165917547,-0.782151819
9680,0.70614611,2.60265066
9681,0.170557205,0.532122122
9682,0.386934845,1.81750421
9683,-1.63410186,0.882634285
9684,1.37838084,0.600609046
9685,1.37838084,0.600609046
9686,1.19295844,0.38798896
9687,-0.648655168,-0.192872496
9688,0.716248177,1.73388629
9689,-0.624645134,-0.0441819321
9690,0.13093218,2.01768677
9691,0.92088355,-0.933453422
9692,-0.528165906,1.28021677
9693,-0.528165906,1.28021677
9694,-0.387062202,0.611395439
9695,-1.84581483,-0.0391902235
9696,1.15719509,1.3258511
9697,0.544892724,-0.501177102
9698,-0.265828203,-0.0752803797
9699,0.393297376,0.336361333
9700,-2.09828586,-0.162187328
9701,-2.09828586,-0.162187328
9702,1.29873537,0.497457353
9703,-0.340818434,-1.12123269
9704,-0.0307642035,1.33357812
9705,0.789781204,0.717329815
9706,-0.769181857,1.10185745
9707,0.0880530744,1.45896581
9708,2.39336285,-0.220305548
9709,2.39336285,-0.220305548
9710,0.778112126,0.135730543
9711,0.562015602,-0.256973429
9712,1.0702028,1.18010506
9713,0.523622264,0.971698624
9714,1.61634186,1.62960256
9715,-0.496981296,-1.67779232
9716,1.80963518,-0.666487653
9717,1.80963518,-0.666487653
9718,-0.83702454,-0.0835165976
9719,0.721731338,0.29953866
9720,0.0147064284,1.27494907
9721,1.27900317,1.19814477
9722,0.0444543903,1.8567007
9723,0.487757619,-2.38935263
9724,-1.50198665,-1.64516039
9725,-1.50198665,-1.64516039
9726,-1.07498719,-0.651252795
9727,0,1.26273054
9728,0.471018209,2.22047124
9729,0.742184012,-0.765234698
9730,0.412156568,1.17682147
9731,1.31239589,1.80227359
9732,-1.11158776,-0.93683101
9733,-1.11158776,-0.93683101
9734,-0.629308968,0.39990897
9735,-1.12715581,0.925673507
9736,0.835040912,1.41328984
9737,-0.352631655,0.592513032
9738,1.59914016,0.781834709
9739,1.4822301,-0.0562354426
9740,-0.451589432,0.8362388
9741,-0.451589432,0.8362388
9742,0.732382018,1.70939242
9743,-0.716197554,-0.040035335
9744,1.58468,0.473128699
9745,-1.06569137,0.397606435
9746,0.474398951,1.36442902
9747,0.219454564,-1.69016521
9748,0.0213033447,0.299776641
9749,0.0213033447,0.299776641
9750,-0.230467109,0.151940797
9751,1.68589635,-0.53902346
9752,-0.874152155,1.44302549
9753,0.197274187,-0.731832616
9754,0.477861842,0.762871662
9755,1.50192699,1.93131198
9756,-0.873304039,1.35313601
9757,-0.873304039,1.35313601
9758,-1.11513406,0.136699676
9759,1.46916004,-0.675577004
9760,1.42407856,2.09728635
9761,-0.468861074,0.967932469
9762,0.751977868,1.72199567
9763,1.62549722,-0.647626987
9764,-0.891196684,1.20264322
9765,-0.891196684,1.20264322
9766,1.47541033,1.47234279
9767,-0.234390118,-1.03421965
9768,0.870308589,1.04896397
9769,0.325503083,-0.615035659
9770,0.0217181307,0.785426274
9771,-0.697234416,-0.796610281
9772,1.24530359,-1.12045812
9773,1.24530359,-1.12045812
9774,0.415424477,-1.00018783
9775,0.736118703,2.19624044
9776,0,0.73024575
9777,-2.67392466,1.05306875
9778,-1.47982983,2.05896064
9779,-0.664894745,-0.301121388
9780,0.527871178,0.349785995
9781,0.527871178,0.349785995
9782,-1.75401871,0.607572627
9783,0.642334221,2.1230557
9784,0.014742272,1.69670004
9785,1.23948136,0.680373421
9786,1.51598554,1.37177844
9787,-0.690523838,0.238500369
9788,0.0946136992,1.16280173
9789,0.0946136992,1.16280173
9790,0.859751345,1.38465702
9791,-0.290006079,0.255496959
9792,-0.0747451419,1.5524999
9793,-0.719712578,-0.957565384
9794,-0.485007728,-1.25204471
9795,-0.592417488,-1.51326341
9796,0.964135832,-1.0650015
9797,0.964135832,-1.0650015
9798,-0.0160278244,0.298952256
9799,-0.0611857978,1.85359834
9800,2.2014802,2.19096553
9801,1.22301992,0.525634218
9802,1.75408081,2.13532484
9803,0.329548578,0.741182449
9804,0.457345875,0.457260259
9805,0.457345875,0.457260259
9806,-1.11409432,0.651196364
9807,0.337431595,0.23442303
9808,-0.280900236,1.14074108
9809,-1.00275715,-0.18583642
9810,-0.459071487,1.63489828
9811,-0.622527441,1.70939561
9812,-0.203616375,0.706749468
9813,-0.203616375,0.706749468
9814,-0.367980926,2.3464648
9815,-0.0612629991,-1.5090688
9816,-0.294279268,-0.0447298928
9817,0.438998647,0.264354355
9818,-1.03255133,0.584067316
9819,-2.20453059,0.287158928
9820,-0.349270412,-1.15575647
9821,-0.349270412,-1.15575647
9822,0.446208396,-0.613867185
9823,0.42581653,-0.247722139
9824,1.63453455,2.2136195
9825,-0.592689131,-0.370776762
9826,0.719056213,1.85863051
9827,1.61119936,-0.43801069
9828,1.45219983,0.761715866
9829,1.45219983,0.761715866
9830,1.89810449,2.15872211
9831,0.411928029,-0.278520718
9832,0.340884099,1.76507693
9833,1.392981,0.354623548
9834,-0.309257523,1.7273728
9835,0.141863922,-0.869164274
9836,-1.71619935,0.326860882
9837,-1.71619935,0.326860882
9838,0.100076529,1.43892698
9839,0.320179158,0.473891845
9840,-0.0900546418,0.527456484
9841,-0.947758478,-0.725926104
9842,-0.255089395,0.861085664
9843,0.252316453,1.21769018
9844,0.0615299436,0.168605985
9845,0.0615299436,0.168605985
9846,0.113120307,0.890597623
9847,-0.12126595,-1.77819983
9848,1.34678951,1.39179302
9849,0.567139679,1.73053445
9850,2.32009257,1.08017965
9851,0.994151249,-1.6599595
9852,1.33832997,1.11564435
9853,1.33832997,1.11564435
9854,-0.0165746845,0.602232016
9855,-0.0605291749,1.35138976
9856,0.2779898,3.2172718
9857,2.43067089,0.529859906
9858,1.99752859,2.30330024
9859,1.53356269,2.39568236
9860,1.10674745,1.10998543
9861,1.10674745,1.10998543
9862,0.897679669,1.21548467
9863,0.384180955,-0.185191379
9864,1.1865572,0.208539922
9865,0.689757215,0.343755393
9866,0.161500774,2.01223533
9867,1.54259929,0.912799906
9868,0.527641354,0.490731403
9869,0.527641354,0.490731403
9870,1.65348657,-1.06141115
9871,0.667899815,0.257127076
9872,1.09308353,0.43479389
9873,-0.838722759,-1.07485227
9874,-0.196339989,1.28712211
9875,0.539844969,-0.665447826
9876,-0.850339392,1.3200847
9877,-0.850339392,1.3200847
9878,0.621067653,0.868179078
9879,0.928236199,-1.3869564
9880,-0.28112054,1.03521975
9881,0.445243476,0.524015006
9882,0.766877546,0.869204792
9883,-0.0302575227,-1.01723401
9884,1.31276129,-1.67155651
9885,1.31276129,-1.67155651
9886,0.549909849,-0.810783792
9887,-0.760035278,0.626041983
9888,-0.0606908684,3.48706702
9889,0.014115363,1.40136033
9890,0.478734529,3.26132658
9891,0.99598252,0.474452834
9892,1.14960613,1.8892163
9893,1.14960613,1.8892163
9894,-0.407494604,1.82512861
9895,0.58630096,-1.06872577
9896,0.991136173,0
9897,-0.0571349673,0.618129077
9898,-0.997590878,1.79297
9899,1.57798367,1.63666827
9900,0.378109629,-1.15400486
9901,0.378109629,-1.15400486
9902,-0.482717559,-0.774699513
9903,0.382674253,1.06146772
9904,0.789349885,1.02806034
9905,-0.9551072,0.394992365
9906,-0.634451984,0.419433453
9907,-2.69180148,1.36055668
9908,-0.71068035,-0.245060577
9909,-0.71068035,-0.245060577
9910,0.215245455,-0.29377846
9911,0,1.64806093
9912,0.493388684,2.58676372
9913,-0.648390126,-3.76650284
9914,0.62895632,0.287170948
9915,0.998199431,0.219455977
9916,1.04340617,-0.801101294
9917,1.04340617,-0.801101294
9918,-0.902571076,1.50208139
9919,1.02141181,-0.336457594
9920,1.94272341,0.830836983
9921,-0.557685803,0.0142931768
9922,0.0214377799,0.940143074
9923,-0.18765496,0.611849367
9924,0.0407366532,-1.51888763
9925,0.0407366532,-1.51888763
9926,0.954139666,2.18532789
9927,-1.7758951,-0.76123041
9928,0.298333538,-0.0599205341
9929,1.41140367,-0.358255487
9930,1.0400103,-0.292839037
9931,0.119294637,-1.12930241
9932,0.716311249,-0.160046537
9933,0.716311249,-0.160046537
9934,0.11346661,1.39893334
9935,-0.0811901517,-1.72986197
9936,0.435729926,2.6342426
9937,1.4329556,0.217382836
9938,1.20142647,1.6658278
9939,1.25892716,1.10081585
9940,-0.0606631346,-1.62653828
9941,-0.0606631346,-1.62653828
9942,-0.195573966,1.44388568
9943,-0.787112197,1.4110358
9944,0.720869905,2.25715532
9945,0.774544674,0.791051695
9946,1.28087467,1.76873466
9947,-0.784618434,0.2335129
9948,0.584841638,0.551952302
9949,0.584841638,0.551952302
9950,0.0687221351,0.752271177
9951,0.957624509,0.23484006
9952,1.89163883,0.630252981
9953,-1.01659728,1.20351579
9954,-0.273238527,0.970326654
9955,-1.49314725,1.03682299
9956,-0.734133594,1.66554323
9957,-0.734133594,1.66554323
9958,1.57931969,0.401939697
9959,0.25894933,-0.677471077
9960,0.075653116,1.38521111
9961,-1.72716824,0.160823299
9962,0.910619604,1.03513957
9963,2.41549116,0.468950765
9964,-0.549643064,-1.8191505
9965,-0.549643064,-1.8191505
9966,-1.51906974,0.91417684
9967,1.25843974,-0.0408201403
9968,1.38955315,0.82420801
9969,-0.203356115,-0.29696706
9970,0.945028985,0.952919655
9971,0.258261094,0.726220431
9972,0.494060661,1.2140747
9973,0.494060661,1.2140747
9974,-0.491493685,0.213665502
9975,-0.193767577,1.21352069
9976,0.281044685,1.26150308
9977,0.844945876,0.169260367
9978,-0.730100906,0.240253175
9979,0.963964083,-1.15554403
9980,0.583433202,0.239870661
9981,0.583433202,0.239870661
9982,-0.329849548,0.986193971
9983,-0.947972824,1.28910828
9984,0.178318856,2.16216134
9985,-0.829865254,0.241635982
9986,0.505443185,1.5055065
9987,-0.561858185,1.87250396
9988,0.22389137,-0.108744672
9989,0.22389137,-0.108744672
9990,1.53693271,0.143868373
9991,-1.66778165,0.119035865
9992,0.627551896,1.39662507
9993,0.319521973,-0.418428332
9994,-0.0524843734,2.31964878
9995,2.63097184,0.523269564
9996,1.28618208,-0.771323167
9997,1.28618208,-0.771323167
9998,1.65908904,2.05331478
9999,-1.76239594,0.408638438
10000,1.90211166,0.630349752
10001,0.602418484,-0.645531387
10002,-0.871624179,0.683166428
10003,-1.28179872,2.37457773
10004,1.25224211,-0.975082578
10005,1.25224211,-0.975082578
10006,1.39841692,-0.198002482
10007,-0.773018562,-2.57879378
10008,-0.57605731,2.0989299
10009,1.45834944,-1.22163943
10010,-0.0855007268,-0.801760657
10011,-1.0509848,-0.171347522
10012,0.780492999,-0.0206134262
10013,0.780492999,-0.0206134262
10014,0.0668851781,0.890218206
10015,-0.825815864,1.28660573
10016,1.44893616,1.71165019
10017,-0.293471352,0.68382891
10018,1.29611679,0.566314496
10019,-0.348076198,0.184623469
10020,1.98918336,1.06081815
10021,1.98918336,1.06081815
10022,-0.322529364,0.498802008
10023,1.4836805,0.100735709
10024,1.68021573,1.00774832
10025,-1.30416945,-0.218792412
10026,0.388313429,1.38655125
10027,0.535130736,-0.15834203
10028,2.06279075,0.969995535
10029,2.06279075,0.969995535
10030,-0.113163273,1.96653723
10031,0.409807608,-0.54473034
10032,-0.446511616,0.706060328
10033,-1.49334359,0.426828464
10034,-1.04608132,0.388075415
10035,0.459686161,0.86747398
10036,0.54693633,0.694816118
10037,0.54693633,0.694816118
10038,-0.706310448,-0.177363221
10039,0.758583778,-0.270538176
10040,1.00502413,1.14565012
10041,0.114049704,-0.0278448721
10042,0.626515019,1.78277996
10043,-1.66221746,0.738162421
10044,0,0.515784064
10045,0,0.515784064
10046,0.484686651,1.62398591
10047,-1.18496614,-0.264574719
10048,-0.22471243,1.8714662
10049,-0.0567127106,0.753676756
10050,-0.712895026,1.34782188
10051,-0.603648474,0.227286281
10052,0.103491883,0.118923298
10053,0.103491883,0.118923298
10054,1.05437703,2.48219351
10055,0.164216246,-0.267726745
10056,1.98823298,2.57647368
10057,-0.37123935,-1.17794882
10058,0.929920932,1.46318408
10059,-2.30485898,1.02750597
10060,-1.65356186,-0.256107104
10061,-1.65356186,-0.256107104
10062,1.26266424,1.33407594
10063,0.404961381,-2.08606862
10064,0.0740394794,0.821337696
10065,-1.62257495,-0.563779997
10066,0.420317365,-1.04733963
10067,0.289345036,-0.0885732416
10068,0.303428258,-0.0399410628
10069,0.303428258,-0.0399410628
10070,-0.0517656717,-0.585357506
10071,0.565515949,-1.22127459
10072,0.744858342,0.32823023
10073,-1.11455059,2.09431791
10074,0.714902613,0.837453693
10075,0.558008469,0
10076,1.0770654,-0.945520009
10077,1.0770654,-0.945520009
10078,-0.279706202,1.24671644
10079,-0.856921402,-1.35054198
10080,2.30038209,1.99237671
10081,0.743992778,0.431176145
10082,1.07332306,0.366811597
10083,1.39332679,-0.449047796
10084,-1.34302268,-0.5825946
10085,-1.34302268,-0.5825946
10086,1.56645016,0.719120237
10087,-0.352773552,-2.06323745
10088,0.0146942469,1.50938191
10089,0.246760831,-1.52218323
10090,0.409970845,-0.257516219
10091,0.85459641,-1.34984137
10092,0.389861489,1.50685162
10093,0.389861489,1.50685162
10094,-0.339127943,0.675851807
10095,0.47831957,0.223595799
10096,0.0600982143,0.944776084
10097,-1.33152929,1.6957453
10098,-0.244245927,1.85018831
10099,-1.50419768,-0.605788392
10100,-0.422006071,-0.66972713
10101,-0.422006071,-0.66972713
10102,-1.85215285,-0.374716294
10103,0.116813995,-1.08109303
10104,0.841689706,1.28957514
10105,-1.31628139,0.314849053
10106,0.807683348,1.52045177
10107,0.386759489,0.357596107
10108,-1.11832647,1.85607454
10109,-1.11832647,1.85607454
10110,0.572562153,0.456288226
10111,0.958925409,0.0196466903
10112,0.464691622,3.23542681
10113,-0.127871073,1.10318093
10114,0.130678945,2.33197548
10115,-1.32610659,0.0141836489
10116,0.883586392,1.17762701
10117,0.883586392,1.17762701
10118,-0.809902036,1.09422168
10119,-0.288944053,0.104754536
10120,1.57219133,0.0446704982
10121,-0.644274551,0.958711274
10122,-0.247264399,0.742536343
10123,1.3783967,-2.42299351
10124,-0.655074331,-0.509981709
10125,-0.655074331,-0.509981709
10126,-0.729036439,1.12864408
10127,-0.750683035,-1.34719663
10128,1.17658944,0.633804114
10129,0.595274464,-1.05323473
10130,-0.0110800272,-0.896261381
10131,0.202992341,0.0748496007
10132,-1.30144707,-0.211651193
10133,-1.30144707,-0.211651193
10134,1.58454338,0.273828955
10135,-0.164174642,-0.0202402611
10136,-0.460014543,0.616573571
10137,1.41468109,0.787108335
10138,1.02035176,1.09961424
10139,-0.63356717,-0.798250294
10140,0.939309272,-0.306695397
10141,0.939309272,-0.306695397
10142,-0.544395804,-0.266761956
10143,1.51511084,0.304665571
10144,0.774424418,2.61539099
10145,1.81643547,-1.59183582
10146,0.942121936,1.42250044
10147,-0.227395446,-0.402499215
10148,1.83851688,0.396410931
10149,1.83851688,0.396410931
10150,0.789956442,1.91806379
10151,2.29825276,0.399258608
10152,0.104207424,0.237278868
10153,-0.666396429,0.337481139
10154,-0.245408256,0.56385959
10155,0.63156773,-0.228857108
10156,0.934826613,-0.263063439
10157,0.934826613,-0.263063439
10158,-0.992495803,-1.38470502
10159,0.221815871,0.307687998
10160,0.798913022,0.267978394
10161,-0.592831483,2.02405585
10162,0.61182873,1.44058342
10163,0.129273592,-0.787531543
10164,-0.548413087,1.42314152
10165,-0.548413087,1.42314152
10166,-0.409636907,-0.784102583
10167,0.968264066,-0.674057847
10168,1.08247893,2.70496724
10169,0.605768327,1.38103085
10170,1.38616414,1.71957563
10171,1.49004875,-0.339781477
10172,-0.141638497,-0.383241974
10173,-0.141638497,-0.383241974
10174,-1.05169625,1.35462944
10175,0.800802519,-0.640161191
10176,1.21580359,1.41997479
10177,0.850399162,-1.2051115
10178,0.31330841,-1.27065395
10179,-0.105665595,-2.47439554
10180,-2.08909965,-0.521899743
10181,-2.08909965,-0.521899743
10182,1.25689398,0.390575029
10183,1.71554829,0.366360279
10184,0.150426493,-0.316023357
10185,0.225876547,0.589404529
10186,-0.667829867,0.122616688
10187,0.635227267,-0.456975586
10188,-0.675069526,0.523030976
10189,-0.675069526,0.523030976
10190,-0.390490074,1.4182016
10191,-0.103304594,-1.13777562
10192,0.784548625,2.92194009
10193,2.17718949,-0.339188303
10194,1.08377259,1.15548928
10195,0.68180661,-0.394493304
10196,0.659882588,-1.72735803
10197,0.659882588,-1.72735803
10198,-0.731667026,1.67237533
10199,-0.188292384,0.18897357
10200,0.538347019,1.97181395
10201,0.579196884,0.0566099865
10202,1.20489215,0.972309588
10203,-0.0843933906,-0.186697053
10204,2.83104286,-1.29334364
10205,2.83104286,-1.29334364
10206,-0.497456711,-0.853064337
10207,1.72127988,-0.122119079
10208,1.06810733,0.968840019
10209,-1.56746919,-0.56861039
10210,-1.10637143,0.205295291
10211,0,-1.72541226
10212,-0.139206034,-0.50910945
10213,-0.139206034,-0.50910945
10214,1.02120585,2.11113342
10215,-0.43060542,-0.777317257
10216,-0.354977042,0.82327158
10217,2.1725272,0.144045216
10218,0.118664146,1.00023153
10219,-1.09242532,-0.29513503
10220,0.528412984,-1.39438484
10221,0.528412984,-1.39438484
10222,0.796596045,-0.613190715
10223,-0.184683704,-0.0202576568
10224,1.08483458,1.15489526
10225,-0.307276799,-0.187433284
10226,1.16449331,1.00227763
10227,-0.706651864,-0.266247676
10228,0.0832399407,-0.708076246
10229,0.0832399407,-0.708076246
10230,0.0684756276,1.96072009
10231,-0.553052774,-0.0205956679
10232,-0.0444545784,1.42918015
10233,1.12450232,-0.3076077
10234,-0.393034893,1.08022362
10235,-0.165476884,-1.06698374
10236,0.240162571,-0.979877762
10237,0.240162571,-0.979877762
10238,-0.569538379,-0.211574465
10239,-1.43043684,0.0200355935
10240,-0.252504725,-1.63200914
10241,-1.16387773,1.42555522
10242,-2.45749943,0.919943117
10243,-0.568314532,-0.536701836
10244,0.357596143,-0.265052258
10245,0.357596143,-0.265052258
10246,0.917041064,0.144442494
10247,-1.34841345,-1.35089786
10248,-0.656825456,1.17280469
10249,0.25901389,-0.391979618
10250,0.964525503,-0.235127442
10251,0.136966601,1.46686967
10252,0.767756775,-0.753156408
10253,0.767756775,-0.753156408
10254,-1.76828552,0.462446508
10255,-0.740655557,0.0837089696
10256,-0.926235218,-0.331535961
10257,1.25055272,1.1064578
10258,0.712892614,0.404556405
10259,-1.77788125,-0.441558128
10260,1.14825621,2.65062183
10261,1.14825621,2.65062183
10262,0.355666497,0.210215724
10263,0.387006857,-0.0821556812
10264,-0.551451284,1.30667586
10265,0.216502112,0.158995838
10266,-0.750286099,-0.25918534
10267,-0.421579443,-0.597743062
10268,0.0403823557,-0.384081003
10269,0.0403823557,-0.384081003
10270,-0.101426355,1.07210895
10271,0.70891047,-0.180003699
10272,-1.56618702,-1.34870796
10273,1.49749554,0.964337165
10274,-0.883170078,-1.19887289
10275,0.683369619,-1.17076488
10276,2.7046399,0.343187787
10277,2.7046399,0.343187787
10278,-1.18343426,0.219637664
10279,-1.04208341,0.277247579
10280,1.14436429,1.97244011
10281,-1.41051286,-1.41273338
10282,0.148544899,1.0578122
10283,0.457102639,-0.166920837
10284,-1.11598754,-0.942302598
10285,-1.11598754,-0.942302598
10286,0.0333744843,1.35298557
10287,-1.77501455,-1.14313575
10288,-0.947176301,-2.31726884
10289,-0.575827626,-0.649918418
10290,-0.577221543,-1.26884973
10291,0.319675195,-0.178903972
10292,0.623255365,0.451065771
10293,0.623255365,0.451065771
10294,1.04369222,-0.0334740599
10295,-0.284691618,0.344581525
10296,-0.885322677,1.12028348
10297,0.825084375,-0.971991018
10298,0.293426721,1.15132418
10299,-1.34204827,2.03933765
10300,1.87714383,-0.587333592
10301,1.87714383,-0.587333592
10302,0.227138455,1.02781724
10303,-1.39902261,0.138361636
10304,-0.74454075,0.186257387
10305,-0.850784646,-0.645759761
10306,-0.527423453,-0.895530169
10307,-0.0424895492,-0.106025505
10308,1.17437264,-1.4259299
10309,1.17437264,-1.4259299
10310,0.674288245,0.252722134
10311,0.454900186,-3.47143699
10312,-0.842954806,0.111064084
10313,0.280097371,0.120251684
10314,-0.453019853,0.160400333
10315,-1.15818968,-0.42256087
10316,-0.783849331,-0.748246142
10317,-0.783849331,-0.748246142
10318,0.341178985,-0.878793592
10319,-2.8959648,1.85192085
10320,-0.224759249,0.983116556
10321,-0.579899595,1.00381448
10322,-1.2897146,0.292877913
10323,2.96909847,-0.0297505319
10324,0.270501771,-0.995068785
10325,0.270501771,-0.995068785
10326,0.54400938,0.212172794
10327,-0.463902532,0.989830443
10328,-0.242223453,0.856867145
10329,0.0873135819,-0.469955857
10330,0.592408953,-0.302479347
10331,0.613463109,0.900543157
10332,-1.54167079,-0.662745607
10333,-1.54167079,-0.662745607
10334,0.681262129,0.454119654
10335,1.59826726,-0.0201623671
10336,-0.922797779,-0.978235858
10337,0.832004974,-0.285071409
10338,0.399130052,-1.18753274
10339,0.713386738,-0.36998762
10340,0.277754463,1.96728666
10341,0.277754463,1.96728666
10342,-1.30448312,-0.751964932
10343,0.266708499,-1.69524065
10344,0.447634722,-0.0840493588
10345,-0.249475429,-0.695958103
10346,0.248328706,-1.36766474
10347,-1.7123729,-0.169357677
10348,2.16599324,0.22711999
10349,2.16599324,0.22711999
10350,2.08038543,0.350244042
10351,0.219120996,0.888195277
10352,-0.851796756,-0.499582769
10353,0.43303667,0.487071186
10354,0.149025139,1.26274133
10355,-0.926705028,0.15052008
10356,1.49008195,-0.541508281
10357,1.49008195,-0.541508281
10358,-1.02521424,-1.29542405
10359,-1.63863095,-2.1082558
10360,0.587122142,0.785449384
10361,0.345960301,0.861229311
10362,0.553779129,0.359983537
10363,-0.214469606,2.14968703
10364,0.423867725,0.0205177267
10365,0.423867725,0.0205177267
10366,1.79666733,-0.955974737
10367,-0.300486142,0.159405039
10368,-0.683549062,-0.572711587
10369,0.508912848,1.48660069
10370,-0.16266039,0.14015841
10371,-0.0147833322,-0.345442313
10372,-0.636735141,-1.68160229
10373,-0.636735141,-1.68160229
10374,-1.40306005,-0.171277655
10375,-0.78201584,-0.853230229
10376,-0.627662817,0.715887281
10377,0.951993979,-0.415741777
10378,1.61804836,0.193204111
10379,0.41992792,0.496798146
10380,-2.63103694,-0.101200059
10381,-2.63103694,-0.101200059
10382,-0.0334247224,0.717974698
10383,-0.36611139,1.50384921
10384,-0.604003592,-1.31187386
10385,1.27773746,-0.12696905
10386,0.697343634,-0.274931391
10387,-1.39628532,0.159594292
10388,0.720676778,-0.0197776097
10389,0.720676778,-0.0197776097
10390,-0.752433735,-1.24818696
10391,0.257935653,-0.275639458
10392,-0.345730812,0.810337471
10393,1.24498499,-0.186845269
10394,-0.157541297,0.237911172
10395,-1.24614888,1.21922141
10396,0.255303942,0.602091487
10397,0.255303942,0.602091487
10398,0,0
10399,-0.299075718,-0.796658823
10400,-1.4153669,-1.03948354
10401,0.595415043,-1.26769354
10402,0.395851785,-1.45362789
10403,0.743975133,1.64648747
10404,-2.00687559,0.303934256
10405,-2.00687559,0.303934256
10406,-0.921364953,-0.914719952
10407,0,-1.14418663
10408,0.522375415,2.07457476
10409,0.0137310738,3.29962135
10410,0.174822147,3.10790695
10411,3.26533312,0.892210722
10412,-0.572892275,0.939972056
10413,-0.572892275,0.939972056
10414,-0.212426514,0.497323579
10415,-1.91069054,-0.557485113
10416,-0.679811768,-1.88567512
10417,1.23901286,-0.36792925
10418,0.192604872,-1.82646511
10419,1.56903909,-1.13225629
10420,-0.393367158,0.328556384
10421,-0.393367158,0.328556384
10422,-0.251280041,-1.5350205
10423,1.45847454,-0.236270427
10424,0.0290966988,0.493374432
10425,-0.0831763708,0.0880610604
10426,0.431663732,1.22290542
10427,0.872331979,1.1477526
10428,-1.37651781,1.12560987
10429,-1.37651781,1.12560987
10430,0.415284827,0.663456927
10431,-0.6972721,-1.07961044
10432,-0.625304868,0.902681183
10433,0.772716121,-0.229255254
10434,0.730289942,-1.07040883
10435,-0.151258723,-0.596415684
10436,-0.692593952,0.70509029
10437,-0.692593952,0.70509029
10438,0.033270622,-0.35123814
10439,-0.664347332,0.652227749
10440,-0.540497261,-0.0276128666
10441,-0.774920813,1.15677141
10442,-1.76651316,-0.0660701308
10443,-0.965162367,-0.765365343
10444,1.04509272,1.28195036
10445,1.04509272,1.28195036
10446,0.721623374,-1.20873694
10447,-1.41723378,2.08969254
10448,-0.370396363,1.53243441
10449,-1.69420283,0.999508757
10450,-0.782900751,1.94028589
10451,-1.35367053,1.78576675
10452,0.561902139,0.619651067
10453,0.561902139,0.619651067
10454,0.117177845,0.562779733
10455,-0.344744146,-1.12176068
10456,-0.746966427,0.828766328
10457,-0.0143696928,-1.64692468
10458,0.0118000759,-0.772408611
10459,0.0742056414,2.33303305
10460,0.816368181,0.244249062
10461,0.816368181,0.244249062
10462,-1.72295077,-0.770760861
10463,0.414254751,0.438451561
10464,0.554784833,-1.43821792
10465,1.47091445,1.38985097
10466,2.57590548,0.388817903
10467,0.593919082,-0.385578604
10468,-0.18195137,-0.463246346
10469,-0.18195137,-0.463246346
10470,0.0166725467,-0.948202371
10471,0.119567344,1.00817536
10472,-0.26257179,-0.19661816
10473,0.222351365,-0.0947511229
10474,-0.63526842,-1.22901601
10475,0.187326545,-0.646980278
10476,1.12191175,-0.75186378
10477,1.12191175,-0.75186378
10478,-0.292380046,0.394811713
10479,0.763705935,1.37709511
10480,-1.19041,-0.214089629
10481,-1.26632824,-0.0714244251
10482,-1.21100641,0.69196205
10483,1.25862077,-0.203941788
10484,-1.01095538,-2.00923117
10485,-1.01095538,-2.00923117
10486,-0.196893324,-0.194251049
10487,2.6621948,0.285944059
10488,0.0732778952,1.22293097
10489,-0.452288209,0.702975418
10490,0.975281207,0.783697558
10491,-0.273557526,0.561419543
10492,0.640360886,-1.64283324
10493,0.640360886,-1.64283324
10494,0.050528756,0
10495,-0.736030801,0.0394866265
10496,0,-0.672869569
10497,0.100157319,-0.197877849
10498,0.604890296,0.410269679
10499,0.610202733,-0.873918088
10500,-0.224619259,-0.0394545704
10501,-0.224619259,-0.0394545704
10502,-1.59306153,-0.298935724
10503,-0.56652754,-0.825619977
10504,-1.26484715,0.461985395
10505,-0.481215082,0.892235112
10506,0.695102124,0.338302045
10507,-1.19134272,1.53464878
10508,0.672939963,0
10509,0.672939963,0
10510,-0.714578264,0.287255477
10511,-0.545789259,-0.536996109
10512,-0.085168888,0.0279816167
10513,0.828520531,0.965637136
10514,-0.596283819,-0.2443628
10515,-0.786037953,-1.00666198
10516,-0.846773408,0.121278367
10517,-0.846773408,0.121278367
10518,0.160634775,0.631920964
10519,0.204921975,-0.0611163876
10520,-0.726968349,0.58326848
10521,-1.43530319,0.341418259
10522,-1.92988936,0.443233614
10523,1.03542598,-0.345034862
10524,1.85605281,1.085845
10525,1.85605281,1.085845
10526,-0.116982147,0.365470237
10527,0.745151698,-0.752767209
10528,-1.30925864,-1.054971
10529,-0.636046826,-0.381173423
10530,-0.16701671,-1.12598523
10531,0.561553968,0.493666153
10532,0.423405395,1.06505188
10533,0.423405395,1.06505188
10534,-1.55101804,-0.188716689
10535,0.603357905,0.0984189058
10536,0.626877154,2.26651417
10537,1.03295751,0.713826441
10538,1.35917815,1.9371991
10539,-1.5741066,-0.18385564
10540,-0.196656384,2.35644772
10541,-0.196656384,2.35644772
10542,0.195712654,-0.185871457
10543,-0.159072508,-0.679210944
10544,-1.33278429,-2.27758457
10545,-0.269492046,-0.237913498
10546,-0.129884354,-0.981555589
10547,0.770648878,-0.494075997
10548,0.710224283,-2.59192331
10549,0.710224283,-2.59192331
10550,-1.84350166,-1.23815632
10551,0.447028448,-0.860564837
10552,0.358884787,1.01011996
10553,0.5036649,-2.00264285
10554,0.239597541,-1.50063189
10555,0.323961302,-0.446915005
10556,1.13525049,1.11726387
10557,1.13525049,1.11726387
10558,1.35807266,0.371988392
10559,0,-0.815777895
10560,-1.41679238,-0.308743918
10561,-0.926914181,-0.423356969
10562,0.188046778,-1.14814892
10563,-0.273645772,-0.103691748
10564,-1.34559856,-0.0203488176
10565,-1.34559856,-0.0203488176
10566,-0.523988321,-0.391028987
10567,-0.223705631,1.12150815
10568,-0.117538806,0.591814236
10569,-1.52827607,-1.06465768
10570,-1.91151111,-0.304168915
10571,0.388248223,1.33908629
10572,0.329574662,0.48441902
10573,0.329574662,0.48441902
10574,-1.08639626,1.25932277
10575,0,0.316044957
10576,-0.30653672,0.610048254
10577,-0.0430081931,-0.216734896
10578,-0.697156887,-0.562766872
10579,0.501579883,0.919448011
10580,-0.180695225,-0.257425584
10581,-0.180695225,-0.257425584
10582,0.0330491824,-0.954123585
10583,0.55778752,0.200059977
10584,-0.256450166,1.06850517
10585,-0.0566513224,1.44368024
10586,-0.690483243,-0.0685425998
10587,-0.581397265,-0.576861513
10588,0.705820245,0.219681445
10589,0.705820245,0.219681445
10590,-0.372854712,0.674934984
10591,0.342414638,-0.345116413
10592,-0.210666844,-1.32416879
10593,0.722470635,0.679018586
10594,1.44953452,-0.0771535189
10595,-1.53674727,-0.0581767969
10596,-0.743063866,-0.8018599
10597,-0.743063866,-0.8018599
10598,-1.47716889,-1.21645031
10599,0.156350825,-0.812048299
10600,0.364255452,0.681336847
10601,-2.02085371,-1.07870657
10602,-1.87488167,-0.779911377
10603,-1.79319181,-1.5089134
10604,0.482898832,0.100385831
10605,0.482898832,0.100385831
10606,0.785265316,2.28091528
10607,-0.440646291,-1.23342906
10608,-1.12078066,-0.355422267
10609,-0.0287121696,0.422394217
10610,0.328381707,0.455341805
10611,-0.423510582,0.771750387
10612,-0.0408426184,-1.38970611
10613,-0.0408426184,-1.38970611
10614,-0.598460416,-2.60898526
10615,0.196731719,-0.945535387
10616,-0.0143704366,0.93997447
10617,-0.922807835,1.10559362
10618,0.0116892773,1.51543962
10619,-1.25983143,-1.28802927
10620,-0.852107887,-1.38672991
10621,-0.852107887,-1.38672991
10622,1.45268979,-0.133423651
10623,1.24473591,-0.240499601
10624,-0.893253067,-0.755146488
10625,-0.0691616274,-0.833456221
10626,-0.498310785,-0.963435842
10627,-0.508259282,0.603159762
10628,-0.0206838125,0.960611922
10629,-0.0206838125,0.960611922
10630,-0.342865668,0
10631,1.05085733,1.63221502
10632,-0.313816088,0.276405316
10633,0.116043509,0.800600501
10634,0.331048674,-0.139923949
10635,-0.488139695,1.28388143
10636,-0.19812027,-1.53676521
10637,-0.19812027,-1.53676521
10638,0.934271441,0.540565786
10639,0.57248398,-0.119431435
10640,-0.825224724,0.0838653996
10641,2.21510001,0.572928277
10642,0.511581653,0.202756022
10643,-1.57401613,0.922761551
10644,1.55314065,0.615258247
10645,1.55314065,0.615258247
10646,-0.286283484,-0.445014555
10647,-1.43710064,-0.243337147
10648,-0.529049435,0.648073425
10649,1.01782366,0.320776427
10650,-0.586402265,-0.950397445
10651,0.18018621,0.572679703
10652,-1.42301686,-0.254487654
10653,-1.42301686,-0.254487654
10654,-0.912532975,0.27866375
10655,0.162229613,1.81421166
10656,-0.61709381,-0.687252751
10657,0.365450333,0.981674354
10658,-0.394009931,-0.103044604
10659,1.01036772,0.788388353
10660,-0.399093283,-0.70212366
10661,-0.399093283,-0.70212366
10662,0.180886249,-1.36855222
10663,-0.221981078,0.104531912
10664,0.635015688,1.93216357
10665,-0.441262196,0.137994103
10666,1.40089669,0.629168091
10667,1.0654866,-2.51708142
10668,0,1.06520742
10669,0,1.06520742
10670,0.989825463,0.936569696
10671,-0.159177119,-0.677335153
10672,-0.599998466,-2.73791383
10673,-0.420266637,-0.0280490688
10674,0.0925035494,-1.67216005
10675,-0.0292337331,0
10676,0.632955608,-1.39907634
10677,0.632955608,-1.39907634
10678,1.39635684,-2.34216161
10679,-0.643321819,1.14400068
10680,-0.906945322,1.43090599
10681,0.525861421,1.24541705
10682,-0.852334736,0.87149474
10683,-0.567610161,-0.779530732
10684,-0.386378208,-0.36596685
10685,-0.386378208,-0.36596685
10686,0.170898108,0.744374587
10687,-0.624503608,-1.37276868
10688,-0.0687930124,-0.551129944
10689,-0.828697632,-1.91814101
10690,-0.907009529,-0.35107611
10691,0.944994227,-0.0890610039
10692,-0.0994715371,-0.626869151
10693,-0.0994715371,-0.626869151
10694,0.552441654,-1.35700576
10695,2.0875525,-0.456909104
10696,-1.05259005,0.431412488
10697,-0.0870148294,-0.792223762
10698,-1.4535269,1.08855088
10699,0.700299481,-1.22786693
10700,1.94017479,-1.39784714
10701,1.94017479,-1.39784714
10702,-1.50357858,0.865313927
10703,0.642038603,-0.799909724
10704,0.211449134,1.64045791
10705,-2.08581076,-2.29463629
10706,-1.41453408,0.200101008
10707,-1.52854706,1.15786283
10708,1.27886224,0.27530191
10709,1.27886224,0.27530191
10710,1.55444458,1.12926432
10711,2.2910736,0.158539112
10712,-0.760054179,0.0557726604
10713,0.197219096,1.40047116
10714,-0.288570285,-0.122543057
10715,0.228182295,-0.558785369
10716,0.29731476,-0.589960717
10717,0.29731476,-0.589960717
10718,-1.41618857,1.65652013
10719,0.9212775,-0.261340268
10720,-0.153027934,-0.549780343
10721,-0.420265198,-0.531064544
10722,-0.0349954971,-0.543082182
10723,0.847789064,-2.49734673
10724,-0.173686275,-2.92275665
10725,-0.173686275,-2.92275665
10726,-0.890026857,0.701085633
10727,-0.662096787,-0.826141806
10728,0.16939345,0.112028298
10729,-0.153855988,-1.11013198
10730,-1.28022082,-1.08960443
10731,1.09584808,-1.18865267
10732,0.847994811,-0.0623300826
10733,0.847994811,-0.0623300826
10734,0.544262699,1.86310453
10735,-0.345381935,0.851137223
10736,-1.23528753,-0.197770935
10737,-0.352600394,1.07713078
10738,-0.914718177,1.36498396
10739,-0.61774919,-1.95519047
10740,0.0799105662,0.502516434
10741,0.0799105662,0.502516434
10742,0.340744213,-1.40167642
10743,2.05220432,0.304756963
10744,0.751148596,0.577589943
10745,-0.329426008,0.784670078
10746,-0.596733832,0.311046635
10747,-0.890906173,1.51291117
10748,1.69173834,0.975618819
10749,1.69173834,0.975618819
10750,1.67568114,0.925941891
10751,0.392139822,1.21079538
10752,-0.945022677,-0.902867025
10753,0.666703479,0.28083686
10754,-0.854891017,-0.828249922
10755,-2.91803333,-1.30543678
10756,-0.663375342,0.52839548
10757,-0.663375342,0.52839548
10758,-1.06845685,-1.56458705
10759,0.105394171,1.44343347
10760,-0.257775448,1.01451714
10761,-1.24186188,-0.139638505
10762,-0.892534793,0.515080211
10763,0.68198276,0.264240107
10764,-0.0206684825,-1.58138735
10765,-0.0206684825,-1.58138735
10766,-0.844095478,2.11549581
10767,2.03917479,-0.30067793
10768,-0.623712565,-0.31743978
10769,-1.09472561,-2.07721486
10770,-0.126657911,-0.557088014
10771,1.51428979,-0.354771575
10772,0.337514922,-0.597203435
10773,0.337514922,-0.597203435
10774,0.671460356,-0.744769362
10775,0.0202342372,1.99582023
10776,-0.501686801,1.40223433
10777,-0.730686449,-1.08291587
10778,-1.34738645,-1.56543617
10779,-0.312922753,-0.393427115
10780,3.0339822,-2.42363616
10781,3.0339822,-2.42363616
10782,-0.521368903,1.48866002
10783,-2.38112304,-0.551470749
10784,-1.26855145,-1.58114374
10785,1.08553483,-0.184317192
10786,-0.754476475,-0.811964244
10787,-1.21598047,-0.63631079
10788,-0.920018718,-1.13184597
10789,-0.920018718,-1.13184597
10790,-2.16204493,-0.377174699
10791,1.28984558,0.706083402
10792,0.912225757,2.1910956
10793,-0.864841082,1.20440592
10794,0.559064576,2.26376033
10795,1.19727995,1.40417316
10796,-2.12030872,-0.241704607
10797,-2.12030872,-0.241704607
10798,0.118544591,2.75806542
10799,0.345928836,-1.63154593
10800,-0.803016309,-2.47259561
10801,0.82211564,1.05500379
10802,0.345450926,-1.18613113
10803,-0.383006591,1.41711058
10804,-1.21372588,-0.728659957
10805,-1.21372588,-0.728659957
10806,-0.517350862,-2.4472546
10807,0,0.467846108
10808,-0.526880262,0.969361752
10809,1.07379519,-1.09699357
10810,-0.241536759,0.949942013
10811,-0.536690331,0.864387929
10812,0.849474827,-0.0200849594
10813,0.849474827,-0.0200849594
10814,0.309369785,1.45891916
10815,-0.618848679,-1.37385103
10816,-0.398481802,0.371083859
10817,0.57520769,-0.262977316
10818,0.320863903,0.300447523
10819,-0.954609444,-0.932039755
10820,-1.14996441,0.695157043
10821,-1.14996441,0.695157043
10822,-1.30590707,0.0506822066
10823,0.849897375,-1.12438891
10824,-0.896823328,0.250670469
10825,1.46073354,-0.625399534
10826,-0.0231737245,-0.927851719
10827,1.35145884,0.152814108
10828,-0.881429359,-0.826485825
10829,-0.881429359,-0.826485825
10830,0.0972480974,0.591261113
10831,0.141567336,0.70921496
10832,-0.254378718,0.789867534
10833,1.2230917,0.129728661
10834,0.536585346,-0.560198483
10835,-1.03483924,2.47852906
10836,-0.861360686,0.564862609
10837,-0.861360686,0.564862609
10838,0.296867224,-1.338333
10839,1.25801934,0.0629572516
10840,-0.214701937,1.16499299
10841,-0.217332507,-0.758643889
10842,0.942635238,-0.597437263
10843,-0.220730232,-0.69508012
10844,-0.727297184,-2.38683049
10845,-0.727297184,-2.38683049
10846,0.397808452,0.843603203
10847,-1.05269598,-1.99738405
10848,-1.06925345,-0.750117153
10849,-0.330356319,-1.91526336
10850,0.215176925,-0.220727064
10851,-0.922922475,1.48140641
10852,-0.909662593,-0.73113652
10853,-0.909662593,-0.73113652
10854,-0.888530069,-1.64486382
10855,-0.24741184,-0.549561816
10856,0.250110544,-0.055810091
10857,-0.433691513,-1.65181526
10858,-0.162196862,-1.09207864
10859,-1.5632638,0.297734757
10860,-0.313475571,-0.351661013
10861,-0.313475571,-0.351661013
10862,0.324555028,0.590826692
10863,1.64908727,-0.219516496
10864,-1.01428599,-0.228311746
10865,0.666715949,0.372409507
10866,0.210551718,-0.11570068
10867,2.3211993,0.938736854
10868,0.466589784,-0.544350339
10869,0.466589784,-0.544350339
10870,-1.067056,-1.99501867
10871,1.71062464,1.48169042
10872,0.199795618,1.13435377
10873,0.205322451,1.36239986
10874,0.489182158,1.35745275
10875,0.97718103,0.256188714
10876,-1.67270963,-0.923167194
10877,-1.67270963,-0.923167194
10878,0.675536868,-0.334948308
10879,0.29391607,0
10880,-0.966869386,-0.615694533
10881,-0.706375655,-1.00696629
10882,-1.33004809,0.148136816
10883,0.793017475,0.374265408
10884,-0.329986837,0.0199869901
10885,-0.329986837,0.0199869901
10886,-1.18132218,-1.34078737
10887,0.424021883,-0.0616936781
10888,-0.476274079,0.898036029
10889,-0.629557222,-0.113552038
10890,0.977663697,-0.145243098
10891,0.796817678,-1.06400483
10892,-0.347987955,0.201803555
10893,-0.347987955,0.201803555
10894,-0.0322103856,-0.033576785
10895,0.682581915,0.753993397
10896,-0.342065487,-0.730862741
10897,-0.212267897,0.651021882
10898,-0.105060614,0.641349853
10899,-0.876581674,-0.075566017
10900,-0.939476958,1.71761372
10901,-0.939476958,1.71761372
10902,-0.511840581,-1.17386894
10903,-0.882785857,0.0196906658
10904,0.0576968702,1.51670268
10905,0.576302065,0.830022317
10906,-0.687254342,-0.566663103
10907,1.5958922,0.0295312534
10908,-0.988077318,0.314540552
10909,-0.988077318,0.314540552
10910,-1.55807433,1.31537548
10911,-1.00598509,0.197170761
10912,-1.34692925,-0.902124346
10913,0.0743314732,1.19440537
10914,-0.609193385,0.436143866
10915,-0.94136498,0.309296391
10916,-0.624370714,-1.36456439
10917,-0.624370714,-1.36456439
10918,0.843481512,-0.870495662
10919,-0.950810769,-0.856788872
10920,0.89270887,1.81271181
10921,-0.058360127,-0.265699929
10922,-0.465802708,1.34032185
10923,0.030097864,1.34852828
10924,1.31166493,-0.0404216524
10925,1.31166493,-0.0404216524
10926,0.885597566,-0.466980498
10927,-1.23359546,0.505283845
10928,-0.506833778,-2.08270558
10929,-0.961943396,-1.7932536
10930,0.435836004,-1.33433785
10931,-0.357741987,-1.36184939
10932,0.372159063,-0.0601850632
10933,0.372159063,-0.0601850632
10934,-0.692680273,-1.18223772
10935,-1.20816625,-0.401865169
10936,-0.158264954,0.199281978
10937,0.179431394,0.548188018
10938,-0.932270213,0.637191777
10939,0.385682129,-0.648419666
10940,-1.16474454,-0.412800135
10941,-1.16474454,-0.412800135
10942,0.351634305,0.944374765
10943,1.67192004,-1.14131881
10944,-0.94413242,0.672990575
10945,0.831108886,-1.46983909
10946,0.91182656,-0.365946947
10947,1.63820004,1.71009327
10948,0.148346241,-1.03420499
10949,0.148346241,-1.03420499
10950,-1.51661498,-1.24640535
10951,0.394727297,0.0605484519
10952,-0.829928222,-0.221737344
10953,1.08236778,0.322905896
10954,-0.0227481394,-0.215201968
10955,-0.409624019,-1.1094537
10956,0.0211795459,0.0823579409
10957,0.0211795459,0.0823579409
10958,-1.26029853,-0.401633304
10959,0.407593755,0.555121911
10960,-0.465923326,1.25806406
10961,-1.62722077,1.16284786
10962,-1.31271669,0.417359653
10963,-0.639117529,-0.78001255
10964,-0.142649425,2.49961022
10965,-0.142649425,2.49961022
10966,1.56200306,0.486985879
10967,0.809179849,0.510393783
10968,-0.549923194,0.772098599
10969,-1.31505799,-1.39115715
10970,0.333162165,-0.415692055
10971,0.494977291,1.44058707
10972,0.0626015815,1.37755846
10973,0.0626015815,1.37755846
10974,0.692937559,1.73079889
10975,-2.14602126,-0.464849716
10976,0.590587426,-1.46967057
10977,-0.287584794,1.4330275
10978,-0.529073557,1.46974311
10979,-0.754947163,0.511662547
10980,-0.11754884,-0.416408104
10981,-0.11754884,-0.416408104
10982,1.54269259,-0.0516905097
10983,0,0.219470499
10984,-0.197172267,0
10985,-0.172307465,0.228593645
10986,-2.07148468,-0.407004299
10987,0.27987033,-0.628469673
10988,1.69315381,-0.700480994
10989,1.69315381,-0.700480994
10990,-0.352855417,0.230816022
10991,1.30705518,-0.291827339
10992,-0.877000363,0.056542049
10993,0.90261338,1.17042666
10994,-0.362708943,0.0232399664
10995,-1.11054601,0.0751806151
10996,-0.266475283,1.76978347
10997,-0.266475283,1.76978347
10998,-0.290957207,-0.964639336
10999,-1.43120983,-0.716881065
11000,0.0431194786,1.22100364
11001,-1.40982572,-0.349162978
11002,-0.735199413,0.556676963
11003,0.358280074,-1.46596821
11004,0.536121247,1.81814432
11005,0.536121247,1.81814432
11006,0.0171527985,0.904738354
11007,-0.0802247026,2.74728154
11008,-0.34704953,-0.689677267
11009,-1.1999739,0.472172232
11010,-0.0341557757,-0.10324091
11011,2.06198821,0.622878296
11012,-0.464255989,-0.571556089
11013,-0.464255989,-0.571556089
11014,0.59266956,-0.11093612
11015,-0.766757637,0.577324462
11016,-0.934296026,0.584105623
11017,0.713109934,1.02453041
11018,0.477987615,0.789766317
11019,0.830837001,1.01852135
11020,-0.395128419,-0.875617234
11021,-0.395128419,-0.875617234
11022,0.593631665,0.448121312
11023,-0.815920778,0.555664951
11024,0.254404188,-0.0561314345
11025,-0.663209363,-0.100809819
11026,-0.598715379,0.623088108
11027,0.719955442,-0.113385441
11028,1.64343048,0.356617889
11029,1.64343048,0.356617889
11030,-0.213261894,-0.274980033
11031,-0.639628195,-0.231658315
11032,-0.993021078,0.500179219
11033,-1.29889132,-0.475107024
11034,-0.997081729,-0.150130261
11035,-1.65507041,-0.505990302
11036,-0.229531116,1.17021808
11037,-0.229531116,1.17021808
11038,0.401126434,1.73015506
11039,1.47224585,0.938020403
11040,-1.76699029,-1.20480228
11041,-0.808179539,-1.00552866
11042,-1.22946235,-1.01780975
11043,-1.73711793,-1.18672188
11044,-0.967758512,0.952980955
11045,-0.967758512,0.952980955
11046,-1.76773389,-1.22925754
11047,-1.11144521,-1.50238344
11048,0.503875549,2.73262202
11049,0.973457815,0.580475757
11050,0.598649488,2.48523448
11051,0.630523975,0.0293016404
11052,-0.20244533,-0.398148276
11053,-0.20244533,-0.398148276
11054,1.03055692,2.29272011
11055,-1.03810001,-0.0210077439
11056,-1.29481976,-1.73200677
11057,-0.913060032,-0.893223605
11058,-0.654786677,-2.20528212
11059,-1.92432069,1.63601812
11060,-0.738942676,0.115114563
11061,-0.738942676,0.115114563
11062,-0.92601867,-0.205440011
11063,0.0609270671,0.256993563
11064,0.495800338,1.07546288
11065,0.0910680971,-0.0143932799
11066,-0.157869508,1.18156908
11067,1.09885117,0.60846342
11068,-1.06167286,-0.268591944
11069,-1.06167286,-0.268591944
11070,-0.163908539,0.977587712
11071,0.524298204,0.704247829
11072,-1.34006267,-0.59658455
11073,-0.745234126,-1.01515138
11074,-0.294654307,-0.703785181
11075,0.581718619,1.00827186
11076,-1.28086698,-0.0210805714
11077,-1.28086698,-0.0210805714
11078,-2.68046861,-0.0165995731
11079,-1.05259708,-1.10921663
11080,-0.0583507886,0.457498576
11081,0.116343232,1.19512766
11082,-1.79795659,1.17472875
11083,0.132833203,0.569246995
11084,-0.426860286,0.59028726
11085,-0.426860286,0.59028726
11086,-0.907052592,0.917941596
11087,-1.81576052,-0.175815507
11088,-0.197861504,0.555861087
11089,-0.646877256,-0.551347244
11090,-0.0874495986,0.0560296059
11091,0.551939361,-0.743802
11092,0.483509799,1.31177331
11093,0.483509799,1.31177331
11094,-1.37586409,0.229510284
11095,1.08433829,-0.222760921
11096,0.0712501683,1.16139707
11097,-0.385604642,-1.14523196
11098,1.45794546,-0.243188352
11099,-0.351923487,-0.309911995
11100,0.0204885644,-0.707868304
11101,0.0204885644,-0.707868304
11102,-0.473216299,0.760110229
11103,0.660624122,1.64603697
11104,-0.295920632,-1.40689241
11105,-0.250352948,-0.345923732
11106,-0.649876254,0.557634058
11107,-0.363022391,-1.02764518
11108,0.020346284,-1.21699083
11109,0.020346284,-1.21699083
11110,-1.61392869,-0.324828701
11111,1.15730889,0.22640509
11112,-0.0851569768,0.319664052
11113,0.289375396,-4.06659294
11114,-0.502385521,-3.2243272
11115,0.0991675118,-0.0883561557
11116,0.532375954,-0.164683865
11117,0.532375954,-0.164683865
11118,1.95597962,-0.356132773
11119,0.64310341,-0.157770893
11120,-1.369806,-0.426603221
11121,-1.10372784,-1.23639651
11122,-0.681213134,0.454216876
11123,-0.68410146,-0.456724109
11124,0.288384167,-0.914157408
11125,0.288384167,-0.914157408
11126,-0.855872932,-1.00824793
11127,-0.695366782,0.0411081448
11128,0.0726603307,1.1542869
11129,-1.75710916,-0.930755677
11130,0.0113078198,-0.58305798
11131,-0.44888941,-0.385435845
11132,-0.105727891,-0.751582013
11133,-0.105727891,-0.751582013
11134,0.184263477,2.34836101
11135,0.284173747,1.01573976
11136,-0.633814161,-0.436318727
11137,-0.273470899,-0.099659691
11138,-1.28345034,-0.896735097
11139,-0.632820355,-0.108154586
11140,-0.852461385,-1.52429921
11141,-0.852461385,-1.52429921
11142,0.756751491,-1.42039937
11143,2.37635123,0.762908037
11144,-0.057474652,0.546481711
11145,1.25573323,-0.774403007
11146,1.55960035,-0.949077798
11147,0.314307602,1.9384521
11148,0.0208918322,-0.375992858
11149,0.0208918322,-0.375992858
11150,0.212768514,0.898376116
11151,0,-0.020177421
11152,-0.945491125,0.0422008491
11153,-0.169919119,1.5833201
11154,-0.880485349,1.32459454
11155,0.71333896,-2.55547647
11156,1.77998193,-0.24303677
11157,1.77998193,-0.24303677
11158,0,-0.546916392
11159,-1.73909097,-0.708979138
11160,-0.924711278,0.463143883
11161,-1.44224206,-0.766698188
11162,-1.55411828,-0.0438513819
11163,-0.653320058,0.735897849
11164,-0.711871818,-0.294266832
11165,-0.711871818,-0.294266832
11166,0.308162959,0.13363249
11167,0.695296533,-0.916623782
11168,-0.814302158,-0.760132996
11169,1.74056957,0.0875480844
11170,-0.191552265,-0.0225290774
11171,2.24798338,-0.971387427
11172,0.94976182,0.455138528
11173,0.94976182,0.455138528
11174,-0.120645845,-1.49174843
11175,-1.84159906,-1.45631751
11176,0.619485664,1.88260023
11177,-1.52078516,-1.88671949
11178,-0.24247123,0.565880862
11179,0.8155956,-1.3571253
11180,-0.947126383,0.738907894
11181,-0.947126383,0.738907894
11182,0.292179005,0.910756865
11183,0.960892431,1.9178249
11184,-0.156267103,-2.56039016
11185,0.794056534,0.883977826
11186,0.735883357,-2.52796304
11187,-0.938579478,-1.59128039
11188,-1.00732891,0.281935392
11189,-1.00732891,0.281935392
11190,-1.34978436,-1.56341565
11191,-0.893682442,0.0396654768
11192,-0.448854973,1.54247455
11193,0.791486577,0.0573687451
11194,-0.301216563,1.25293912
11195,0.35864203,0.856557229
11196,0.168902582,1.87208008
11197,0.168902582,1.87208008
11198,0.549532881,1.68211001
11199,-0.039474789,-0.757735758
11200,-0.165671106,-0.416178693
11201,1.45655219,-0.278985126
11202,0.350083365,-0.56439812
11203,-1.22473691,0.338690151
11204,-0.711015248,0.434634174
11205,-0.711015248,0.434634174
11206,-1.23375074,-1.32894499
11207,-0.104119844,2.73517753
11208,-0.739160007,0.378549268
11209,-2.37838851,1.55008554
11210,-1.80509387,0.631210893
11211,1.06428126,0.419129163
11212,-0.263987275,-0.0409256862
11213,-0.263987275,-0.0409256862
11214,-1.90157838,-0.644454426
11215,0.476852406,-0.237585444
11216,0.450019322,1.55545135
11217,0.60410756,-0.183458499
11218,-0.786439022,1.22008698
11219,-0.298250388,-0.483557585
11220,1.14833335,-0.10075211
11221,1.14833335,-0.10075211
11222,0.257622634,1.20584443
11223,0,1.24455863
11224,-0.774965628,-0.153701575
11225,-0.0862095692,0.18748467
11226,-0.634954876,0.380693111
11227,0.349784753,0.0596615508
11228,0.855962939,-0.0386665434
11229,0.855962939,-0.0386665434
11230,-2.32901673,0.440372674
11231,-0.864180127,0.147906049
11232,-0.428042481,-0.437451759
11233,-1.13053816,2.05093994
11234,0.891208885,0.726692156
11235,-1.28875908,0.455509329
11236,0.766602533,0.0814786439
11237,0.766602533,0.0814786439
11238,-1.03959275,-1.69451376
11239,0.891002754,-1.70927673
11240,-0.0420633094,0.279736034
11241,1.3052726,1.38552275
11242,-0.275185897,0.0764363218
11243,1.87255513,-0.104240894
11244,-0.880179142,0.277787623
11245,-0.880179142,0.277787623
11246,0.342794246,0.684705885
11247,-2.10638158,0.0208719778
11248,-1.21915406,-0.185097517
11249,-0.0139301563,0.270195939
11250,-1.34816384,0.485810968
11251,-2.11829272,-1.40789758
11252,-1.92755669,0.393144222
11253,-1.92755669,0.393144222
11254,-1.77319756,-0.783625684
11255,-0.75508943,-0.0204435326
11256,0.787689511,0.620900001
11257,0.418519532,2.23629492
11258,0.715823494,0.90757451
11259,0.441107467,0.765504003
11260,1.13317949,1.59743951
11261,1.13317949,1.59743951
11262,0.861503848,-0.35388018
11263,-1.2558953,-0.611976977
11264,1.17909582,0.938634161
11265,1.0852087,0.260517284
11266,1.03700935,1.06522201
11267,1.81543611,-0.410105486
11268,0.0815248612,-0.123765006
11269,0.0815248612,-0.123765006
11270,-0.747009363,0.621646916
11271,-0.813744546,-0.101471084
11272,-0.42077101,-1.04092684
11273,1.35772433,1.20429534
11274,0.261545171,1.03996581
11275,-0.725472405,0.818167213
11276,0.57581081,0.434481205
11277,0.57581081,0.434481205
11278,-0.392072991,0.948926085
11279,0.565636244,0.0204886506
11280,-1.1295684,-0.878715333
11281,0.466271458,2.15488759
11282,-0.381498231,2.20391141
11283,0.232712123,0.6404697
11284,-0.994511929,0.626997622
11285,-0.994511929,0.626997622
11286,-1.22001787,-0.664369581
11287,0.0623052817,0.693659235
11288,-0.858101481,-0.810601709
11289,-1.94962303,-2.18107785
11290,-2.03090456,-2.19186959
11291,0.100987402,-1.48118258
11292,-0.371831501,-1.66805032
11293,-0.371831501,-1.66805032
11294,-1.99650684,-1.11693151
11295,-0.720117683,0.816301673
11296,-1.24764143,-0.302453168
11297,-0.265144055,0.411367717
11298,-1.52620062,1.58455975
11299,-1.74541132,-0.381267087
11300,0.261752058,-1.52490359
11301,0.261752058,-1.52490359
11302,-0.063598355,-0.418815336
11303,-0.696747483,0.200470023
11304,-0.410105157,-0.0505742201
11305,2.18044824,0.266693622
11306,1.02123075,0.123497769
11307,-0.679836881,-0.31149021
11308,0,1.12564986
11309,0,1.12564986
11310,-0.727360996,-0.0637307313
11311,0.779175997,-1.48661849
11312,-1.51141343,-1.70776793
11313,-0.100722214,1.07479034
11314,-2.20001817,0.442304793
11315,1.59092375,-0.327052957
11316,0.236466254,-1.54964758
11317,0.236466254,-1.54964758
11318,-0.934187656,0.39257099
11319,-0.179315057,0.871672386
11320,-0.0527157535,0.447241779
11321,0.760591446,-1.24886594
11322,-0.427911241,0.759558156
11323,-1.52211257,0.0143101857
11324,2.41674868,-1.5319536
11325,2.41674868,-1.5319536
11326,0.794650082,0.789286065
11327,0.292282072,0.336213351
11328,0.330551941,-1.1310725
11329,-0.128757709,1.14036354
11330,0.348177304,0.969667616
11331,2.07220468,-0.448109685
11332,0.143871728,-0.675573662
11333,0.143871728,-0.675573662
11334,3.09343576,-0.47969778
11335,-0.98356852,0.303743664
11336,0.488174743,0.832489316
11337,0.223522892,-0.716608855
11338,0.0841534891,1.93661933
11339,-0.0303357217,0.20119262
11340,-0.0574165826,0.634737115
11341,-0.0574165826,0.634737115
11342,-0.262273796,0.814039333
11343,-1.40692548,0.989752811
11344,-1.92628058,-1.52294148
11345,-1.44597621,0.746143918
11346,-2.05271364,2.29317136
11347,-0.0441126861,0.685639501
11348,0.619239873,0.771782343
11349,0.619239873,0.771782343
11350,-0.669976635,-0.629221497
11351,1.86303689,-0.850072285
11352,-0.155043535,-1.35668643
11353,0.16879105,2.25749576
11354,-0.390043283,1.21763961
11355,0.375847283,0.187071461
11356,0.687306014,0.446895285
11357,0.687306014,0.446895285
11358,0.811015643,-0.684075308
11359,-0.24526575,1.3307015
11360,-1.30869103,0.44144994
11361,1.29083736,-0.805167455
11362,1.40655244,0.41931447
11363,0.441000709,0.185909178
11364,0.20039717,1.25672527
11365,0.20039717,1.25672527
11366,-1.23689728,0.999986773
11367,0.89272303,-0.907585847
11368,-0.954456395,-0.983966171
11369,-2.81167823,-1.84024899
11370,-1.13424777,-1.00767026
11371,-1.72015981,0.317908373
11372,-1.42604942,2.36412263
11373,-1.42604942,2.36412263
11374,0,0.215571258
11375,0.354275552,1.09512152
11376,-1.38167142,-1.55801589
11377,0.182000504,0.540900608
11378,-0.0744886251,-0.166480403
11379,0.946033514,-0.60348211
11380,-1.08197985,2.82989141
11381,-1.08197985,2.82989141
11382,-1.53491407,0.364483362
11383,-0.345339782,-1.11549012
11384,-0.397259278,0.909306377
11385,0.861172055,1.14266566
11386,-1.21997396,1.97007878
11387,1.054686,-0.0430793484
11388,0.79075369,1.10309505
11389,0.79075369,1.10309505
11390,-0.970501794,0.686001771
11391,1.95790022,-1.30556722
11392,1.22954662,-1.37939632
11393,0.352111276,-0.352804102
11394,-0.731101349,-0.711409888
11395,0.305545566,1.11509355
11396,-1.91804545,0.816326003
11397,-1.91804545,0.816326003
11398,1.56142744,0.0490251778
11399,-0.528862701,-1.85904395
11400,-0.343510725,0.0786292471
11401,-0.446487819,0.788789065
11402,-0.59438899,0.29692184
11403,-0.237394568,1.3238704
11404,-0.65750688,-2.05921984
11405,-0.65750688,-2.05921984
11406,-0.582168132,-0.202663964
11407,-0.26036686,0.852700992
11408,-1.65794321,-1.1841169
11409,0.929576386,-0.0141704515
11410,-0.484244002,0.388853283
11411,-0.19886393,1.04413612
11412,0.116676744,0.645025886
11413,0.116676744,0.645025886
11414,-0.568548903,-1.14972933
11415,0.417441151,-0.738714158
11416,-1.22849315,0.161302397
11417,0.633488044,-1.79459859
11418,-1.30147949,-1.20263114
11419,0.840838468,-1.09784724
11420,-0.099493449,1.63312996
11421,-0.099493449,1.63312996
11422,-0.595005827,0.44562008
11423,-0.530718898,-0.559387383
11424,-0.0639873858,-1.24073819
11425,-0.529767076,0.797452408
11426,-1.43405281,2.18770853
11427,0.187741647,0.583149575
11428,-0.580564356,-0.105339287
11429,-0.580564356,-0.105339287
11430,0.245134749,-0.699060717
11431,-0.716448798,-0.427737305
11432,-1.66688004,-0.54538684
11433,-0.567831299,-1.91354732
11434,-1.68818074,-0.172750267
11435,-1.26000891,-0.390568574
11436,-1.11606903,2.43891314
11437,-1.11606903,2.43891314
11438,0.0335337007,0.647094731
11439,0.416053422,-1.11970102
11440,-0.270639241,-0.361180883
11441,0.926462866,0.224570187
11442,-0.631885414,0.452319989
11443,-1.24443318,0.94297867
11444,-1.25366722,-1.03825906
11445,-1.25366722,-1.03825906
11446,-2.81231486,1.05430595
11447,0.244099064,-1.98146853
11448,-1.32554832,0.578751774
11449,1.23361918,-0.231075279
11450,0.645013474,1.11793294
11451,-1.18742444,2.05451472
11452,-1.56654685,-0.278215934
11453,-1.56654685,-0.278215934
11454,1.15932116,-0.614277538
11455,-2.45997915,0.816496581
11456,0.507804305,-1.19990556
11457,0.871749891,1.33289181
11458,0.376037241,2.03131231
11459,0.791421678,-0.208764218
11460,-0.945186461,0.356131938
11461,-0.945186461,0.356131938
11462,-0.637457881,-0.912019996
11463,0.937816809,1.80814856
11464,0.413190202,-1.04841848
11465,0.368809918,0.46405885
11466,-1.33378862,0.998316609
11467,1.35198486,-1.10693564
11468,1.23992045,-1.96386262
11469,1.23992045,-1.96386262
11470,0.960664213,-0.321311083
11471,0.308486047,0.995366429
11472,-1.57345578,-0.459366618
11473,-0.527300626,1.08682303
11474,-0.3975295,2.23809826
11475,1.67838607,1.54708613
11476,-0.271245695,0.285751424
11477,-0.271245695,0.285751424
11478,-1.80004868,0.784305699
11479,-0.938611414,-0.713161026
11480,-0.233221935,-0.31403077
11481,-0.142309659,1.09687617
11482,-0.174184059,0.92087357
11483,0.76321049,-1.02081534
11484,-1.72931099,1.60935781
11485,-1.72931099,1.60935781
11486,1.25518972,-0.611971375
11487,0.418832883,-0.442983251
11488,-1.77129102,-0.336896115
11489,-1.11198883,-0.216450584
11490,-0.620002961,-0.481062213
11491,0.728273676,-0.823806435
11492,-0.220744929,1.95373979
11493,-0.220744929,1.95373979
11494,-1.55045216,0.178198154
11495,0.0415519274,-1.82982439
11496,-1.14124724,-0.65005397
11497,-0.328663344,1.48908302
11498,0.751540506,0.874833266
11499,-1.46235945,-1.21126149
11500,0.535203865,-0.51021583
11501,0.535203865,-0.51021583
11502,-0.274177125,0.0669200768
11503,0.654220798,-0.391934013
11504,-0.650629921,-1.19586068
11505,1.26351558,-1.0370781
11506,-0.487068456,-0.598894432
11507,0.218607383,0.638440997
11508,-0.926761706,0.208172391
11509,-0.926761706,0.208172391
11510,-1.44287802,-0.597426018
11511,-1.41856072,-0.178876029
11512,-0.544699957,1.03382725
11513,-0.665558441,-0.579704194
11514,-1.52711606,1.08881071
11515,0.334542566,0.798059036
11516,0.305409807,0.667033409
11517,0.305409807,0.667033409
11518,-0.780018349,0.290304489
11519,1.36275998,2.32139209
11520,0.742428465,-1.63874481
11521,-0.175534321,-1.09064508
11522,0.346310309,-1.54059785
11523,0.0739780342,-0.0906192465
11524,-0.486297074,0.185345249
11525,-0.486297074,0.185345249
11526,0.930023171,-1.38868612
11527,-0.364935774,-1.16700867
11528,-0.217139858,-0.827074183
11529,0.814091645,-0.498902795
11530,-1.41885573,-0.330140681
11531,-1.29604033,0.829883423
11532,1.38034419,-1.91427056
11533,1.38034419,-1.91427056
11534,-0.272540717,0.338866083
11535,-1.06593068,0.421188393
11536,-1.14724706,-0.989280248
11537,-0.369118869,-2.49669904
11538,-0.727534948,0.246527838
11539,-1.04472613,-1.31947458
11540,-0.718505478,1.91318066
11541,-0.718505478,1.91318066
11542,-0.947809003,-1.52073385
11543,-0.324534158,-0.170938974
11544,-0.978621119,0.0258793045
11545,0.199763909,-0.515138982
11546,-1.42403725,-0.321770514
11547,-0.604242946,-0.96372365
11548,-1.55623474,0.205643741
11549,-1.55623474,0.205643741
11550,0.114069134,0.2548118
11551,-0.592784314,-1.62924837
11552,-0.684272351,-0.0514050828
11553,0.143092347,0.883156055
11554,-1.50080139,1.2175246
11555,0.0432370335,-0.966954226
11556,-0.660615205,0
11557,-0.660615205,0
11558,0.375499974,0.713539358
11559,0.229007415,0.527921727
11560,-0.899646832,-0.56816573
11561,-0.744624539,-0.0292554221
11562,-0.186759034,-0.166180682
11563,-0.319639229,0.807926538
11564,1.12100827,0.182237209
11565,1.12100827,0.182237209
11566,-0.244104289,-1.0252188
11567,-0.275519834,-0.441672891
11568,-1.05300703,-1.41387454
11569,-0.693463683,-1.89901389
11570,-1.08634979,-0.45323154
11571,-0.957073356,1.37219491
11572,-1.20299689,0.455314625
11573,-1.20299689,0.455314625
11574,-1.85050397,1.01713416
11575,-0.945566073,-0.89726638
11576,0.388215633,0.375625646
11577,1.51188111,0.0933021599
11578,-0.380664152,1.71987201
11579,0.75153255,0.0730059747
11580,-1.34884442,1.19057407
11581,-1.34884442,1.19057407
11582,-0.374217246,0.818537468
11583,-2.3147506,-1.02723351
11584,0.271719071,-1.14355971
11585,1.2880215,1.20034232
11586,0.0498644318,1.7647757
11587,-0.886390356,-0.694294754
11588,0.304485549,0.826112008
11589,0.304485549,0.826112008
11590,0.38438498,-0.34549833
11591,1.05467403,-0.582234198
11592,-0.776372349,0.550386015
11593,0.468039647,0.69956839
11594,-0.135345683,1.15196719
11595,0.636741623,0.23401853
11596,0.312538931,0.643713111
11597,0.312538931,0.643713111
11598,0.351064904,0.520923016
11599,2.0992466,-1.84403579
11600,-1.56733558,-0.985741476
11601,-0.101048565,-0.480100633
11602,0.239152173,-0.051220708
11603,0.375616141,0.0445732639
11604,1.12886332,-0.330509467
11605,1.12886332,-0.330509467
11606,-1.70375121,-0.180315724
11607,1.35846876,0.040460151
11608,-0.567612126,-0.412662719
11609,0.434788751,1.41113977
11610,-1.09790685,1.19314478
11611,0.966538255,0.479613017
11612,1.4579163,-0.26503293
11613,1.4579163,-0.26503293
11614,0.102693832,1.25782638
11615,-1.40851352,0.831795064
11616,-0.212524345,-0.629055638
11617,-1.71042123,-0.939772173
11618,-2.30004759,0.198610174
11619,-0.17446085,0.960333304
11620,-1.52620927,0
11621,-1.52620927,0
11622,0.452765356,-0.838138819
11623,0.544407207,-0.748931185
11624,-1.08023675,-0.682026595
11625,-1.31733115,-0.795720643
11626,-1.84239918,0.842470324
11627,-0.155952687,-1.91249638
11628,-0.161625564,-1.55475928
11629,-0.161625564,-1.55475928
11630,-0.235085326,-0.512645698
11631,0.316635043,1.16977753
11632,-1.70237504,-0.737025119
11633,1.35996051,0.474917621
11634,-0.768871996,1.02093094
11635,0.827046156,-1.08430113
11636,-0.532515784,0.221201297
11637,-0.532515784,0.221201297
11638,-0.469369296,-0.766449526
11639,0.733860023,0.916594881
11640,-0.421159368,-0.432994749
11641,0.851823181,-0.917693836
11642,0.174902631,0.038015344
11643,-1.65959451,1.37244793
11644,-1.53195676,0
11645,-1.53195676,0
11646,0.150905428,0.0823125608
11647,0.872532448,0.644880357
11648,0.954017177,0.489100359
11649,1.38635636,1.39321683
11650,0.729510825,0.426503127
11651,-1.84662831,1.40275786
11652,0.842075032,-0.791589939
11653,0.842075032,-0.791589939
11654,1.76003809,-0.1336295
11655,0.683478609,-0.88402581
11656,-0.495307803,-1.04772777
11657,0.425814362,1.06555318
11658,-0.74866837,-0.489548549
11659,-0.92643538,-1.46704032
11660,-0.968246747,-0.501055211
11661,-0.968246747,-0.501055211
11662,-0.915236116,-1.44813458
11663,-0.371195674,-1.34370194
11664,-0.409437545,-0.0782244103
11665,-0.115648023,1.86377868
11666,-0.145633709,1.19088519
11667,-0.727523606,-2.59685081
11668,-1.12043028,1.38638314
11669,-1.12043028,1.38638314
11670,-0.828973698,-0.18762371
11671,-0.821595033,1.64099889
11672,-1.44565542,-1.48872334
11673,0.130442336,-1.34594126
11674,-1.54132548,0.908961065
11675,0.335653203,1.15352148
11676,-1.24566796,0.0982264201
11677,-1.24566796,0.0982264201
11678,-1.47894916,0.115465093
11679,0.247511008,-1.73763685
11680,-0.126034093,-0.477908058
11681,-0.128261923,-0.394475355
11682,-1.12105695,0.453909188
11683,1.91130917,-0.801903705
11684,-0.432623103,0.0200995962
11685,-0.432623103,0.0200995962
11686,-0.810009326,0.101973518
11687,0.448568436,0.183541321
11688,-1.9696765,0.0750805454
11689,0.75824327,1.73982703
11690,-0.265706028,1.70131498
11691,-1.92674373,-1.59090123
11692,1.08417519,0.440579871
11693,1.08417519,0.440579871
11694,-0.273389549,0.430232481
11695,-0.390783791,0.490424711
11696,-0.768629485,-1.66410883
11697,1.42418944,0.572676437
11698,0.319596035,-0.296684994
11699,-0.706999595,-1.36924844
11700,-1.03979873,-0.161575985
11701,-1.03979873,-0.161575985
11702,-1.22845081,-1.25700382
11703,0.232657161,-0.735296249
11704,-0.154858605,1.12653104
11705,1.009651,-0.585857089
11706,0.220482012,1.15518317
11707,-1.28586754,-0.770770658
11708,0.0977160384,-0.8199641
11709,0.0977160384,-0.8199641
11710,0.839852227,-0.187776572
11711,-0.34242339,0.266912432
11712,0.498795291,-0.345922333
11713,-0.507835546,-0.73228893
11714,0.137153071,1.03517515
11715,-0.268195648,0.948874915
11716,0.348856569,2.22903839
11717,0.348856569,2.22903839
11718,-0.234343428,-0.577177495
11719,-0.0410956585,0.265601276
11720,-0.599272103,-1.64764096
11721,0.0567713179,-1.66980417
11722,-0.0971109366,-0.71013787
11723,-0.0867647871,0.05804637
11724,-1.23372673,-0.811056958
11725,-1.23372673,-0.811056958
11726,-1.01421424,-0.146335197
11727,-1.72795328,-0.202405416
11728,-0.53240415,-1.0417215
11729,-1.05220751,-1.20003069
11730,-0.265028091,0.780411659
11731,-0.381951115,0.580032519
11732,0.732179088,-0.596298912
11733,0.732179088,-0.596298912
11734,0.290143868,0.118228717
11735,0.408894626,-1.49240766
11736,-1.45238701,-0.31756942
11737,0.230555207,-0.549610106
11738,-0.309354211,-1.820867
11739,0.161113222,-1.50702783
11740,-0.415150768,-0.0814990716
11741,-0.415150768,-0.0814990716
11742,0.241878796,-1.35747755
11743,-0.589879393,-0.158965902
11744,-1.26825996,-0.256379313
11745,-1.01882934,-0.284380097
11746,-1.37075503,0.706620597
11747,0.0719137714,0.926067806
11748,0.246087475,-0.0392019578
11749,0.246087475,-0.0392019578
11750,-0.867846832,-0.182879435
11751,1.09012004,-0.503040309
11752,-2.05451816,-0.77093307
11753,1.81392005,0.0873024621
11754,0.949728167,0.442668624
11755,-0.53585144,1.81421024
11756,0.302480504,-1.2747899
11757,0.302480504,-1.2747899
11758,-0.386497817,-1.42521338
11759,1.16914289,1.94201105
11760,0.259546742,-1.06787781
11761,1.72232593,-0.0146233555
11762,-1.11581817,-0.427012214
11763,-0.51773849,2.01190749
11764,-0.476135008,-0.696181657
11765,-0.476135008,-0.696181657
11766,0.476354967,1.40439146
11767,1.15719806,1.94064388
11768,-0.727121405,0.845067965
11769,1.05509843,0.544560713
11770,-0.377167676,0.606559255
11771,-0.433256516,0.65568883
11772,0.195455185,1.75566853
11773,0.195455185,1.75566853
11774,-1.29461598,0.147678314
11775,-0.543952909,1.67044508
11776,0.764909263,-0.64056779
11777,-1.53168263,-0.128399248
11778,-0.127941455,-0.0498674618
11779,0.4463614,-0.942640528
11780,1.30240881,0.331273821
11781,1.30240881,0.331273821
11782,0.840137214,-1.2845011
11783,0.344494273,-0.254155837
11784,-0.369631227,-1.24585901
11785,0.0136141065,0.50518109
11786,-0.501749906,1.32235509
11787,0.385712806,-0.375334513
11788,-1.07482188,0.800944024
11789,-1.07482188,0.800944024
11790,0.641362683,-0.626552281
11791,0.240213457,-0.626389099
11792,-1.09159245,-0.964348983
11793,-1.8117507,-0.7847753
11794,-1.52429622,0.160636496
11795,-0.371501832,0.93902405
11796,-1.14547928,-0.429167661
11797,-1.14547928,-0.429167661
11798,-1.39980676,-0.676303097
11799,1.26990607,-0.604053339
11800,-0.684359019,-0.688680219
11801,-1.85064741,-0.216955237
11802,-2.19154465,-0.286070142
11803,2.99289642,1.19701002
11804,-1.00429417,2.22191296
11805,-1.00429417,2.22191296
11806,1.10977571,-0.499197495
11807,-0.485928639,1.16065993
11808,-1.19244474,-0.06288227
11809,2.12309569,1.56560046
11810,0.112261824,1.76181882
11811,1.32282969,0.325205531
11812,-0.228870716,-0.0802128161
11813,-0.228870716,-0.0802128161
11814,-0.621774911,-0.316182879
11815,1.09878512,-0.142285583
11816,-0.781573892,-0.0379509465
11817,0.396732214,-0.218026463
11818,1.21953964,0.708395364
11819,-0.707675123,0.88156111
11820,2.48622874,0.266436005
11821,2.48622874,0.266436005
11822,0.240072007,0.589855912
11823,-0.947729469,-0.569108243
11824,-1.55340065,-1.56303154
11825,0.957551516,0.246978466
11826,0.109070403,0.0128355938
11827,-0.781368741,0.552966062
11828,0.20415698,-0.0409275761
11829,0.20415698,-0.0409275761
11830,-1.05948152,0.417591748
11831,0.90749392,1.232015
11832,0.261752854,0.719701047
11833,-1.3932133,0.0437598358
11834,-0.407688138,2.13721825
11835,-1.97851169,0.358394594
11836,-0.963606143,0.542213871
11837,-0.963606143,0.542213871
11838,-0.416062448,-0.766963376
11839,0.32158198,-0.509151097
11840,0.583308313,-1.01420457
11841,-0.903925281,0.152762601
11842,-1.32500506,-0.39930237
11843,-1.21568236,-2.38505628
11844,-0.260883531,-0.343934038
11845,-0.260883531,-0.343934038
11846,-1.92343498,0.446718333
11847,-1.10137938,-1.40069666
11848,0.598301247,0.700649323
11849,-0.535160584,0.640895828
11850,-1.68948777,0.781416356
11851,-0.5232453,-1.79981788
11852,0.956194084,-3.01284885
11853,0.956194084,-3.01284885
11854,1.25957066,-0.346586297
11855,-0.742823986,-0.764233978
11856,-2.14432888,-1.7761142
11857,0.574064198,-0.344018678
11858,0.518804274,0.974665373
11859,1.08193411,-1.49997181
11860,0.847520948,-1.48574678
11861,0.847520948,-1.48574678
11862,-1.49101864,-0.401390959
11863,1.10006806,0.348820493
11864,-0.26003011,-1.43111236
11865,-0.571713461,0.778736932
11866,-0.694219934,-0.18758174
11867,0.112043717,2.15814367
11868,-1.68114596,-0.43457924
11869,-1.68114596,-0.43457924
11870,-1.02198475,0.377157922
11871,1.17811864,0.734146122
11872,-1.09413738,0.656563474
11873,0.114055804,-0.287485891
11874,-1.31840152,1.23608279
11875,0.451223044,-1.16150861
11876,3.19082105,-0.419535148
11877,3.19082105,-0.419535148
11878,-1.1468589,0.402691644
11879,-1.39967871,0.216239563
11880,-0.703287016,-0.832600359
11881,0.39002896,-0.0287586582
11882,-0.642529508,-0.164902471
11883,-0.262952665,-0.074235891
11884,0.428178292,-1.62826813
11885,0.428178292,-1.62826813
11886,0.906814722,0.659641083
11887,-0.667457886,0.554600921
11888,-1.30907788,-1.47392343
11889,0.0287132375,-1.90236723
11890,-2.65541847,-0.942048115
11891,-1.76339685,-1.75820995
11892,0.0198395556,1.45318139
11893,0.0198395556,1.45318139
11894,-1.64418683,-1.02478534
11895,1.69467798,-0.977056612
11896,-0.447307684,1.18111741
11897,0.415019243,-1.2148816
11898,-2.47753117,0.744959073
11899,1.16093819,0.0598662829
11900,-0.182976127,0.0206868738
11901,-0.182976127,0.0206868738
11902,0.937921197,-0.17289985
11903,-0.859241054,2.52996107
11904,1.00300631,-1.17460148
11905,0.33936703,1.56461015
11906,-1.49292422,0.564821643
11907,0.0596862822,-1.21034877
11908,-1.2427068,-0.847667383
11909,-1.2427068,-0.847667383
11910,1.18686389,-0.121170011
11911,1.13095248,0.323968106
11912,-0.738441116,0.392875091
11913,1.55998139,-0.187511455
11914,-0.205834966,0.038295474
11915,-0.414662447,0.0444670605
11916,-2.06525461,-0.102438511
11917,-2.06525461,-0.102438511
11918,-0.687314913,0.536172139
11919,-1.36676783,1.81614875
11920,-1.72369166,-0.688885593
11921,0.0874587604,-0.564055598
11922,-0.333627093,0.404946246
11923,0.251817277,0.178380172
11924,0.417782113,0.636539232
11925,0.417782113,0.636539232
11926,-0.833675254,0.79531825
11927,-0.822023556,-0.278530388
11928,-1.10996085,0.0803388221
11929,-0.0580152688,0.330287637
11930,-1.21405779,0.338634194
11931,-0.804097176,0.256482528
11932,0.85642273,-0.898991553
11933,0.85642273,-0.898991553
11934,-0.743796142,0.0482748774
11935,-0.718876271,-0.297695549
11936,0.0509470616,-1.68285209
11937,0.649613435,1.28596981
11938,-0.874630511,1.00291586
11939,-0.453935563,1.18354044
11940,0.686442361,-0.515009864
11941,0.686442361,-0.515009864
11942,-0.149771877,-1.21634078
11943,-0.195582565,-2.27728507
11944,-1.56451585,-0.620167934
11945,1.03657977,0.744882786
11946,0.123321217,-0.421156443
11947,-2.81090118,-0.736129767
11948,0.184608905,0.584123327
11949,0.184608905,0.584123327
11950,-0.344972172,-0.602910366
11951,-0.480918358,-0.538713088
11952,-0.207334821,-0.265969881
11953,-0.262590644,-0.980920452
11954,-0.562918663,-1.66007016
11955,-1.6340741,-1.63531027
11956,-0.496444239,0.679754719
11957,-0.496444239,0.679754719
11958,0.479001261,0.418712784
11959,-1.56130751,1.17262294
11960,-1.49607121,0.646962458
11961,-1.26395664,-0.279649913
11962,-0.577813506,1.69794566
11963,1.09962012,0.89692844
11964,-0.925705062,-0.326484437
11965,-0.925705062,-0.326484437
11966,-0.339143147,0.679289613
11967,-2.17380583,1.94803872
11968,0.380499438,-1.24490411
11969,0.294316161,0.0570274083
11970,1.14606033,-0.573442954
11971,-1.16956157,2.46195711
11972,1.70995828,-0.39153003
11973,1.70995828,-0.39153003
11974,0.849580459,-1.56317809
11975,0.445244374,-1.99873003
11976,0.205869221,-1.16855951
11977,0.266167103,0.44693802
11978,-1.66911028,1.31392208
11979,-0.145221735,-1.50031468
11980,0.0996774073,0.687479883
11981,0.0996774073,0.687479883
11982,-0.274814653,-0.344853243
11983,0.799001896,1.56327307
11984,-1.55121176,-0.405948157
11985,-0.0699593102,2.45390428
11986,-0.439779567,2.73479905
11987,-2.56213577,0.745632097
11988,-1.80647028,-0.34247354
11989,-1.80647028,-0.34247354
11990,-0.513888397,-0.252848083
11991,-2.32027299,0.656637215
11992,-0.117079365,-0.379879114
11993,-0.352508872,0.263873374
11994,0.178694151,0.127185658
11995,-0.284029861,0.119929934
11996,0,1.62105098
11997,0,1.62105098
11998,0.650999175,-0.73417182
11999,0.460592495,0.448672698
12000,-2.01144578,-0.454649631
12001,-1.28118194,1.35723482
12002,-0.0131611417,0.649863411
12003,0.99838362,-0.221649724
12004,0.524886433,-0.470072263
12005,0.524886433,-0.470072263
12006,0.66677067,0.36655083
12007,-0.964155184,0.624815837
12008,-1.10961254,-0.36456892
12009,0.0140399178,-0.557818836
12010,-0.2858634,0.267463646
12011,0.382364962,1.15720853
12012,-1.4097033,-0.719043545
12013,-1.4097033,-0.719043545
12014,-0.387817067,-0.284301755
12015,-0.781750358,-0.349099444
12016,-0.713132748,-0.980075948
12017,-0.573714367,1.33866459
12018,-2.36278917,-0.312494922
12019,-1.36948931,0.285219978
12020,-1.28665208,-1.21106857
12021,-1.28665208,-1.21106857
12022,-1.0344935,-0.190197317
12023,0.251704712,0.954551517
12024,-0.68776766,1.08084003
12025,-1.60643998,-0.224699804
12026,-2.67744259,0.956542035
12027,0.158035546,-1.31208221
12028,-0.177192921,-0.474603779
12029,-0.177192921,-0.474603779
12030,-0.115940439,1.54053591
12031,-0.312083238,-0.124336467
12032,0.805373432,-1.68473832
12033,2.23618779,-1.659198
12034,0.89568955,-2.09890353
12035,1.48893272,-1.82349829
12036,0.960466,0.419017914
12037,0.960466,0.419017914
12038,-0.134448535,-0.974718416
12039,-0.655844201,1.28140647
12040,-0.408183192,-0.88359275
12041,0.43441411,-0.0405687824
12042,-1.97550708,0.608060166
12043,0.583306329,1.20769531
12044,-1.29221852,0.784325919
12045,-1.29221852,0.784325919
12046,-2.01355385,-0.462461059
12047,0.226201043,0.419292947
12048,-1.07008372,-1.09536715
12049,-0.910308515,-0.0444941656
12050,-0.618626111,1.24469069
12051,-0.0998395003,0.370685141
12052,0.165193266,2.7241175
12053,0.165193266,2.7241175
12054,-0.518819824,-1.47307015
12055,-2.04210317,0.367286177
12056,-0.781889116,-0.116908422
12057,0.38971194,-0.655384486
12058,-1.16013726,-1.1872143
12059,0.0143398023,0.915508878
12060,-0.202452609,0.0416138734
12061,-0.202452609,0.0416138734
12062,0.734975097,-0.754453641
12063,-1.04748141,0.767585479
12064,-0.875189892,-0.0642580425
12065,0.867309417,-1.02952218
12066,-1.55119163,0.593542412
12067,0.899073622,0.202391248
12068,0.481507948,-1.58928161
12069,0.481507948,-1.58928161
12070,0.864578215,0.45050665
12071,0.444988638,0.0403902801
12072,-0.803573276,-0.502131041
12073,3.60266371,-0.808574559
12074,1.28967413,-1.49303341
12075,0.0143764947,1.46416323
12076,0.889422375,1.31541151
12077,0.889422375,1.31541151
12078,1.33830193,1.29610508
12079,-0.758388123,-0.973235517
12080,-0.783894445,-1.56824418
12081,-0.213032895,0.0582731424
12082,-0.203292922,-1.56329583
12083,-0.451207232,0.806512839
12084,-0.922303318,1.68183563
12085,-0.922303318,1.68183563
12086,0.136258469,-1.29583456
12087,-0.71688408,-1.10877636
12088,0.503885059,0.244383373
12089,2.14306295,0.343125116
12090,0.307669907,1.22983813
12091,0.621917444,1.02523705
12092,-0.771773299,-0.163944309
12093,-0.771773299,-0.163944309
12094,1.85196767,-0.683362073
12095,-0.32938977,0.347448354
12096,0.426294374,-1.41932211
12097,-1.30168053,-1.71680424
12098,-1.51972783,-0.606016219
12099,0.54688203,1.74288567
12100,0.359868343,-0.906766266
12101,0.359868343,-0.906766266
12102,-0.627957243,-0.3501713
12103,0.0625805499,-0.502095123
12104,-0.719379192,0.524722835
12105,0.998397294,-1.06946195
12106,-1.36085455,-0.608453554
12107,-0.330203339,0.430077549
12108,1.45685083,1.07381711
12109,1.45685083,1.07381711
12110,-0.77380164,-0.115742459
12111,0.342145175,-0.828420432
12112,-1.80140547,-0.715121709
12113,-0.317239666,0.568102224
12114,-0.210579477,0.282616598
12115,1.81524626,-0.397733492
12116,0.103175526,1.31402181
12117,0.103175526,1.31402181
12118,-1.02691292,-0.438232224
12119,-0.349558239,-1.25577516
12120,-0.529038301,-0.363881862
12121,-0.800661656,0.345141102
12122,-1.49014244,-1.66643876
12123,-1.22451202,0.924979021
12124,-1.22786693,0
12125,-1.22786693,0
12126,-0.0334669882,0.636495435
12127,-0.209446525,1.63089054
12128,-0.0883753705,-0.924308483
12129,0.441545251,0.362295192
12130,-1.82705228,0.462558421
12131,0.651237996,-0.765947743
12132,-0.620154411,-0.631171558
12133,-0.620154411,-0.631171558
12134,-0.0669602967,-1.33118593
12135,-0.121287806,0.555563526
12136,-1.36013863,-0.617521947
12137,-0.290666227,-1.20681432
12138,-0.0608694425,1.15255398
12139,0.995742073,0.0442412291
12140,0.398089135,-0.71741579
12141,0.398089135,-0.71741579
12142,-0.160489536,0.832283042
12143,-0.0623834237,0.223482429
12144,-1.86569142,-0.481231578
12145,-1.27992866,1.90920409
12146,-0.700551363,1.50199389
12147,0.695776702,0.0303091693
12148,1.41337935,-0.496198436
12149,1.41337935,-0.496198436
12150,-1.46973215,-0.214357714
12151,-0.737901645,-0.443315374
12152,-0.0657358287,-0.423634424
12153,-0.936503942,-0.302927563
12154,-0.980167795,1.92211579
12155,-0.107629247,0.041670142
12156,0.549082837,-0.879059012
12157,0.549082837,-0.879059012
12158,-0.582140329,-0.380758716
12159,0.954116472,0.190094316
12160,1.06938232,0.167746232
12161,0.0579413596,-0.622954961
12162,-1.6675703,-1.42410106
12163,1.24456858,-1.18718371
12164,-0.223254822,0.609894203
12165,-0.223254822,0.609894203
12166,2.02678422,-0.914467003
12167,1.35706651,-0.271777093
12168,-0.651888339,-1.37374349
12169,1.13257268,1.63143717
12170,-0.250128937,1.51327284
12171,1.63345567,-0.378194296
12172,-2.22849008,-0.342525804
12173,-2.22849008,-0.342525804
12174,0.0686603981,-2.38452451
12175,-0.61728466,-1.62278146
12176,-0.458116428,0.103984955
12177,0.658410316,-0.951756198
12178,-0.0987296667,1.33083677
12179,-1.95023033,1.09887494
12180,0.899389265,-0.0203612884
12181,0.899389265,-0.0203612884
12182,0.418191666,1.28853722
12183,1.16587751,0.101571364
12184,-1.4639155,-1.32344095
12185,1.31048677,-1.22261536
12186,-1.35129389,-1.06093543
12187,0,-0.377713775
12188,-1.09811559,0.0830495172
12189,-1.09811559,0.0830495172
12190,-2.56587704,-0.815138671
12191,1.78249872,1.63141688
12192,-0.226364372,-0.422552
12193,0.419778823,1.50568375
12194,-1.01386438,1.61793255
12195,0.0875322053,-0.12837921
12196,1.82778674,0.813204906
12197,1.82778674,0.813204906
12198,-0.571886194,-0.289810541
12199,0.296532777,0.361765444
12200,-1.77319113,0.0999780774
12201,1.38640408,0.223909602
12202,-0.228963798,0.44048786
12203,1.66971498,-1.45492742
12204,-1.13556984,-1.00897246
12205,-1.13556984,-1.00897246
12206,-0.537454502,0.98997649
12207,0.91936684,1.91551886
12208,-0.471268646,-1.7338079
12209,-1.92460319,0.122010946
12210,-2.43639206,0.747163693
12211,0.544426325,-1.42363493
12212,-1.23866829,0.283165297
12213,-1.23866829,0.283165297
12214,1.80605496,-1.41990753
12215,0.754168959,-0.425546493
12216,-0.217712302,1.07597188
12217,0.332339709,-0.348039505
12218,-0.199574124,0.807876115
12219,0.402092101,0.265128418
12220,3.48638929,0.389865833
12221,3.48638929,0.389865833
12222,0.425187633,1.56138187
12223,0.318061822,-0.0412056849
12224,0.487180069,-0.605873908
12225,0.207105717,0.268980915
12226,-1.38888043,0.0384190915
12227,-0.384049087,0.652262753
12228,-0.868810736,0.516963113
12229,-0.868810736,0.516963113
12230,0.309036355,-0.952350445
12231,-0.118499363,0.888370979
12232,-0.442819152,-1.69916277
12233,0.641209583,0.798480886
12234,-2.50440177,1.17851177
12235,-0.129679915,1.12419273
12236,0.840639845,-0.426841722
12237,0.840639845,-0.426841722
12238,0.0165822902,-1.76903814
12239,0.470430932,-0.938282657
12240,-0.391718236,-0.908892875
12241,-0.786545779,1.17687803
12242,-1.15608619,2.68106046
12243,-0.129188916,0.822101152
12244,-1.00537316,-0.55911798
12245,-1.00537316,-0.55911798
12246,-1.12559579,-0.016897115
12247,-0.71742741,-0.0834107648
12248,-1.13349345,-0.275721647
12249,0.720938384,-0.330292861
12250,-0.282784146,-0.163132682
12251,-1.59385109,0.697565219
12252,1.16309777,0.0984104967
12253,1.16309777,0.0984104967
12254,-0.338613535,0.0829655571
12255,1.21061422,0.148286165
12256,-1.002368,-0.154425754
12257,-1.52781788,1.29610945
12258,-1.30855489,1.25370694
12259,-0.8852595,0.416400132
12260,-0.650394841,0.931325856
12261,-0.650394841,0.931325856
12262,0.222930089,-0.141907597
12263,-1.76866926,0.391471707
12264,-1.99277585,-0.945560851
12265,-1.82687014,-0.591496511
12266,-1.15539792,0.671769406
12267,-1.19226118,-1.10615614
12268,0.391022654,0.338764194
12269,0.391022654,0.338764194
12270,-1.67002719,-1.00223692
12271,0.183362133,1.35263548
12272,0.247975555,-1.43144377
12273,-1.46350445,1.33711652
12274,-3.02772985,0.498337995
12275,-0.403756757,-0.836544441
12276,1.63561347,0.241571267
12277,1.63561347,0.241571267
12278,-0.64192893,0.0493144353
12279,1.15689325,1.59068915
12280,-0.770445765,0.882183423
12281,1.44352643,-0.144131586
12282,-0.911806814,2.17630852
12283,0.194247743,1.49059107
12284,-1.10852409,-0.615757605
12285,-1.10852409,-0.615757605
12286,-0.252016711,0.486185738
12287,-0.845442815,-0.0211836903
12288,-0.279971943,0.0904335684
12289,-0.764759338,-0.0693478366
12290,-2.11922945,-1.76602512
12291,-1.40657851,0.237645921
12292,-0.648287357,0.69744562
12293,-0.648287357,0.69744562
12294,0.629533953,-0.680361853
12295,-0.779986316,-0.963146355
12296,0.607098971,-1.08907792
12297,0.395989792,1.24581006
12298,0.63226876,-0.143711747
12299,1.72594833,-0.505631718
12300,0.10389696,0.82271362
12301,0.10389696,0.82271362
12302,0.907922114,0.102219718
12303,0.857260818,-0.388117749
12304,-1.10595432,0.676687559
12305,-0.999524045,-0.833902823
12306,1.79825897,0.395516243
12307,-0.483785796,-1.86974087
12308,-1.84829565,0.104184858
12309,-1.84829565,0.104184858
12310,-1.48636864,-1.45054737
12311,2.61453419,0.0605452378
12312,1.30626314,-0.0574755276
12313,1.74254962,0.712307506
12314,0.861980266,1.05364679
12315,0.450405378,-0.193231864
12316,0.577632074,-1.04533114
12317,0.577632074,-1.04533114
12318,0.552561981,1.4890067
12319,-0.154698494,1.10314774
12320,-0.624753342,0.327095344
12321,-0.498242619,-1.05222609
12322,1.893942,-1.13186372
12323,0.160642674,-1.01403804
12324,-0.886755292,1.24819371
12325,-0.886755292,1.24819371
12326,1.31860211,1.07408278
12327,0.948142185,-0.545354
12328,0.620497994,-0.922037516
12329,0.361260997,-0.474810754
12330,1.03049801,1.06912352
12331,-0.0999496315,-2.72792664
12332,-0.917238563,0.725255424
12333,-0.917238563,0.725255424
12334,0.370631049,-1.58845731
12335,-0.77094035,-0.922229079
12336,-0.272430274,-0.409256772
12337,1.26684183,0.0571019241
12338,1.77276656,0.396407611
12339,-0.297556148,1.16485213
12340,-0.86660044,1.08319639
12341,-0.86660044,1.08319639
12342,-0.033619393,0.0840688762
12343,0.356074556,-0.615272851
12344,0.0118498457,1.60747749
12345,0.17614057,-0.653951298
12346,0.331301065,0.320104918
12347,0.538766301,-0.148476991
12348,-1.44157682,0.574494833
12349,-1.44157682,0.574494833
12350,-0.141548557,0.990321751
12351,0.78201584,-0.528877466
12352,-0.534748918,-1.29020934
12353,0.707642333,-0.345364611
12354,-0.298351139,0.193516524
12355,0.0287570041,-0.0908227532
12356,-0.853997856,0.301610623
12357,-0.853997856,0.301610623
12358,-0.400802464,0.198599778
12359,-1.03143459,0.840764833
12360,0.744833425,0
12361,1.72751104,0.0867669244
12362,1.1138,-1.0517323
12363,0.316177008,0.63113588
12364,0.421997529,-0.74797786
12365,0.421997529,-0.74797786
12366,0.526616974,0.0964032494
12367,2.85183374,-1.39647511
12368,-0.697586251,-0.626552459
12369,0.724112029,-0.596101256
12370,1.92116254,0.904126413
12371,-0.211693028,1.02213417
12372,-0.0620731389,1.0478251
12373,-0.0620731389,1.0478251
12374,0.661293157,-1.48120566
12375,-0.492447524,-0.371195674
12376,-0.214261134,0.785369059
12377,2.02079143,-2.08059439
12378,2.14819071,-0.95669979
12379,0.685199173,-0.734552432
12380,-0.0989946645,1.60144893
12381,-0.0989946645,1.60144893
12382,0.256765028,0.749146457
12383,-0.323534895,0.323699469
12384,-0.230063424,-0.583185575
12385,0.488921292,-1.19559467
12386,1.79008897,-0.789238943
12387,-0.552249058,-1.5270653
12388,-0.62351187,-0.15992018
12389,-0.62351187,-0.15992018
12390,-0.113703163,0.0658211066
12391,1.24837165,-0.936535519
12392,0.483330214,-0.283557541
12393,-1.33852102,0.578057705
12394,-1.88656302,-0.261786233
12395,-0.212599659,-1.01278201
12396,-2.18334379,1.63520223
12397,-2.18334379,1.63520223
12398,0.115647408,0.44497531
12399,1.06684173,1.65917228
12400,-2.06870573,-0.925872622
12401,1.47269079,1.44138352
12402,2.28381596,1.86482646
12403,1.27882148,0.380840407
12404,-1.21837573,0.922673511
12405,-1.21837573,0.922673511
12406,0.478694139,-0.366699856
12407,-0.503257883,-1.77414523
12408,1.17108079,1.28850346
12409,-2.67699566,0.043313903
12410,-0.300769636,-0.884716163
12411,-0.0444815137,0.54629599
12412,-2.20777696,-0.334801838
12413,-2.20777696,-0.334801838
12414,0.976229162,0.9225581
12415,0.632371959,-1.28013288
12416,0.0730604431,-0.291151923
12417,-0.411643493,-0.168551849
12418,0.051176477,-1.03402675
12419,-0.232349863,1.40730344
12420,1.28184249,-0.551532922
12421,1.28184249,-0.551532922
12422,-1.24959314,-1.85907846
12423,0.785616429,-1.73246906
12424,-0.0818829505,-0.594695033
12425,0.493889662,-0.488065121
12426,1.22805096,0.357646146
12427,-0.563296201,1.5799648
12428,1.17154662,-0.184869145
12429,1.17154662,-0.184869145
12430,-0.361279344,-0.842434524
12431,-1.15446604,-0.0985435748
12432,-0.27212913,-0.292119442
12433,-1.1874164,-0.66237243
12434,0.0673436943,0.610254969
12435,-0.463139816,0.799396069
12436,0.889833685,-0.478009825
12437,0.889833685,-0.478009825
12438,-1.79832216,0.504885161
12439,1.37014533,1.33551378
12440,0.225003156,0.81349752
12441,0.696660817,0.297217424
12442,0.677909242,0.798964488
12443,2.23201413,-1.53790497
12444,-0.142539387,-1.58682569
12445,-0.142539387,-1.58682569
12446,1.6525474,0.0668949292
12447,-0.635685606,0
12448,0.271725675,-0.594570236
12449,1.22892182,-1.31300747
12450,1.20023246,-0.683708761
12451,-0.086217064,0.359252361
12452,1.00661941,-1.35974341
12453,1.00661941,-1.35974341
12454,0.67800932,0.774589814
12455,-0.310588389,-0.0609047838
12456,-0.188135894,-0.340562407
12457,-1.32112591,-1.43565372
12458,-0.694370398,-1.11588668
12459,-0.757007037,0.0291125168
12460,-1.10512941,0.287009199
12461,-1.10512941,0.287009199
12462,0.293510463,-1.02980558
12463,-0.105862269,0.847819957
12464,0.0466050579,0.625859688
12465,-0.326517169,-0.146973531
12466,1.1915551,-1.44069825
12467,-0.843824722,0.490347857
12468,-0.665293058,-0.359982678
12469,-0.665293058,-0.359982678
12470,0.913605264,0.517988169
12471,0.232995962,-0.561210934
12472,-0.198410444,0.488683353
12473,-0.366636658,-0.534468153
12474,0.311462164,-0.447734783
12475,-0.953464003,-0.842101224
12476,-0.675937754,0
12477,-0.675937754,0
12478,0.393590199,1.02634947
12479,1.5858698,-0.867678293
12480,0.136409778,-1.41844118
12481,1.38305777,0.0447440052
12482,0.11767863,0.395279548
12483,1.70147018,1.34544948
12484,-0.679693172,0.700498108
12485,-0.679693172,0.700498108
12486,-0.720860192,-1.08847754
12487,0.331512536,-1.34720388
12488,-0.14163277,0
12489,-0.233062819,1.5382684
12490,-1.06451192,-0.445463927
12491,0.515554532,1.40605144
12492,0.853713942,-2.69585145
12493,0.853713942,-2.69585145
12494,-0.0997930419,0.949054654
12495,-0.519192821,0.979193194
12496,-0.472128355,-0.564548981
12497,-0.478050995,-1.69625807
12498,0.489366761,-0.812846911
12499,0.960362956,-0.751486653
12500,1.14146096,1.23352834
12501,1.14146096,1.23352834
12502,-1.19365119,0.619371542
12503,0.309705107,-0.728296164
12504,0.1647855,1.34835247
12505,-0.0859948391,-1.37629302
12506,-0.58369577,1.0602783
12507,-0.15811114,-0.380873178
12508,-0.208970105,1.22407227
12509,-0.208970105,1.22407227
12510,-0.876130473,0.834138593
12511,-0.262949045,-0.0196182429
12512,-0.378771423,-0.933286997
12513,0.787933385,0.0721849359
12514,1.15833028,-0.27787924
12515,0.510990495,1.50678647
12516,-1.24822713,0.583250226
12517,-1.24822713,0.583250226
12518,-0.797340527,-1.4679769
12519,-1.04724299,-1.00100402
12520,0.0234584749,-1.4487103
12521,-0.0285444605,-0.515435132
12522,1.40973428,0.700266976
12523,-0.920737599,-1.04645104
12524,1.06104774,-0.484053912
12525,1.06104774,-0.484053912
12526,1.61938161,-0.511274293
12527,-0.214669324,0.910237592
12528,-0.612129273,0.632740106
12529,1.29456808,1.42885053
12530,2.60804703,0.945484772
12531,-1.19603448,-1.45790624
12532,2.53875742,1.37329508
12533,2.53875742,1.37329508
12534,-0.744379043,-0.864042459
12535,-0.376782846,-1.37790817
12536,0.926277739,0.268560338
12537,0.861337419,0.10025768
12538,-0.298760137,0.728418908
12539,0.371281045,-1.07235615
12540,0.814796607,-0.920556197
12541,0.814796607,-0.920556197
12542,-0.526983719,1.74996591
12543,0.759839395,-1.63239018
12544,-0.885124883,-0.396426463
12545,1.9615365,0.785986298
12546,1.17999163,-0.238076376
12547,2.48347319,-1.17630303
12548,0.745857133,0.163529163
12549,0.745857133,0.163529163
12550,-0.502392799,-0.886754995
12551,-0.381473864,-0.670048366
12552,0.332273296,-1.99155904
12553,-0.427784612,-0.498687732
12554,-0.137166824,-0.836659842
12555,0,-1.0910957
12556,-1.28290736,0.32237936
12557,-1.28290736,0.32237936
12558,0.586053225,-0.516589048
12559,0.615393194,0.805463944
12560,-1.03616347,1.14637006
12561,1.11057861,0.783687212
12562,2.74381062,2.82122649
12563,0.216101173,1.98263097
12564,0.887016282,-0.206648212
12565,0.887016282,-0.206648212
12566,-0.821767302,0.201383765
12567,-0.421056818,-2.07404019
12568,0.38839242,0.742121512
12569,1.25613434,0.804496947
12570,0.149006056,0.663322538
12571,-0.0305224226,1.27145651
12572,0.824961932,1.44458456
12573,0.824961932,1.44458456
12574,0.11581263,-0.330324202
12575,0.806045673,-0.924691442
12576,-0.230346551,-0.68602564
12577,-1.7548466,0.0983786233
12578,-1.20604431,-0.655539776
12579,0.0602127503,0.75908762
12580,-0.404557527,0.334423648
12581,-0.404557527,0.334423648
12582,-1.53508013,-0.32808626
12583,0.0983675293,-0.0208459109
12584,0.377694244,-0.869317052
12585,-1.5072608,-0.0724911725
12586,-2.16070897,-0.348516752
12587,-1.67262079,-0.848791998
12588,-1.27140639,-0.508812326
12589,-1.27140639,-0.508812326
12590,0.706010753,-0.414473286
12591,2.43639402,1.47841202
12592,-1.11004854,0.136569096
12593,0.260614446,0.968646563
12594,1.28520915,1.84856523
12595,-1.90782902,0.238501033
12596,-0.220037614,-0.722725777
12597,-0.220037614,-0.722725777
12598,-2.3584753,1.87089108
12599,-0.220075136,-1.53118138
12600,1.08923213,1.03110133
12601,1.14137066,0.750628255
12602,0.901902258,-0.834446607
12603,-0.0448978596,0.244724898
12604,-0.469088182,0.549544698
12605,-0.469088182,0.549544698
12606,-0.0965673979,0.888192231
12607,-0.0411975775,-1.15532611
12608,-0.650493465,-0.293945622
12609,0.842297192,-1.56778898
12610,0.564146091,-0.18062194
12611,1.47813665,-0.372742569
12612,-0.184573486,-0.526414255
12613,-0.184573486,-0.526414255
12614,-0.473966341,-1.25463997
12615,0.311080793,0.641303737
12616,1.00692833,-0.498272345
12617,0.685268241,0.0141820472
12618,1.55604835,0.567102679
12619,0.661644422,0.720954156
12620,-0.452273957,0.141076788
12621,-0.452273957,0.141076788
12622,2.0400857,1.18395286
12623,-1.13303108,-0.730566545
12624,-0.83661954,-0.135232406
12625,0.679089884,1.14089158
12626,1.84050554,1.84063155
12627,1.98685599,1.25450582
12628,0.923415782,1.5450125
12629,0.923415782,1.5450125
12630,-1.98732221,-0.436133898
12631,0.797803565,0.593731271
12632,-0.250797172,0.752318107
12633,-0.361924293,-0.958525737
12634,-0.444331436,-1.43772739
12635,-0.712842839,-0.574242397
12636,-1.01461317,-0.936036381
12637,-1.01461317,-0.936036381
12638,0.214153219,0.102071326
12639,0.786338249,-0.531518765
12640,-0.208142263,-1.19728357
12641,-0.981917334,0.60112213
12642,-0.567368173,-0.039987459
12643,0.299146066,0.0569311169
12644,1.37073345,-0.0209241306
12645,1.37073345,-0.0209241306
12646,0.911196588,0.617382729
12647,-0.207655429,-0.104609634
12648,0.159608407,-0.282815936
12649,0.624752855,-0.0145227684
12650,1.02697425,-0.162080509
12651,-0.0144749494,-0.47731003
12652,0.869391095,0.198281845
12653,0.869391095,0.198281845
12654,0.544213341,-1.01950578
12655,0.2005282,0.565007856
12656,-1.0301431,-0.12380235
12657,1.02209221,-0.930564846
12658,0.684101298,-1.32411153
12659,0.943081663,0.0714263247
12660,1.39071303,0.915653082
12661,1.39071303,0.915653082
12662,1.53307637,-0.970837275
12663,-1.13433348,1.19497494
12664,0.998420553,0.886109721
12665,-0.621924019,-1.909533
12666,-0.537133769,-0.93529825
12667,0.652342441,1.08933574
12668,1.67288753,-0.139493082
12669,1.67288753,-0.139493082
12670,1.62369701,0.380380063
12671,0.140201487,-0.262384661
12672,-0.448707632,-1.09139185
12673,0.589136455,-0.0436795508
12674,0.662433436,0.0516014252
12675,0.431033738,-1.11725667
12676,-1.44721296,-0.62934862
12677,-1.44721296,-0.62934862
12678,-0.385200167,-0.726358147
12679,-1.0334623,-1.38544287
12680,0.660834112,-0.034961532
12681,-0.133911522,0.889122504
12682,-0.152229765,-0.724363928
12683,-1.52982405,0.178392818
12684,0.680185119,-0.974467818
12685,0.680185119,-0.974467818
12686,0.0333252141,-0.537076828
12687,-0.469895313,-1.40027938
12688,-1.32876222,-0.112612122
12689,-0.911145388,0.298803141
12690,0.69973292,-1.56958914
12691,0.597216645,-0.798268837
12692,-0.264721506,-0.122466558
12693,-0.264721506,-0.122466558
12694,0.773264462,-0.905852331
12695,-0.680432943,-1.00585691
12696,0.636746836,1.32016242
12697,-0.775707776,-1.79821669
12698,-0.665518173,0.207452632
12699,-0.588645238,1.91376813
12700,-0.223304162,0.485194955
12701,-0.223304162,0.485194955
12702,1.10770708,0.578245743
12703,0.92000908,1.94167182
12704,-0.435890577,-0.354306867
12705,0,-0.351119109
12706,0.596035327,-1.50575141
12707,0.87805664,0.301143802
12708,-1.0279365,0.759297818
12709,-1.0279365,0.759297818
12710,-0.730870617,-0.0967786737
12711,1.03477225,0.671608884
12712,-0.228774715,-1.02490842
12713,0.919889592,1.01911724
12714,0.524131592,-0.201959108
12715,0.129374111,-1.24177189
12716,-1.08137758,0.497955061
12717,-1.08137758,0.497955061
12718,-0.538587735,-0.506689103
12719,1.08684797,0.0592653554
12720,-0.420550437,-0.483424421
12721,0.247145343,-0.230239587
12722,0.797528202,-0.264555819
12723,0.130329992,0.86874266
12724,-0.620876302,-0.495684162
12725,-0.620876302,-0.495684162
12726,-0.282851789,-0.71434409
12727,-0.608461395,-0.990641782
12728,0.796354667,1.44788651
12729,0.689607693,-1.35070045
12730,1.43800853,-0.193517331
12731,-0.149169597,0.952668136
12732,0.291370786,0.708472838
12733,0.291370786,0.708472838
12734,2.19742585,1.00567681
12735,0.100242332,-0.180398402
12736,-0.177732549,-1.07372171
12737,-0.989880527,-1.65846464
12738,-2.0095172,-2.42968502
12739,0.832683862,1.10697747
12740,-0.902153721,0.42728083
12741,-0.902153721,0.42728083
12742,0.176519404,-0.335967025
12743,-0.127546822,-0.928394905
12744,0.0234439938,0.462529923
12745,1.02748403,-0.716228478
12746,1.16289917,0.770752175
12747,0.114002387,1.16933413
12748,-0.376821473,-0.769941105
12749,-0.376821473,-0.769941105
12750,1.52092869,1.01196001
12751,3.09630848,1.39248836
12752,-0.516928053,-1.05899007
12753,-0.423630723,0.232675117
12754,2.49903764,0.609500122
12755,-0.331012098,-1.30415257
12756,0.0417417908,0.501549659
12757,0.0417417908,0.501549659
12758,-1.2208646,-1.36547803
12759,-1.30054576,0.307232804
12760,0.534554845,1.30769287
12761,0.765475073,0.629547687
12762,-0.640140205,0.550193514
12763,-0.0143442089,1.16390778
12764,-1.00696778,-0.957956618
12765,-1.00696778,-0.957956618
12766,-0.204307504,1.25334001
12767,-0.820123041,-0.596912766
12768,-0.748646777,-0.989416293
12769,0.0442606294,2.68353414
12770,0.860516017,0.329164214
12771,0.506132212,0.0875450947
12772,0.583748132,-1.32939711
12773,0.583748132,-1.32939711
12774,-0.154076669,-0.335367423
12775,-0.369772898,1.04535404
12776,0.451781035,-0.876494111
12777,-0.62066272,-0.8040216
12778,-0.22365585,0.301323455
12779,-0.831314079,-1.08448426
12780,-0.958700677,0.266127441
12781,-0.958700677,0.266127441
12782,0.0167749544,2.04223477
12783,0.1234889,-1.2279302
12784,0.289143799,0
12785,-0.421173196,0.51014038
12786,0.311163699,0.784554642
12787,0.751022629,-0.118124885
12788,0.655261552,0
12789,0.655261552,0
12790,1.05462462,-0.756616231
12791,-0.538803537,0.461918807
12792,0.153135297,1.03618459
12793,-0.301334695,-0.562285353
12794,1.24398014,0.417732272
12795,-0.103303322,0.723256366
12796,0.399893376,-0.126233349
12797,0.399893376,-0.126233349
12798,1.39624431,-0.756905929
12799,0.634756946,1.24820658
12800,-1.04977237,-0.605210169
12801,-0.541153728,1.34959507
12802,1.05997803,-0.430815421
12803,-0.733252682,-0.187238285
12804,0.458615668,1.92280481
12805,0.458615668,1.92280481
12806,-1.78949248,0.48376546
12807,-0.537841374,0.530594799
12808,0.813437034,-1.04507491
12809,0.240649771,0.312421004
12810,-0.102762154,1.75608818
12811,0.76340333,-0.41146193
12812,0.699885614,-0.67654639
12813,0.699885614,-0.67654639
12814,0.599234966,0.167567471
12815,-0.387834458,-0.985079715
12816,-0.92227182,0.798693454
12817,1.62185614,0.289298905
12818,0.690841028,-0.305271199
12819,-0.283590956,-0.986621672
12820,0.525585338,0.435619966
12821,0.525585338,0.435619966
12822,-0.877934691,0.600098356
12823,1.1022529,-0.649100444
12824,1.34671545,0.0114814177
12825,0.0719616173,-0.907221315
12826,1.11951468,-0.768618971
12827,1.68623291,-0.864750125
12828,0.143218185,-0.157248156
12829,0.143218185,-0.157248156
12830,0.169256313,1.7722568
12831,1.50183173,-1.0635284
12832,-0.620540647,0.38569781
12833,0.464723307,0.301818223
12834,0.232748932,-1.82161636
12835,-0.210583786,-1.27657257
12836,-0.858040329,-2.14579707
12837,-0.858040329,-2.14579707
12838,-1.42431097,0.454191522
12839,-1.32057557,-0.35653116
12840,0.559658306,-0.7994753
12841,0.163952068,0.014532743
12842,1.06810416,-0.807910705
12843,-0.425471623,1.25538901
12844,0.996976189,-0.431907021
12845,0.996976189,-0.431907021
12846,-0.588056909,-0.689736089
12847,-0.349399069,-1.0708466
12848,-0.24868158,-0.375615924
12849,1.39398881,0.859971953
12850,1.73688132,0.484084971
12851,-0.15000973,0.890604215
12852,1.56132632,-1.45401293
12853,1.56132632,-1.45401293
12854,-0.775226631,-1.55678977
12855,0.0844950076,-0.203033249
12856,-0.130132411,1.53879066
12857,0.204762371,0.130650368
12858,1.3426882,1.24086985
12859,0.65723066,0.590653148
12860,0,0.0407468227
12861,0,0.0407468227
12862,1.60324572,0.520111416
12863,0.975497522,-0.683866392
12864,-0.766996763,-1.46279188
12865,0.714792277,0.954426866
12866,0.938657668,-0.288906862
12867,1.01135952,-0.307289269
12868,0.58929069,-1.16885383
12869,0.58929069,-1.16885383
12870,1.18592891,-0.967090663
12871,0.120934719,1.07072619
12872,0.589435361,-0.196477924
12873,0,-1.50259732
12874,-0.636021745,-0.403456506
12875,-1.46080067,-0.980307854
12876,1.32567365,1.35226257
12877,1.32567365,1.35226257
12878,1.31891264,0.017063371
12879,0.500332411,0.539223891
12880,-0.649478008,-0.593300472
12881,-0.34206691,1.5402637
12882,0.419474991,1.25112997
12883,-0.907533456,0.226384649
12884,-0.829484996,-1.9114137
12885,-0.829484996,-1.9114137
12886,-0.845826051,-2.08308666
12887,0.0628330939,-0.631290014
12888,-0.0119154427,0.886492466
12889,1.19506546,-0.495654281
12890,0.488733417,-0.302858286
12891,0.486764964,1.05201512
12892,1.02026813,0.303759273
12893,1.02026813,0.303759273
12894,0.0499152293,-0.067395278
12895,-0.154194268,-0.897544044
12896,-0.0576143701,-0.659795616
12897,-0.809672285,0.140634454
12898,0.85084001,0.509558781
12899,2.03614364,-0.46582748
12900,0.24985002,-3.22271051
12901,0.24985002,-3.22271051
12902,-1.57679047,-0.812133821
12903,1.24480707,-1.07688222
12904,0.566741134,-0.367008262
12905,0.507843424,0.964787072
12906,0.0132476567,0.780403028
12907,-0.242161052,0.688303294
12908,-0.257292617,0.0198357598
12909,-0.257292617,0.0198357598
12910,0.282729409,1.91769414
12911,-0.80580945,0.472541322
12912,-2.11346317,-0.77651954
12913,-1.68149403,0.111823763
12914,-0.2784115,-0.483270859
12915,0.347746191,-0.0737546805
12916,-0.208758187,-0.245928113
12917,-0.208758187,-0.245928113
12918,-2.04416687,0.40994266
12919,-1.15359106,1.24801681
12920,1.09067511,1.4693858
12921,-0.743924081,-0.100270569
12922,0.0647349036,0.0262828855
12923,-0.451955107,1.10943187
12924,0.116739937,-0.88742403
12925,0.116739937,-0.88742403
12926,0.931444347,-0.0681623475
12927,0.199986167,-0.510164676
12928,-0.0121774714,-0.351306699
12929,0.205257843,-0.749145557
12930,1.07785734,-1.12306876
12931,1.21141699,-0.85135186
12932,-2.04762916,0.0575050238
12933,-2.04762916,0.0575050238
12934,0.13091843,-0.0484593932
12935,1.60347434,-1.13468258
12936,-0.128163233,-0.593377916
12937,-2.47296269,0.164829169
12938,0.142694255,-0.613344615
12939,0.179006112,0.248299399
12940,0.385139564,-0.813542066
12941,0.385139564,-0.813542066
12942,-0.831534316,-1.55652444
12943,0.0208396476,1.05779004
12944,-0.453054081,-0.257980689
12945,0.0895829284,-1.06491921
12946,0.826430117,-0.39154528
12947,-0.901926538,-0.793302802
12948,-1.05680791,0.361449429
12949,-1.05680791,0.361449429
12950,0.696058258,-0.887971066
12951,0,-1.66517874
12952,0.0118732265,0.825604785
12953,0.188685909,0.0837736057
12954,0.193603764,-0.0787774943
12955,-1.25260922,-0.143479274
12956,-2.1574105,-0.142818685
12957,-2.1574105,-0.142818685
12958,-0.36228368,-0.411747989
12959,0.658737559,-0.776422104
12960,0.224152323,-0.604715555
12961,-1.75606721,-1.48243121
12962,-0.390018967,-0.988736124
12963,0.0300704315,-1.013414
12964,0.519250945,1.29798253
12965,0.519250945,1.29798253
12966,0.865523153,-1.01786246
12967,0.37384666,-1.04578949
12968,-0.129693252,-0.342842652
12969,-0.771921286,0.314663679
12970,-0.808826938,1.90192885
12971,-0.211630708,1.24965901
12972,1.46587659,0.863018272
12973,1.46587659,0.863018272
12974,-0.807592342,0.811294407
12975,-0.137503157,-0.648782784
12976,0.373432619,0.649265075
12977,0.390957512,-0.432116996
12978,1.76878744,-0.766295181
12979,0.14071923,-0.215951904
12980,0.788633932,0.275123539
12981,0.788633932,0.275123539
12982,0.490365514,0.875261706
12983,0.0417088826,0.706010933
12984,-0.0372817675,0.487508527
12985,-0.302859221,0.0282328762
12986,0.496832972,-0.518068591
12987,-0.100459311,0.815980817
12988,-1.59537363,2.79447192
12989,-1.59537363,2.79447192
12990,-0.572276109,-0.281211789
12991,-0.922294955,1.62233586
12992,-0.0227080113,-1.28074769
12993,-0.229244284,-1.28287192
12994,0.241736508,-1.0862573
12995,0.848923231,-1.62035335
12996,2.01002293,0.316086997
12997,2.01002293,0.316086997
12998,-0.587808793,-1.27166853
12999,1.04761248,-1.63861716
13000,-0.213149535,0.203512972
13001,1.52838141,-2.36126456
13002,1.26054884,-0.388661525
13003,-0.251400934,2.18963083
13004,-1.09797521,-0.732060265
13005,-1.09797521,-0.732060265
13006,0.746323638,-0.916186184
13007,-1.91619815,-0.60425245
13008,-0.380228092,-0.496323623
13009,0.090240339,0.382585249
13010,-0.253179147,-0.874408514
13011,2.119839,-0.0608023534
13012,-0.421016097,0.20585658
13013,-0.421016097,0.20585658
13014,0.280285287,0.495664086
13015,-0.349525647,2.18508913
13016,0.269757812,1.26510097
13017,0.485664606,1.2647285
13018,0.438481098,0.848666378
13019,1.17318628,-1.72200985
13020,0.897629698,0.380973826
13021,0.897629698,0.380973826
13022,-0.628942473,2.43310186
13023,-0.750132233,-1.04060996
13024,-0.252784896,-1.03441682
13025,0.172352269,-1.05428321
13026,-0.393226808,-1.68785364
13027,-1.0167438,-1.16775403
13028,-0.787981458,0.872190497
13029,-0.787981458,0.872190497
13030,1.15202488,-0.813757939
13031,0.0205487534,-0.705320758
13032,0.141125542,-1.4102384
13033,-0.573653952,-0.442990103
13034,-1.21573278,-0.503005337
13035,-0.104884798,0.382585469
13036,-0.817000013,-0.965954494
13037,-0.817000013,-0.965954494
13038,-0.760004816,-0.938553655
13039,0.183913597,0.104240908
13040,-0.613554071,0.798983839
13041,-0.495083179,0.822884337
13042,2.34247457,0.138689109
13043,0.754000314,-0.865593858
13044,1.82388421,-0.335832415
13045,1.82388421,-0.335832415
13046,-1.06676574,-0.0653491265
13047,-0.747798655,-0.469678085
13048,1.03435098,0.45510819
13049,-1.18558164,1.34836364
13050,-0.250406097,0.251441289
13051,1.23452487,1.11886215
13052,-0.103009007,0.141951424
13053,-0.103009007,0.141951424
13054,1.37741512,0.46897082
13055,1.64855765,0.57541899
13056,-0.758703472,-0.192648385
13057,-1.13017631,0.814300764
13058,0.591188776,-0.0914264947
13059,-0.292563321,0.603978009
13060,1.73744994,0.40298035
13061,1.73744994,0.40298035
13062,0.460971702,-0.355796441
13063,0.457831062,0.409836618
13064,0.355738768,-1.90372172
13065,1.44607922,0.966757136
13066,1.11022507,0.941801084
13067,1.21624469,2.32811753
13068,0.300285671,0.286274684
13069,0.300285671,0.286274684
13070,0.150554701,-0.608336407
13071,-0.481398706,1.1242719
13072,-1.02492393,1.09926614
13073,-0.54850259,-0.0749498553
13074,0.433100643,-0.845616946
13075,0.239332407,0.493164938
13076,-0.393028682,-0.706930685
13077,-0.393028682,-0.706930685
13078,0.113779179,-0.535540716
13079,1.50539153,-0.986822516
13080,0.447454568,0.776201743
13081,1.5492821,-0.401846423
13082,-0.0266273604,0.245554799
13083,0.910802565,1.99980683
13084,-0.628403724,-0.487180652
13085,-0.628403724,-0.487180652
13086,-1.04184987,0.11628699
13087,2.17464405,1.0411779
13088,-0.24181593,-0.639996808
13089,0.0840665185,0.702797175
13090,0.264617636,0.985795886
13091,0.396051715,0.0582236113
13092,-0.143911653,0.743218015
13093,-0.143911653,0.743218015
13094,-0.849611187,-1.87219601
13095,-0.626310819,-0.538487611
13096,0.413035523,-0.712636523
13097,1.22596674,-0.528602599
13098,0.11762693,-1.40223111
13099,-0.219604467,0.550958192
13100,0.897299127,2.79906824
13101,0.897299127,2.79906824
13102,-0.136823888,-1.75103222
13103,0.57038847,0.469374037
13104,-0.961650841,0.24924755
13105,-0.920377163,-0.592410103
13106,-0.461473312,1.6075584
13107,-0.275595994,-1.42700012
13108,0.568480764,-0.90118164
13109,0.568480764,-0.90118164
13110,-0.924890576,-0.233158457
13111,0.164552494,-0.24771817
13112,1.10117309,1.0285186
13113,0.327995246,-0.623028137
13114,0.172642568,-0.865731382
13115,0.770530517,0.48499173
13116,-0.116962646,1.17613682
13117,-0.116962646,1.17613682
13118,1.34300262,0.730376423
13119,0.399770023,0.87414683
13120,-0.684171726,-0.316874297
13121,-0.0286620985,0.0145799737
13122,1.43770482,-0.249384878
13123,-0.908948262,0.118289498
13124,1.7755732,0.783804918
13125,1.7755732,0.783804918
13126,-1.66773173,-1.51796524
13127,-1.15351254,-0.643896424
13128,1.00906519,-0.454644344
13129,0.161005571,2.31903603
13130,0.309918548,-0.714799911
13131,-0.964822209,-0.776596865
13132,-0.0604319587,0.371245615
13133,-0.0604319587,0.371245615
13134,0.0339216738,-0.0834173796
13135,0.689735887,0.142244052
13136,-0.905475717,-0.146254398
13137,-2.08830119,-0.105692398
13138,0.280713071,0.884552168
13139,-0.639449047,1.18540775
13140,1.61713408,-0.521125072
13141,1.61713408,-0.521125072
13142,-0.278807609,0.409107052
13143,-0.311303708,-2.44317725
13144,-0.203150645,0.809549236
13145,0.705816264,-1.53130105
13146,-0.675493604,0.0392195895
13147,0.259773036,2.09465977
13148,-0.222357676,0.391629096
13149,-0.222357676,0.391629096
13150,-0.758817442,0.375640532
13151,1.15155491,-0.758238042
13152,-0.196279579,-1.0448739
13153,0.33935556,-0.502860345
13154,0.0132366341,0.288341495
13155,-0.25833439,-0.901946371
13156,0.310885839,-0.138831975
13157,0.310885839,-0.138831975
13158,-0.721812778,-0.524620023
13159,-0.0813894003,-0.502350871
13160,0.148233425,-0.258890848
13161,-0.890598659,0.386630217
13162,0.270662378,-1.41400287
13163,1.72705246,-1.51295772
13164,2.03081092,1.24232261
13165,2.03081092,1.24232261
13166,0.518279253,-0.832431532
13167,1.40819194,-0.161227743
13168,-1.24759783,-0.0901463301
13169,3.26142744,-0.0988323195
13170,1.97383924,1.83634411
13171,-0.783237513,0.103389475
13172,0.218364829,0.554135258
13173,0.218364829,0.554135258
13174,1.13612487,-0.761996744
13175,0.554889621,0.0203969246
13176,0.832916163,0.971706324
13177,0.84287262,-0.246572733
13178,0.789857351,0.253272443
13179,-0.655444739,-0.347301216
13180,-0.482810661,0.417310477
13181,-0.482810661,0.417310477
13182,0.685855323,0.115762291
13183,0.219250117,0.831347516
13184,-0.306516771,-1.14785264
13185,0.344063671,-0.854532676
13186,-0.984023593,-1.04295688
13187,-0.0426207153,1.899493
13188,-1.76856429,-1.22954018
13189,-1.76856429,-1.22954018
13190,0.366178041,-1.66446182
13191,0.443524404,1.5016516
13192,0.63734038,-0.186909324
13193,-0.471441231,-0.261437955
13194,0.414257876,0.314957609
13195,-0.0869615346,0.466009922
13196,-0.749835675,0.444955334
13197,-0.749835675,0.444955334
13198,0.939450343,0.365749931
13199,0.27804866,-0.81305332
13200,-1.41764808,-0.31553264
13201,-1.24516131,0.264335338
13202,0.2432379,0.654474234
13203,-0.526315992,0.712767203
13204,0.802215485,-0.928531416
13205,0.802215485,-0.928531416
13206,-1.4585508,-1.8431985
13207,-0.842469798,-0.0786061168
13208,0.590722202,1.14984856
13209,1.33457313,-1.23985407
13210,1.40488532,-1.71317548
13211,-1.43489743,1.39066316
13212,-1.43979004,0.934830829
13213,-1.43979004,0.934830829
13214,2.15484596,-0.736231627
13215,-1.36064824,-0.237984181
13216,-0.422790958,-0.433246954
13217,0.29172905,0.028873092
13218,1.43811706,-0.287612971
13219,1.45976438,0.571612892
13220,-2.21468641,0.0205210613
13221,-2.21468641,0.0205210613
13222,0.928169411,-0.508514302
13223,-1.59747742,0.437852655
13224,-0.229329188,-1.05631503
13225,-0.505864816,0.426753993
13226,-0.122645973,-1.0176945
13227,0.139500967,-0.311443364
13228,-2.27775348,1.01536348
13229,-2.27775348,1.01536348
13230,-0.622507651,-0.865849607
13231,2.69515985,0.65266382
13232,-0.513132821,-0.494434307
13233,-0.477012493,-1.01394803
13234,2.27094992,-0.676043944
13235,-2.13935245,1.22303584
13236,0.587753814,0.652774168
13237,0.587753814,0.652774168
13238,-1.05746674,-1.48978648
13239,0.840893271,-1.24526811
13240,0.865889958,1.49026131
13241,2.07341535,0.0579480947
13242,1.6628636,-0.436729921
13243,-0.293651987,0.931697341
13244,1.79621933,1.4647235
13245,1.79621933,1.4647235
13246,0.695483917,0.443929742
13247,-0.743993287,0.775231328
13248,-0.20154514,-0.958906107
13249,-0.227093985,-0.218722447
13250,1.76757084,0.487118948
13251,1.19502823,0.335254029
13252,-1.35046332,-0.502182884
13253,-1.35046332,-0.502182884
13254,-0.751868112,-0.88191282
13255,-1.92656323,0.10332007
13256,-0.0467861902,0.497685023
13257,-0.114443577,-0.369782675
13258,0.779796597,0.456930148
13259,-1.69808191,-0.656967169
13260,-0.337115513,-1.31899043
13261,-0.337115513,-1.31899043
13262,-0.668254426,2.22897554
13263,0.266055355,-0.686808122
13264,-0.54973651,-1.12406127
13265,1.36633757,0.682732295
13266,1.74738807,1.17985808
13267,-1.33928172,-0.990668741
13268,-0.566508941,-1.55182847
13269,-0.566508941,-1.55182847
13270,0.215118086,-1.90121222
13271,1.0670888,-1.84860405
13272,0.445992987,1.30899057
13273,-0.316284638,1.23858096
13274,0.228557636,0.747859552
13275,0.0294779536,0.243128702
13276,1.2743897,1.2045998
13277,1.2743897,1.2045998
13278,1.08339678,0.326476154
13279,0,-0.0198435102
13280,-0.917980501,-0.884270683
13281,1.34220237,1.32980352
13282,1.71133391,0.580104389
13283,2.03212512,0.316744022
13284,-1.9218897,-0.528603449
13285,-1.9218897,-0.528603449
13286,0.831836718,-0.75054283
13287,-1.47822276,0.267133794
13288,0.219356494,-0.758274045
13289,-0.306933572,1.34666027
13290,0.277942955,-0.616023901
13291,-0.157424324,-0.818515117
13292,-1.65748459,-0.947935487
13293,-1.65748459,-0.947935487
13294,-0.37122937,0.102008972
13295,-0.0595193712,-0.1377271
13296,0.13321085,0.0574539929
13297,-1.12895736,-0.770449107
13298,-0.735765404,0.521202927
13299,-0.315344284,0.869250666
13300,-0.11849415,-0.29180033
13301,-0.11849415,-0.29180033
13302,-2.01546957,-0.101444592
13303,0.0388792797,0.369433117
13304,0.0943545036,1.04535604
13305,-1.6719572,-1.75717134
13306,1.11013953,-0.391252868
13307,0.447010582,-0.0566882398
13308,1.9442302,0.0808456222
13309,1.9442302,0.0808456222
13310,0.608859519,0
13311,-0.525649406,-1.83556783
13312,1.63213342,1.3490062
13313,-0.702265367,1.17896387
13314,0.628034682,-0.259060007
13315,-3.44597446,-1.53941599
13316,-0.315754538,-0.433771642
13317,-0.315754538,-0.433771642
13318,2.07453693,-0.0785826669
13319,0.766132092,0.916702566
13320,-1.40188407,0.959003435
13321,-1.02928872,1.08666158
13322,-2.69364015,0.106618579
13323,-1.99112016,0.0597487301
13324,1.76929954,0.349658293
13325,1.76929954,0.349658293
13326,-0.443110729,0.252414888
13327,-2.23038365,-0.739988502
13328,-0.586141025,-2.33879915
13329,1.42068019,0.21023204
13330,1.11183867,0.618904014
13331,-0.66227917,-0.740677949
13332,-0.350199875,1.19450904
13333,-0.350199875,1.19450904
13334,-0.795257713,-0.167183542
13335,-0.507853671,-0.0778177651
13336,-1.12329423,0.66779763
13337,1.785773,0.880507549
13338,-0.272982351,0.245838266
13339,-0.488054028,-0.749377724
13340,-1.05050169,0.311505531
13341,-1.05050169,0.311505531
13342,-0.953255879,1.10791182
13343,-0.14099758,-2.51566254
13344,-0.616546921,-0.556702519
13345,-1.04736099,-0.389772733
13346,-0.567380066,-0.835829879
13347,-0.0889566802,-1.15476111
13348,0.163661358,0.981655202
13349,0.163661358,0.981655202
13350,0.256679718,-0.758920486
13351,-1.45127996,-0.137883172
13352,-0.856574134,-1.16925793
13353,-1.53536941,-2.55167477
13354,-3.39527545,-2.21014518
13355,-0.0144084446,0.0152092442
13356,-0.0403737761,0.273942471
13357,-0.0403737761,0.273942471
13358,-0.481568223,-0.505250741
13359,-0.412270324,-0.930137483
13360,-1.69722979,0.0532538872
13361,-0.379402186,-0.195916399
13362,-2.02272947,-0.736046961
13363,-0.257988768,-0.702178585
13364,-0.735225536,0
13365,-0.735225536,0
13366,-1.90382347,0.975647872
13367,1.15728325,-0.352303909
13368,-1.11831923,-1.21403493
13369,-1.76155858,-1.26978707
13370,-1.23905131,-1.81666436
13371,-1.1927622,-0.445855212
13372,-1.01523694,-1.07875832
13373,-1.01523694,-1.07875832
13374,0.0325113833,-0.292103326
13375,0.276626184,-0.748238472
13376,-0.693390544,-0.858458491
13377,0.0953953974,1.76991107
13378,1.68574188,-0.24344031
13379,-0.119157122,1.1674218
13380,1.79061883,0.0843859849
13381,1.79061883,0.0843859849
13382,0.258539129,0.50828596
13383,-1.11630746,-0.291425313
13384,-1.48013027,-1.12715327
13385,-0.828236497,0.11544715
13386,0.238334094,-1.01974008
13387,-1.4280786,1.17271876
13388,-0.0399195217,1.42594153
13389,-0.0399195217,1.42594153
13390,0.684751835,1.58316401
13391,-1.59527157,0.201396138
13392,-0.890872369,-0.659529721
13393,-1.21837834,2.15153452
13394,-0.708018658,0.215177367
13395,-0.626643142,-0.435307136
13396,0.729214988,0.292757187
13397,0.729214988,0.292757187
13398,0.321614791,-0.066120813
13399,0.178248546,-0.162833553
13400,-1.30306462,-0.807373282
13401,1.02759799,0.751885699
13402,0.540169342,-1.26810784
13403,1.76494697,0.547109279
13404,-0.243180812,0.349347293
13405,-0.243180812,0.349347293
13406,-1.54080505,-1.13865276
13407,-1.70556211,-0.659582227
13408,-0.560700137,-0.648341323
13409,1.23223309,0.527035344
13410,0.829786229,-0.581451041
13411,0.39307795,1.42738419
13412,2.20194873,-0.702041528
13413,2.20194873,-0.702041528
13414,-1.24245366,0
13415,-0.203021713,1.21606265
13416,-1.90181501,-0.249950045
13417,0.599664851,-0.0858130114
13418,-0.594766233,0.325586694
13419,0.170449884,-0.766296238
13420,1.23216865,0.558672525
13421,1.23216865,0.558672525
13422,0.0825134498,-0.64205798
13423,0.118421477,0.781962378
13424,-1.26419721,-0.373621581
13425,-1.33282087,0.865872291
13426,-1.13929411,0.0141058148
13427,2.04539352,-0.75799328
13428,0.494396167,2.5109542
13429,0.494396167,2.5109542
13430,-0.795634436,-0.114473632
13431,-1.30319897,0.295033337
13432,-0.567527272,-0.653615119
13433,-0.0712685962,0.386163053
13434,-0.954487215,-0.516429929
13435,0.40033627,0.18828432
13436,0,0.840759505
13437,0,0.840759505
13438,-0.607993385,-0.400813301
13439,-1.02969303,0.511727379
13440,-0.535882006,-2.29792605
13441,-0.0292619508,-0.140011771
13442,-0.152692501,-0.288532305
13443,-0.620385453,0.247062386
13444,0.737110794,-0.960939724
13445,0.737110794,-0.960939724
13446,1.80435269,-0.524364682
13447,0.739886287,0.695693592
13448,-2.31279699,0.116735299
13449,2.5937742,-1.47199391
13450,2.7911018,-1.54385537
13451,-0.447469006,0.721716647
13452,1.75734975,0.881375121
13453,1.75734975,0.881375121
13454,-2.07266309,-0.469606827
13455,-0.263205561,-0.4791333
13456,-1.19794615,-1.95943181
13457,0.146593792,0.484138821
13458,0.226650301,1.74148438
13459,-0.733799798,0.256843506
13460,1.01720614,0.604172253
13461,1.01720614,0.604172253
13462,-1.01869167,-2.12113562
13463,-0.183946327,-0.288520839
13464,-0.607685121,0.130583852
13465,0.0284804846,0.182829911
13466,-0.380833854,-0.562436891
13467,1.92543821,0.447340545
13468,-0.376597303,1.41741105
13469,-0.376597303,1.41741105
13470,-0.017019784,0.63973218
13471,0.144690532,1.97498342
13472,-1.3501623,-1.027291
13473,1.68201435,-1.76938827
13474,1.3825337,-0.833645288
13475,-0.201064133,0.231788397
13476,0.342456125,-2.28377622
13477,0.342456125,-2.28377622
13478,-0.186533638,0.429630481
13479,0.141405951,1.34695152
13480,-0.769409256,0.0108200134
13481,-0.50502091,-0.497683454
13482,-0.362804484,0.60323863
13483,-1.11411711,0.336602108
13484,0.0797906194,-1.32795897
13485,0.0797906194,-1.32795897
13486,-0.0335791571,-0.904192287
13487,-0.574283035,-0.771131289
13488,-0.8499858,-0.818717717
13489,1.94249782,-1.05553252
13490,2.49305238,-1.35060175
13491,0.897096739,0.0292727578
13492,-1.7403989,-0.82364995
13493,-1.7403989,-0.82364995
13494,-1.05386746,-0.133413234
13495,-0.943300524,0.414465254
13496,-1.477606,-1.32183723
13497,-0.542260322,0.0745891457
13498,0.267135887,-0.0409943723
13499,-0.508774869,1.22066602
13500,0.368102556,-0.299006015
13501,0.368102556,-0.299006015
13502,-0.588630043,0.337076172
13503,0.405181682,1.48352598
13504,-0.944439025,-1.15341932
13505,-1.50913234,1.08792979
13506,-1.68183095,-0.432954882
13507,0.249431814,0.43652644
13508,-0.203705295,0.97944097
13509,-0.203705295,0.97944097
13510,-2.11586513,-0.580216238
13511,-0.642271768,-0.349119459
13512,-1.89877167,-0.733283367
13513,-0.398986534,-2.2503902
13514,0.0841693241,-1.21320486
13515,-2.13644681,-0.870349355
13516,1.43800723,-0.0816691054
13517,1.43800723,-0.0816691054
13518,-0.605133218,-2.78199797
13519,1.13718135,-0.376843023
13520,-0.392609885,-1.60940363
13521,-0.816158975,0.802044481
13522,-0.938056055,-0.960833116
13523,-0.248121961,-0.0289135957
13524,1.22675149,-0.142120558
13525,1.22675149,-0.142120558
13526,1.36946968,-0.429847696
13527,0.183112376,0.998702313
13528,-1.21377461,-0.168073756
13529,2.02277369,-0.113263192
13530,2.19315404,-1.32258333
13531,-0.526586057,1.03789483
13532,-0.752321387,2.21407796
13533,-0.752321387,2.21407796
13534,-0.678137611,0.434985381
13535,-0.235272468,1.20007941
13536,-1.01831327,-0.605976531
13537,2.31582909,0.444023866
13538,2.04900841,-0.151544491
13539,0.952572737,1.4484196
13540,-0.239666501,-0.614719346
13541,-0.239666501,-0.614719346
13542,-0.194315505,-0.231261518
13543,-1.07001709,0.273068053
13544,-0.8114791,-0.126306091
13545,0.622144233,-0.749794252
13546,0.991990464,0.0544064718
13547,1.42315871,0.0556157368
13548,-1.0517268,0.739188635
13549,-1.0517268,0.739188635
13550,-0.593900426,-1.15692283
13551,2.73323492,0.831529449
13552,-1.6229771,-1.91312431
13553,-1.13101714,0.0836755044
13554,-1.95638374,-0.434400007
13555,1.47120005,-0.991791113
13556,-0.722389052,-0.471544667
13557,-0.722389052,-0.471544667
13558,-0.311855831,-2.11456167
13559,1.37784015,-0.0598265893
13560,-1.48443435,0.405816789
13561,-0.189928417,-0.338184152
13562,-0.885381313,0.337022219
13563,-1.01347814,-0.687256455
13564,0.105712728,0.734941072
13565,0.105712728,0.734941072
13566,-1.32808829,1.28431107
13567,2.32657723,-1.93678487
13568,-1.33607477,-2.46553912
13569,0.609908588,-1.33948503
13570,0.635479737,-1.00281983
13571,-0.712275524,0.230505791
13572,0.20977544,-0.100583361
13573,0.20977544,-0.100583361
13574,0.0333682205,-0.728348042
13575,-0.479272089,-0.100577649
13576,-0.690148612,0.712937764
13577,-1.58215234,-0.486471293
13578,-1.35324312,-0.120407345
13579,-0.260924582,1.07571778
13580,-0.58430534,-0.739973666
13581,-0.58430534,-0.739973666
13582,-0.362143169,-0.0667796423
13583,-0.792076437,0.257894379
13584,-1.4692376,-1.70660669
13585,-2.03044165,2.17177517
13586,-2.25920829,0.849387176
13587,-0.327685184,0.381039605
13588,-0.910634482,-0.230755656
13589,-0.910634482,-0.230755656
13590,-2.218246,-1.51128222
13591,0.99420285,0.206811185
13592,-0.502777785,-0.417949403
13593,0.942733228,-0.975154616
13594,-0.69516527,-0.932180524
13595,0.211322382,-1.02663298
13596,-1.34148911,1.12349995
13597,-1.34148911,1.12349995
13598,1.29636384,0.217738366
13599,-1.08974148,1.28086939
13600,-0.744046244,-0.549275483
13601,1.03066338,0.127779178
13602,0.421730932,-0.0945066785
13603,1.3551723,-1.04015417
13604,-0.639775557,0.374647261
13605,-0.639775557,0.374647261
13606,-0.131768539,0.541810072
13607,1.73861704,-1.34447216
13608,-1.64140003,-1.03290054
13609,0.406110307,0.856752493
13610,0.202843912,0.934106906
13611,0.685950574,0.220134884
13612,0.500410056,0.0208756249
13613,0.500410056,0.0208756249
13614,0.883334853,-0.849204092
13615,0.200281294,1.07089081
13616,-0.430117052,-0.418519591
13617,1.0732421,-1.6845467
13618,0.62916412,-2.12658718
13619,0.145848738,0.469436266
13620,-2.52653431,-0.406958825
13621,-2.52653431,-0.406958825
13622,-0.215343722,-1.88888614
13623,3.49663766,-0.415301432
13624,-0.715926172,-0.453244113
13625,2.20767478,-0.141981921
13626,2.10449592,-0.111512073
13627,-0.691627053,1.24753877
13628,0.236790179,-0.85514312
13629,0.236790179,-0.85514312
13630,1.86992392,0.495750289
13631,-1.23413402,1.6584686
13632,-2.19967261,-0.798532336
13633,-0.113024117,-0.131415249
13634,0.979414245,-1.02534182
13635,-0.38359118,1.30394931
13636,-0.327107658,-0.734431557
13637,-0.327107658,-0.734431557
13638,-1.2305949,0.804665631
13639,-0.292354718,0.911680824
13640,-0.623467599,-1.18621201
13641,-0.469619609,-0.245365217
13642,0.392615553,0.224145624
13643,-0.554102327,0.803143668
13644,-0.71974432,-1.02880333
13645,-0.71974432,-1.02880333
13646,-1.47474652,-1.86621746
13647,-0.734121286,0.0207717508
13648,-0.489856593,-1.24562299
13649,0.118493288,0.754430419
13650,0.417288903,-0.81473173
13651,0.741570449,-0.39186212
13652,0.50532627,0.0991457587
13653,0.50532627,0.0991457587
13654,-0.772904015,-0.11395437
13655,0.933198338,-0.33940999
13656,-1.32773873,-0.286687019
13657,-0.182625606,-2.17112432
13658,-0.109679891,-0.99321902
13659,0.564531397,-0.278569092
13660,-1.7307581,-0.899043782
13661,-1.7307581,-0.899043782
13662,-1.92314807,-1.33210154
13663,0.377234485,0.0423909631
13664,-1.34921687,-0.901539857
13665,1.02328587,0.203753861
13666,0.657156302,0.774752717
13667,0.143896829,0.20157485
13668,0.240382748,-0.555840809
13669,0.240382748,-0.555840809
13670,-0.847324748,-1.25053103
13671,1.16570753,0.448019808
13672,-0.970426076,-0.737265548
13673,-0.956542485,1.636905
13674,-0.625762998,-1.41486184
13675,-0.556738598,2.24826081
13676,-1.17243341,-0.351938161
13677,-1.17243341,-0.351938161
13678,-0.661852581,-0.272905125
13679,-1.94933374,0.603191602
13680,-0.632037011,-0.124327368
13681,0.524151624,-0.970249168
13682,-0.626481775,-0.634502893
13683,1.27659745,1.77858106
13684,1.58710707,1.34822365
13685,1.58710707,1.34822365
13686,-1.01858109,-0.650134239
13687,0.0406952069,0.377809195
13688,-1.74098754,-0.678933994
13689,-1.46006508,-1.06720071
13690,-1.00117785,-0.416799279
13691,0.165318236,0.119316449
13692,0,1.11547978
13693,0,1.11547978
13694,-1.19796994,0.617821038
13695,-1.28780227,-1.22351763
13696,-0.887835795,-2.22838476
13697,-0.0561777279,0.933009857
13698,-1.12736732,-0.0410716363
13699,-1.03931153,-0.958105831
13700,0.0822447705,0.403953179
13701,0.0822447705,0.403953179
13702,-0.456258771,-0.925759222
13703,0.373199034,-0.521954382
13704,-1.26855271,0.117465062
13705,-0.139831548,1.19530428
13706,-1.04244181,1.15615465
13707,1.36478467,0.265190574
13708,-0.305087922,-0.919194804
13709,-0.305087922,-0.919194804
13710,-2.07847603,0.57937658
13711,-0.357157982,0.203724788
13712,-2.06464805,-1.58408779
13713,0.645759192,-1.81492125
13714,-0.531410485,-1.11779205
13715,0.0452553885,0.851951361
13716,-0.378194821,0
13717,-0.378194821,0
13718,-1.14650967,-1.01917051
13719,2.42966768,0.183042505
13720,-0.61424877,0.226426422
13721,-0.0869750438,-0.341084813
13722,0,0.379999631
13723,0.901186022,-1.82878926
13724,0.830785449,2.03166438
13725,0.830785449,2.03166438
13726,-0.371583805,1.00277115
13727,0.837292826,0.929859466
13728,-0.90028153,-1.17130638
13729,0.0734039746,-1.36918654
13730,0.800999191,0.149435506
13731,-0.107430071,0.0579149297
13732,-1.21724787,0.2738986
13733,-1.21724787,0.2738986
13734,-0.848080979,-1.98233163
13735,-1.42487792,-1.07210769
13736,-0.592361329,-0.201125686
13737,-1.73047574,-0.935515511
13738,-0.0418336639,-0.722208415
13739,1.34631602,0.631494578
13740,-1.18869259,-0.595583679
13741,-1.18869259,-0.595583679
13742,-0.283767198,-0.388893824
13743,-0.571121333,-1.4114866
13744,-1.5893689,-0.664220345
13745,0.103933463,-0.902019938
13746,0.775839157,-1.16032639
13747,-0.0151424092,-1.51408974
13748,-1.30522679,0.812359066
13749,-1.30522679,0.812359066
13750,0.79919087,0.0671833327
13751,0.775378218,-1.03299814
13752,-0.898418098,-1.77499369
13753,0.594018434,-0.43254435
13754,0.960284515,-0.795308478
13755,0.632278408,1.19267342
13756,-0.370721431,1.75592429
13757,-0.370721431,1.75592429
13758,-1.55177545,-1.621624
13759,-0.23926117,1.03550113
13760,-2.35109901,-0.405267499
13761,-1.07437946,0.602294742
13762,-1.36545185,-0.845702268
13763,-2.17680665,0.224907836
13764,1.94492809,1.28391629
13765,1.94492809,1.28391629
13766,-2.30078597,1.57179938
13767,-1.71647581,-0.264015107
13768,-0.126052982,-1.17462454
13769,1.25143897,1.15261259
13770,-0.809641802,-0.178543786
13771,-1.30488981,0.671759965
13772,-0.158387029,0.21630242
13773,-0.158387029,0.21630242
13774,0.0339254163,-1.34800051
13775,-1.35971642,-0.267448713
13776,-1.24802647,-0.829885199
13777,-0.0557123481,0.868625492
13778,0.0681557507,-0.813460523
13779,-0.262152194,0.549069244
13780,0.460288261,-0.976574361
13781,0.460288261,-0.976574361
13782,-0.987699409,-1.019738
13783,0.253961076,-2.00555437
13784,-1.20102501,-0.853679558
13785,0.055411509,0.0729855427
13786,1.18888827,1.58532516
13787,-0.164435997,2.09247434
13788,1.97403348,0.206462902
13789,1.97403348,0.206462902
13790,-0.427518081,-0.438916226
13791,0.819583125,0.787197997
13792,-1.20189992,-0.460073228
13793,-0.228509491,0.965565638
13794,-0.521990001,-0.419999177
13795,0.962095037,-0.18504756
13796,1.84478136,0.626007941
13797,1.84478136,0.626007941
13798,-1.448694,-0.0656528618
13799,-1.02447334,-0.73635949
13800,-0.478687424,-0.668140808
13801,-1.47835465,1.43982771
13802,-0.79140525,-1.06545494
13803,-0.121495351,0.257162851
13804,0.721484414,-0.473304835
13805,0.721484414,-0.473304835
13806,-0.256054199,-1.00459613
13807,0.618229327,-0.488164211
13808,-1.73941284,-0.328155753
13809,0.222145016,-1.41909232
13810,0.304862141,-1.60156966
13811,-0.341985777,1.10072634
13812,0.738851691,1.21712682
13813,0.738851691,1.21712682
13814,0.419977426,0.63652574
13815,-1.20122775,0.117326145
13816,-0.83097687,-0.493866172
13817,0.0982915652,-0.367175507
13818,0.332660208,-0.466364782
13819,-0.975858953,-0.91096974
13820,-0.474336171,-0.320031443
13821,-0.474336171,-0.320031443
13822,-1.44136097,0.929607472
13823,0.557587608,1.30211447
13824,-1.52036257,-1.95977875
13825,-0.928869392,1.05794084
13826,-1.2420848,0.184400824
13827,-1.31150921,0.6469774
13828,-0.119227376,0.300584713
13829,-0.119227376,0.300584713
13830,-1.74825053,0.524558897
13831,0.315625173,-0.0204757293
13832,-1.48242521,0.968918414
13833,0.702339098,0.250266894
13834,-0.772132945,0.111123146
13835,0.409333202,2.20252914
13836,1.06737066,-0.361613185
13837,1.06737066,-0.361613185
13838,-0.442577847,0.18679688
13839,-0.530888013,-0.161757999
13840,-0.543913265,-2.39158575
13841,0.870557261,0.698757657
13842,-0.0277238546,-0.096234001
13843,-2.31973288,-1.21530762
13844,0.343676767,0.483527223
13845,0.343676767,0.483527223
13846,-0.359617993,-1.88762558
13847,0.953640655,0.27389921
13848,-1.10024564,0.54002993
13849,1.14498172,0
13850,1.14116974,0.518068626
13851,-1.18728361,-1.39619817
13852,0.478611219,1.41372478
13853,0.478611219,1.41372478
13854,-2.28545173,-0.268737321
13855,0.560401836,1.51241119
13856,-0.708775253,-0.598074829
13857,-0.0687172225,0.51196561
13858,-0.895416735,-0.80921569
13859,-1.48513354,-1.10183046
13860,0.304533356,-0.564409146
13861,0.304533356,-0.564409146
13862,-0.64219656,0.589158245
13863,0.951444467,-1.57266154
13864,-0.923095781,-1.16668241
13865,-0.665841553,-1.2913168
13866,-0.261859583,0.434280681
13867,0.343823031,-0.225519867
13868,-1.03179029,-0.233892103
13869,-1.03179029,-0.233892103
13870,-0.536006222,-1.21837517
13871,-0.640435039,-0.23921994
13872,-1.65549514,-0.0853452585
13873,0.0290514881,2.71830175
13874,-2.11025867,0.739580127
13875,-0.5647052,0.769190845
13876,-1.29993028,0.142901004
13877,-1.29993028,0.142901004
13878,-1.64658898,-0.119466439
13879,0.305807227,0.44797837
13880,-1.0467017,-1.28136018
13881,-0.453152036,1.23072872
13882,-0.0952461985,0.0557214245
13883,-1.04109959,0.39517682
13884,0.362943131,1.36640803
13885,0.362943131,1.36640803
13886,-1.21895031,0.498358509
13887,0.0419269826,0.371950859
13888,-0.734348902,-0.859948833
13889,-0.906032729,-0.24370029
13890,-1.45322943,0.0421128882
13891,-1.40976206,2.75283389
13892,0.0600212143,0.0813788459
13893,0.0600212143,0.0813788459
13894,-0.146753911,-0.738984222
13895,0.159092689,-0.530073109
13896,-1.48325791,-1.0603963
13897,-0.373148495,0.354927099
13898,-0.771160402,0.146431196
13899,1.26066178,0.0576539253
13900,-1.27110501,1.23372673
13901,-1.27110501,1.23372673
13902,-1.19228662,-1.60383777
13903,0.254999773,0.868310105
13904,-0.868477581,-0.595898563
13905,0.0291384002,-0.787670202
13906,-0.544482284,-0.457893509
13907,2.34698168,-0.371112211
13908,-0.140083232,-1.10624179
13909,-0.140083232,-1.10624179
13910,0.702364287,0.425408954
13911,0.428254155,2.0108411
13912,-1.33377469,-0.765454339
13913,1.01209461,-0.439124469
13914,-0.680894453,-0.50003515
13915,1.12292603,-1.15088569
13916,-0.562820892,-0.680087275
13917,-0.562820892,-0.680087275
13918,0.016953181,-1.48216051
13919,-0.921066429,-0.463939633
13920,-0.593544995,-0.626182237
13921,0.98139318,0.6730051
13922,-0.786298135,0.0416117113
13923,0.730269371,-1.11924732
13924,-0.939702828,1.34341587
13925,-0.939702828,1.34341587
13926,-1.93367826,-0.260125351
13927,-0.654840531,1.31277492
13928,-1.96133576,-0.344114644
13929,-1.25787573,-0.0137565663
13930,-0.646804699,-0.318682781
13931,-1.47196611,-0.293484111
13932,0.30993633,-1.55999616
13933,0.30993633,-1.55999616
13934,-0.63488104,-0.247003458
13935,-0.948254465,0.29304734
13936,-1.24116092,-0.394921987
13937,0.824205591,-2.41608571
13938,-0.470707457,-0.832185605
13939,-0.63008246,1.24194596
13940,0.731982235,-0.020415666
13941,0.731982235,-0.020415666
13942,-0.180617639,0
13943,0.347196914,0.887336296
13944,-0.491842261,-0.653897421
13945,-0.618417806,-1.11477015
13946,-0.537028164,-1.91725544
13947,0.557765012,-0.644638949
13948,-0.765547357,-0.70202737
13949,-0.765547357,-0.70202737
13950,0.103388443,-1.39909099
13951,1.20587871,0.455539672
13952,-0.524741472,-2.24721225
13953,0.115418961,-0.652355594
13954,0.163901149,-1.0497022
13955,0.103283817,-0.527502048
13956,0.496066154,-1.53840074
13957,0.496066154,-1.53840074
13958,-0.35790864,-2.01188782
13959,-1.85956103,0.120880945
13960,-2.33405404,0.159256707
13961,-0.345585616,0.27713942
13962,0.884888499,0.181536844
13963,-0.824347785,-1.85351674
13964,-0.121089549,1.65063358
13965,-0.121089549,1.65063358
13966,-1.74962158,1.18449399
13967,0.22195616,0.933142396
13968,-1.21606581,-2.0479869
13969,0.476180181,1.13061239
13970,-0.108030707,0.646569286
13971,-0.644934897,0.0420558504
13972,0.0812669682,0.124886074
13973,0.0812669682,0.124886074
13974,-0.134129889,-1.86480088
13975,0.46817084,0.141498021
13976,-0.640515276,0.14153935
13977,-1.05173,0.194177734
13978,-1.89577891,0.545879199
13979,-1.13143975,-0.513611495
13980,0.2831383,1.07687247
13981,0.2831383,1.07687247
13982,-0.65729949,1.41863634
13983,0.0798329059,0.600105291
13984,-1.35961019,-0.949843858
13985,-0.126591122,0.671067519
13986,1.70065832,0.108009384
13987,0.0747134295,0.482356726
13988,-0.988391908,0.819364879
13989,-0.988391908,0.819364879
13990,-0.355618619,-1.40589725
13991,0.735124549,-0.871701747
13992,-0.758857888,0.0108022216
13993,-1.26174356,1.3734384
13994,-2.01207325,-0.19529997
13995,-0.354275552,-1.2740514
13996,-0.275845352,-1.91204209
13997,-0.275845352,-1.91204209
13998,-2.3405689,-0.266164792
13999,-0.762380197,0.490853007
14000,-0.851808747,-0.810360117
14001,0.539491183,0.937443718
14002,0.979269071,0.294151312
14003,0.856590274,-1.40419115
14004,-1.15972502,0.506684539
14005,-1.15972502,0.506684539
14006,-0.0651219949,-0.0669953132
14007,1.09355794,1.71741306
14008,-1.4657988,-1.25786957
14009,-1.66168637,-2.14751338
14010,-1.41335006,-3.18191561
14011,-0.0730787176,-1.74517357
14012,-1.33288743,-0.153283577
14013,-1.33288743,-0.153283577
14014,-0.674319329,-1.14180704
14015,-0.240016844,-0.62818959
14016,-0.964415557,-1.12314844
14017,-0.634088341,-1.63013545
14018,-1.16374037,-2.78800525
14019,-1.22288414,-1.45489987
14020,0.706075741,0.488383026
14021,0.706075741,0.488383026
14022,-0.319681514,-0.176426969
14023,-0.0805226924,0.0625996686
14024,-1.82513137,-0.628235286
14025,1.15351823,0.445900986
14026,-0.153353036,-1.01193565
14027,0.792142265,-0.383850926
14028,-0.162348791,0.158822157
14029,-0.162348791,0.158822157
14030,-2.50233669,-0.975935524
14031,-0.904554473,0.19789224
14032,-0.26572755,-1.46453287
14033,-0.0852947119,-0.297809482
14034,0.380945917,-1.19579396
14035,0.546975755,-0.863072685
14036,-0.630484031,-0.433265596
14037,-0.630484031,-0.433265596
14038,0.987633005,-0.155428365
14039,-0.203714829,-1.01661822
14040,-1.17275208,-0.0210030227
14041,-0.661721315,-0.533888037
14042,0.0709384916,-0.249880791
14043,-0.508869083,-0.631908825
14044,-0.215271811,0.419891621
14045,-0.215271811,0.419891621
14046,-1.2848186,-0.880362434
14047,0.265208694,-0.0602610929
14048,-1.00898403,-0.552815606
14049,1.66852948,0.0991851746
14050,-0.486755512,0.370256273
14051,1.21295757,0.0293155218
14052,1.60425074,-0.103523011
14053,1.60425074,-0.103523011
14054,1.39604592,0.479964454
14055,-0.353973257,2.61684636
14056,-0.789053847,-0.126227643
14057,0,0.908408153
14058,-0.870595126,0.213571237
14059,-0.759970338,-0.0296377312
14060,-0.0633457933,-0.37105649
14061,-0.0633457933,-0.37105649
14062,-1.2583793,0.374054575
14063,-0.624271869,-0.210001614
14064,-1.63495405,-1.81376365
14065,0,2.86353537
14066,-1.05758002,0.567278669
14067,0.446547318,-0.306656883
14068,0.347578649,-0.0416870777
14069,0.347578649,-0.0416870777
14070,-0.977647939,-1.7923284
14071,-0.580464294,0.324995259
14072,-1.44461022,0.436271876
14073,-0.90072109,-0.85164777
14074,-1.57885267,-0.255846489
14075,-0.0144876448,0.636784013
14076,-1.75994848,0.617005129
14077,-1.75994848,0.617005129
14078,0.0493417099,-1.45786405
14079,0.815815315,-0.713212978
14080,-1.33524031,-2.55491612
14081,-0.753502416,0.611804381
14082,0.538107358,0.969015272
14083,1.36186136,-0.292089457
14084,-0.476574654,2.30950776
14085,-0.476574654,2.30950776
14086,-0.819754128,-2.36182973
14087,-1.23879914,-0.0804217988
14088,-0.645123895,0.701456232
14089,1.03457372,-0.0888148989
14090,0.762495229,0.602449892
14091,0.419936028,-0.0290712803
14092,0.281129322,0.642610869
14093,0.281129322,0.642610869
14094,0,0.287361604
14095,-0.813571992,-0.634457009
14096,-1.40786557,-1.7465673
14097,0.830728397,-0.987507226
14098,-0.284003866,-0.694494742
14099,-1.10989838,-1.08630919
14100,0.0211642283,1.62249232
14101,0.0211642283,1.62249232
14102,0.490932581,-1.12659346
14103,0,-0.0200393439
14104,-0.491440271,-0.525572978
14105,0.675468554,-0.556347976
14106,0.0549300449,-0.106674248
14107,0.0751986838,-1.62357942
14108,-0.0204943869,0.534031063
14109,-0.0204943869,0.534031063
14110,0.699326663,-0.0161905915
14111,-1.13824918,0.801791261
14112,-0.891499213,-0.601002444
14113,-0.531684139,-0.0444923015
14114,-0.51942102,-0.365804388
14115,0.707727868,-0.250229383
14116,0.660818261,-0.863804905
14117,0.660818261,-0.863804905
14118,-0.712573093,-1.41202173
14119,-1.21648126,-2.15303461
14120,-1.74905784,-1.00128156
14121,0.840723586,0.675223925
14122,0.751646988,0.701521762
14123,0.435387889,1.20554879
14124,0.868774623,1.41683678
14125,0.868774623,1.41683678
14126,-1.52836708,-0.499855952
14127,-0.989955373,-0.374426219
14128,-0.507935033,-0.354334921
14129,2.01031011,-0.51705592
14130,0.35496404,-2.16065202
14131,0.901404936,0.374905538
14132,2.3155108,-0.578780411
14133,2.3155108,-0.578780411
14134,0.970150446,0.612738729
14135,0.100914293,1.05862389
14136,-0.769856931,-0.324226127
14137,-0.583799704,-0.727338379
14138,-0.0145385159,-1.61808105
14139,1.1575636,2.7169117
14140,0.611231741,-2.07971788
14141,0.611231741,-2.07971788
14142,-1.32794016,0.66647924
14143,0.161093822,-0.861983289
14144,-2.18006161,-0.757395891
14145,0.197782806,-0.532817711
14146,-0.0136412799,-1.42502441
14147,1.4238294,-1.47759812
14148,-0.265985001,0.213533268
14149,-0.265985001,0.213533268
14150,-1.07720978,-0.113630301
14151,0.792436646,-0.166362918
14152,-0.742401601,-1.15655906
14153,-1.95054906,-0.189035559
14154,0.0573205091,0.138323553
14155,1.22369742,0.440188012
14156,1.56613262,-0.66769009
14157,1.56613262,-0.66769009
14158,-0.255234877,-1.85911262
14159,1.13174671,1.65761269
14160,-0.479705506,-1.03572959
14161,-1.26165484,-0.860219366
14162,-1.15133371,-1.27785021
14163,0.605263212,0.458888371
14164,2.25670317,-1.54152749
14165,2.25670317,-1.54152749
14166,-0.235062071,0.51878838
14167,-1.42618497,-0.258640364
14168,-1.2331632,-0.138389225
14169,0.459166921,-0.734250996
14170,-0.193747486,-1.28817802
14171,-1.07124009,-0.134206878
14172,-0.505846586,-1.07099638
14173,-0.505846586,-1.07099638
14174,0.0658809996,-0.779840721
14175,-0.142114685,0.329639517
14176,-1.36026529,-0.848370944
14177,0.674277273,0.309046142
14178,-0.427523502,0.960149359
14179,-0.0277133397,0.282876376
14180,-0.554265852,-1.32460732
14181,-0.554265852,-1.32460732
14182,-0.285263163,-0.308107025
14183,0.411527644,0.211587302
14184,-0.841357837,-0.673241809
14185,0.3155491,-0.172175839
14186,-0.699478028,-0.484557792
14187,-0.136202964,1.27326755
14188,0.410485133,0.450337589
14189,0.410485133,0.450337589
14190,0.404309251,-0.664130392
14191,0.541060106,-0.430522641
14192,-0.410919485,-0.0726065502
14193,-0.0291093017,0.628555723
14194,-0.502884938,1.22355702
14195,0.715839508,0.0764916901
14196,0.146313586,0.646795871
14197,0.146313586,0.646795871
14198,1.26939367,0.70549419
14199,-1.59681955,-0.971454043
14200,-1.66409075,-0.657474056
14201,-0.686717915,0.41116042
14202,-0.460634616,-0.0797205025
14203,-0.939926233,0.177383227
14204,-0.790334232,-1.26580369
14205,-0.790334232,-1.26580369
14206,-1.42890632,0.647229815
14207,-0.490797235,1.67928711
14208,-0.898735599,-2.08521436
14209,-0.677702763,1.23520722
14210,-2.07402236,0.555805244
14211,-0.366279865,0.62692507
14212,1.13016469,1.32573625
14213,1.13016469,1.32573625
14214,-2.28884102,0.064245518
14215,-0.881317439,-0.589422535
14216,-1.21589488,0.255829494
14217,0.514692074,0.936578915
14218,-0.712595616,-0.59967021
14219,-1.1391757,0.0615959454
14220,-1.03404098,1.73544102
14221,-1.03404098,1.73544102
14222,-0.899914727,0.702836123
14223,-2.26476979,0.148152925
14224,-2.08463833,-1.57256491
14225,0.171653041,-0.694164502
14226,0.82918181,-0.881776115
14227,1.64431759,1.00178256
14228,1.40789078,0.120140759
14229,1.40789078,0.120140759
14230,-0.350905181,-0.838668068
14231,0.11583059,1.30833148
14232,-0.767516866,0.205215685
14233,-0.963931862,-1.5060137
14234,-2.2917379,-1.43320049
14235,-0.576894875,0.582348995
14236,-1.00787922,0.118927045
14237,-1.00787922,0.118927045
14238,-0.153824681,-0.376347168
14239,-0.992916597,-0.625028285
14240,-0.952460278,-1.29947886
14241,-2.03803419,-1.58064722
14242,-0.676446887,-1.97456666
14243,-1.06721008,-0.370462472
14244,-0.158992966,0.0200554983
14245,-0.158992966,0.0200554983
14246,-0.661837537,0.465453738
14247,0.862472969,1.80597443
14248,-0.54867486,-0.285413854
14249,0.608636339,0.37324336
14250,0.961974858,-0.17348893
14251,-1.30959744,-1.191713
14252,0.675381222,0.842489867
14253,0.675381222,0.842489867
14254,-0.573355883,0.93811027
14255,-0.16118312,0.497418145
14256,-1.46904283,-0.674930201
14257,0.650691553,-0.810272218
14258,-0.43813934,-1.52900389
14259,0.767530572,0.229482079
14260,-0.977341036,1.12107644
14261,-0.977341036,1.12107644
14262,-0.532999872,-0.45565272
14263,0.150567895,0.238320826
14264,-0.771704748,-1.734916
14265,-1.86365176,0.416481487
14266,-1.72627038,-0.474276847
14267,1.74629412,0.529353172
14268,-0.860193619,0.479447572
14269,-0.860193619,0.479447572
14270,-2.04532113,-0.548679087
14271,1.57994831,0.824634247
14272,-2.33083197,-0.32227703
14273,0,-0.588925213
14274,-0.412682996,-1.35784345
14275,-0.102098553,-0.261575044
14276,-3.2705431,-2.7355077
14277,-3.2705431,-2.7355077
14278,-1.15746254,-1.11754589
14279,-0.722439774,-0.721922029
14280,-0.126373621,-1.17151636
14281,-2.56569037,-0.600114895
14282,-1.96087864,-1.51084547
14283,-1.09362017,0.0587237031
14284,-1.50956209,-0.218975571
14285,-1.50956209,-0.218975571
14286,-0.149271476,0.3105207
14287,0.325562669,-0.744774809
14288,-1.24387057,-0.853361493
14289,-1.72233964,2.01448215
14290,-1.26936921,0.46406437
14291,-1.09317891,-0.765664848
14292,-0.144370878,-1.05597623
14293,-0.144370878,-1.05597623
14294,-0.781710265,-0.0822349565
14295,0.615820029,-0.47257432
14296,-1.2958846,-0.875240634
14297,1.51840885,0.114559682
14298,0.234888088,0.235040005
14299,0.766948932,0.359310013
14300,0.871111495,-1.04732864
14301,0.871111495,-1.04732864
14302,0.250020279,-0.324592735
14303,-1.16671236,-0.0205763832
14304,-1.34888747,-0.605656458
14305,-1.01287689,-0.155523934
14306,0.465981511,0.0408618749
14307,1.09939808,0.942466673
14308,-0.512543151,0.174918411
14309,-0.512543151,0.174918411
14310,-1.21685376,-0.366259428
14311,-0.570037602,-0.34044697
14312,-0.445478153,-0.813293415
14313,0.701260463,-2.31059852
14314,0.0554883423,-0.526347676
14315,-0.224334205,-1.15956405
14316,-1.16422808,-0.636284538
14317,-1.16422808,-0.636284538
14318,-0.584670403,-0.51481183
14319,-0.481787499,1.58142748
14320,-1.71155501,-0.414021823
14321,0.198502988,0.216118797
14322,0.668766389,-0.984365381
14323,0.478048923,-0.922560803
14324,-0.54381463,-0.799578479
14325,-0.54381463,-0.799578479
14326,-1.64614529,-1.62296368
14327,-0.0949639273,0.0194943406
14328,-0.821483793,-0.536089928
14329,2.59063071,0.117671616
14330,2.33654908,1.29064928
14331,0.201109362,-1.02133328
14332,-0.996908756,0.410658592
14333,-0.996908756,0.410658592
14334,-1.36005494,-0.828289368
14335,-0.668396815,0.0806720333
14336,-0.486836268,-2.72395711
14337,0.0787952328,1.78314062
14338,0.475341899,0.585644039
14339,-0.688795763,0.334670359
14340,1.77921314,-0.427226264
14341,0.126113646,-1.23548087
14342,0.795552666,1.29317335
14343,1.94659219,-1.2228276
14344,1.25843275,-0.0714171206
14345,1.41802649,2.69003043
14346,0.735536305,-0.112553219
14347,0.444756263,1.24689537
14348,0.835792835,-0.9309211
14349,2.42599629,0.861442126
14350,-0.361981282,0.0414308657
14351,-0.114035442,-1.85673502
14352,-0.0412767083,-0.478459419
14353,1.07533027,-0.933177067
14354,-0.549509326,0.249784896
14355,-0.109897211,-0.562067318
14356,-0.772317103,-0.392673915
14357,-1.06383423,1.4749219
14358,-1.76335557,-0.841278703
14359,0.242501353,1.66757307
14360,1.00056087,0.163578334
14361,0.0850967233,2.38334786
14362,0.45205838,-0.678381503
14363,-1.19718928,-0.0851500989
14364,-0.0466459862,-1.213649
14365,-1.04703896,-0.693166983
14366,-0.0641589271,0.0593117842
14367,0.155111064,0.192025194
14368,-0.518217724,0.432974045
14369,1.84159364,0.223021016
14370,-0.323489813,-1.59168448
14371,-0.856597115,0.585408553
14372,1.21183276,0.634651684
14373,-2.29047253,0.226790683
14374,-1.04144238,-2.02308466
14375,0.523980817,1.85733638
14376,-1.18531959,0.127623163
14377,0.124121501,0.350357067
14378,0,0.57860261
14379,0.264464926,-0.342781894
14380,-1.12981021,0.0571116093
14381,0.0725814679,-0.732131512
14382,2.62587582,-1.34165337
14383,0.646981615,-2.03510538
14384,0.800874863,0.541025258
14385,0.0560116988,-2.09039306
14386,1.57532347,-0.651187639
14387,0.301965207,0.042429778
14388,-1.88795153,0.201666343
14389,-1.1642175,-0.790643007
14390,-0.391737708,-0.338402004
14391,0.912676329,0.195339989
14392,-0.83013202,0.191102581
14393,-1.56718343,1.35133026
14394,-0.96799323,-1.7762483
14395,1.52754553,0.100728277
14396,0.582283342,-2.06828345
14397,2.62745341,1.80359087
14398,0.451400704,0.981354841
14399,-0.266282832,-2.66890278
14400,0,-0.266644936
14401,1.78095715,-1.17733681
14402,0.555227802,-1.04503114
14403,1.51969943,-0.230410811
14404,-0.0579887071,-0.073731524
14405,0.677328007,-0.456147702
14406,2.43772914,1.59929385
14407,-0.32413301,0.753732415
14408,1.66078222,-0.671661217
14409,0.491644453,1.91906602
14410,1.44542039,-0.362153914
14411,-0.238632805,0.732383745
14412,0.744468438,-0.0418896785
14413,-0.457067246,0.0800544314
14414,1.03050506,0.846749972
14415,-0.209402556,-0.634363739
14416,-1.37059019,0.648996143
14417,0.490961929,-2.19831508
14418,0.643743308,-0.17717571
14419,-0.590301985,2.11744583
14420,-1.46395308,-0.181861729
14421,-1.19914197,1.52312032
14422,1.71539587,1.04528856
14423,0.448482802,-0.196483177
14424,0.234962781,0.194624921
14425,0.721697634,-1.73801686
14426,-0.568857008,-0.346259451
14427,0.317856321,1.20307716
14428,0.207402549,0.220863082
14429,1.55611509,0.219551401
14430,-1.59147867,-0.608002511
14431,-1.35530797,0.141574593
14432,-0.393354481,1.06706712
14433,0.519555564,-0.118198536
14434,0.614466219,-1.10573496
14435,-0.11211473,-1.18036928
14436,0.285868138,0.304085735
14437,0.144488301,1.03681961
14438,-1.81603635,0.4497735
14439,0.46250927,-1.57836273
14440,0.344378962,1.06925889
14441,-0.671582935,0.424586252
14442,-0.491760374,0.145469913
14443,1.82411604,-0.979818381
14444,-2.08363238,-0.765827089
14445,0.530533335,0.818242421
14446,-0.257210816,-0.827367129
14447,1.8073436,-0.698703471
14448,-0.632679478,-0.388519103
14449,0.0412738885,-1.56365508
14450,-0.409314128,0.48725921
14451,-0.122722464,-1.87591037
14452,0.715789842,-0.445355069
14453,0.258696446,-0.157738639
14454,1.22771555,0.426622807
14455,0.689106229,0.665691891
14456,-0.565497845,-1.9660264
14457,0,1.66665124
14458,1.22270445,-1.13631763
14459,-0.135877959,-1.75309908
14460,-0.161217618,-0.967455037
14461,-1.12091621,0.568951774
14462,-1.1820169,1.54152295
14463,-0.192193424,-0.575098976
14464,0.660917234,0.869788916
14465,-1.46903592,-0.68182199
14466,-0.540616987,-0.0399986768
14467,-0.357179123,0.883755628
14468,1.21221498,-0.634050332
14469,-1.2443096,1.0957503
14470,-0.783056945,-0.583793922
14471,0.535386153,1.01479092
14472,0.0818210672,-2.76837734
14473,0.367052695,-0.27781915
14474,0.605383477,-0.0407060215
14475,-1.05612382,-1.85320463
14476,0.537378584,-1.15433373
14477,0.963679053,-1.13362955
14478,0.396906045,0.319497527
14479,-1.08954247,-0.268735737
14480,-1.02302729,0.349407207
14481,-1.48738833,-0.917481418
14482,0.0950081935,1.00710867
14483,-0.402911122,1.19563617
14484,1.97239687,0.733674918
14485,-0.768321312,2.4641512
14486,0.885868037,0.357556533
14487,0.242498443,0.0871880361
14488,0.271058719,0.413829838
14489,-2.10512776,-1.04306165
14490,-1.77547474,-1.69866549
14491,-0.0144757856,0
14492,-0.397294592,-0.62513575
14493,1.57415128,0.386875736
14494,0.776669965,0.995135924
14495,-0.608779221,-0.710037372
14496,0.358406433,-1.8530159
14497,-0.0570087378,1.31045149
14498,-0.880454688,-0.781833292
14499,0.465012557,-1.14144693
14500,0.642082061,-1.45414858
14501,-0.604152391,1.1942139
14502,1.21808736,0.38867799
14503,0.983053264,0.932536792
14504,1.33809094,0.647372376
14505,0.146700021,1.55110626
14506,2.10431028,0.913692316
14507,-0.584050138,-0.973472335
14508,1.71957774,0.699855126
14509,-0.50597288,0.846741096
14510,1.04784228,-0.106619612
14511,0,0.372760737
14512,1.12896953,0.212165909
14513,0.162713305,-0.63861101
14514,-2.21689186,1.05700805
14515,1.28400722,-1.24019541
14516,0.327365524,-0.721701781
14517,-0.524300767,0.966815477
14518,-0.516168443,0.798858787
14519,0.810348254,0.256575169
14520,-1.79098934,-0.0404784234
14521,-0.612262332,-0.3118822
14522,-0.374194106,0.789064001
14523,0.843807628,0.300599839
14524,-1.37973509,0.0693772101
14525,-1.08364982,-0.542268541
14526,0.251524756,1.64679196
14527,-1.97734589,-1.02103076
14528,-1.84166992,0.880112405
14529,-0.0578250713,0.623699859
14530,-0.644887351,0.0484875024
14531,-0.952232754,-1.1837572
14532,1.33735928,0.918222374
14533,0,-0.120046222
14534,0.513718256,-1.35543244
14535,1.27998856,-0.324269165
14536,-0.828332085,-2.22668596
14537,2.617385,1.55152881
14538,-0.120151746,0.627636292
14539,-1.62707856,1.22713109
14540,0.829759665,1.5771005
14541,1.16625433,0.201934682
14542,-0.137777906,-0.981525364
14543,-0.601902628,-0.471288509
14544,-2.10743907,-0.404133372
14545,0.709377397,-0.611959745
14546,2.03717435,1.58626919
14547,1.21268433,0.635640343
14548,0.421824541,-0.703063546
14549,0.1436844,1.35797693
14550,0.440916823,-1.5042166
14551,-0.732258429,-0.397367963
14552,0.506243634,1.78449493
14553,0.350738319,1.15258651
14554,-0.353722626,-1.84253505
14555,0.422811265,-0.755152902
14556,2.22957862,-0.256837139
14557,0.165723463,-0.104198011
14558,1.54577939,0.39052965
14559,-0.519113772,0.391710351
14560,-0.934078376,1.58036975
14561,1.18558281,-0.317554928
14562,-0.112863026,0.573397848
14563,1.10934155,0.469045732
14564,0.39425528,-0.655161702
14565,-0.14952054,1.14694519
14566,0.175688854,-1.01764905
14567,-1.39481742,1.44641229
14568,-1.30442038,0.432185171
14569,-1.09088102,2.64053826
14570,-0.306945707,1.61364466
14571,0.0200686526,1.1963428
14572,-1.32012766,0.76426605
14573,-2.51779829,0.690865292
14574,-0.347440352,0.130288417
14575,-0.44385005,0.893919315
14576,-0.609546929,-0.694177538
14577,-1.93855145,-0.885491148
14578,-0.0202387806,-1.28736902
14579,-0.485978836,-0.853991034
14580,0.194917709,-3.00003683
14581,-0.94458921,0.41602635
14582,-1.46252416,-0.121238151
14583,1.01921591,0.429546049
14584,2.20021092,-0.206144645
14585,-0.365874373,-0.118814786
14586,1.60001049,-1.89173596
14587,0.100450808,-0.0854430605
14588,-1.18779952,1.03635272
14589,1.06658143,0.243478709
14590,1.06937276,0.384817502
14591,-1.57111244,-1.44252722
14592,0.36095347,-0.251703324
14593,0.464889207,-0.595612564
14594,0.970915164,-0.499900497
14595,-0.756892265,1.0317415
14596,1.18460826,-0.0301167932
14597,0.692663018,-2.99230035
14598,-0.143255763,-0.806582139
14599,0.276265267,0.246566385
14600,0.86257079,-0.159872153
14601,1.60920366,2.20032415
14602,-0.899925348,0.135299215
14603,0.798735753,2.2296371
14604,-2.09471395,-0.103999104
14605,-1.70859716,0.391187958
14606,-0.423739229,1.2167316
14607,-1.05182219,-1.36025478
14608,-0.478992156,0.368538333
14609,0.576117028,0.442468322
14610,-0.450148537,1.16418011
14611,-0.930261385,-0.821558588
14612,-0.666025978,-1.05001235
14613,-0.265428614,-1.29897268
14614,-0.141703944,-0.658316091
14615,0.719150483,1.90624722
14616,-0.0960885414,-0.393820953
14617,0.983364593,0.256478743
14618,0.187205057,0.141691139
14619,-0.484251433,-0.882902694
14620,-0.223068035,-1.22451392
14621,0.283640587,0.986700257
14622,0.775756818,-0.238383045
14623,-1.21215399,-0.801087769
14624,0.941289512,1.87833163
14625,-0.449559276,0.375744507
14626,0.284403524,-0.343582374
14627,0.700087005,-1.38354844
14628,2.39162124,0.212989625
14629,-1.72187048,1.30464944
14630,0.729254268,1.14910039
14631,1.24823757,-0.811245745
14632,0.638227004,0
14633,1.37191695,1.22487279
14634,-0.643590899,0.792196678
14635,-1.55736624,-0.481981556
14636,-0.0841288364,-0.444090159
14637,-0.830724353,-0.0801753316
14638,0.632705899,-0.0406911959
14639,-1.5698084,0.837955541
14640,-0.954622738,0.0406439971
14641,-0.263749745,0.359885491
14642,0,1.00765698
14643,-0.284206618,-0.0649754586
14644,-0.731333688,0.601244868
14645,1.52741757,0.759302353
14646,-1.09343011,0.612580375
14647,1.3133636,0.178690019
14648,-1.11420779,0.427787126
14649,-0.370158455,1.37885754
14650,-0.559023725,-0.0309081152
14651,0.351095786,0.169946449
14652,-0.231517202,2.22505075
14653,0.945046618,-1.91322471
14654,2.39083142,-0.949333164
14655,-0.840171364,0.0276900174
14656,1.04002362,1.19689301
14657,-1.4980585,1.64738531
14658,0.42533724,-1.27626177
14659,1.01180902,-0.679393509
14660,0.534456636,0.406186876
14661,-0.552208891,0.416561853
14662,0.205446989,0.926927877
14663,0.315736587,0.488350084
14664,0.0610975793,0.420768631
14665,0.716988226,0.127998709
14666,-1.13340162,-0.283728762
14667,-2.51823903,0.400136009
14668,1.04452813,0.804636801
14669,1.99971388,0.436511654
14670,-0.957010389,2.4571821
14671,-0.517776407,-0.982809706
14672,0.679991106,-0.251310756
14673,-1.2817268,-0.489537141
14674,0.739073313,0.200486178
14675,1.73354404,0.364514491
14676,2.24978656,0.0770807123
14677,0.144420462,0.144064036
14678,-0.931296958,0.404283993
14679,0.663789932,2.23197512
14680,1.71288356,1.18000872
14681,1.06131216,0.656823649
14682,1.17124031,0.042215507
14683,0.196853403,-1.85302354
14684,0.61579991,0.605572988
14685,-0.414212999,1.12953169
14686,-0.138385487,0.556066482
14687,1.21905765,0.0166256336
14688,-1.34401472,-0.224625832
14689,-0.542965115,0.639464076
14690,0.910266104,0.0984916197
14691,0.18980549,-0.770096351
14692,-0.396122984,0.732379619
14693,0.0869505487,-0.653009464
14694,-2.64141327,-0.222371341
14695,-0.201127254,-0.594104617
14696,-0.356393573,0.666806673
14697,2.01843363,0.812509821
14698,0.97027927,-0.751699626
14699,3.4553595,0.0862836656
14700,-0.0699727012,2.45989082
14701,-0.0204303544,-0.27613496
14702,-0.242148448,-0.701242952
14703,2.71163559,-0.0883081734
14704,-1.38201187,0.0153431683
14705,-0.951953105,-0.25689344
14706,-0.182811062,-1.37264717
14707,-0.378288073,-0.479878613
14708,1.16105655,-1.11555927
14709,0.662290095,-0.73574256
14710,-0.121129122,-0.0841371802
14711,2.29862272,-1.09267552
14712,0.834291976,0.123033105
14713,0.358564547,-0.459568035
14714,0.0401219388,-0.433591096
14715,-0.335112103,1.44967544
14716,-0.713111473,-0.646313793
14717,-0.557632273,-0.103151077
14718,1.17565435,-0.300324284
14719,0.0203595538,-0.963570974
14720,-1.0918165,-2.64115203
14721,-1.48615329,0.512399563
14722,-1.43936812,-0.136205717
14723,-1.43733154,-1.64165499
14724,-0.732688276,-1.6839787
14725,-0.175298862,1.02979045
14726,0.610874095,-0.788089512
14727,-1.03746015,0.645641837
14728,0.204582132,-0.241739804
14729,1.18639523,0.418393475
14730,1.46554733,0.563524942
14731,1.30909139,-0.454862937
14732,0.518914969,-0.0463381607
14733,1.15387755,-1.30592116
14734,-1.15513323,0.862621884
14735,-1.98238581,0.182541105
14736,-0.999116608,-0.0609930532
14737,0.993756843,-0.665515821
14738,-1.87301143,-0.297486531
14739,1.72350737,1.40772547
14740,1.11944698,1.13784331
14741,0.201714078,-2.55880169
14742,-0.589376087,-1.82691005
14743,1.85187694,-0.472876618
14744,1.34811036,0.621987612
14745,0.406060428,2.58240793
14746,0.264316526,0.622687652
14747,0.673933895,0.504183839
14748,0.130544094,0.191624696
14749,-2.21951861,0.25918656
14750,-0.36668326,-1.35056147
14751,0.475252391,1.17628762
14752,-0.816477441,-0.242898471
14753,-1.5800198,-0.487753209
14754,-0.201233575,0.864451669
14755,0.952825409,-0.479488338
14756,0.31197524,-0.550805975
14757,0.30270147,-0.21452358
14758,-0.87803312,1.19704882
14759,0.470758396,2.72833293
14760,-0.611467016,-1.42304724
14761,0.768038992,-0.749481534
14762,1.24372212,-0.427244481
14763,-1.24179346,0.488902369
14764,-0.572829949,0.37493895
14765,1.30006219,-0.312046687
14766,0.207199125,-1.2059165
14767,-1.1682448,1.09671568
14768,-0.939569773,1.52956613
14769,-0.857628155,-1.88871721
14770,0.730440319,0.75759112
14771,0.948167512,0.264304211
14772,0.100020696,-1.93296619
14773,-2.18863473,0.879421134
14774,0.868619494,-0.125073218
14775,0.466775237,0.635206366
14776,0.763698204,0.620849793
14777,1.38887096,0.783889014
14778,0.121709848,1.08475326
14779,1.5635305,1.24023439
14780,-0.133701448,-1.27112734
14781,-1.53219242,0.568244297
14782,1.58494178,0.0202327009
14783,0.085358598,0.0500352817
14784,-0.694231642,-1.00935265
14785,-0.278547656,-0.429471109
14786,1.49179671,0.0622366947
14787,-0.197559204,0.98378612
14788,-1.05370105,-1.22667056
14789,-1.88002985,0.105960457
14790,0.963926516,-0.290616799
14791,-0.932483605,0
14792,-0.206825596,0.146127778
14793,1.46747866,1.30929588
14794,-2.46593967,0.242283089
14795,-1.60127069,0.822770306
14796,0.648888664,0.878602707
14797,0.71790011,0.350423021
14798,1.1318356,1.43446837
14799,-0.667970348,-0.256718691
14800,-0.384707624,-0.269725091
14801,0.975546769,1.1300307
14802,-1.22307029,0.104723665
14803,-0.313567214,0.0964673275
14804,-1.18081082,-1.16186578
14805,0.0599628916,0.551714323
14806,0.937769399,-1.78430508
14807,0.0818903604,0.68738057
14808,-0.573687348,1.14260145
14809,0.871853014,-0.538011516
14810,0.358057934,0.162657157
14811,0,-0.185771863
14812,-0.697091961,0.824843446
14813,0.750284922,-2.75744433
14814,1.32583857,0.143800191
14815,0.905080948,-0.158371004
14816,-0.251534668,-0.701075103
14817,-0.802275747,0.774567378
14818,-0.494514681,1.04569788
14819,0.853627636,-0.581366193
14820,-0.159186664,0.453250104
14821,-1.13190761,0.246956302
14822,0.400818142,0.0203510987
14823,-0.813606467,-1.52631132
14824,2.13128957,-0.326847365
14825,0.543186511,2.01419396
14826,-0.243600641,1.8038941
14827,1.37484348,1.39250041
14828,-0.351918936,0.290204894
14829,1.40165839,0.355001119
14830,-0.492865308,-0.901630121
14831,-1.86097946,0.992819255
14832,2.14979499,1.22243847
14833,0.0701778888,0
14834,-1.27978066,-2.61913362
14835,-2.23166691,0.54181862
14836,1.2120639,0.0286528969
14837,1.18957113,-1.00531251
14838,-0.10098814,0.217745909
14839,1.3443313,-1.82110799
14840,-0.0614047384,-0.0196754527
14841,0.523009211,1.99507155
14842,0.0204621613,0.726927824
14843,1.68267151,1.12293984
14844,0.559670676,0.955554305
14845,0.287445524,0.325726637
14846,-0.944452626,2.13289718
14847,-0.37602016,0.0428758864
14848,0.931469465,0.417040635
14849,1.06453128,1.16514029
14850,1.43741322,0.374922519
14851,-0.240603857,0.138532637
14852,0,1.98046364
14853,0.156221517,0.513659293
14854,-0.198350654,1.60519692
14855,0.63457374,1.15685129
14856,-0.692969978,0.0190079483
14857,1.13475441,-1.65367182
14858,-0.42864571,0.610387569
14859,0.979871579,-1.21209639
14860,-0.668916682,0.819947087
14861,1.21461584,-0.0435630092
14862,1.86555508,0.525272618
14863,0.569822187,-0.0604116875
14864,-0.667417,-0.569739991
14865,-1.33952327,-1.16122836
14866,0.928965329,-0.118897692
14867,-0.413002606,-0.703527717
14868,1.04143892,-0.164986712
14869,-0.243870798,-0.269400172
14870,-0.903758359,-0.467654207
14871,0.0269573341,0.0146111445
14872,-0.766481139,0.352539904
14873,0.666295582,0.211866364
14874,-0.5049407,-1.08079136
14875,0.0270531899,1.50872056
14876,-0.250593783,-0.688236208
14877,-0.966653474,-0.301967611
14878,0.605692634,1.82508503
14879,0.336851787,-0.9617049
14880,0.508801762,1.26869757
14881,1.34985124,0.22163026
14882,0.792656813,-1.80392652
14883,1.08441733,1.24994709
14884,1.6115584,-0.215135622
14885,0.801168737,-0.0298304594
14886,1.33929852,-1.44491233
14887,-2.31962958,0.122386206
14888,-2.50781163,-0.0623538328
14889,1.73564223,1.54640312
14890,0.356282242,1.10465015
14891,-0.610455833,0.178904371
14892,-0.348732766,-0.499517765
14893,-1.14889243,-0.794915257
14894,0.636646289,-0.1011357
14895,0.700987586,-0.390487489
14896,1.29754706,-0.271902356
14897,0.121164772,2.07010993
14898,1.00546714,0.784572439
14899,-1.43390114,1.0985469
14900,-0.0727850219,1.64902411
14901,0.90049773,-1.70788091
14902,0.181260486,1.10673131
14903,2.74343589,-0.051984375
14904,0.498680182,-0.218423083
14905,-0.504298881,1.48968587
14906,0.817522543,0.602191958
14907,-0.207057257,0.294576702
14908,0.0828265717,-0.0673850668
14909,-2.34776367,-2.04609025
14910,1.4252253,0.0800505742
14911,-0.758122041,1.32339361
14912,-0.747740118,-0.268691424
14913,-1.49565015,0.291108782
14914,1.07697898,0.12315021
14915,-0.356377461,-0.515287692
14916,-0.058386579,1.67997979
14917,0.0993867896,-1.45157434
14918,1.84604423,0.754451822
14919,-0.395884803,-0.204963013
14920,0.924387576,0.909056315
14921,0.975503388,0.36475958
14922,-0.0394184852,0.313424115
14923,1.38003348,-0.519965044
14924,0.37365498,1.40866346
14925,1.72302099,-0.829305275
14926,1.44721109,-1.08263535
14927,-0.116705876,0.90487096
14928,-1.9545635,-0.0646625512
14929,-2.78490852,2.27625019
14930,-0.672763286,1.02293177
14931,-0.476500825,0.438784086
14932,-2.04429969,1.34001182
14933,-0.4181102,3.03113814
14934,-0.518475847,0.780295023
14935,1.16274595,1.39432383
14936,-0.526102162,1.82797647
14937,1.00970629,1.56553339
14938,-1.99310228,1.09293831
14939,0.0143735614,0.0284538885
14940,-0.277505752,-0.603864547
14941,0.466243672,-1.10206095
14942,0.0822556656,2.00043924
14943,1.21712838,0.179226247
14944,-0.0145578085,-1.19768554
14945,0.610327415,-1.55889106
14946,-0.829419656,-1.54105272
14947,-0.672834698,1.10658377
14948,0.881856587,0.463187494
14949,-0.494000706,-0.524285381
14950,-0.0204365981,0.99004173
14951,-0.770154306,0.755151194
14952,-0.515360902,-0.761085551
14953,-0.15233656,0.438974378
14954,0.081595824,1.28030639
14955,-0.583357182,0.531354609
14956,-0.262251182,0.129474731
14957,-0.462172843,-0.121680621
14958,1.15094032,0.502760794
14959,-0.442444068,0.57085257
14960,2.02327891,0.809319753
14961,-2.342006,-1.99186883
14962,-0.267479502,-0.995449483
14963,0.20157485,0.552490384
14964,0.275343477,-0.17562542
14965,-0.259587224,0.527917537
14966,-1.19954174,0.38870816
14967,0.474377875,0.27613118
14968,-0.37193229,-0.299671611
14969,1.17342924,-1.17456509
14970,-0.0805080573,1.21375263
14971,1.12706185,-0.444930852
14972,-0.758266204,0.0601846269
14973,0.652065847,0.258571627
14974,-1.8982684,0.485848332
14975,-2.15417817,-1.48754286
14976,1.35765472,0.540624993
14977,0.673232489,0.0689664503
14978,-1.75481272,-1.4886813
14979,0.0961061566,1.23065363
14980,1.15496536,0.505272908
14981,0.143876298,1.1738772
14982,-0.945821753,0.69369909
14983,0.233231061,0.597814826
14984,-0.450677379,0.0844554427
14985,1.08679085,2.27031581
14986,0.567211764,-0.413283736
14987,0.252142502,0.52172377
14988,-0.491496116,0.101904335
14989,-1.1332958,0.0410730641
14990,-0.354406734,0.180697051
14991,-0.664085627,0.664170976
14992,0.205005636,-1.17366593
14993,-0.176600304,1.51066939
14994,1.22599096,-0.11889895
14995,0.459127043,1.68100413
14996,-0.712314588,-1.51056021
14997,-1.18987399,-0.744402235
14998,0.970475697,0.999363864
14999,1.64395844,1.1795174
15000,0.560316433,-0.160965787
15001,0.399433674,-0.695284183
15002,0.305998541,1.66327558
15003,1.36147314,0.498520672
15004,1.42977866,-1.10833401
15005,-1.50970832,0.0585514888
15006,-0.0585272998,-0.663831226
15007,-0.46015618,-0.406046445
15008,0.27185028,-0.160628445
15009,-0.492840154,0.816684577
15010,-1.46254559,-0.358060383
15011,-0.545123654,1.8142282
15012,-0.749727178,-1.16072993
15013,1.54062463,-0.962346875
15014,-0.729182701,-0.222618188
15015,-1.15025088,2.54472866
15016,-0.923932733,-1.1311295
15017,-0.163387381,0.347943379
15018,0.168830171,0.957013215
15019,0.113224577,-0.839850726
15020,0.0437276222,-0.104173291
15021,0.471255541,-0.877857133
15022,1.31555375,1.51081126
15023,-1.16624815,-0.468279141
15024,-0.676052925,0.49426971
15025,0.390503867,-1.58752184
15026,-0.0594917937,-0.453009469
15027,0.401962825,-0.138533203
15028,-0.383395258,0.978739733
15029,1.03090989,0.548698789
15030,1.41355722,-1.30016208
15031,0.0391454586,0.101948062
15032,-1.859746,0.0404485359
15033,0.396706665,1.07463686
15034,1.94690669,0.0404250564
15035,0.565771522,-0.960453264
15036,-0.639378177,-0.115018422
15037,-1.68646066,0.350929389
15038,-0.241355641,-1.05101784
15039,-1.04396969,0.768254541
15040,0.0455182432,-0.50378834
15041,-0.063044992,-1.15850507
15042,0.104194382,-0.346723136
15043,1.21770473,0.777747468
15044,-0.868616249,1.59847552
15045,-0.694487229,-0.402318142
15046,0.468600065,0.641805385
15047,0.232646482,2.44619881
15048,0.317915759,-1.88935958
15049,1.23138984,0.78961799
15050,-1.1880953,0.439195435
15051,-0.595585444,1.63532352
15052,0.475644513,-1.07765253
15053,-2.18070615,0.154840746
15054,-1.10498115,-0.706716701
15055,0.159754511,-0.854553779
15056,-0.10182824,-1.75818062
15057,-1.16783974,-0.431283558
15058,-0.209260061,-0.264441887
15059,-1.47710678,1.42018376
15060,-0.159873037,-0.0448930213
15061,1.22580011,1.56591432
15062,-0.58300365,0.609861986
15063,0.612807227,-0.239811768
15064,0.432796042,-0.418151776
15065,0.179395391,-0.494168056
15066,-0.807642162,1.31485578
15067,-0.0283619572,-1.82534022
15068,1.65878826,-0.556384073
15069,-1.50099305,0.280916197
15070,-0.782350583,-1.7169396
15071,-0.39934026,-0.253595039
15072,1.25507399,0.672810944
15073,0.703528131,0
15074,0.827656505,-0.849156959
15075,-0.123937074,-0.282413446
15076,1.36637109,0.463201907
15077,0.0287043421,0.352829511
15078,0.227918179,-0.560499167
15079,-0.522348649,-1.33709239
15080,-0.714120248,0.205616502
15081,0.781027183,0.841681693
15082,-0.579647754,-0.666941901
15083,-0.604246282,-0.352501607
15084,1.93016402,0.560037119
15085,-0.757633952,-0.377030414
15086,0.432950913,-1.35421354
15087,-1.70470751,0.650746203
15088,-2.55328301,2.32246471
15089,-0.136587675,1.81968352
15090,-2.77040354,-2.05761688
15091,-0.421717951,0.189826895
15092,0.0151121307,0.550580748
15093,1.97879763,1.13166097
15094,0.237693822,-0.909978726
15095,-0.477265029,0.339325378
15096,0.161971238,0.850730836
15097,1.71243581,-0.798652639
15098,-0.0819953737,-0.260822989
15099,-0.202786181,0.654775168
15100,-1.83088578,0.354929362
15101,0.804079897,0.409588869
15102,0.188316763,0.471996824
15103,-0.77095387,0.640060961
15104,-1.37689749,-0.728217607
15105,-1.10476891,0.384321485
15106,-0.8631697,1.72628118
15107,1.35577849,1.11907544
15108,1.4829002,0.454860483
15109,0.370526104,-1.48573439
15110,-0.578689903,-0.327339197
15111,0.735308496,1.04130331
15112,1.67016924,-0.488761569
15113,0.259436872,0.935269013
15114,0.623592006,2.09550609
15115,0.221092175,-0.146519316
15116,1.5951819,1.70891247
15117,-0.263821007,-0.346264973
15118,0.748834305,-0.824560161
15119,-0.634148396,0.560320182
15120,-1.01255186,-0.324000067
15121,1.37758031,-0.665689039
15122,0.294312105,-0.256595268
15123,-0.613572848,0.439855837
15124,-0.686471873,0.346389905
15125,1.48108118,-0.61796668
15126,0.55927308,-0.325276571
15127,-1.40859267,0.462194319
15128,-0.0807919575,0.447615693
15129,0.627218422,2.93363095
15130,0.380739253,1.1621168
15131,-0.989264143,0.719628421
15132,0.239965006,-0.115804308
15133,-0.51106492,1.08938345
15134,-0.390227315,-0.87736338
15135,0.348959414,0.882768831
15136,0.789328969,-0.796755763
15137,-0.159718758,0.278635943
15138,2.60595019,0.0826263948
15139,-0.598535227,1.78587373
15140,1.76745398,0.106383944
15141,0.41763636,0.451818988
15142,0.815283365,-1.34348301
15143,-0.19024579,0.660407198
15144,-1.01492301,-0.208219662
15145,1.69760938,-0.895712366
15146,-0.194755127,0.514419406
15147,-0.629170082,-1.41711586
15148,0.495662568,0.35049545
15149,0.061194411,0.537867534
15150,-0.312520568,0.215850648
15151,0.289549565,0.99488502
15152,-0.366764139,-1.13605644
15153,-0.259532677,-2.09790455
15154,-0.550474316,-0.348599123
15155,-0.145068539,0.042442206
15156,0.919342833,0.40878115
15157,-0.827733848,0.181891756
15158,-0.724490137,-0.874700332
15159,0.570864147,-1.17489026
15160,-0.377334864,0.029475386
15161,-0.595010308,-1.51901049
15162,0.408345954,0.548377617
15163,1.22496432,1.54919458
15164,0.257748952,-0.118340542
15165,1.11921517,0.698868801
15166,-0.716011305,-1.31947281
15167,-1.63896253,-1.57334092
15168,-0.0592003067,0.557876005
15169,0.149833145,-1.44186558
15170,-0.215912333,-0.743927641
15171,0.763035229,0.0198668552
15172,0.189554522,1.29510806
15173,-0.494991394,1.30963126
15174,-0.363379943,-1.07683407
15175,0.918819589,-0.166224794
15176,-1.76917168,-0.710160339
15177,0.113371001,1.22200276
15178,0.104693052,0.840210801
15179,0.316271169,0.419980843
15180,0.435781184,-0.41263429
15181,-1.23921932,1.20979791
15182,-0.512071902,-0.576095493
15183,0.728383674,-0.852801743
15184,0.181504535,0.769351674
15185,0.389688821,-1.80780811
15186,0.356797648,-1.42978858
15187,0.88460373,-0.371284271
15188,-0.0153745318,0.913900634
15189,-0.654659851,-0.158045972
15190,0.218977746,0.485626168
15191,-0.552155134,1.70824357
15192,-0.341778968,-1.55058871
15193,-1.60446042,0.285867269
15194,-0.666823785,-0.421148483
15195,0.572998094,0.137468596
15196,-0.62100543,-1.76151541
15197,0.920344083,-0.144160787
15198,-0.598608764,0.157111143
15199,-0.446186623,0.640692778
15200,1.38131698,-0.805760314
15201,-0.0287530712,0.830036942
15202,0.597278529,-0.956148891
15203,1.07065526,-0.349418222
15204,0.372889578,1.93576655
15205,-0.263785613,1.28507593
15206,1.16660549,-0.745325244
15207,-0.244788221,-0.441269367
15208,-1.43671014,-0.684687558
15209,0.379505918,-0.691922632
15210,-0.765851268,-0.413666715
15211,0.323758038,0.626001742
15212,-0.133152718,-0.785442027
15213,1.49584664,1.52202665
15214,-0.536111373,1.46879989
15215,0,1.08072194
15216,1.8892163,-0.884791227
15217,1.23848918,-1.13930912
15218,-0.694644768,-0.629020451
15219,0.986121316,0.306160162
15220,1.87968532,0.214355511
15221,-0.158287457,-0.43175296
15222,-0.526482124,-1.41180139
15223,0.544700519,1.58876417
15224,0.243951616,1.34120741
15225,1.25537831,0.676547439
15226,1.32254139,0.255653918
15227,0.211350213,1.33310667
15228,-0.0966603888,1.87946531
15229,-0.974440304,-0.313835789
15230,0.197650287,0
15231,0.391277984,-0.425363903
15232,1.70696796,1.07148876
15233,1.03971978,-0.363759495
15234,-0.46568573,0.648789413
15235,-0.0893106539,-0.737594929
15236,-0.641801224,0.421064587
15237,1.2916216,-0.88131616
15238,0.102042734,0.020049759
15239,1.98780249,1.00928943
15240,0.284248898,0.988465709
15241,0.618916822,-0.676666042
15242,-0.0393923767,-0.0807913793
15243,-0.482464622,1.14161772
15244,0.587125159,0.296236294
15245,0.617784903,0
15246,-0.216309548,-0.283780472
15247,-0.0209672906,0.508128507
15248,0.387350979,-1.28723166
15249,-1.65557066,-0.0292406232
15250,-0.422430237,1.73657438
15251,0.600661519,0.256360952
15252,-1.26971624,-0.13640779
15253,-0.315366012,0.931727765
15254,-0.835059281,-0.426513483
15255,-0.952314615,-0.276753828
15256,-1.23511711,-0.636684668
15257,0.453627356,0.40784856
15258,-1.06531961,-0.24449111
15259,-0.44178567,1.68522976
15260,0.644425784,0.749696619
15261,1.53955463,0.61954758
15262,2.56135621,-1.51633781
15263,-0.786947814,-0.877495754
15264,-0.147186134,0.311407855
15265,0.547940862,-0.363882428
15266,-1.42410193,0.905291219
15267,0.460188245,0.787284211
15268,0.558500627,-1.09914996
15269,-0.330821873,-0.131685879
15270,-0.302974952,0.864600341
15271,-0.124814538,0.23528878
15272,0.80596808,-0.925752433
15273,0.224743689,0.566106686
15274,-0.332651851,1.16172615
15275,2.17011055,0.960676674
15276,0.854979175,0.678270592
15277,-0.422686827,1.0269725
15278,0.121811015,0.64038846
15279,1.03895094,0.0434485831
15280,-0.506172627,-0.396989221
15281,0.0627098052,-2.18177947
15282,1.68306352,-1.00297637
15283,0.781589817,0.0988129692
15284,0.176002627,-0.105099922
15285,0.893778553,0.489525785
15286,1.276655,1.54943013
15287,-1.18397315,0.322889629
15288,0.976096193,-1.44718778
15289,0.931410129,-0.0808328509
15290,-1.64990276,0.918755572
15291,0.137989755,-0.183985241
15292,0.0593832505,0.0838314183
15293,-0.706465764,-2.26160018
15294,-1.00536168,-0.348636601
15295,0.139429818,0.0402150553
15296,-0.186463263,1.16874299
15297,-0.917821852,1.03693544
15298,-1.55797773,0.713976289
15299,-1.13998164,0.24001751
15300,-0.717114228,-0.349285288
15301,-0.36517323,-1.46045836
15302,0.241974662,-0.0822989398
15303,0.419808806,-0.169530324
15304,-0.0286813711,-1.08243241
15305,0.390272703,0.162805663
15306,-0.242391982,-1.08913393
15307,2.15622068,-0.542367732
15308,0.276451562,-0.829613821
15309,0.662450305,-0.596069046
15310,0.757376004,-0.811134691
15311,1.44190424,0.603008696
15312,2.94732211,-1.49588294
15313,1.93372673,0.329330567
15314,0.362491309,0.339810134
15315,-0.25918656,-0.851244216
15316,2.01018667,-0.570330159
15317,0.341333891,-0.494314521
15318,0.0196537645,-0.141943232
15319,-0.195092505,-1.9427232
15320,-0.800245527,-0.88973099
15321,0.58713016,1.89983946
15322,-1.21453612,0.976934569
15323,-1.21322104,0.222101351
15324,-0.209567995,1.10910266
15325,0.293438699,0.392604502
15326,-0.324392367,0.744789898
15327,2.43748757,1.04193159
15328,0.303855565,-0.409709077
15329,-1.33368082,-0.102169516
15330,-0.0865104079,0.11839189
15331,1.18974617,0.0668663985
15332,1.53674264,1.77300732
15333,-1.2036873,0.101327894
15334,-0.411301272,-0.0196823287
15335,1.41257648,1.04119068
15336,0.430583423,0.321780118
15337,1.65113897,-0.584767061
15338,-0.399330407,-0.44289865
15339,-1.52145704,-0.661722024
15340,0.640710694,-0.0283845699
15341,-0.649505703,0.175884797
15342,-0.718203794,-0.205744948
15343,0.103926655,0.584867174
15344,0.880202977,0.728446366
15345,-0.738882351,-0.866820103
15346,-0.124373417,1.86058547
15347,0.0857974861,1.57192485
15348,-2.25759509,-0.521212003
15349,-0.470072263,0.684151802
15350,0.613167217,-0.165246251
15351,1.16026072,-0.806802679
15352,-0.800419321,0.565768645
15353,0.199902027,2.11228525
15354,0.645568462,-1.94576364
15355,0.373461776,-1.22592942
15356,-2.12258177,1.05950512
15357,-0.101470246,0.981290079
15358,-0.943825157,0.748326976
15359,0.497967551,-3.23924332
15360,0,-0.297252788
15361,-0.139148671,-0.459130715
15362,-1.46611393,1.78066668
15363,0.244776495,0.353131984
15364,0.456963155,-1.53473999
15365,2.35006042,1.00164549
15366,1.06133949,0.769180862
15367,-1.84444107,-0.85973849
15368,-0.0404734376,-0.305950679
15369,0.731333238,2.30594088
15370,-1.27215632,0.36031202
15371,0.874939897,-1.58487278
15372,0.478339439,1.92356285
15373,-1.78393378,0.490222532
15374,-2.42075087,-0.84184522
15375,-1.5237613,-0.384065446
15376,2.24746476,-1.41233121
15377,2.09734783,-0.343156244
15378,-0.451255282,0.326533169
15379,-0.359621066,-0.81311682
15380,0.871497083,-0.364276612
15381,-2.24435685,0.879205361
15382,0.457864401,0.179017516
15383,1.7276034,1.9042113
15384,-1.16069641,-0.1234889
15385,0.89042101,-1.07517744
15386,0.854386344,0
15387,1.64686094,0.481795609
15388,0.0566503826,-0.0725567179
15389,-0.268675543,0.60692075
15390,-0.146764889,0.537843431
15391,-1.5276512,1.3269327
15392,-0.217621133,0.0401478635
15393,0.384422544,-1.50546886
15394,0.236161288,-0.497197794
15395,-0.0431421347,0.97462995
15396,0.349115756,0.502776915
15397,-0.687907242,-0.136378835
15398,-1.28402493,-0.315666202
15399,0.870520517,-0.0561503929
15400,-0.356402677,0.709629078
15401,-0.195776924,-0.550282215
15402,-0.195218881,-0.469277062
15403,-0.984676956,-0.960960912
15404,-1.06802103,0.36567052
15405,-0.505082024,-1.60687128
15406,-1.29468499,-0.726925482
15407,1.41396858,-0.56645184
15408,-2.34978306,-0.919707768
15409,0.865189495,-1.10013783
15410,-0.379195136,-0.92551112
15411,1.18744944,0.636350387
15412,-2.91773832,-1.20338263
15413,0.790220121,-1.45661241
15414,-0.314028075,0.56145203
15415,-2.87151678,0.372152038
15416,-0.990329976,0.416534835
15417,-0.763962582,1.69095105
15418,1.47446566,1.66690285
15419,1.80740032,1.64628604
15420,-1.12565696,-1.55188951
15421,-0.747924238,-0.360301732
15422,-0.634981384,0.971993292
15423,-0.433321635,-1.24815836
15424,0.203614579,-0.566910404
15425,0.140952582,-0.249325051
15426,-0.586673694,-1.83602755
15427,0.946876021,-0.0420554361
15428,0.809218591,-0.656216997
15429,0.247447432,-1.15689325
15430,0.215455123,0.626072185
15431,0.0483395451,2.24321986
15432,0.666823134,-0.0394482608
15433,1.49391805,0.0567072255
15434,-0.0203249966,-0.0400110321
15435,0.188238702,-0.222917695
15436,0.36030111,-0.159956386
15437,-0.467449216,-1.07878624
15438,-0.275573338,-1.73600762
15439,0.748642193,0.468212882
15440,0.815446045,1.39730925
15441,-1.17856338,0.552223628
15442,-0.269822375,0.481911719
15443,-2.03729322,-0.231817011
15444,0.0688870056,-2.02973799
15445,0.680360452,-0.724578566
15446,0.544960548,0.0210566638
15447,0.776049967,2.35566276
15448,-0.183985578,-0.493305648
15449,0.233469241,0.0868765027
15450,-1.40093665,0.2226319
15451,-1.40253368,-0.200270611
15452,-1.3671551,-0.439119659
15453,0.41894418,-0.720897428
15454,0.748583995,0.0415570977
15455,-0.589249163,-0.811893499
15456,-0.524619101,0.0402069077
15457,1.82479509,0
15458,0.913198284,0.412799694
15459,-0.254786798,-1.11251856
15460,-1.30738541,0.315216892
15461,-0.746354293,1.49353821
15462,-0.351110178,0.359165617
15463,-0.539784941,1.63488129
15464,2.49541739,0.847935038
15465,1.15441366,0.724018031
15466,-1.00674244,0.733389671
15467,0.103551978,-0.753512764
15468,0.701179272,-0.0443628769
15469,0.222588486,-0.184934475
15470,0.3419016,-0.726973771
15471,1.11666059,-0.927424736
15472,0.406451605,-2.15083247
15473,-0.12376989,0.679860892
15474,-0.855060519,-0.843693506
15475,0.692600485,-0.306614159
15476,-2.25537899,-1.72975074
15477,-1.13729755,0.94350862
15478,-0.684919563,-0.870744365
15479,1.17384341,0.357668804
15480,-0.541775971,0.457358615
15481,0.0955132837,-1.1884373
15482,-0.258640877,-0.546241454
15483,0.0795260892,0.198841424
15484,-1.35748069,-0.728143987
15485,-1.94041714,-1.27067472
15486,-0.438417084,0.274300503
15487,0.0608451045,-1.06127757
15488,0.522864647,-1.55908475
15489,-1.40265299,0.859977613
15490,-0.982365646,0.229843857
15491,-0.312851241,0.857421682
15492,0.591906928,-0.73699338
15493,-1.24135157,1.65021456
15494,1.25514944,0.899698129
15495,0.0136430997,-1.43722322
15496,-0.528889147,0.283830225
15497,0.427474142,-0.0405381889
15498,0.273506092,1.13885985
15499,1.1844664,0.103119767
15500,0.56094952,-2.07949448
15501,-0.624002308,0.0813752161
15502,0.61956568,-1.30763085
15503,-0.265649404,1.24961769
15504,0.481882901,0.86132886
15505,-1.14736485,-0.16920191
15506,0.609810067,-1.90744926
15507,0.715535858,1.67048071
15508,-0.551237017,0.388977409
15509,-1.26803488,-1.61158872
15510,-1.37558783,0.327596695
15511,-1.17720931,1.20994603
15512,1.24517369,-0.961365783
15513,0.688725742,2.16873472
15514,0.123089316,0.869269126
15515,-0.267820295,0.0434157297
15516,0.904198807,-1.28612263
15517,0.71474772,-1.15602017
15518,-0.65044535,-0.1558241
15519,-0.115122661,0.8788319
15520,0.526096799,-0.0618909062
15521,-1.2833348,0.0416872139
15522,-0.789707556,-0.820177074
15523,0.0282672876,0.293389124
15524,-1.19649788,2.46970394
15525,2.80976584,0.123162965
15526,-0.102905505,-0.322381984
15527,-0.599659687,0.496443013
15528,-0.258398489,-0.286898078
15529,0.479237533,-0.953912459
15530,-0.717564947,-0.206049469
15531,-1.23937319,-1.80448278
15532,1.02572501,0.438724604
15533,-0.275834635,0.231191329
15534,0.386526463,-0.0808145184
15535,-1.70959948,0.0416562459
15536,-0.13990781,0.328284494
15537,-0.0860334714,-2.32259563
15538,0.291351862,-0.0811132392
15539,0.848103571,-0.500488798
15540,0.207643389,0.714918967
15541,-1.16305651,0.161359036
15542,0.621164892,-1.94112781
15543,-0.611522322,1.40172813
15544,-1.85312198,-0.629326319
15545,1.00396937,2.43051799
15546,-0.421418735,-0.598867465
15547,-0.838719227,1.91645265
15548,-0.851816997,-0.580180258
15549,-0.658148293,-0.75190811
15550,-0.0800078608,-0.137762658
15551,-0.945817335,-1.36655279
15552,-0.0204178843,-0.0808906871
15553,-1.96806899,0.561258053
15554,0.598155111,-1.1144646
15555,0,0.632467916
15556,1.1495907,-0.248674888
15557,0.819365976,-0.50583984
15558,-0.926899659,-0.125652443
15559,1.52934766,-1.15982573
15560,1.0488748,-0.325427623
15561,0.63668567,2.01004915
15562,0.357225321,-0.205742111
15563,-0.810755494,-0.673588267
15564,0.956240648,0.35274163
15565,0.454664998,-0.0410189894
15566,0.601921414,-1.21717017
15567,0.970400664,0.659034711
15568,1.02094586,0.973944487
15569,1.08283364,-0.819729313
15570,-0.422699703,1.32971745
15571,0.0944812164,1.26421562
15572,0.0479336586,0.403978248
15573,-0.494775186,0.620317222
15574,0.68100775,0.998656157
15575,-0.270115912,2.12980667
15576,-0.379235566,1.09545538
15577,-0.0992199289,-0.107987285
15578,-0.0788414993,-0.262713174
15579,1.17250844,0.0201736749
15580,-0.896551873,2.14576592
15581,0.969195048,0.258961215
15582,-0.0212228716,1.52279699
15583,0.715210562,1.12919719
15584,-0.776875803,0.995556801
15585,-0.820667679,-0.408559253
15586,1.39308095,-0.988736602
15587,1.05669428,-1.21938353
15588,-0.71394801,-1.39042588
15589,-0.31435997,1.25944773
15590,1.40962073,0.29928159
15591,1.32054202,0.917358303
15592,-0.670114821,0.678850955
15593,-1.34516021,-0.439865966
15594,0.750947059,0
15595,1.24228192,-0.436773811
15596,-0.760733765,-1.54093535
15597,1.92172413,-0.759654509
15598,-1.69701817,0.623339082
15599,0.0984434739,-0.311968588
15600,-1.01270412,-0.385072156
15601,1.71445027,1.9645973
15602,-0.74741128,-0.771478054
15603,0.0996670834,1.79469937
15604,-1.45075758,0.21658762
15605,-0.333537582,1.48955516
15606,0.559339836,1.23926226
15607,1.52632189,-1.30226689
15608,3.35047084,-0.0826228606
15609,1.11716033,2.39062347
15610,1.03921207,0.963021282
15611,0.6119174,-0.832100427
15612,-0.764495828,-0.555190749
15613,0.885935891,0.714667942
15614,-0.220052179,0.634719229
15615,0.532507675,-0.414545005
15616,1.52074614,1.23175418
15617,-0.69682566,-1.71502874
15618,-0.182104397,-0.163063134
15619,0.808902189,-0.895859547
15620,-0.711432749,0.403110954
15621,0.506974596,-0.0801752509
15622,-0.221749892,0.948542661
15623,-0.772601192,0.476081531
15624,-0.444867774,-1.74374922
15625,0.516430966,-0.843705521
15626,-0.914981112,0.401650663
15627,0.309611837,-0.352649574
15628,0.0997064027,-1.27249182
15629,-0.870634608,0.421687557
15630,1.05062929,0.0411353321
15631,0.537785181,-0.674818968
15632,0.264958971,0.138571566
15633,-1.49265507,-0.861452176
15634,0.902146637,-0.612369542
15635,-0.282192932,-0.909209142
15636,1.27956526,0.116916027
15637,1.11311744,-0.139310738
15638,-1.30306898,-0.465364157
15639,3.05723178,-0.516063295
15640,0.980604961,0.565737508
15641,-2.52453821,-1.54469934
15642,0.661355594,0.531956151
15643,-1.22454408,-0.421236704
15644,-0.973750049,-1.30965926
15645,0.340636621,0.0396311113
15646,0.832625162,-0.459228362
15647,0.0647966653,-0.476437834
15648,0.299344262,1.21102896
15649,-0.0968405824,1.08330099
15650,-0.118845509,0.462039093
15651,1.69064197,2.32977873
15652,1.84772241,0.529902396
15653,1.58804997,1.16928851
15654,-0.382113285,1.2859989
15655,-0.928514337,0.485268402
15656,-1.12631279,1.41020942
15657,1.30370939,1.92890333
15658,-0.0406802771,-0.810878929
15659,-0.163098344,0.386671618
15660,0.895638156,-0.400846352
15661,0.840376029,-0.774903379
15662,0.0192602562,-0.0819328397
15663,0.449202477,1.2621574
15664,0.85301559,0.91199358
15665,0.373370924,-1.86135054
15666,-0.793590709,-1.48867514
15667,-0.34492663,-0.135852506
15668,0.410380183,0.10352189
15669,0.686246966,-0.0820451581
15670,1.47655381,-1.23025453
15671,1.36163007,0.0519639662
15672,0.971768489,-1.19567056
15673,1.80698599,0.0822052555
15674,0.69480679,-0.0577679876
15675,-2.2956662,2.43919807
15676,-0.624495584,-0.0292325278
15677,0.955080567,1.09434158
15678,0.269284264,-0.0800762995
15679,-0.0814261619,-2.52077877
15680,-1.16439153,0.78934749
15681,-1.10929937,-0.0860575987
15682,1.8250719,-0.543784449
15683,0.341791525,-0.534675521
15684,0.493140096,1.49374
15685,-1.42051632,0.846891113
15686,0.687118148,-1.12921049
15687,-1.0462902,-0.268263442
15688,1.27790972,-1.90039625
15689,-0.0605064615,-0.482921786
15690,-1.01497751,-0.312492012
15691,1.4540372,-0.155303741
15692,0.708674586,-0.710436723
15693,1.65799087,-1.42028596
15694,-0.498796182,-0.364638009
15695,-1.98520616,0.402639374
15696,-0.0614264134,-1.48237994
15697,-0.785128504,0.71611064
15698,-0.214960881,-0.730360775
15699,1.01968942,0.138882917
15700,-0.184295837,-0.965857281
15701,0.272668291,0.71949977
15702,0.605859156,-0.539612025
15703,0.705909221,1.05360316
15704,-1.13706792,1.88503158
15705,0.520425642,1.3813343
15706,-0.0102313746,-0.713686282
15707,-0.41362567,-0.408622927
15708,-0.646557217,-0.282783752
15709,-1.01107245,0.806815747
15710,0.259178298,0.20351912
15711,-1.17490978,1.26219839
15712,0.0426709956,0.53787722
15713,-0.31153045,-0.324732107
15714,-0.43848775,0.299912369
15715,-0.491219311,1.35458291
15716,0.519979411,0.191054368
15717,1.4414749,-0.198332077
15718,-0.458555358,-1.63657784
15719,1.48178852,0.312411091
15720,0.438318936,0.435143681
15721,0.201440852,0.0550107303
15722,-1.0294165,-0.200990569
15723,-0.121878894,-0.361466963
15724,0.940713138,1.6214451
15725,-0.264965233,0.0282333274
15726,0.328593443,-0.840737813
15727,-1.2108411,-1.56198216
15728,-0.54252872,0.283528034
15729,-1.57453706,-1.14017661
15730,0.0199254168,0.644959038
15731,-0.955227534,-0.935782836
15732,-1.12129395,-0.805713539
15733,-0.436352508,-1.07206868
15734,2.14513131,-0.884431676
15735,0.285603719,-1.00315805
15736,-1.51127129,-0.345694855
15737,-2.37505426,-0.428869682
15738,-0.348608675,-0.40064557
15739,-0.207398574,-0.800020243
15740,-0.3650311,0.51599746
15741,0.196786128,-0.367888611
15742,-1.18426054,0.928703089
15743,-1.17880798,-1.4269927
15744,0.125738853,-1.72731718
15745,1.84774262,-0.896817357
15746,-1.0651456,-1.18149104
15747,-1.08403705,-0.885883689
15748,-0.285934624,-1.99956436
15749,0.421979253,-1.70002615
15750,-0.992047846,-1.48199497
15751,0.490465775,0.661933842
15752,-0.849338286,0.815910393
15753,1.21344716,1.46302062
15754,0.761312255,-0.528710949
15755,1.27254954,-0.492470739
15756,-0.230056867,1.00029808
15757,-1.14020863,-0.380272615
15758,0.346178595,1.63745344
15759,1.79829367,-0.373690829
15760,0.167769012,1.17006359
15761,0.337606987,1.6427975
15762,-1.14495469,-1.12320951
15763,-0.0695275372,-1.85509135
15764,-1.16832816,1.551616
15765,0.827721894,-0.18467396
15766,1.61140745,0.569781157
15767,2.03978476,0.510200663
15768,-0.772721886,0.103050232
15769,1.15103587,0.190537536
15770,-1.98916899,0.140296024
15771,-0.204134804,0.166999983
15772,0.0138856032,0.713394004
15773,-2.12356174,0.0874441866
15774,-0.604230184,0.322865586
15775,-0.481710854,1.03434287
15776,-0.627860804,0.676252126
15777,-0.647743098,0.819900503
15778,0.274230048,1.82576493
15779,-1.44773907,1.82935131
15780,-1.46743956,0.0144977915
15781,-0.246220384,-1.47712503
15782,1.12499143,1.33115874
15783,-0.877207037,-1.33595423
15784,-0.298681522,0.88800474
15785,0.175514608,0.304856135
15786,-0.399639186,1.06331879
15787,0.115140172,1.01872665
15788,0.131919671,0.451944315
15789,0.568235746,0.631935778
15790,-0.700974075,1.15961532
15791,-2.26551632,0.815824766
15792,1.1818778,-0.457851106
15793,0.283261027,1.64180333
15794,-0.231042765,-1.27556861
15795,0.6008381,0.384423148
15796,0.0146303043,1.18835824
15797,1.39893346,0.0994896127
15798,-1.31399647,2.09106317
15799,-0.46902374,0.0607190377
15800,-1.29142085,0.423048833
15801,-0.925216632,1.27277942
15802,0.905070827,0.928278968
15803,-0.725067397,-0.552006005
15804,2.09253525,-1.3603742
15805,-0.777174639,0.120263603
15806,0.514804879,0.201839816
15807,0.042496643,-0.534382394
15808,0.919412628,0.264022446
15809,0.0983148993,0.403352962
15810,-0.530143457,0.219544984
15811,0.397853491,0.112418383
15812,0.523330712,0.428680095
15813,-0.348423651,-0.162624305
15814,0.332809892,-1.53520244
15815,-1.27545884,-0.166127316
15816,-0.061641694,-0.371893951
15817,0.760461116,-0.477375192
15818,-0.0618766635,-1.56991509
15819,0.716800759,-0.0784222674
15820,0.714929224,-0.0429756205
15821,1.27952712,-0.898125852
15822,0.263470965,0.563579289
15823,1.45292082,-1.85162711
15824,0.254426002,-1.84225918
15825,-0.327373699,-0.564397205
15826,2.15434899,-0.11321933
15827,0.0148679253,-0.665516381
15828,-0.830164965,-1.1664363
15829,1.21693046,1.19437484
15830,-1.80762715,0.427124862
15831,0.648525118,-0.199058907
15832,0.807645299,0.536208739
15833,-0.449085575,0.244571274
15834,-0.713551355,0
15835,-0.141887971,1.06953865
15836,1.21726914,-1.49766867
15837,0.56301622,-0.536910821
15838,-2.35923286,-0.783200524
15839,-0.101414371,0.0161121123
15840,1.38418385,2.06240759
15841,2.96100328,-0.417044647
15842,-2.40701508,2.0205769
15843,-1.7816735,0.222492608
15844,1.51317329,1.55391344
15845,0.0595609456,-0.0298513713
15846,1.56628917,-0.862162608
15847,-1.60769231,-1.59070854
15848,-0.826218004,-0.180285883
15849,0.434180885,0.598262613
15850,-0.295839516,1.27962715
15851,-0.396126163,0.794706979
15852,-1.07618582,-0.23276791
15853,1.55119448,-0.10283893
15854,-1.13640653,0
15855,0.304898534,-0.357979965
15856,-1.32482041,1.1498629
15857,0.306634361,1.23588353
15858,-0.483550836,0.243526957
15859,-1.38967987,0.522626094
15860,-0.155587865,1.12252085
15861,-0.79695058,0.429811507
15862,-0.129317198,-0.593958441
15863,-1.56230011,0.619672844
15864,2.42161175,-2.08887819
15865,0.207891219,-0.127883884
15866,0.116084047,-0.0411934161
15867,-0.935745103,0.202783882
15868,0.454737489,-2.39970013
15869,1.96061234,0.315031475
15870,0.70295385,-0.945295331
15871,0.33463209,0.724338089
15872,-0.17898025,2.17666938
15873,-0.49247307,1.23923976
15874,0.94946885,-1.28053521
15875,1.60618939,0.605975547
15876,0.087383967,0.800103476
15877,-0.811702024,-1.60720636
15878,0.738556505,0.527156388
15879,1.73816224,0.458949724
15880,1.15615631,1.63669472
15881,0.514164677,1.30266402
15882,-0.121330683,-1.04125548
15883,-0.0297863824,-0.650229982
15884,-2.46429867,-1.6199244
15885,0.5013198,-0.0638500743
15886,2.93709037,-1.57810281
15887,-0.818548464,0.443390012
15888,0.374173558,-0.338447718
15889,0.480728915,0.624992343
15890,-0.992169144,1.38977523
15891,0.948363946,-0.521680452
15892,-0.113390864,-0.296358003
15893,-0.313095234,-1.5694198
15894,-1.85283509,0.760635592
15895,0.985209456,0.551426796
15896,-0.138989915,0.944240426
15897,0.0850967233,2.38334786
15898,-0.786983198,0.140750812
15899,0.448957758,-0.195723504
15900,1.01900336,-2.43059775
15901,-1.24265336,0.466611923
15902,-0.580266198,-1.3588929
15903,0.404271015,-0.157202087
15904,0.885836429,0.593286694
15905,-0.535947655,0.10574709
15906,0.570726318,-0.274544858
15907,-0.212435571,-2.33001711
15908,-0.014402376,1.11452523
15909,-0.789099623,-1.59358268
15910,0.46990995,0.627158393
15911,-0.167460617,0.939199012
15912,0.356085827,0.298821567
15913,0.0141760174,-0.865384269
15914,-1.3439494,1.31578568
15915,0.443864539,0.545704318
15916,-0.649446334,0.61859265
15917,-0.865701275,-0.500281169
15918,0.0605552527,0.182851151
15919,0.101284325,-0.988754163
15920,1.64539784,0.141877745
15921,0.0560116988,-2.09039306
15922,-0.060366412,-0.202612987
15923,-0.305830398,-1.86772504
15924,0.458584135,-2.7633393
15925,1.00938056,1.38547284
15926,-1.26706766,-2.0335735
15927,0.539461532,2.00748387
15928,1.10877056,0.835461108
15929,-1.34774667,-0.489383589
15930,0.535081644,0.536464361
15931,-0.153787085,0.433905723
15932,0.0302491082,-1.36073635
15933,0.0402899188,0.677852098
15934,1.49371779,-0.544602573
15935,-0.487942272,-0.086492868
15936,0.143320768,-0.55470247
15937,1.01446601,-0.152316062
15938,1.05473195,0.908265725
15939,1.61777642,0.330155165
15940,-0.47192475,-0.619766951
15941,1.87591962,1.07819912
15942,-0.429946947,0.851109191
15943,0.705170052,0.185964584
15944,0.16465309,1.32619406
15945,0.491644453,1.91906602
15946,-2.06465387,-0.767958132
15947,0.363035821,0.156829727
15948,-0.682753982,-0.278606619
15949,1.15966119,-0.572397015
15950,0.36935591,0.503765677
15951,-0.311675829,-1.22805904
15952,-0.291404812,1.8980395
15953,1.79696153,0.378900221
15954,-0.264917052,-1.34123253
15955,0.20069751,-0.46786852
15956,-0.194710912,-0.896225672
15957,1.69764712,0.0599824738
15958,-1.42638493,-0.162363539
15959,1.40495453,0.527540344
15960,-1.12723641,-2.05050765
15961,0.314806544,-0.444375701
15962,0.314944119,0.541281728
15963,-0.880806276,-0.293658475
15964,-0.287023714,-0.0716881505
15965,-0.552471428,-0.452535177
15966,1.4274327,0.138051886
15967,0.598983395,-0.394336527
15968,0.139292211,-0.448243481
15969,0.519555564,-0.118198536
15970,-1.28439344,-0.621463643
15971,-0.309307499,1.19286632
15972,-0.397048171,0.156133539
15973,0.718882352,1.00481511
15974,0.096340162,-0.194467138
15975,-0.820166599,-0.029831973
15976,0.0290479092,0.71666276
15977,-0.716466857,0.672943324
15978,1.30893037,0.323407654
15979,1.38856957,0.335979393
15980,-0.592415305,-1.81807817
15981,0.708087904,0.300300752
15982,-1.51905617,-0.696564656
15983,-0.901770877,0.820042216
15984,0.328425903,-0.596219313
15985,1.00784214,0.894762586
15986,1.07730255,-0.707251698
15987,-1.05828954,-2.04879501
15988,0.946918749,-1.76417682
15989,-1.35963997,-0.306950007
15990,0.640633799,0.758842347
15991,-1.20259733,-0.647403588
15992,-0.21916372,-1.02938254
15993,0,1.66665124
15994,1.48434842,0.230127563
15995,-1.18896676,-0.699281459
15996,1.08589434,-0.028479399
15997,-0.143915311,-0.309354953
15998,-0.641394903,0.670976429
15999,1.2514917,1.46384836
16000,1.09438992,-0.834779185
16001,-1.63360059,0.320293617
16002,1.94732758,0.71797652
16003,-0.780014958,-2.28529919
16004,-2.25959739,0.487687576
16005,-0.180357725,0.363144484
16006,0.281063715,0.234638574
16007,-0.332483766,1.12506127
16008,-0.0398529254,-1.04951805
16009,-1.6941406,-0.169872687
16010,1.2942913,2.20032772
16011,1.98107687,0.0405641348
16012,0.993318427,-0.397149351
16013,0.252451966,-0.0583355144
16014,-1.77184085,-1.1345699
16015,-0.320084404,1.75361474
16016,0.143260275,-0.10242235
16017,-1.48738833,-0.917481418
16018,-0.496090692,-0.2365144
16019,-1.68539277,-0.68868488
16020,-2.04707321,0.219491305
16021,-0.827223825,-2.9920856
16022,-0.474240131,1.41079014
16023,-0.0563585567,1.15383126
16024,-1.90985872,0.585987925
16025,1.47947801,-0.434750875
16026,0.688339507,1.81223507
16027,1.15628645,0.135874124
16028,0.24895863,1.53079611
16029,-1.23838704,1.630403
16030,-0.968554215,0.161596638
16031,-0.495823593,-0.176782474
16032,0.921153202,1.38903644
16033,2.43235863,-0.60244761
16034,-0.134525701,-1.13930502
16035,0.308871323,0.503626607
16036,0.455883114,-0.0572380843
16037,-0.11701328,-0.908331863
16038,-0.769964938,-0.814411833
16039,-0.976798493,1.06883199
16040,0.483344344,0.916754428
16041,0.146700021,1.55110626
16042,1.30733724,1.37169482
16043,-1.81703858,1.38390751
16044,1.32285698,1.6739918
16045,-0.082586749,-0.0405557732
16046,-0.600467312,-0.424707005
16047,0.713765666,0.392547831
16048,0.490716949,0.0286110705
16049,2.08755335,0.678162588
16050,-0.139974533,1.13468147
16051,-0.908844903,-1.12111919
16052,-0.335815647,-0.0566988581
16053,-1.7099423,0.598506201
16054,1.04102535,-1.25311469
16055,1.04969481,-0.490581844
16056,1.89475054,-1.16324147
16057,-0.0137523273,1.43487476
16058,-0.57309776,-0.31071729
16059,0,-0.353792212
16060,1.33442609,-1.06218702
16061,-0.89885274,1.31680121
16062,-0.551520622,-1.09447147
16063,0.649749361,-0.167401219
16064,0.611803447,0.218278612
16065,-0.0578250713,0.623699859
16066,-0.393684703,0.174265979
16067,0.274942112,-0.375650136
16068,-0.784511079,0.96454381
16069,0.314762201,-2.46774184
16070,-0.566157637,0.414031369
16071,1.30079003,1.37616369
16072,-0.105705203,-0.712795203
16073,0.879221109,0.290612092
16074,-1.17382365,-1.27049355
16075,1.80058952,0.085899368
16076,1.3572225,1.75363375
16077,-0.169483724,1.37168168
16078,-0.484223765,1.52357524
16079,-0.649463786,0.579577204
16080,0.190534532,1.60227466
16081,-0.372291395,-0.0551247775
16082,-0.23015382,0.366470256
16083,-1.07871226,0.0632758328
16084,0.501319331,1.26398796
16085,0.485825623,1.79648449
16086,-0.948642512,-0.821456073
16087,0.238006705,-0.481173614
16088,1.95621604,0.453288971
16089,0.350738319,1.15258651
16090,1.66851985,0.605945166
16091,-0.489834034,1.57292678
16092,0.606174393,-0.26119102
16093,-1.40236379,2.56819623
16094,0.0604479443,-0.104109435
16095,-0.358606134,0.362335245
16096,1.57247355,0.832201466
16097,-0.739332123,1.29863202
16098,-1.8586819,0.783631136
16099,1.67827937,2.2257297
16100,0.880737568,-1.20190524
16101,-0.382167161,1.4618391
16102,0.364518058,1.14271966
16103,0.862562648,-0.622752153
16104,-0.571125884,-0.970249787
16105,-0.246917632,1.47907513
16106,-0.224428894,-1.03916019
16107,-0.913534269,-0.740592248
16108,0.292647449,-0.539084953
16109,-1.13050757,0.38777846
16110,-2.17786074,0.691255236
16111,1.44354556,-0.769718181
16112,-1.69987403,-0.855748972
16113,-1.93855145,-0.885491148
16114,0.605731875,1.25909654
16115,-0.306471561,0.295796854
16116,-0.48646954,-0.605758384
16117,-0.101034222,-1.45366341
16118,-0.782402101,-1.73476612
16119,0.145155462,-0.791459427
16120,1.38670606,0.878855857
16121,-0.482682918,0.514007215
16122,-0.0405749708,0.417379055
16123,1.387548,0.151967974
16124,0.0148468993,-0.35397922
16125,0.724895324,1.1537091
16126,-0.161326306,-0.35165069
16127,-0.456250269,0.135870985
16128,-0.320189441,0.965558646
16129,-0.697217007,0.879300147
16130,0.448890338,-1.34001679
16131,0.496599666,1.48689521
16132,-0.174263503,1.17665433
16133,0.694771707,1.11445234
16134,-0.261746739,0.779521065
16135,-1.48885459,0.542152501
16136,1.84288826,-0.423802821
16137,1.60920366,2.20032415
16138,1.64839813,0.832612038
16139,2.1112307,0.116143445
16140,0.206303446,-0.281775256
16141,1.61902286,0.333043996
16142,-0.804717531,1.51956183
16143,-0.363951042,-1.12635657
16144,-2.59633879,0.612000177
16145,0.353693636,-0.43124461
16146,-1.05428714,0.443533568
16147,-0.0563448778,-0.591244798
16148,-0.808864963,1.51314881
16149,1.15743502,-0.216391728
16150,1.09106015,1.84254609
16151,1.88410082,-0.214501005
16152,-0.339827149,-0.381808061
16153,-0.271033282,0.317342227
16154,-0.355202014,-0.495997696
16155,0.940385189,-0.330409131
16156,0.254986975,0.128708201
16157,-0.0874101321,0.57943066
16158,-0.0812289945,-2.4344882
16159,-0.0394532236,-0.0810682814
16160,-1.43095958,-0.407615592
16161,-0.449559276,0.375744507
16162,1.0641402,-0.561832535
16163,-0.436312228,0.710832471
16164,0.364470605,-1.03068382
16165,0.431638034,0.282112081
16166,-1.0640295,-0.241165976
16167,0.939500939,-1.04883813
16168,-1.15687777,-0.950480114
16169,0.475220847,0.39149368
16170,0.262695429,-0.592282041
16171,-0.17301908,-1.08711986
16172,1.26874622,0.233048443
16173,1.2655239,-0.277627687
16174,0.0788955216,1.02745615
16175,-1.1712595,1.1838609
16176,0.0986079134,-1.71178962
16177,1.75852181,-1.94260925
16178,-0.242184042,-0.819794032
16179,-0.15949966,0.280576654
16180,0.566337234,-0.630419955
16181,-1.18977289,0.770619421
16182,1.09742656,0.442239086
16183,1.8256134,0.429987604
16184,-0.39293767,-0.779268792
16185,-0.370158455,1.37885754
16186,-0.158344451,-0.759149422
16187,0.760014698,-0.584185622
16188,0.199186617,-1.07273677
16189,-0.942649022,-1.5682521
16190,0.314777773,0.273209481
16191,-1.90535777,-0.57995563
16192,-0.437827573,-0.239750794
16193,-0.555460782,0.118740123
16194,0,-0.369323251
16195,0.0699606833,-0.661854575
16196,0.139980203,-2.06240541
16197,1.61353772,0.687658948
16198,-1.72949515,-0.219749551
16199,-0.858395075,1.88111885
16200,0.492915326,1.10705388
16201,0.692410418,0.253263154
16202,-0.498264805,1.24608217
16203,-1.20441017,1.76034403
16204,0.0966552156,-0.0835940499
16205,1.69793354,-0.0876396508
16206,1.56397026,0.82681038
16207,-0.722007766,-1.12029022
16208,1.73797336,-0.14264022
16209,-1.2817268,-0.489537141
16210,0.115022988,-0.226962119
16211,0.699634895,0.314522608
16212,-0.142035035,1.75472437
16213,-0.622724057,0.687134463
16214,-0.11919671,-0.485320385
16215,-0.733850028,-0.0696254575
16216,-1.67013365,0.795403852
16217,-1.01119108,-0.952319717
16218,1.20217822,-0.899130867
16219,1.59497563,0.667335766
16220,0.336805744,1.17229519
16221,-0.716310738,0.0409146957
16222,-2.00224461,-2.01888956
16223,-0.634281224,-0.628784058
16224,0.371442795,0.0773773881
16225,-0.142643094,-0.715234431
16226,-0.040561584,-0.145740857
16227,-0.620069937,0.290130913
16228,-0.206166044,0.0579466012
16229,0.0589340279,0.637747378
16230,-0.603320979,0.969399425
16231,0.531038966,0.500824949
16232,-0.118933486,0.381618086
16233,2.01843363,0.812509821
16234,0.473463226,1.97365251
16235,0.0952890082,1.84515716
16236,1.83741165,-1.63060791
16237,0.36947641,1.27388149
16238,0.490792605,0.237276775
16239,-0.708769496,0.0724438641
16240,-0.594264216,1.30906043
16241,0.204911839,-0.416997764
16242,2.52778024,-0.915767414
16243,-0.142990241,-0.241446314
16244,0.549819777,0.114616245
16245,1.45353759,1.69284305
16246,0.461500756,0.117759732
16247,0.499511299,-0.0168310041
16248,-1.76921074,1.39323396
16249,0.0964223604,0.574239784
16250,1.3437508,1.32239321
16251,-0.265166103,0
16252,0.896305408,0.592722281
16253,2.33042769,0.985787141
16254,-1.27687366,-0.758147746
16255,0.270689825,0.43081681
16256,-1.48531788,1.98401628
16257,-1.48615329,0.512399563
16258,0.0102813766,-0.311874535
16259,-2.24394404,0.782847174
16260,-1.39818667,1.21147332
16261,0.585426031,-0.775397302
16262,-0.157936477,-0.944865996
16263,0.426987929,0.0578976845
16264,-0.58661887,-0.0728941211
16265,0.610553048,-1.44187841
16266,-0.268223738,-1.0461008
16267,0.0831731661,1.12729489
16268,0.504545306,1.93242198
16269,-1.7688433,-0.161573342
16270,-1.26676462,-1.04248751
16271,-0.0488102975,0.958261042
16272,1.02126844,0.164165805
16273,1.68599357,1.3807977
16274,-0.184948176,1.3833802
16275,0.251246071,0.118876489
16276,1.52516167,0.372232698
16277,-0.73262325,0
16278,0.816561311,-1.56928088
16279,0.512356514,-1.18036748
16280,1.90332041,0.144965862
16281,0.406060428,2.58240793
16282,-0.614083223,-0.127161725
16283,0.0868273804,-0.0848500067
16284,0.815023283,0.812887383
16285,-1.01437828,0.737379291
16286,0.684463046,-0.284502974
16287,-0.709264753,0.699581281
16288,0.498356626,0.656626575
16289,0.124388019,0.0807315577
16290,-0.529898077,0.632071989
16291,0.112214199,-0.672119577
16292,0.149487312,-0.283567208
16293,-0.633371428,1.54505293
16294,0.461198361,0.139695383
16295,-0.714771064,0.643151823
16296,-0.506178727,0.790646438
16297,1.72129392,2.68649838
16298,0.837311489,-1.32132179
16299,1.85766536,0.295886765
16300,-0.689787993,0.0143442385
16301,1.67295501,1.55384055
16302,-1.28568245,-0.527969929
16303,-0.181774935,-0.0405808317
16304,-1.15848473,-0.487421657
16305,-0.857628155,-1.88871721
16306,-0.624498999,-0.650989882
16307,0.255122508,-0.352236685
16308,2.99814346,0.574327258
16309,0.316695664,0.656148208
16310,1.19041855,-2.45013215
16311,0.505292776,0.901945512
16312,-0.864591476,0.800406575
16313,1.77872894,0
16314,-1.29673347,-0.479458495
16315,-0.384058434,-1.65902264
16316,-0.518898388,1.08971171
16317,-0.679651236,0.434185376
16318,-1.00269254,0.775316399
16319,-0.679080648,-2.99629853
16320,-0.256031102,0.141512514
16321,-0.628691082,-0.113683452
16322,-0.0813347305,-0.679156384
16323,-0.535086756,-0.474410393
16324,-0.0283318861,0.944665975
16325,0.573729749,1.72512143
16326,-1.01337125,-1.68254881
16327,0.118913932,-1.50676744
16328,0,3.04683964
16329,1.46747866,1.30929588
16330,-0.183162502,0.140101619
16331,-0.61362583,-0.17759159
16332,1.14958211,-1.26569583
16333,-0.662947112,-0.565224488
16334,0.968538147,0.743364491
16335,1.19557249,1.52902766
16336,-0.114999359,-1.40732227
16337,0.301740128,-0.143961071
16338,1.50886238,0.483513943
16339,-0.206609519,-2.16807914
16340,0.984769065,-0.397020199
16341,-1.46366861,0.62300296
16342,0.897359427,1.23120465
16343,1.02666593,1.05571533
16344,-0.699610021,-0.802104485
16345,-0.0851379378,-0.782403221
16346,-0.246238053,0.66059132
16347,-0.783309381,-0.295242383
16348,-0.285113368,-0.574408113
16349,-1.23179733,1.33045309
16350,0.783690661,-0.901322458
16351,2.32539722,-1.01673386
16352,0.562333096,0.0426491327
16353,-0.802275747,0.774567378
16354,0.227575139,-1.01439776
16355,-0.369433825,-1.12994404
16356,-0.708881019,-0.330433857
16357,-0.638714875,0.395689731
16358,-0.504638443,-1.05934686
16359,0.144751508,0.461778236
16360,-0.0290687098,0.0143616236
16361,0.224232474,0.398514581
16362,-0.325710398,0.143571079
16363,2.29327344,-0.609463161
16364,-0.991484376,0.883173357
16365,-0.0425731208,0.511118297
16366,1.8572325,-0.471853951
16367,-1.21355975,1.68359674
16368,-0.667382471,-0.334017477
16369,0.295898544,0.255285604
16370,0.29027217,-1.4444539
16371,0.928626822,0.601206638
16372,-1.19094772,-1.41916796
16373,0.958773202,0.298981824
16374,-1.62792711,0.157584216
16375,-0.161560955,-0.181160695
16376,0.541070997,1.47294604
16377,0.523009211,1.99507155
16378,1.8806763,-0.240262686
16379,0.572586881,-1.77134567
16380,1.94003387,-0.94764258
16381,1.76199516,-0.0605804975
16382,0.545052935,0.79517897
16383,1.54766729,-1.20750197
16384,-0.202510614,-1.81182121
16385,-0.680232923,0.643945165
16386,-1.399804,1.693302
16387,0.0704742705,0.635301112
16388,-0.889742575,1.08109177
16389,-0.692785711,0.618753771
16390,-0.36581112,0.81023919
16391,0.58253251,1.93715237
16392,-0.0795749801,0.72518756
16393,0.934324651,-1.6353867
16394,-0.734224368,-1.19302448
16395,-0.516201652,0.859198025
16396,0.522460486,0.18576679
16397,1.56427082,1.06783765
16398,0.698474693,-0.299374144
16399,0.17757354,-2.0884032
16400,-0.267797781,-0.273114567
16401,-1.33952327,-1.16122836
16402,-0.872538998,0.234108756
16403,0.325599701,0.97336718
16404,-0.0433294349,0.625035245
16405,0.687371489,-1.89234862
16406,1.50183268,-0.523180199
16407,-0.403344853,-0.82748525
16408,1.21738006,-0.178214735
16409,0.778795451,-0.817200927
16410,1.65323726,0.815584923
16411,1.61448175,-0.112979533
16412,0.72495928,-0.82611044
16413,-0.879371956,-0.559334434
16414,0.715435219,-0.475320141
16415,-1.32441953,-0.902256277
16416,0.298330822,-1.11796166
16417,0.465637592,0.955260826
16418,1.26875255,-0.551400533
16419,0.195314606,1.67386784
16420,0.514247149,0.395836965
16421,-0.891339981,0.699947077
16422,-0.552817092,0.0593248038
16423,-0.0786947486,0.244779303
16424,-0.199923052,0.792239964
16425,1.73564223,1.54640312
16426,1.04030867,0.626950284
16427,0.275393634,-0.598168773
16428,0.207159239,1.16199439
16429,-0.223260815,0.746429017
16430,-0.384501801,-0.419491661
16431,1.41157354,-0.419192358
16432,0.774770934,0.261850149
16433,-0.80013417,1.64440937
16434,0.626934634,0.0629065852
16435,-0.872374296,1.13345907
16436,-1.25072998,0.257469787
16437,-1.46041659,0.57512135
16438,-1.85189079,0.103455009
16439,2.07373118,0.0163888071
16440,-1.80909328,-1.5843109
16441,0.0821457616,0.0276462097
16442,0.183406022,0.354959292
16443,0.41157811,0.740174702
16444,-1.74133432,-1.39392827
16445,0.688011214,-0.498057135
16446,0.395257825,0.878485023
16447,0.891617002,0.90726762
16448,-0.80970065,-0.0393868626
16449,-1.49565015,0.291108782
16450,1.84640907,1.5606108
16451,0.666460806,0.0595044629
16452,0.612383435,1.81811419
16453,0.225720716,0.856328874
16454,0.905599343,0
16455,-1.17790168,-0.446781284
16456,-0.267115611,1.02847234
16457,-2.85027497,1.65976361
16458,-0.445343132,-1.70305817
16459,0.204502907,1.15512522
16460,0.431577939,-1.04661343
16461,0,2.84941056
16462,1.63109646,0.347019925
16463,-0.694407265,0.345458023
16464,0.661117388,-1.5672362
16465,-0.725613676,-0.261796777
16466,0.1560379,-0.639070661
16467,1.01522158,-0.0199035889
16468,-0.154242166,-1.7759997
16469,-1.47695735,-1.59708091
16470,0.139664717,-0.412634515
16471,1.236455,1.3583903
16472,-0.630793416,1.64602481
16473,1.00970629,1.56553339
16474,1.76987689,-1.21002777
16475,-0.0573603179,-0.388705755
16476,0.487352265,-0.920656795
16477,1.39337545,-1.20574408
16478,-0.964014854,0.273137691
16479,-0.853672499,-0.137093027
16480,0.45422994,0.819323546
16481,0.847909042,0.827629021
16482,-1.01045264,0.0653525657
16483,0.859552861,0.477161704
16484,-1.07322177,0.368791856
16485,0.0613832151,-0.274017158
16486,0.371878037,-0.217445018
16487,0.0648865571,2.05079135
16488,-0.876625662,-2.8110897
16489,1.60079195,-0.528233404
16490,1.022751,0.0631737824
16491,-1.21772152,0.105109196
16492,-0.604004756,-2.6275226
16493,-1.82611257,-1.55038796
16494,0.642398556,-0.663765363
16495,-1.28710351,0
16496,-1.22088217,-0.846005006
16497,-2.342006,-1.99186883
16498,0.82042152,0.130795469
16499,0.923351684,0.51494011
16500,-1.09171779,-0.240248687
16501,0.123735452,-0.374987763
16502,0.797526699,-0.492707321
16503,0.0140882619,1.41581132
16504,0.249360545,-0.99226669
16505,0.641183064,-0.921264316
16506,-0.990056349,0.0404589475
16507,2.45336245,0.629513296
16508,2.28740153,-0.267707283
16509,-0.204068959,0.790193887
16510,0.791301838,-0.248172357
16511,-1.54437498,-0.612753891
16512,-0.604199858,-0.241165976
16513,0.374761006,1.03949973
16514,-0.84709521,-1.62880468
16515,-0.129906558,1.87394438
16516,-0.412189105,0.0575936521
16517,0.532100669,-0.699872484
16518,-0.337786664,-1.84533247
16519,1.02180156,0.763708492
16520,-0.815910393,0.0963016393
16521,1.08679085,2.27031581
16522,-0.305411392,0.186032246
16523,-1.02019012,-0.217497352
16524,-0.161000211,-1.35177266
16525,0.458412159,-1.1052499
16526,-1.20118638,-0.478941975
16527,0.242896367,-0.679912949
16528,-0.960325554,0.381790904
16529,-0.547062522,-1.27105823
16530,-0.208350105,-1.62837917
16531,0.534719074,-0.633785802
16532,-1.23041606,0.203839907
16533,0.44262403,-1.38690738
16534,-0.157733996,0.565747354
16535,-0.0972373425,1.41027557
16536,-0.0200423698,-0.921641452
16537,-1.8286053,-1.48508821
16538,-0.141521791,-0.817680097
16539,-0.0202202575,-0.96694022
16540,0.483432207,-0.207838196
16541,-1.33171947,-0.804124601
16542,-1.10800263,-1.89625852
16543,0.710943671,2.79749512
16544,1.27069814,-0.281951441
16545,-0.492840154,0.816684577
16546,-0.543110352,-0.185859606
16547,0.158656259,-0.887523401
16548,-1.88802854,-1.45519791
16549,-1.09975696,-0.516199445
16550,1.26066392,-0.666570794
16551,1.43603161,1.47916599
16552,0.836361042,-0.259721593
16553,-0.930082763,-1.88018786
16554,0.141046639,0.452132149
16555,0.725713311,0.925525503
16556,-0.451005115,-0.417289003
16557,-0.602786205,-0.425926502
16558,0.85100638,-0.599006383
16559,-1.585683,0.394466198
16560,0.377047274,1.75077323
16561,-0.0709923058,-0.362882641
16562,0.273443258,0.754388936
16563,-1.16234598,0.099948561
16564,0.921031146,1.45779611
16565,-0.433093658,0.498667777
16566,-0.700955222,0.693525448
16567,-0.288266576,-0.433077545
16568,-0.0622366947,-1.01559338
16569,0.396706665,1.07463686
16570,-1.15722299,-1.58550103
16571,-0.632799518,1.37483577
16572,-0.319915985,0.939722627
16573,-1.07563408,-0.491308916
16574,-0.225637389,-1.01853196
16575,0.301525521,-1.7716774
16576,-0.248993965,-1.36987257
16577,-0.282567953,0.84200716
16578,0.140606657,0.790876516
16579,0.827936106,0.187026816
16580,0.323792417,0.206612226
16581,-0.146053143,-0.390769705
16582,0.285028572,0.396574242
16583,0.821972109,1.69560943
16584,-2.93122811,-0.581729095
16585,-1.89497324,0.14417022
16586,-1.44431645,0.205252535
16587,-0.638605515,1.34807208
16588,-1.17915883,-1.50826261
16589,-0.363796068,-1.15992925
16590,0.320653223,1.51342099
16591,1.0627761,-1.13969714
16592,-0.520710426,0.887863146
16593,-1.16783974,-0.431283558
16594,-0.666720441,0.249004196
16595,0.352928169,1.43722392
16596,0.332825976,0.162976803
16597,2.35199121,1.9503956
16598,0.803859605,1.30713867
16599,-1.27999268,-2.37347477
16600,-0.389237927,1.53643693
16601,0.100455068,1.26146085
16602,0.86293578,0.909796608
16603,-0.479052086,1.03825875
16604,-0.214832941,1.0495972
16605,1.1010695,0
16606,1.41338245,-0.37780975
16607,0.034493528,1.88533059
16608,-0.337246496,-0.604704995
16609,-0.266990423,0.0554836061
16610,-1.23634538,0.68401646
16611,-1.53581526,0.375918337
16612,0.154261628,-0.288618025
16613,-1.29213985,0.22611786
16614,-0.607230248,-0.541273695
16615,-0.425221028,-2.11700602
16616,-0.331830802,-0.440952948
16617,0.781027183,0.841681693
16618,-0.425076362,-0.6061528
16619,-1.07647747,-0.0144354188
16620,-0.656309262,0.58907815
16621,-0.321291484,0.0604473293
16622,0.669524617,-0.0600894931
16623,0.811123267,-1.65117449
16624,-1.2726019,0.644830379
16625,0.428347687,0.795305015
16626,-0.373141551,-0.447600833
16627,0.844883728,-0.0276199269
16628,0.480804705,1.46980164
16629,0.367457999,0
16630,1.81735121,0.609419678
16631,-1.18793478,0.85957088
16632,0.117636801,-2.00437256
16633,-0.270228265,0.738949916
16634,-0.773459378,0.577278165
16635,-0.811080359,-0.577280886
16636,0.298373384,-1.01582309
16637,0.677347046,0.649520559
16638,-2.61087473,-0.9192371
16639,0.833285175,-0.985205464
16640,-0.358171905,1.87479185
16641,-1.10476891,0.384321485
16642,-0.367119188,1.42750409
16643,-0.940549549,0.509545238
16644,0.430076725,0.0920556152
16645,-0.936177263,0.260471626
16646,0.41746303,-1.5539274
16647,0.934636409,0.655442008
16648,0.704849577,1.60781228
16649,1.01662093,-0.124659019
16650,1.9167073,-1.27866519
16651,0.62257209,-0.0429429453
16652,-0.861928408,0.941711542
16653,0.591920174,0.161380264
16654,0,-1.38548665
16655,-0.68295085,-0.457679383
16656,0.817782003,-0.562606151
16657,0.428063554,0.0419316629
16658,-0.490834277,-0.610582715
16659,-0.398583996,-0.406781576
16660,1.2928982,-0.439637703
16661,0.433985359,-0.157677054
16662,-0.380647495,1.24542068
16663,-0.916875538,0.85707263
16664,-0.756065376,-0.665393367
16665,0.627218422,2.93363095
16666,-2.08943951,0.667386134
16667,-0.758480329,-0.140970266
16668,1.76718471,1.75263933
16669,-2.20176537,-0.671950207
16670,0.0208537707,0.0214130315
16671,1.23039026,-0.817788086
16672,0.976951548,-0.52659933
16673,0.62437976,-0.380416111
16674,-0.16752315,-0.669681313
16675,-0.804704291,0.430869905
16676,0.845914427,-1.31938563
16677,-1.46013725,0.349607143
16678,0.588476053,0.648295627
16679,-0.253957323,2.195633
16680,1.14840206,1.03328291
16681,0.401630012,-0.562813815
16682,0.559328418,0.18525233
16683,-0.378917595,0.935829979
16684,0.556248961,-0.348586006
16685,-0.270048227,1.19688493
16686,0.061252757,0.102180209
16687,0.363105594,-0.656175866
16688,-1.12177262,1.76482711
16689,-0.259532677,-2.09790455
16690,-0.554436261,-0.853824467
16691,-0.548000973,0.813234837
16692,-0.459470189,1.53541637
16693,-0.952935534,-1.18497857
16694,0.583722235,-0.866028767
16695,0.257122355,-0.935713817
16696,-0.0986304922,-0.76468433
16697,-0.532014123,0.609904714
16698,-1.18928888,-1.05299048
16699,-1.94603336,-1.42488191
16700,1.31744179,0.446878122
16701,-0.521740995,0.750303677
16702,1.45437201,-0.302341876
16703,0.403141042,-2.08167255
16704,-0.725189526,-0.241165976
16705,0.305276815,-0.314694014
16706,1.90078668,0.275473578
16707,1.4842504,-1.17254607
16708,0.342890971,1.01774928
16709,-1.03714936,0.828619487
16710,-0.440714382,0.0415895125
16711,-1.47702249,-2.34983165
16712,-0.300029628,-0.586239707
16713,0.113371001,1.22200276
16714,-1.27045812,-0.231472092
16715,0.195053922,-2.15289708
16716,-1.2256175,-1.27601692
16717,-0.794044048,-0.082625688
16718,-1.20783671,0.5917268
16719,-0.272684602,-1.26221875
16720,-2.08733868,-1.45998259
16721,-1.03949339,0.119719363
16722,-1.91161379,0.758541353
16723,1.25230401,0.584363808
16724,1.54597252,0.21124694
16725,0.10128745,0.816517898
16726,1.2816905,-1.13734346
16727,-0.583275873,0.145805395
16728,-0.805804113,-0.195894383
16729,-0.696350549,-1.03521154
16730,0.20585658,0.724952638
16731,-0.657309388,0.199994988
16732,-0.380028763,0.762534478
16733,-2.422122,-0.715448613
16734,0.321863327,0.694917442
16735,0.226758314,-0.125193668
16736,-1.59172784,-0.462445041
16737,-0.0287530712,0.830036942
16738,0.895945657,1.14714761
16739,0.383994181,0.154805712
16740,-0.390665702,-0.0301219977
16741,0.366830619,0.728466901
16742,-2.30143247,0.834178602
16743,2.06814769,-0.0872291776
16744,1.38377647,0.241434352
16745,0.723112528,-1.12974501
16746,1.41951695,0.51473631
16747,0.271625996,1.20028185
16748,1.26130223,0.191616975
16749,0.121965197,-0.43473232
16750,-0.123972078,-0.0614645293
16751,0.419467258,-0.901002557
16752,1.45718986,-0.699077269
16753,0.485013671,-1.58490307
16754,-0.714649846,-1.38138624
16755,0.0626521987,1.40785623
16756,2.06359879,-1.25270663
16757,0.275620702,0.794697639
16758,-1.51811651,-0.61833174
16759,0.0615421427,-0.506288351
16760,1.43672985,1.0020787
16761,1.25537831,0.676547439
16762,0.90273042,-1.35122219
16763,1.35216772,-0.0807872952
16764,-0.230923228,1.52681884
16765,-1.96872812,0.670883449
16766,-1.82958507,0.490201603
16767,-0.642189548,0.770563154
16768,0.489922167,-1.57947145
16769,1.20268893,-1.01433373
16770,-0.825616326,0.629574271
16771,-0.206683541,0.295966296
16772,-0.486971258,-0.90005157
16773,1.28659022,0.213858065
16774,1.17049885,0.516307587
16775,0.0664713435,1.06073226
16776,-0.794395713,-0.717153691
16777,-1.66014946,-0.735319663
16778,-0.973312478,-0.0574680972
16779,-0.871066431,0.744591812
16780,-0.961742685,0.804641715
16781,0.810990562,-0.294161018
16782,1.41612662,0.796061306
16783,0.0851755553,0.39231577
16784,-1.2178724,-0.962868262
16785,-1.65557066,-0.0292406232
16786,0.517039185,-0.56561079
16787,0.211487687,2.4861933
16788,0.83596146,0.368161154
16789,-0.739517155,-0.717465476
16790,-2.36429974,-0.473955388
16791,-1.42581305,-0.245818684
16792,1.67072671,-0.196600667
16793,1.09918065,-0.536244692
16794,-0.379540968,0.744541814
16795,0.72170578,-0.156902323
16796,-0.103269168,0.514637407
16797,-1.86015447,-0.219973649
16798,0.329610427,0.145589725
16799,-0.161563351,-0.153615857
16800,1.86801445,-0.826591363
16801,2.24417204,-2.1643456
16802,0.442386631,1.54711636
16803,-0.889591375,0.391892896
16804,0.590447334,-0.779109281
16805,0.39582963,-0.104396044
16806,-0.776004072,-0.261406469
16807,-0.300379214,-1.950975
16808,-1.0562397,-1.23968231
16809,0.224743689,0.566106686
16810,1.40136311,0.0200708357
16811,1.04716892,0.566591663
16812,0.278360804,0.248919297
16813,0.616679934,-0.325162074
16814,0.635978821,1.39027629
16815,1.86658921,-0.0283631008
16816,0.888227044,0.453633127
16817,1.07632393,0.0410331806
16818,-0.222647901,-1.12127657
16819,0.125767773,0.529484377
16820,-0.312123732,-1.36131193
16821,0.688922255,1.310714
16822,0.794898431,2.4984735
16823,0.487168207,-0.238335255
16824,-0.199423256,-0.982851936
16825,-1.3278215,-1.2673522
16826,-1.01931596,-0.0986750751
16827,-0.512465419,-2.11162326
16828,0.475619628,-0.227906781
16829,-1.50436028,-1.49093771
16830,1.30275578,-0.162305073
16831,0.886596403,2.16265475
16832,1.86337253,0
16833,-0.917821852,1.03693544
16834,-1.14042941,0.974172855
16835,-0.193733061,1.96285937
16836,-0.596430598,-1.35536289
16837,-0.341059013,-1.47998553
16838,-0.431715751,-0.796675486
16839,0.248731567,1.12480278
16840,-0.224578067,0.45309096
16841,-1.13723662,0.564841148
16842,0.189558429,0.292482611
16843,1.10245954,-0.692441607
16844,-0.279296511,0.721768818
16845,-2.00423291,0.489377249
16846,1.00517375,1.74868009
16847,-0.0658575865,0.390767015
16848,0.702069881,0.709749738
16849,1.50868132,-0.252494952
16850,0.259041566,-1.13367405
16851,-0.256436575,0.101403699
16852,0.111444583,1.73607696
16853,1.78334365,0.115823835
16854,-1.64209714,-0.425142399
16855,-0.433857014,-1.78738716
16856,0.334102151,-0.910976382
16857,0.58713016,1.89983946
16858,0.550081654,1.8706354
16859,0.929914004,1.09454585
16860,0.801009734,0.576555638
16861,1.06193916,-0.452701808
16862,-0.240558939,0.772060895
16863,1.66023537,1.13068569
16864,1.2408898,0.363084778
16865,0.616098049,0.482529326
16866,0.806219966,0.16905374
16867,-0.115314636,-0.646655179
16868,-0.744812504,1.5844649
16869,0.0799233584,-0.831551476
16870,-2.05040899,0.648859607
16871,-0.810461591,1.61684959
16872,0.529462458,-1.65546009
16873,0.393576263,1.42058958
16874,0.552003135,0.40542823
16875,-0.418479169,0.623973142
16876,1.88074459,-1.83962695
16877,0.589456776,-0.489657237
16878,-1.17969551,-0.348222075
16879,0.18184634,-0.366013873
16880,-0.140769027,-0.810365397
16881,-0.738882351,-0.866820103
16882,-1.45940096,-0.797897841
16883,1.83155661,-0.720223885
16884,3.09252915,-1.02444149
16885,1.43748887,1.02784729
16886,0.596461999,0.969326101
16887,0.782851068,-0.490198373
16888,-0.302043478,0.672877234
16889,-0.542349836,-1.50530922
16890,0.316932314,-0.146034662
16891,-0.435447896,-0.203800605
16892,-0.391000251,0.794752418
16893,0.161124118,0.818501169
16894,-0.101855773,0.841898628
16895,-1.11668765,-1.44723364
16896,-0.392270085,-0.786429808
16897,0.621869859,1.6160071
16898,-0.119322473,-0.312314116
16899,1.01119681,1.35755808
16900,-0.724075424,-0.512655582
16901,1.23653867,1.30598843
16902,0.260453283,-0.0208886334
16903,-1.33340593,-0.603318151
16904,-0.118692947,0.616486415
16905,0.731333238,2.30594088
16906,-2.45442611,0.448055737
16907,0.21646414,0.523457025
16908,0.406898611,0.605535064
16909,0.641374238,-1.19190136
16910,0.407960825,-1.55371269
16911,-0.36476713,0.318904738
16912,0.710584361,1.00286544
16913,0.0590012902,-0.721386249
16914,0.58455868,0.406427772
16915,0.0831509436,0.128700681
16916,0.030282965,0.917588691
16917,0.398444806,0.239714435
16918,0.789445681,0.163741929
16919,0.582735159,1.68269767
16920,-0.352959495,-0.573848573
16921,0.0696730132,1.67470806
16922,-0.320918223,2.01078129
16923,-0.792340789,0.524935761
16924,-1.02168418,0.378280964
16925,-0.0296187788,0.400111755
16926,-1.48947256,1.72029299
16927,1.43344189,-0.435592029
16928,0.20405469,-1.37438321
16929,0.384422544,-1.50546886
16930,-0.724230683,0.904356317
16931,-0.538284178,0.549288544
16932,0.726035381,0.461695112
16933,-0.97935827,-0.977732436
16934,0.127736191,-1.88678999
16935,0.308923141,1.64027251
16936,-0.482964051,0.287913215
16937,-0.604962537,-0.365448144
16938,0.307851662,0.725618858
16939,-0.433660918,0.504388047
16940,0.0900368008,-0.527395123
16941,-0.820167111,0.794679287
16942,-1.29790228,-0.82319816
16943,-0.929418856,-0.44588682
16944,-0.276258796,-0.443825155
16945,0.541286955,-1.46956922
16946,0.240794545,-0.405773148
16947,-0.541743171,-0.36863305
16948,0.416435423,-0.863359721
16949,-0.409441116,-1.33756436
16950,0.719614058,0.205109435
16951,-0.802460629,0.834675065
16952,1.05612407,-2.19781523
16953,-0.763962582,1.69095105
16954,-0.590014058,-2.31388169
16955,-0.137784467,-1.41767013
16956,-0.374764987,0.572502762
16957,0.543558294,-1.27365176
16958,-0.652914369,0.802632283
16959,0.842839232,0.434913929
16960,0.200328977,-2.58315
16961,-0.350812771,0.474822088
16962,-1.40630852,-1.33923327
16963,0.333926833,-1.26128081
16964,-0.802305585,-0.412476264
16965,-1.42044183,-0.518414181
16966,-0.409361269,-0.415571054
16967,0.419449747,1.38192413
16968,1.31695491,0.65690661
16969,0.854636821,-1.43412283
16970,0.442813339,0.710292428
16971,-0.89917692,-0.730606974
16972,0.527919593,0.27760224
16973,1.64119979,-1.98037813
16974,0.276614576,-0.835825534
16975,-0.200502337,1.54167395
16976,1.15247741,-0.138645118
16977,-1.17856338,0.552223628
16978,0.309488216,-0.573567424
16979,-0.280810722,0.482409366
16980,0.684393052,1.07710267
16981,-0.89997134,0.239366129
16982,-0.739067553,0.291531286
16983,0.411165213,1.72786676
16984,0.742837006,0.701068849
16985,-2.59687397,0.200673867
16986,0.302421949,-1.01696765
16987,-1.39728533,-0.0555278578
16988,-1.38598785,1.19628736
16989,0.658436461,-0.534410553
16990,-0.365710815,0.894291615
16991,-0.753723655,-0.274945498
16992,-1.3132675,0.876444618
16993,0.097605794,0.750751766
16994,-0.996449063,0.799676317
16995,0.853855422,-0.405456626
16996,0.225592654,0.479768504
16997,-0.177055026,-1.4599653
16998,-0.183277116,-0.019617486
16999,-0.976757943,0.460214355
17000,-0.904397586,1.58754155
17001,1.15441366,0.724018031
17002,-0.375828091,1.45402965
17003,1.45643527,-1.39182041
17004,0.648928486,-0.764482384
17005,0.536416766,-0.427850413
17006,-0.143016072,-0.756756392
17007,0.282058985,-0.243368354
17008,1.12123551,0.873831069
17009,-0.986389457,-0.327198157
17010,-0.0973723337,0.846657562
17011,-0.619900482,-1.17220373
17012,0.952909102,-0.288692621
17013,-0.0397767995,0.194721365
17014,-0.900367932,0.922866071
17015,-0.441801777,0.556751291
17016,-0.147490754,-0.433823019
17017,0.860210226,0.293897463
17018,-0.316235506,1.12760457
17019,0.556729727,-0.366305359
17020,-1.54450771,-0.639758136
17021,-0.311796149,0
17022,-1.06193916,-0.095912744
17023,0.127611153,-1.53333163
17024,0.912723617,-1.11920123
17025,-1.40265299,0.859977613
17026,0.413621996,0.717142007
17027,0.5899516,0.519323044
17028,0.758706236,-0.786721391
17029,-0.733668492,-0.352583341
17030,-1.04403848,1.11177787
17031,0.636065123,0.804548757
17032,0.0295590476,1.02072352
17033,-0.530370344,0.165609508
17034,0.402419368,-0.120465613
17035,-0.392806259,-0.297901991
17036,-0.722692652,0.555062994
17037,0.685464263,-1.04420075
17038,-0.288108958,-1.25620795
17039,0.0844527064,1.3626896
17040,-1.62462085,0.500131631
17041,1.2088716,0.528566713
17042,0.10388392,0.904828201
17043,0.344417716,0.577589738
17044,-1.08715219,0.0144482522
17045,0.0273925777,-1.49213272
17046,-1.73428618,0.0203665796
17047,1.92056483,-1.35694326
17048,0.324341582,-0.142318598
17049,0.688725742,2.16873472
17050,-2.58747913,1.54850906
17051,0.441324084,0.46523351
17052,0.77321944,0.374454587
17053,-1.54533426,-1.48776861
17054,-0.184862499,-2.13792738
17055,0.588115034,-0.213833664
17056,0.836574955,0.418060293
17057,1.49232508,0.76004379
17058,0.363558233,0.05989253
17059,-0.2734922,1.77402616
17060,-1.74213772,-0.416036659
17061,0.630844771,-0.119627367
17062,-0.391051713,-2.12417807
17063,1.0551862,0.491333739
17064,0.877554685,-2.26630222
17065,-0.14052743,-0.995934165
17066,-0.619646328,-1.4107313
17067,-0.714705657,0.297416174
17068,1.06626464,-1.37303775
17069,-1.30435917,-1.97137519
17070,0.72874229,-0.203401965
17071,-0.266658995,-1.2425525
17072,0.978907411,0.219721862
17073,-0.0860334714,-2.32259563
17074,0.722097013,0.0712486409
17075,-0.456453945,-0.723498091
17076,0.739195004,-0.0876400257
17077,-0.519150074,-0.255889652
17078,-0.0806601114,-2.03570319
17079,-0.0434164589,-0.0699852064
17080,0.360892632,0.014928524
17081,0.145372391,-1.67753574
17082,1.89194865,-1.64385871
17083,1.92275865,-0.860007917
17084,0.899205128,1.47109835
17085,-1.78555659,-0.686152226
17086,1.984182,-0.286799321
17087,-0.313507459,-2.07953411
17088,-1.36986142,-1.22219999
17089,-0.773084358,-1.15391668
17090,0.645548646,1.17143413
17091,-0.480856422,0.244099317
17092,-1.60056252,0.242262162
17093,0.287660977,-0.299484116
17094,-0.0797505451,-0.534862381
17095,1.54516214,-0.0580361164
17096,-2.21864535,0.674576997
17097,0.63668567,2.01004915
17098,0.423428859,-0.192478253
17099,1.45227421,0.801005433
17100,0.595915813,-0.895422088
17101,-0.457472739,-1.2337088
17102,-0.410369039,0.757831354
17103,-0.535574815,0.116426266
17104,0.91455729,-0.315656357
17105,1.68488691,-0.547375641
17106,-0.354661415,-0.347425804
17107,0.374132876,0.984694536
17108,-0.326430679,2.28489784
17109,-0.448308333,-2.97142091
17110,-0.166319661,-0.99571661
17111,0.418494686,-0.199890371
17112,0.158181417,1.7969423
17113,1.09461592,2.59234209
17114,2.11655761,-1.2063881
17115,-2.42950094,-0.534982274
17116,-0.137965436,2.439207
17117,0.453158899,0.715069974
17118,0.355177466,1.03409815
17119,-0.0602764554,-0.441757238
17120,-0.545936882,0.895928399
17121,-0.820667679,-0.408559253
17122,-0.696068568,-0.871439397
17123,-2.04884133,-1.82961652
17124,1.33890347,1.78506603
17125,-0.844600188,0.25997459
17126,0.339794058,1.52335431
17127,0.846175685,-1.62724021
17128,0.160254253,-1.40597304
17129,-1.21723614,-0.67609568
17130,1.42809148,-0.333839581
17131,-0.888722178,1.01343952
17132,1.66744983,1.14824
17133,0.262228888,-0.124226479
17134,0.537780407,-2.53302005
17135,-1.60429632,0.393847242
17136,0.174806245,1.13319069
17137,0.354969983,-2.30440611
17138,-0.726704018,-1.00408545
17139,-1.51554481,-0.181247589
17140,0.780668645,-0.356953485
17141,0.201480289,1.49786632
17142,-1.40449028,1.18041721
17143,-0.816265611,0.618108292
17144,-0.896313553,-0.101869335
17145,1.11716033,2.39062347
17146,0.864153537,0.786791802
17147,-0.692949536,-0.199513215
17148,1.20176163,1.04363732
17149,0.355381375,1.08543722
17150,-0.423842625,-0.577415782
17151,-0.0281188635,0.566014098
17152,1.51640363,-0.525438529
17153,-0.221628481,0.571031529
17154,-0.940509074,0.733702604
17155,0,-0.892727877
17156,0.259119336,0.409105371
17157,1.39760101,0.540968615
17158,0.0791230444,0.159243495
17159,0.233375255,1.58639621
17160,-1.71379293,-0.399994386
17161,1.38455009,-1.49831571
17162,-1.2702343,1.92423189
17163,-2.35699916,-0.447232123
17164,-0.25709447,-0.329438417
17165,0.408175209,0.493331659
17166,-0.49994127,0.159532086
17167,1.3045647,0.788934507
17168,0.371836274,1.2941913
17169,-1.49265507,-0.861452176
17170,-0.898636413,-1.73961423
17171,0.520743052,0.263726114
17172,-1.53284457,-3.18781327
17173,-1.81187277,0.8716772
17174,-0.511009103,-1.4260115
17175,-0.230855251,-1.45401564
17176,-0.307991397,-1.18600805
17177,-0.95341526,0.385616392
17178,-0.379137723,1.40154079
17179,0.13041213,-0.126011368
17180,-0.647857853,1.05962151
17181,-0.826574523,-0.457990854
17182,0.374300917,0.338774309
17183,-0.67954803,0.0643245841
17184,-0.466758315,-1.78634945
17185,-0.804330726,-0.907686942
17186,0.263774726,-0.417616445
17187,-0.142217562,-0.0213449497
17188,-0.797367661,-0.652579833
17189,-0.217349203,-0.161892737
17190,-1.33793446,0.286281884
17191,1.36233662,3.99888849
17192,0.234520625,-0.914094642
17193,1.30370939,1.92890333
17194,-0.471450312,0.41174257
17195,0.806999213,-0.48825695
17196,0.992544136,-0.369853273
17197,1.37205953,0.759093421
17198,-0.262073927,0.763210322
17199,0.706822837,0.295169479
17200,1.20570873,0.559246795
17201,0.618992056,-0.466163974
17202,-0.670620386,-0.0398387745
17203,2.48338428,-2.15729592
17204,1.23569798,0.473778079
17205,1.35504631,-0.181818438
17206,0.500425514,-0.445372407
17207,0.0321893625,-0.153170717
17208,0.952406077,-0.648144032
17209,0.291240976,-0.775766919
17210,0.403862348,1.83511996
17211,-0.639841652,-1.72736715
17212,0.674761471,-1.14597256
17213,0.236763681,1.37783903
17214,-0.263129878,-1.48710047
17215,-1.89729918,-0.251787582
17216,-0.390133288,-1.87842413
17217,-1.10929937,-0.0860575987
17218,-0.0482808386,1.86645703
17219,0.719276764,0.418946713
17220,-1.03841813,0.618792518
17221,-2.34531574,1.59793571
17222,1.21271017,-0.281389931
17223,0.154273034,0.308482128
17224,-0.33647493,-0.622737674
17225,1.6925777,-0.137981961
17226,0.898624018,0.209954047
17227,-1.14746316,-0.257079749
17228,-0.497339302,1.20038747
17229,-0.0600169997,-1.73443024
17230,-0.468583342,-0.24613172
17231,-1.33131984,-0.72467173
17232,1.41427288,0.360840226
17233,-0.564431151,1.42106904
17234,-0.40770581,1.2248843
17235,0.724918144,-1.81610629
17236,1.16665227,0.171257845
17237,-0.833142645,-0.0742047402
17238,0.407399998,-1.43635264
17239,-0.689817199,1.2240663
17240,-0.896015403,0
17241,0.520425642,1.3813343
17242,-0.0204000889,0.0719766157
17243,0.0725886754,0.170471005
17244,-0.115033619,0.985830894
17245,-0.407336587,0.0615889303
17246,-2.33376537,0.13773004
17247,0.974143875,1.0742778
17248,1.00557853,0.482855996
17249,2.5272683,-1.46873751
17250,0.915235299,-0.638838445
17251,-0.671218987,-0.417806861
17252,-0.876639534,-0.953704359
17253,-1.02090941,-0.529756725
17254,0.224137255,-0.590973728
17255,-0.570624447,0.654960086
17256,0.19011297,-0.0611633569
17257,2.22936781,0.675498582
17258,0.319684477,-0.0195114824
17259,0.297580417,0.619835851
17260,1.45189867,0.519780572
17261,1.72076009,1.19495415
17262,1.17247881,0.225699757
17263,-0.465187969,0.621522481
17264,0.640755219,1.91080304
17265,-1.57453706,-1.14017661
17266,0.546188789,-1.00472722
17267,1.6945365,-0.0146477907
17268,1.29399141,1.44560632
17269,-0.766400366,1.29437894
17270,-0.388226285,0.872780746
17271,0.823687023,0.0144398387
17272,0.47376975,1.98016135
17273,-0.267152454,0.350990578
17274,0.636169015,-0.214427819
17275,1.04069632,0.565502243
17276,-0.245643936,-0.274325917
17277,0.545508881,0.603320597
17278,0.585593522,1.03254172
17279,-0.617756121,-1.43572009
17280,0.416770499,-1.34197438
17281,-0.172869632,0.0436507562
17282,0.943937439,-0.160676507
17283,-1.68096744,0.247335961
17284,-0.1533157,-0.805637888
17285,-0.970999673,-0.49862634
17286,-1.56337646,0.820127912
17287,-0.857034005,-2.38747
17288,-0.20362505,0.594513276
17289,1.21344716,1.46302062
17290,0.474464294,-0.621001634
17291,2.20814692,1.60155307
17292,2.35750608,-0.600848813
17293,-1.12445909,-0.661780894
17294,0.577463442,-0.22146856
17295,0.854537328,1.15151858
17296,0.442134156,1.83924885
17297,0.839041289,-0.0984496939
17298,0.955944752,-0.3260163
17299,-0.119508955,-1.32557339
17300,-0.272337251,0.316835553
17301,-0.412182279,0.663841966
17302,0.0411318871,-0.9780662
17303,1.51708837,1.70432229
17304,-0.161440702,0.684262912
17305,1.14564748,0.715901422
17306,0.867328603,-1.13594226
17307,0.952604598,1.71398363
17308,-1.34593849,-0.293283074
17309,0.320651217,-0.193169835
17310,-0.398435294,-0.101498537
17311,1.37505534,2.48558429
17312,1.27122681,1.06783545
17313,-0.647743098,0.819900503
17314,-0.724263121,-1.556294
17315,0.159165446,-0.891083526
17316,0.602268439,-1.4097092
17317,1.1757906,-1.00343057
17318,0.945439281,-0.986281192
17319,0.634954671,1.25354849
17320,1.15411999,0.854030215
17321,0,-0.804475541
17322,-1.3214039,-0.649531274
17323,1.367705,-0.39886364
17324,2.40687414,-0.30498843
17325,-1.25395603,-0.413900744
17326,0.842069469,-1.06192085
17327,-0.902092729,0.42106219
17328,1.99163832,-1.32026474
17329,0.99797273,-1.67023106
17330,0.341157453,0.396702873
17331,-0.467344781,0.898601473
17332,2.86198878,-1.12462418
17333,-0.521027858,-1.25415749
17334,0.830835443,-1.70133372
17335,0.552836277,-0.714290591
17336,1.14645233,0.4643291
17337,-0.925216632,1.27277942
17338,-0.142894848,-1.65565696
17339,0.254906464,0.759288306
17340,-1.71933757,-1.63875672
17341,-0.393151816,-0.103660088
17342,0.514835737,0.57687161
17343,0.112345848,0
17344,-0.0734697237,0.256361367
17345,-0.24866544,-1.16055968
17346,-0.0829952861,0.125676897
17347,0.349697639,0.0137688622
17348,-0.861577049,1.802674
17349,1.40246403,1.39082777
17350,1.36761195,-0.614490141
17351,-0.454755571,0.965505013
17352,-0.606512117,0.535739451
17353,-0.0419934333,0.915239083
17354,1.27706261,-0.379449769
17355,-1.27901896,1.145322
17356,-0.592280469,1.47082169
17357,-2.03926172,0.767954857
17358,-1.4827376,-0.0596792521
17359,0.296445682,0.882212062
17360,-0.74815566,0.508950778
17361,-0.327373699,-0.564397205
17362,0.675339975,-1.61608456
17363,-1.41163724,-0.253622591
17364,-0.726570043,0.661487875
17365,-0.581598016,-0.819453351
17366,0.888482637,-0.190150453
17367,0.674722916,-0.329568249
17368,0.332869986,0.28242581
17369,0.0787073475,1.27132064
17370,1.02386124,-0.293261571
17371,0.623362633,0.43558405
17372,-1.55211387,0.0145300668
17373,1.25276474,1.20228077
17374,-0.789971325,1.01832764
17375,-0.27121544,-0.20335711
17376,-0.041834928,-0.650866794
17377,1.45636074,0.0557791836
17378,0.0409087319,-0.809345959
17379,1.5065749,-0.230649346
17380,0.071367145,0.25941268
17381,-0.506739261,0.93557356
17382,-1.00164287,-1.05483825
17383,-0.467131659,0.677072124
17384,-0.442343646,-0.774075674
17385,0.434180885,0.598262613
17386,-1.66559941,1.26737095
17387,0.488013275,-0.555959956
17388,1.05319011,0.913426249
17389,0,-0.714998526
17390,0.43261482,0.710962786
17391,-1.68371121,-0.925253179
17392,-1.59156767,1.33704961
17393,-0.313348691,-0.414590113
17394,-0.158353585,-0.560153752
17395,-1.01728329,-0.379987869
17396,0.516962637,-0.646558585
17397,-1.40664631,1.05036142
17398,0.039459959,-0.100552159
17399,0.167536819,-0.293811448
17400,1.57383223,0.656576258
17401,-0.715236929,-1.79095724
17402,-0.88613389,-1.326617
17403,-0.372186978,-0.907199942
17404,1.49997123,1.20886585
17405,-0.876394165,-0.720840917
17406,-0.377714687,2.62763754
17407,1.31707256,-0.59098357
17408,-0.229433493,1.94266881
17409,,
17410,0.878795975,0.700423301
17411,1.39090227,-2.19521647
17412,-1.40842714,-1.05434964
17413,-1.02842505,0.0705521581
17414,2.56310322,-0.974517221
17415,-0.209502734,1.40700207
17416,-1.29457793,0.102371117
17417,-0.0751235967,-0.491454993
17418,0.649314077,0.179017871
17419,-0.510590015,0.269043076
17420,-0.212577529,-0.262813715
17421,-0.795268738,1.24069062
17422,-1.3208725,0.253739302
17423,0.26161174,0.187186324
17424,0.184075493,-0.181419904
17425,0.184075493,-0.181419904
17426,-0.21674945,-1.05967486
17427,0.158057568,0.182107387
17428,0.613613331,0.20116128
17429,0.185893362,-0.786414717
17430,-0.332643769,-1.35311842
17431,-0.869388605,-2.51907084
17432,-0.0582511164,-0.309791283
17433,-1.42919195,1.35181272
17434,-1.42919195,1.35181272
17435,-0.657043509,-0.772470416
17436,-0.283892461,-1.49516409
17437,-1.40354128,1.13687491
17438,-0.347104631,0.69317692
17439,0.391951105,0.541109407
17440,0.777564659,0.990545299
17441,-0.989060065,2.38456736
17442,1.81021461,0.284024796
17443,1.81021461,0.284024796
17444,0.251806234,0.12867953
17445,-0.721972928,0.0405255057
17446,0.120742163,-1.64995419
17447,-0.219094265,1.35891758
17448,0.94904359,0.445460263
17449,-0.721447785,1.1878521
17450,0.772658147,-0.54161094
17451,0.803319872,-0.608665962
17452,0.803319872,-0.608665962
17453,-0.833836246,0.318577676
17454,-0.682919344,1.21800946
17455,-0.181286631,1.00601601
17456,0.276256681,-0.426574037
17457,-0.171388427,1.948344
17458,0.209830232,0.899386712
17459,0.808190577,-2.07723103
17460,1.68585126,0.65779096
17461,1.68585126,0.65779096
17462,0.539944947,1.16628716
17463,-1.24794469,1.67873901
17464,0.0755341269,-0.319715584
17465,0.454208151,1.46028312
17466,-0.0574705186,1.37645536
17467,-0.42980319,1.28623235
17468,0.972918149,-0.591369404
17469,0.52006706,-0.740306205
17470,0.52006706,-0.740306205
17471,-1.56616122,0.502023126
17472,-1.52944724,-1.84471642
17473,-0.331456811,0.695615573
17474,-0.474061516,0.925434923
17475,0.205240484,0.837609611
17476,0.586278229,0.63115462
17477,0.227362288,-1.85636243
17478,0.668284603,-0.886320696
17479,0.668284603,-0.886320696
17480,2.2328309,-0.444001945
17481,0.183975607,0.291096303
17482,0.147162287,-0.0420482659
17483,-0.831900564,-0.958411412
17484,-0.761878446,0.605018677
17485,-0.107585806,1.47246289
17486,1.40427185,0.242615138
17487,-0.720927866,-1.71086844
17488,-0.720927866,-1.71086844
17489,-0.72982978,0.652945786
17490,-0.125038362,-0.874968284
17491,0.931511257,0.406973186
17492,-0.0562938106,-0.536731666
17493,-1.12116804,0.262028653
17494,-0.311067824,1.08890485
17495,-0.333330526,1.0847266
17496,-1.86313476,0.162018517
17497,-1.86313476,0.162018517
17498,0.484872522,-0.70590864
17499,-0.340753222,0.100499813
17500,-2.3689406,-1.11763964
17501,1.50358797,-0.489738309
17502,-1.5515844,1.28354756
17503,-1.51775541,-1.18591006
17504,-1.88235983,0.468251258
17505,0.220372019,-0.14033361
17506,0.220372019,-0.14033361
17507,0.254229234,-0.860778991
17508,0.061354767,-0.162610832
17509,0.193609016,1.16924614
17510,0.639141701,0.763890794
17511,-2.05093322,0.528557506
17512,-0.834344221,0.488505112
17513,0.417592493,0.731659866
17514,-0.0828310025,-0.55467457
17515,-0.0828310025,-0.55467457
17516,-0.268535949,-0.511281727
17517,-0.061022393,-0.139734442
17518,-0.625513222,-0.262862876
17519,0.926978996,-0.0143458662
17520,2.90026529,1.172123
17521,1.31122691,0.291353355
17522,-0.219722295,0.72967484
17523,1.14506499,-0.977846209
17524,1.14506499,-0.977846209
17525,1.17885303,0.161411604
17526,-0.401674618,-0.311665249
17527,-0.128583551,0.470999558
17528,1.3089433,-1.76363327
17529,0.238199193,-1.25824135
17530,-0.11123557,-0.344308272
17531,-0.113825948,-1.0700529
17532,-0.986511916,-0.780399495
17533,-0.986511916,-0.780399495
17534,-0.668741194,0.454823932
17535,-0.209474394,-0.814008185
17536,0.300544183,0
17537,0.817372103,-1.17402586
17538,2.39326983,-1.16891002
17539,0.641636065,-0.67150153
17540,0.128359967,-1.14399268
17541,1.87729011,-0.161281602
17542,1.87729011,-0.161281602
17543,-1.50232528,-0.116846133
17544,-0.123686551,-0.438093794
17545,0.0760787682,0.0942924778
17546,-0.488973905,1.57392482
17547,-0.99649491,1.65183607
17548,-0.884731248,-0.316704925
17549,-2.34623551,-1.90338393
17550,2.36801929,0.785452374
17551,2.36801929,0.785452374
17552,-0.628692209,0.0675361181
17553,-1.54401649,-1.00768592
17554,-0.536113568,0.406227684
17555,-0.611956665,0.946173181
17556,-1.05197229,-1.22934854
17557,-0.599985087,-0.327496862
17558,-0.374669528,-0.24836979
17559,-1.34569409,-0.554506587
17560,-1.34569409,-0.554506587
17561,-1.64412933,0.205956253
17562,1.20237478,-0.405069612
17563,-1.17579742,1.18108534
17564,-1.11540094,0.563674655
17565,-0.93275365,0.0142190085
17566,0.13463913,-0.486981693
17567,0.757603219,-1.4702736
17568,0.587844598,0.630362125
17569,0.587844598,0.630362125
17570,-2.46628279,0.989667392
17571,0.660600836,0.0407433049
17572,1.06202721,-1.45180028
17573,0.675161351,0.441958474
17574,-1.20329726,-0.837261312
17575,0.17486209,1.65057719
17576,-1.36142866,0.402744549
17577,-1.8243296,-0.900105109
17578,-1.8243296,-0.900105109
17579,-0.146922799,-0.844754505
17580,-0.246116531,0.430651493
17581,-1.06867704,0.685869094
17582,-1.6249682,0.407084806
17583,0.849563837,-0.832818306
17584,0.73545095,-1.30794497
17585,0.988983379,1.62596772
17586,-0.688709098,-0.205687346
17587,-0.688709098,-0.205687346
17588,0,-1.36618252
17589,-0.713881941,0.162556809
17590,0.0747986514,-0.532870767
17591,0.665970405,0.503467404
17592,0.653578475,1.45252612
17593,-1.06059775,0.824493586
17594,0.300061781,-0.165874944
17595,1.04693441,-1.37328356
17596,1.04693441,-1.37328356
17597,1.00792109,0.2389815
17598,0.244220663,-0.24912702
17599,-0.480543024,-0.272570631
17600,-0.144339753,-0.5433105
17601,0.167592908,0.341735943
17602,-1.09196018,0.171473868
17603,0.0301563052,0.561583476
17604,0.0208145604,2.26434783
17605,0.0208145604,2.26434783
17606,-0.804619502,1.02276584
17607,1.81678838,0.143171629
17608,-0.450542905,1.55599168
17609,0.0578673073,-1.75721701
17610,0,0.0848612365
17611,0.0538496583,-0.497741743
17612,-2.85039048,-0.0148794378
17613,0.397009905,-0.166907954
17614,0.397009905,-0.166907954
17615,-0.424790189,0.715804677
17616,1.21709039,-1.02182188
17617,-0.0762550565,0.0922214041
17618,0.887118319,0.236819833
17619,0.284962316,0.879116403
17620,1.47837857,0.73898733
17621,-0.244693128,-0.495953719
17622,0.901554221,-0.939805644
17623,0.901554221,-0.939805644
17624,-1.35188277,0.586303601
17625,0.040885759,-0.601153398
17626,0.54132509,-0.552652524
17627,-0.716806469,0.221708425
17628,0.543865677,1.36317548
17629,0.11086611,1.11989647
17630,0.993059408,0.588876873
17631,-0.518765274,0.530650189
17632,-0.518765274,0.530650189
17633,-0.378626978,-0.0977284474
17634,0.2584077,-1.7205158
17635,-0.936246927,0.240437258
17636,0,-0.820676379
17637,-0.208765731,-0.344715568
17638,0.241353841,-0.410744438
17639,-0.363956267,0
17640,1.98030057,0.442925645
17641,1.98030057,0.442925645
17642,-0.244902085,-0.627733875
17643,-0.625723555,-0.403339295
17644,0.100336556,0.784601507
17645,0.85882428,0.307460852
17646,-0.500020077,1.65504497
17647,-0.787076328,0.337896378
17648,0.505071546,-1.86589876
17649,0.76240066,0.160259678
17650,0.76240066,0.160259678
17651,0.202313552,1.08655348
17652,-0.746429157,-0.1445343
17653,0.278802273,-0.316202821
17654,0.0280256065,1.33474403
17655,0.0421017863,1.45939642
17656,0.807146899,1.94154079
17657,-0.451224878,0.560112084
17658,-0.121042605,-0.496606159
17659,-0.121042605,-0.496606159
17660,-0.109806967,-0.228847814
17661,0.280225676,0.71573359
17662,-0.790223217,-0.271195368
17663,0.985623724,2.54725816
17664,-0.0710425759,0.77637843
17665,-0.638046951,1.76630001
17666,-0.264639801,-1.13802738
17667,-0.544240869,-0.967840229
17668,-0.544240869,-0.967840229
17669,-0.733221157,-0.39864242
17670,-0.541551958,0.596585756
17671,-0.683636415,1.02624116
17672,1.40676393,-0.484964511
17673,-0.542799398,1.61062442
17674,-0.353550277,0.843623937
17675,0.887582577,0.972525138
17676,-0.335276671,1.47720479
17677,-0.335276671,1.47720479
17678,-0.148147516,-0.2339195
17679,1.19201354,-1.85877956
17680,-0.51775003,-0.298487566
17681,-0.566513754,-3.62956319
17682,-0.352115477,-0.38739163
17683,0.078933156,0.577674316
17684,-0.624706088,0.212022058
17685,-1.50496034,-0.309826948
17686,-1.50496034,-0.309826948
17687,-0.7543283,0.802135201
17688,0.752984116,-1.77602656
17689,0.15817144,0.956904191
17690,-0.360549741,-1.27574017
17691,-1.12436044,-1.9409272
17692,-0.360549741,-0.25897714
17693,-0.583103457,1.40623088
17694,1.77569289,-1.20603966
17695,1.77569289,-1.20603966
17696,-0.894063336,0.129517457
17697,0.220161732,-1.01302611
17698,-0.0531147178,-0.630961862
17699,-0.85864251,1.22023727
17700,-0.154869223,1.01922964
17701,-1.34603169,3.12050514
17702,-0.422269126,-1.62420725
17703,0.665659486,0.611347997
17704,0.665659486,0.611347997
17705,-0.346272042,-0.442110467
17706,-0.0404518535,0
17707,-0.841326268,1.00315312
17708,-0.400444913,0.842131177
17709,1.09838571,-0.0823338395
17710,0.385750295,1.22515847
17711,-0.390301344,-0.402471702
17712,1.03277251,1.5393687
17713,1.03277251,1.5393687
17714,0.032242575,0.808884951
17715,1.57082856,-1.08034107
17716,-0.105669261,0.183309972
17717,-1.35820373,0.284311299
17718,-0.996318698,-0.913134215
17719,0.409145143,0.0576668077
17720,2.95330769,0.970144735
17721,0.635157524,0.769672916
17722,0.635157524,0.769672916
17723,-1.35947097,-0.955175924
17724,1.05835936,0.0974769025
17725,-0.623765634,0.499568734
17726,1.19297228,0.0283512137
17727,-0.260924032,-1.10043835
17728,-0.871157494,1.85338288
17729,-0.481766332,-1.63311246
17730,-0.662183996,-0.867575988
17731,-0.662183996,-0.867575988
17732,0.185072731,1.42865638
17733,0.600829386,1.35813212
17734,-0.623629259,-1.27732218
17735,-0.523657805,0.906803884
17736,-0.0142502077,0.273626651
17737,-0.264726114,0.639261075
17738,0.0143909937,-1.76966142
17739,0.177795023,-0.778920778
17740,0.177795023,-0.778920778
17741,-0.201272414,-1.40122788
17742,-0.01940586,1.80582228
17743,-0.24076773,0.396479337
17744,-0.187798198,-0.0574362965
17745,-0.11296124,2.27240508
17746,0.652661197,-0.733132143
17747,-0.421616655,-0.53316516
17748,1.59214339,0.0599167151
17749,1.59214339,0.0599167151
17750,0.0648298027,-0.348754367
17751,-0.960988955,-1.25346248
17752,0.0426203016,0.635174734
17753,1.67247696,0.21586625
17754,-0.961630132,1.32930977
17755,-0.387788065,0.766549745
17756,-1.63480033,0.0144870351
17757,-0.580544339,0
17758,-0.580544339,0
17759,0.691608508,0.932470194
17760,-0.494811954,-0.720120069
17761,0.380283302,0.0495779424
17762,-0.911764782,-1.15342045
17763,1.0831981,0.494754698
17764,0.525448519,-1.17166668
17765,0.6718121,0.251154371
17766,0.207203361,-0.0815261343
17767,0.207203361,-0.0815261343
17768,0.0875157917,-0.31110892
17769,-0.647792453,0.903563763
17770,-0.455349551,-0.801919144
17771,0.348320996,0.571227591
17772,0.116054219,1.10836
17773,-0.554938024,0.191733351
17774,-2.10280647,-0.796478668
17775,0.802765212,-0.377888399
17776,0.802765212,-0.377888399
17777,-1.12314308,-1.61742315
17778,-1.12030631,-0.216018121
17779,-0.458275345,1.01342362
17780,0.0557448539,-0.688386614
17781,-0.22082349,-0.725989345
17782,0.365841674,-0.926010336
17783,-0.197526965,-0.179527607
17784,-0.367694648,-0.21472672
17785,-0.367694648,-0.21472672
17786,-0.0158615818,1.19041241
17787,-0.67506419,-0.0964434155
17788,-0.324187409,-0.594637858
17789,-1.2726616,-0.0576414416
17790,-2.24912359,-0.895301636
17791,-0.827723197,-0.436488224
17792,-0.491106721,-0.77899465
17793,1.11601605,1.93231109
17794,1.11601605,1.93231109
17795,-1.78847618,-0.690525299
17796,1.67727208,0.946792538
17797,-0.499929245,0.63834833
17798,-0.96189015,1.15258519
17799,0.735760316,-0.868855943
17800,1.76002219,-0.688035257
17801,0.275678058,-2.09510346
17802,0.231199287,0.121765615
17803,0.231199287,0.121765615
17804,-1.2467742,0.27902551
17805,0.595484217,0.572287505
17806,0.167540499,0.358410332
17807,0.315172949,2.05998874
17808,0.54259067,0.819983321
17809,-1.24301142,-0.613566534
17810,-0.838219906,-0.343368599
17811,0.883989394,0.0605705938
17812,0.883989394,0.0605705938
17813,-0.651282841,-0.348912618
17814,-0.478361749,0.471254831
17815,-0.17928375,0.761255097
17816,-1.5718705,1.22672899
17817,0.152836495,1.27971452
17818,-0.729732068,1.17372255
17819,-1.24893553,1.72004021
17820,-1.00188633,-0.0201094126
17821,-1.00188633,-0.0201094126
17822,-1.1615164,1.3709402
17823,0.472203306,1.20199158
17824,0.167234526,-0.913230677
17825,2.15734981,-1.58408164
17826,-0.602089221,-2.06388267
17827,1.76050378,-0.935581872
17828,-0.160810377,0.233578124
17829,0.0593941146,0.771067627
17830,0.0593941146,0.771067627
17831,0.214314491,-0.811252239
17832,-0.388653533,-2.51404861
17833,0.473268542,0.648578468
17834,0.105116196,-1.45364747
17835,-2.42117646,1.06664525
17836,-0.976183765,-0.0275160758
17837,0,0.799796712
17838,1.74398452,1.44427181
17839,1.74398452,1.44427181
17840,1.04120994,-0.247950247
17841,-0.72188979,-0.0209743635
17842,-0.97201984,-0.0938385549
17843,-0.953371438,0.5444759
17844,2.09956908,-1.84620597
17845,1.47332004,0.946817154
17846,0.46241611,-0.586736031
17847,-0.688375641,-0.338360339
17848,-0.688375641,-0.338360339
17849,0.31059176,-0.0940734778
17850,0.56888761,0.716630597
17851,-1.36409568,0.94552028
17852,1.71933922,-0.111625247
17853,-0.659592666,-0.207460122
17854,0.0714215031,-0.464525984
17855,0.68802245,1.71129868
17856,-0.860463127,-1.52073654
17857,-0.860463127,-1.52073654
17858,-0.608231965,0.676953429
17859,-1.43517903,0.644985296
17860,0.889866287,-1.06320041
17861,1.68660393,-0.551730913
17862,-0.798070429,0.521920358
17863,-1.2380213,0.674909567
17864,-0.208564976,-0.467331476
17865,0.260846674,1.24095092
17866,0.260846674,1.24095092
17867,0.431799926,-1.25013959
17868,0.349093187,-0.0200615663
17869,-1.08386745,0.886007242
17870,-1.98685469,-0.476437794
17871,-0.251025325,0.262219342
17872,0.100643596,0.28154977
17873,-1.29442557,0.575993579
17874,-1.66592868,0.695441878
17875,-1.66592868,0.695441878
17876,0.639632978,0.606391576
17877,0.804583248,1.27973251
17878,0.375217607,-1.40917003
17879,1.03208367,0.405183171
17880,0.237943431,-0.506948985
17881,0.556259226,-2.24035905
17882,-2.72189919,-0.482468522
17883,0.79043568,1.01458931
17884,0.79043568,1.01458931
17885,0.540205199,-0.438120743
17886,0.041006152,-0.396859433
17887,-0.579781161,0.627319494
17888,1.89731863,-0.570730617
17889,-1.20920019,-0.170361436
17890,-0.948509908,-1.58607316
17891,-0.74362083,-0.859095708
17892,-1.56172426,-0.89591112
17893,-1.56172426,-0.89591112
17894,-1.35205424,0
17895,-0.990059868,0.698155754
17896,-0.129966885,1.23531056
17897,0.551642026,-0.150676286
17898,-0.411946273,-0.461624099
17899,0.231409714,-0.563795183
17900,-0.465263639,-0.277916748
17901,-0.514261967,-0.0420482659
17902,-0.514261967,-0.0420482659
17903,0.300962212,0.486677424
17904,0.237429445,0.424477112
17905,-0.624417331,0.452527157
17906,-0.14437715,0.115569119
17907,-0.0999345179,1.14829946
17908,1.27452366,0.259429321
17909,1.268242,1.09378536
17910,0.811894167,1.15569725
17911,0.811894167,1.15569725
17912,-0.251847504,1.79899458
17913,0.657685054,-0.0588673361
17914,0.214996423,-0.781972882
17915,0.32073351,-0.246806451
17916,1.09196415,0.603968948
17917,1.86662959,-0.836283758
17918,0.362233326,0.491137744
17919,0.39872574,1.48708933
17920,0.39872574,1.48708933
17921,-1.46267228,-0.118715374
17922,0,0.236001157
17923,0.0432140998,0.73740762
17924,-0.952440009,-0.146002003
17925,1.57544376,0.402952947
17926,1.59247821,-0.317750914
17927,-0.681565795,0.208565904
17928,0.283277345,2.04539888
17929,0.283277345,2.04539888
17930,1.26452497,-0.848130269
17931,0.657891197,-1.8596542
17932,-0.623837707,0.348624424
17933,0.579004425,0.0422823729
17934,0.232095218,-0.199595624
17935,-0.179827302,0.976462417
17936,0.200791125,-0.60331424
17937,-0.186674246,0.26759295
17938,-0.186674246,0.26759295
17939,1.0744084,0.165836217
17940,-0.0804935935,-1.47207435
17941,0.0764987563,-0.417840852
17942,0.292112489,-0.468592784
17943,-0.984966174,-0.110588811
17944,-0.277320828,0.389798151
17945,0.190380538,0.672079447
17946,0.181352322,0.485441156
17947,0.181352322,0.485441156
17948,-0.577900143,1.27034903
17949,-1.07657659,0.265765367
17950,-0.484013207,0.277330765
17951,-0.0602406735,0.579537726
17952,-0.204267092,0.365443674
17953,-0.892097564,0.282966277
17954,0.705119343,2.52746572
17955,-2.47981772,0.278358134
17956,-2.47981772,0.278358134
17957,0.893299267,0.414478426
17958,-1.14528592,-0.609519934
17959,-0.175386722,0.21714223
17960,1.05766232,1.55382947
17961,1.16204661,0.709731935
17962,-0.796650209,1.35179874
17963,0.884487366,0.356028999
17964,0.141644602,-0.586806761
17965,0.141644602,-0.586806761
17966,-0.712029337,2.24664627
17967,1.22230454,-0.690915771
17968,-0.288965907,-0.654156502
17969,-0.485765968,0.369568492
17970,-1.18499689,0.274563051
17971,-0.95465921,-0.655589804
17972,-0.0151965452,-0.0723985502
17973,0.642975856,0.764614344
17974,0.642975856,0.764614344
17975,0.082212665,0.215376903
17976,-0.443310595,-1.03858703
17977,-0.493088675,0.943985444
17978,-0.17835653,-0.0985852757
17979,1.64104283,0.324428342
17980,0.747459849,0.914988377
17981,2.01531544,-2.31290109
17982,-0.158820118,-0.929463003
17983,-0.158820118,-0.929463003
17984,-1.29604499,1.2488429
17985,1.06798976,-1.63086129
17986,-0.324187694,0.0653958249
17987,-0.915150185,0.0140392104
17988,0.344660062,0.0729234941
17989,0.719038721,-0.495021489
17990,0.561665877,1.30733355
17991,1.41201724,1.00222556
17992,1.41201724,1.00222556
17993,0.246184021,0.130721778
17994,0.736810056,-1.88826207
17995,-0.532951968,0.371839853
17996,1.1484515,0.15960187
17997,0.236526859,1.08234104
17998,0.640800745,0.293336535
17999,-2.07985667,-0.577375593
18000,-0.848076326,-0.0993218976
18001,-0.848076326,-0.0993218976
18002,-0.050970692,1.04619927
18003,0.438270105,0.0421712187
18004,0.624677482,0.180038716
18005,0.38680175,0.653200094
18006,-2.61942119,-0.249902563
18007,-1.13156428,-0.509748806
18008,-0.724335668,-0.772109276
18009,-2.76850762,-0.564400524
18010,-2.76850762,-0.564400524
18011,0.371541038,0.725813004
18012,0.52727885,-0.182239456
18013,-1.40234438,0.994474112
18014,2.2977796,0.287187832
18015,1.69504358,0.403121034
18016,1.6517994,-0.264803331
18017,-0.309512867,-1.42113461
18018,0.652524372,-0.970330547
18019,0.652524372,-0.970330547
18020,-0.579199568,-0.264196633
18021,0.633215141,-0.510370326
18022,0.0657225561,-1.70484972
18023,-0.130863282,1.67628188
18024,0.837699897,-0.264299441
18025,0.790177729,0.0834106739
18026,0.173078337,1.73437941
18027,-0.0638079278,-0.291064767
18028,-0.0638079278,-0.291064767
18029,-0.167030451,-2.13744975
18030,1.73824869,0.0823101184
18031,-0.245072836,1.02612488
18032,1.09764244,-0.0426225265
18033,0.429954993,-0.35770985
18034,0.163258783,-0.523318099
18035,0.554629906,-0.436070038
18036,2.30200298,-0.368642738
18037,2.30200298,-0.368642738
18038,0.413540252,1.45940177
18039,0.150140224,0.875774854
18040,0.0539543964,-0.384169944
18041,-0.0988831185,0.571637043
18042,0.701386815,0.711017561
18043,0.0403148569,1.42381005
18044,0.426347469,1.33460056
18045,-0.143510873,0.685132034
18046,-0.143510873,0.685132034
18047,-0.994411381,0.187016516
18048,0.155305303,0.99736121
18049,-0.430177116,0.604323582
18050,1.86513347,0.814991546
18051,-0.639596261,1.3178938
18052,-0.543791104,0.883734535
18053,-0.818674402,1.15566398
18054,0.685285575,-0.545845163
18055,0.685285575,-0.545845163
18056,1.11841259,-0.0160114006
18057,1.69533123,1.46153592
18058,0.0314985927,-0.0315772988
18059,-0.907549051,-1.70300162
18060,-0.14372248,1.55934789
18061,0.849145885,-0.109523926
18062,1.08604108,0.161996543
18063,1.40759012,1.47176399
18064,1.40759012,1.47176399
18065,-1.6648594,-1.31036871
18066,-0.693079253,-0.396257303
18067,0.87683644,0.438321105
18068,0.686822118,-0.92953541
18069,-0.80789943,-0.531502634
18070,1.73908708,-0.978799252
18071,1.59966755,1.23962058
18072,-0.476684435,-0.310602407
18073,-0.476684435,-0.310602407
18074,0.758564778,0.567635909
18075,0.50242988,-0.36234954
18076,-2.32430787,-1.13952263
18077,-0.131649435,0.142166206
18078,0.848030321,1.34419672
18079,-0.433599703,0.217187666
18080,-0.891783866,-1.47054625
18081,0.121069776,0.020959348
18082,0.121069776,0.020959348
18083,-1.00049716,0.494697437
18084,0.97564782,-0.822859329
18085,0.290088986,1.15718957
18086,1.30309435,1.16427749
18087,0.271169675,-0.493099889
18088,-1.03399138,-1.25944102
18089,-1.06082764,-0.0296953982
18090,-0.484514015,-0.567077053
18091,-0.484514015,-0.567077053
18092,-0.89372758,0.455163503
18093,-0.414976431,-1.14945546
18094,-0.492901162,-0.329046363
18095,-1.02505783,0.237360695
18096,-0.63358739,-0.370128373
18097,-0.442119174,-0.709641175
18098,-2.41273652,0.274974082
18099,-2.00718387,-2.10065604
18100,-2.00718387,-2.10065604
18101,-0.51576143,-0.959013152
18102,-0.849964062,-0.70065249
18103,-0.0107052748,0.419784045
18104,1.56969492,0.927608816
18105,0.249033065,1.94025283
18106,-1.25139564,2.34285195
18107,-0.480282746,-0.542660628
18108,0.438653626,0.0198062118
18109,0.438653626,0.0198062118
18110,0.820664604,-0.126436931
18111,1.50839187,-1.39375604
18112,0.364731407,0.0321467527
18113,-0.823447369,-0.267677755
18114,0.0572706584,1.01894674
18115,0.204092747,2.38071488
18116,-0.958533661,-0.0431911886
18117,-0.0404183836,-0.234760754
18118,-0.0404183836,-0.234760754
18119,0.598116015,0.612785596
18120,0.706552988,-1.64062723
18121,0.0761820422,0.146752602
18122,0.391426301,-1.583292
18123,-0.410249963,0.268544812
18124,0.341534686,-0.645830635
18125,-1.13668652,0.268502873
18126,-1.47637837,-0.381340585
18127,-1.47637837,-0.381340585
18128,0.818608934,0.165624017
18129,-0.244892719,-0.304854749
18130,-0.513586923,0.483514215
18131,0.686927568,0.267568654
18132,2.03769869,0.425717204
18133,0.4792133,1.88046102
18134,-0.91619899,1.04347243
18135,-1.11698402,-0.624602065
18136,-1.11698402,-0.624602065
18137,0.0836511229,-1.01461078
18138,-1.26810447,0.958205961
18139,-1.07813158,1.16004659
18140,1.36615631,-1.25713386
18141,-1.0469371,-0.178674795
18142,0.631474994,0.875942168
18143,0.641399658,0.476994009
18144,-0.567548173,-0.325575169
18145,-0.567548173,-0.325575169
18146,0.881729277,1.1283663
18147,1.12679595,-0.733897211
18148,1.16936132,-1.48253584
18149,0.44819419,0.619139672
18150,0.144952605,0.542366836
18151,1.84845203,1.26713953
18152,-0.885955999,0.33093134
18153,0.547119833,-0.0988132929
18154,0.547119833,-0.0988132929
18155,1.30935701,-0.961716291
18156,-1.74691027,-0.659492349
18157,-1.1299263,0.655949682
18158,1.40703868,-0.239170173
18159,1.10858536,-0.299535738
18160,-0.649820844,-0.795819341
18161,1.33432828,1.83710962
18162,-0.0803522274,-0.0409208768
18163,-0.0803522274,-0.0409208768
18164,-2.66968318,0.65881308
18165,0.861149876,-1.84473644
18166,0.010666589,-0.629546771
18167,-2.11585992,-1.2706829
18168,0.964372789,0.758599093
18169,0.0708898704,0.430735249
18170,-0.918804795,0.0731350452
18171,-0.94350862,-0.364425552
18172,-0.94350862,-0.364425552
18173,-0.0880181443,-0.886305316
18174,0.69173813,0.449988029
18175,-0.469787065,-0.28266241
18176,-0.571277755,-0.58167509
18177,0.18369245,0.0853682481
18178,-0.16639378,-0.571137869
18179,0.673021702,0.014775678
18180,0.832075259,1.80688298
18181,0.832075259,1.80688298
18182,0.398552274,0.607393093
18183,1.2169155,1.01358072
18184,-0.482854133,1.53747932
18185,1.3910452,-0.838631072
18186,0.307487194,0.86231788
18187,-0.485836426,2.02434847
18188,-0.693950519,-0.213505076
18189,-0.973538232,-0.910617297
18190,-0.973538232,-0.910617297
18191,-0.338986834,1.4397475
18192,-2.74362521,0.184480557
18193,-0.119925431,0.0307266445
18194,0.284548556,0.216502112
18195,-0.530581984,-0.831022678
18196,-0.179014943,-1.32497634
18197,0.0301581784,-1.2867745
18198,-0.629979078,-0.184817556
18199,-0.629979078,-0.184817556
18200,0.13818184,-1.10098807
18201,1.60450268,-0.305776651
18202,0.583798774,-0.574063701
18203,-1.69261007,-1.33230154
18204,0.536119492,0.173609936
18205,0.08272675,0.735024701
18206,1.96894331,0.280615687
18207,-0.0212131038,0.512703706
18208,-0.0212131038,0.512703706
18209,0.80476289,-0.943110401
18210,-0.701416569,-1.34368046
18211,-0.836413381,0.187995233
18212,-1.30186244,1.15436083
18213,0.869447828,0.825369208
18214,0.0298293118,1.11149262
18215,-1.3536337,0.992483383
18216,-0.242739744,1.58872287
18217,-0.242739744,1.58872287
18218,-0.28871571,1.39821801
18219,1.8281775,-1.75165056
18220,0.200612724,0.658395085
18221,-1.17553299,-0.0278671779
18222,1.45125285,0.184803852
18223,-0.441490032,-0.314553798
18224,0.223497099,1.21125736
18225,0,0
18226,0,0
18227,-0.128812656,2.17124178
18228,-0.584857635,0.756443206
18229,0.30067479,-0.397726604
18230,1.66197251,-0.0708831571
18231,0.81250271,0.62855303
18232,0.419707779,0.87715612
18233,-0.27853008,0.029129646
18234,0.661959726,2.11304829
18235,0.661959726,2.11304829
18236,0.338667066,-0.641156268
18237,-2.02834227,-1.27647917
18238,-0.736027203,-0.3829411
18239,0.530011261,-0.559353195
18240,0.250780137,0.475996994
18241,-0.362125509,0.568086149
18242,-0.42280075,-0.85012529
18243,-0.0201564124,-0.219554191
18244,-0.0201564124,-0.219554191
18245,1.27863552,-0.284690753
18246,1.31852434,-0.889701814
18247,-0.608989345,1.00777204
18248,0.787819927,1.19125906
18249,0.420984848,1.16413792
18250,0.453833684,-0.820390674
18251,0.640215954,1.42403236
18252,0.350497679,0.640640657
18253,0.350497679,0.640640657
18254,1.94986358,-0.391532577
18255,0.989345656,-0.44911146
18256,-0.441647472,-0.297596131
18257,-0.167735974,1.67711698
18258,0.36313832,-0.287255118
18259,-0.783695217,-0.26019053
18260,-0.389374595,-0.0150032929
18261,-0.344964656,1.03144454
18262,-0.344964656,1.03144454
18263,0.849227332,-0.365673281
18264,0.116321749,0.280305904
18265,0.242308698,0.956800427
18266,0.5693298,0.879887909
18267,-0.707064867,0.100508611
18268,-0.141148098,0.840623848
18269,0.162645877,-0.568752923
18270,-0.119460265,-0.040558114
18271,-0.119460265,-0.040558114
18272,1.41424521,0.970622357
18273,-0.618925805,1.1020782
18274,0.0533201141,-0.67242912
18275,0.438410709,0.626001742
18276,0.507406789,0.463124089
18277,0.987844,0.472511215
18278,0.820174168,0.538433669
18279,0.101666675,1.82480741
18280,0.101666675,1.82480741
18281,-0.187730509,0.128319334
18282,1.13167215,1.63456849
18283,-0.756494318,0.845281069
18284,-0.0285288517,-0.267035342
18285,-0.0575697272,-1.14115756
18286,0.811166492,-0.889399843
18287,-0.597359608,0.56037864
18288,0.28459047,-0.0398516564
18289,0.28459047,-0.0398516564
18290,-0.258435243,0
18291,0.241189415,1.2736622
18292,-0.0844297884,0.107872202
18293,1.92206304,0.38529131
18294,0.827393807,0.698333365
18295,-0.83745859,1.53281327
18296,-0.65698158,0.0872447074
18297,0.336583059,-1.9473174
18298,0.336583059,-1.9473174
18299,0.699776423,0.0864056882
18300,1.55814841,-0.803152499
18301,-0.581618532,0.50938364
18302,2.04405125,-2.69755586
18303,1.97078927,-0.309717634
18304,2.10420375,0.404927227
18305,-0.255119315,-0.408176313
18306,0.352921368,0.814038455
18307,0.352921368,0.814038455
18308,-0.515569313,0.840690923
18309,0.49797552,0.298821567
18310,-0.63472835,-1.26843518
18311,-1.73625088,1.31822631
18312,-0.156094293,0.438712538
18313,-1.66635698,0.784160701
18314,1.09412372,0.255504085
18315,-1.27425959,-2.00367713
18316,-1.27425959,-2.00367713
18317,-0.764704808,-1.04832165
18318,1.60944632,0.367100436
18319,-0.125727091,0.396703201
18320,-1.57783557,-0.0149179789
18321,0.752535171,1.52372322
18322,-1.90858827,1.0284068
18323,0.316805427,1.81881005
18324,-0.659830547,-0.521249582
18325,-0.659830547,-0.521249582
18326,-0.458436104,0.0166577453
18327,-1.2471441,-1.21230707
18328,0.138038391,0.687678136
18329,0.727034273,0.125347999
18330,-1.50536746,-0.580171041
18331,-1.30493778,0.635895712
18332,-1.03337198,-1.50356211
18333,-1.48253272,0.282434185
18334,-1.48253272,0.282434185
18335,-0.0983551905,-0.817954918
18336,-0.550139053,0.460438755
18337,0.379338553,0.0296970901
18338,-1.82086777,-1.90137312
18339,-0.629083992,0.302571208
18340,0.0559228639,-0.331170733
18341,0.847451452,0.898212341
18342,0.871037101,1.34067555
18343,0.871037101,1.34067555
18344,1.69655728,-2.07555411
18345,0.0399111142,1.49289455
18346,-0.477841944,-0.930595781
18347,-1.64455294,-0.338875592
18348,-1.50063863,0.143812072
18349,0.126312716,-0.333462493
18350,0.767218867,0.801742325
18351,-1.00467196,0.513335444
18352,-1.00467196,0.513335444
18353,-0.182982393,-1.99021568
18354,-0.227363045,-0.15939251
18355,-0.545585423,0.95203551
18356,1.3027,-2.39471175
18357,-1.1214977,-2.60941305
18358,0.122301058,0.137197881
18359,-1.14555502,-0.838325671
18360,-0.234732271,-1.32809253
18361,-0.234732271,-1.32809253
18362,0.0841884998,0.913913612
18363,1.01713125,-1.88139296
18364,-0.46507939,-0.658506971
18365,0.388796647,0.555262562
18366,1.6481272,0.51254011
18367,1.37091579,0.697786168
18368,0.266048907,0.375547874
18369,1.49222108,0.91716282
18370,1.49222108,0.91716282
18371,1.01443129,0.489118397
18372,0.0579904448,0.343154842
18373,-0.671364137,0.599670988
18374,0.608289466,-0.310409747
18375,-0.92037557,0.882227908
18376,0.426351652,1.47679494
18377,0.0445050609,1.03028364
18378,0.166501749,-1.18365905
18379,0.166501749,-1.18365905
18380,1.36195246,1.16158964
18381,-1.6059406,0.524300767
18382,0.0446993654,0.315452955
18383,-0.554508529,-0.219570264
18384,0.509012027,0.0275949434
18385,0.437628706,0.905615139
18386,0.535560662,-0.823733774
18387,0.487385441,1.60560491
18388,0.487385441,1.60560491
18389,-0.0836411488,1.60908329
18390,-1.59891496,-0.180391136
18391,-0.242717789,0.679355216
18392,-0.290432878,-0.515400404
18393,0.293918898,-0.973206128
18394,0.382453001,0.38919275
18395,0.74510937,1.9038719
18396,-0.279217051,0.45051741
18397,-0.279217051,0.45051741
18398,0.389131276,0.896701593
18399,1.44532114,-1.63172252
18400,0.135950341,-0.88220762
18401,1.39077898,-0.6122907
18402,-1.19877126,1.06122648
18403,-2.14463525,1.12479578
18404,1.14148557,0.222299074
18405,-0.183120356,0.14328013
18406,-0.183120356,0.14328013
18407,0.999148617,-0.63126328
18408,-0.499780846,0.866529708
18409,0.408846457,0.639206555
18410,-0.99551485,-0.727326035
18411,1.46163971,0.277316552
18412,-0.168988839,-0.926835128
18413,-0.493580465,0.800153486
18414,1.74084227,-0.541379494
18415,1.74084227,-0.541379494
18416,1.15699617,1.51393503
18417,0.779675672,-0.287261056
18418,-0.874817527,-0.125331629
18419,0.312863927,-0.555490903
18420,0.389454991,0.605875435
18421,0.0693307916,2.20325618
18422,1.68879193,0.986711311
18423,-0.350368551,-1.46173525
18424,-0.350368551,-1.46173525
18425,-0.370826031,-0.377865512
18426,-0.199899624,-1.38514991
18427,-1.32419247,0.988114688
18428,0.298843988,-0.112139407
18429,0.239776852,-1.41324186
18430,0.534193854,-1.53988851
18431,-0.174055626,-0.207535405
18432,-0.402540286,-0.954372681
18433,-0.402540286,-0.954372681
18434,-3.40550957,1.22616908
18435,0.256701069,-1.16707426
18436,0.801369642,-1.00183901
18437,1.06351953,-0.226851185
18438,0.0145623108,0.748395589
18439,-0.984131137,0.268852912
18440,-0.323572515,0.13473806
18441,0.100835262,-0.812854703
18442,0.100835262,-0.812854703
18443,0.339818956,-0.637537976
18444,-0.321558541,-0.215640566
18445,-1.14902888,0.90406817
18446,0.91201281,2.11979816
18447,1.93152172,0.11417452
18448,1.92094879,0.744718686
18449,1.74829843,0.427570064
18450,3.34838085,-1.59224729
18451,3.34838085,-1.59224729
18452,-1.72422609,0.143016899
18453,-0.254484945,0.638517926
18454,0.224809222,-1.42925318
18455,-0.506696197,0.220108747
18456,-1.07427527,-1.78280391
18457,-0.730604336,-0.251983555
18458,-0.968261183,-1.37679508
18459,-0.254110353,0.326757341
18460,-0.254110353,0.326757341
18461,0.0332205922,-1.14425133
18462,-1.65097615,-2.82317619
18463,-0.612791366,0.538233741
18464,1.28979887,-1.24799538
18465,-1.4189795,0.221641961
18466,-0.796040048,1.38504077
18467,-0.302499233,-0.906230048
18468,-0.750879823,-0.712957386
18469,-0.750879823,-0.712957386
18470,-0.166910984,0.65958118
18471,0.0589662029,0.230390544
18472,-0.184134723,1.17105747
18473,-0.12560755,-0.887739837
18474,1.12579411,-0.909270192
18475,1.75531764,1.81208364
18476,1.00851409,0.119825232
18477,-0.594784169,-0.143418442
18478,-0.594784169,-0.143418442
18479,1.34278331,0.0168895752
18480,0.714557849,-0.597404013
18481,-0.666289078,0.400384353
18482,-0.104175026,-1.56645022
18483,1.96948281,-0.743252861
18484,1.08656619,-0.273714814
18485,-0.91177543,-0.0598449527
18486,1.00124433,-0.428984492
18487,1.00124433,-0.428984492
18488,-0.702590401,0.829524517
18489,-0.0198133037,0.751943282
18490,0.13959084,-0.782050584
18491,1.86503523,-0.789130917
18492,-0.586158407,0.415012987
18493,0.619902251,-0.45022088
18494,0.0735695575,0.633695621
18495,-0.142869671,2.98461977
18496,-0.142869671,2.98461977
18497,-0.273935308,0.593923157
18498,2.13384921,-1.06104774
18499,-0.0324063994,0.717054036
18500,1.51611379,-0.767616655
18501,-1.88103482,-1.56814879
18502,-1.46232507,-1.99657885
18503,0.308908681,0.984546046
18504,1.38959107,-1.6239722
18505,1.38959107,-1.6239722
18506,-0.408532804,0.0974685236
18507,0.240867721,0.367519422
18508,-0.613285432,0.25337291
18509,0.783836595,-0.960159571
18510,0.236656166,0.342995306
18511,0.360727987,1.31105249
18512,-0.905942586,0.236864056
18513,-1.07174352,0.98086174
18514,-1.07174352,0.98086174
18515,0.111938207,1.33691792
18516,0.301643024,1.19974633
18517,0.0218590286,-0.50939901
18518,0.463437545,0.196579002
18519,0.0438433342,0.504801624
18520,-0.566936159,0.216921763
18521,-1.41816934,0.79226791
18522,-1.28014209,0.434982274
18523,-1.28014209,0.434982274
18524,1.66995553,0.783550572
18525,-0.117951194,1.54825758
18526,-0.604812544,0.277604882
18527,0.945833672,1.70329564
18528,-1.43435983,1.04712072
18529,-0.0270873828,0.16686144
18530,1.02541179,-0.379770344
18531,0.162652607,2.01821991
18532,0.162652607,2.01821991
18533,-0.119401433,0.508976203
18534,-0.740709319,-1.02364379
18535,-0.196888822,0.26927384
18536,-0.0277291968,0.339521581
18537,0.112422556,-1.26298171
18538,0.992274334,-0.975425643
18539,1.20085056,0.177936104
18540,-0.496947563,-2.04565728
18541,-0.496947563,-2.04565728
18542,-0.463731893,0.637880861
18543,-1.15253248,-0.817454082
18544,-0.203621768,-0.69089959
18545,2.16772296,0.196555985
18546,1.99188443,-0.389299929
18547,1.77968522,0.0702911869
18548,-0.262812171,-0.698083444
18549,0.574640087,1.11728151
18550,0.574640087,1.11728151
18551,-0.643747287,-0.0823451194
18552,0.583504101,-3.48559979
18553,-0.428460827,0.8283512
18554,-1.37906574,0.629492628
18555,-0.0407909264,1.07472995
18556,0.0700525197,1.05444543
18557,0.628184375,0.986027276
18558,-1.14048874,0.753737421
18559,-1.14048874,0.753737421
18560,0.744882894,0.729676839
18561,-0.600207024,-0.523434184
18562,1.59520687,-1.66750021
18563,-1.30594273,-1.51045705
18564,1.8026628,1.42693167
18565,1.19390233,2.14547938
18566,1.10790672,-0.0885068957
18567,-1.22168212,0.829103625
18568,-1.22168212,0.829103625
18569,-0.436318329,-0.970126857
18570,0.298048826,-0.480008323
18571,-1.73486667,0.682048394
18572,0.201707467,0.322694101
18573,0.921837718,-0.469390948
18574,1.1738383,0.14276279
18575,0.0582587654,-0.549743168
18576,-0.558404265,0.269567343
18577,-0.558404265,0.269567343
18578,-0.528357217,0.23715371
18579,0,0.40298035
18580,0.0364057731,1.08539761
18581,0,0.177814155
18582,-0.339230094,-0.982335459
18583,0.408532364,-0.126747457
18584,-1.36257919,-0.446886917
18585,-0.276997214,-0.494981436
18586,-0.276997214,-0.494981436
18587,0.0664562588,2.22898927
18588,-0.078146018,0.121000649
18589,-0.443576566,1.03494217
18590,-0.090565157,-0.650908007
18591,-0.322176128,-0.374261716
18592,0.407076416,0.0526783436
18593,-0.158725127,-1.11660362
18594,0.469163511,0.0818609089
18595,0.469163511,0.0818609089
18596,1.03176058,-0.553414916
18597,0.276463409,1.80381655
18598,0.855119872,2.02204565
18599,0.310639579,-0.648928486
18600,-0.611652328,0.575585472
18601,1.79896064,0.820226005
18602,-1.40297731,-0.258238844
18603,-1.32572354,1.36666805
18604,-1.32572354,1.36666805
18605,0.635495041,1.28362653
18606,0.718792578,0.040573506
18607,-0.868411919,1.84217221
18608,0.575221754,-0.888474951
18609,0.950003716,-0.515624463
18610,1.33410479,1.00649177
18611,0.853185841,0.953553932
18612,0.516227087,-0.0832808971
18613,0.516227087,-0.0832808971
18614,-0.697822701,0.792697633
18615,0.0417858356,0.325173182
18616,-0.825987638,0.99259274
18617,-0.786822557,0.432617581
18618,-0.714635649,0.109679891
18619,1.40861644,-0.421860972
18620,0.939542509,-0.4784087
18621,-0.328987448,-1.83423726
18622,-0.328987448,-1.83423726
18623,0.0963674047,0.451650167
18624,-0.509436781,0.101588807
18625,0.182027614,0.139988267
18626,0.485060842,0.263573718
18627,0.527580531,-1.10473826
18628,3.04167131,1.15850932
18629,0.0147046749,0.318237577
18630,0.812805071,0.0789216889
18631,0.812805071,0.0789216889
18632,-0.350969693,-0.552716943
18633,-0.891333689,0.671331258
18634,-0.4249245,1.51203902
18635,-0.4881089,0.454649828
18636,-0.634139492,1.25315258
18637,-0.0670654565,0.420063705
18638,0.382499337,-0.596102223
18639,1.13093663,-0.529954083
18640,1.13093663,-0.529954083
18641,0.218014758,0.361801804
18642,1.44366629,0.0808244412
18643,0.467466326,2.36741584
18644,0.581836542,-0.145344703
18645,0.466568529,-0.803235529
18646,0.266425976,1.46383127
18647,-0.732524546,0.589047675
18648,0.0209904311,0.163240856
18649,0.0209904311,0.163240856
18650,1.28204032,1.43294977
18651,-0.585672305,-0.823252488
18652,-1.65433069,1.1187835
18653,0.488102231,1.07327625
18654,-1.33105249,-1.28231821
18655,0.463235818,-0.359806392
18656,-0.374249277,1.24279517
18657,1.00306375,0.308782084
18658,1.00306375,0.308782084
18659,-0.277608745,0.560109224
18660,0.549210649,0.100946864
18661,1.23407794,1.2703168
18662,-0.366533145,-0.142476954
18663,1.04601782,-1.24419586
18664,-1.23129226,1.73910603
18665,0,-0.677374399
18666,0.298744537,-0.277238587
18667,0.298744537,-0.277238587
18668,1.02484734,-0.12720219
18669,-0.953025742,2.4483427
18670,-0.536013426,1.02519786
18671,0.589250844,-1.09084299
18672,-1.57672923,-1.80655967
18673,1.95503572,-1.45875126
18674,-0.310946675,1.47134125
18675,0.597809944,-0.367264333
18676,0.597809944,-0.367264333
18677,-0.768557211,0.347985964
18678,-0.223740422,-0.56242407
18679,-1.62883178,1.39664562
18680,0.26144224,0.0731916604
18681,1.10154175,-0.0423211591
18682,0.108582601,3.33266382
18683,0.482469379,-1.55280983
18684,-0.0398913714,0.607462669
18685,-0.0398913714,0.607462669
18686,0.149247812,0.325165505
18687,2.02734007,1.20200313
18688,-0.36110654,1.15111003
18689,-0.668448086,1.39018127
18690,1.77082769,0.692066932
18691,0.631645739,0.316933649
18692,-1.67618715,-1.01412306
18693,0.436345513,-1.41127456
18694,0.436345513,-1.41127456
18695,-0.101533451,0.203043878
18696,-0.362786426,3.97429639
18697,0.550962202,0.845656674
18698,-1.07018325,0.66041057
18699,-1.04890399,0.41991468
18700,-0.453368988,0.752370202
18701,0.297436049,1.52331871
18702,-0.591941786,2.24505146
18703,-0.591941786,2.24505146
18704,-1.7974453,0.687588884
18705,1.63612545,-0.562512544
18706,-0.30293133,2.50476386
18707,-0.325496625,-1.9555244
18708,-0.374094484,-0.180781234
18709,-0.559827656,0.705819498
18710,-0.337315546,0.59088407
18711,-0.0393281892,-0.967397305
18712,-0.0393281892,-0.967397305
18713,-0.412438087,-0.308841881
18714,0.958415647,-0.997523202
18715,-1.48135664,0.531908344
18716,0.968729442,-1.15877299
18717,-0.0588480309,-0.464248517
18718,0.385714715,1.58698489
18719,0.71252493,-1.25426401
18720,-0.164965833,0.287835044
18721,-0.164965833,0.287835044
18722,-0.446710148,-0.133524964
18723,0.428205955,-0.839013949
18724,-0.258811365,1.56702499
18725,1.19404729,1.68500117
18726,0.390843337,0.996058604
18727,0.617642939,1.12910157
18728,1.16094632,-0.532916318
18729,-0.396779043,-0.532838075
18730,-0.396779043,-0.532838075
18731,-0.930103623,0.644992679
18732,-0.421056818,-1.04793452
18733,0.265562001,0.390391755
18734,-0.87864693,-0.0982872912
18735,-0.0683001771,-0.540693279
18736,0.354809357,0.648881442
18737,-0.716564757,-0.184371075
18738,1.06214215,0.162090514
18739,1.06214215,0.162090514
18740,-0.0331133317,0.6345459
18741,1.29099317,-0.257311816
18742,-0.927388549,1.74677521
18743,-0.307968154,-0.293237494
18744,-0.709935792,0.944762506
18745,-0.168867435,1.34307736
18746,-1.31469695,0.674145837
18747,0.0398609788,0.27329178
18748,0.0398609788,0.27329178
18749,1.35716444,0.0330395289
18750,-1.06758022,-0.820485855
18751,0.784152185,2.319964
18752,1.0485785,0.751701123
18753,-0.3052679,-0.589798737
18754,0.92835433,1.44784286
18755,0.302596404,-0.468878463
18756,0.0201570692,0.291662146
18757,0.0201570692,0.291662146
18758,-0.839145221,1.06768331
18759,0.171095086,0.125843475
18760,-1.81420922,-0.156896613
18761,-0.146083583,-0.327878306
18762,0,0.367053056
18763,0.660195628,0.133234915
18764,0.296602509,0.614269989
18765,0.898615564,-0.996268815
18766,0.898615564,-0.996268815
18767,0.190398719,0.0163731855
18768,0.553912002,0.874024121
18769,0.337253247,1.38636487
18770,-1.33480777,0.503270029
18771,2.30316371,-0.0871887743
18772,1.24736741,1.22416453
18773,0.665923034,-0.817179556
18774,-0.326784669,-1.35004984
18775,-0.326784669,-1.35004984
18776,0.213181102,0.839466108
18777,-0.26419104,-0.236761371
18778,-0.372195787,1.79531496
18779,0.833738621,0.503291337
18780,-2.27490736,-0.711355273
18781,-2.08445663,1.30438144
18782,1.18959913,0.712674594
18783,-0.589796292,1.50363958
18784,-0.589796292,1.50363958
18785,0.323481124,1.7706546
18786,1.7459723,-1.22773116
18787,-0.703168242,1.82155607
18788,-0.216647401,-1.19343948
18789,0.642482513,-0.162972141
18790,-0.693501602,1.55540511
18791,-0.392969835,0.200768687
18792,-0.222122589,-2.04098192
18793,-0.222122589,-2.04098192
18794,-0.523273485,-0.23236121
18795,-0.891420484,-2.46830135
18796,-0.534366188,0.479860148
18797,0.507166453,0.659075836
18798,1.46136351,0.578888318
18799,-0.592895202,1.76603025
18800,-0.516651988,-0.395929606
18801,-0.844745579,0.120737572
18802,-0.844745579,0.120737572
18803,-0.333333333,0.862063822
18804,1.40728215,-0.267940872
18805,1.10174537,0.584803903
18806,0.668683789,-2.13489954
18807,0.451991226,-1.59637742
18808,-0.451530409,-1.10865421
18809,0.798690535,0.869468276
18810,-0.543178269,-0.51171943
18811,-0.543178269,-0.51171943
18812,-1.04269752,-0.610031562
18813,0.227275456,-1.45052438
18814,-0.374940599,1.97573759
18815,0.101150573,-0.943364798
18816,1.33728142,-0.4477665
18817,0.0642152605,0.572811256
18818,0.536922546,-0.44451802
18819,-0.293532851,1.52898262
18820,-0.293532851,1.52898262
18821,-0.363478575,0.810074083
18822,-0.272349211,1.17131693
18823,-1.04347209,1.13708648
18824,0.0729467535,1.56602974
18825,-0.994064918,0.701022001
18826,1.91109332,1.03164266
18827,0.228446437,0.798587819
18828,1.28714004,-1.33293716
18829,1.28714004,-1.33293716
18830,0.500151141,2.80388687
18831,0.117354377,0.225359509
18832,-0.156895468,1.60765601
18833,-0.0863745477,-1.83505452
18834,-2.34972788,-1.0307535
18835,0.132945171,1.11045043
18836,0.949558848,0.513528329
18837,0.682054082,-0.379750911
18838,0.682054082,-0.379750911
18839,-0.691425414,1.60967951
18840,0.355178443,-1.3418638
18841,-0.606333806,0.328764572
18842,-1.20094221,-0.691660223
18843,-0.569469955,0.284279075
18844,0.256992636,0.910658167
18845,1.27315991,-0.784923741
18846,-1.47156523,-0.730771733
18847,-1.47156523,-0.730771733
18848,-0.2942067,-0.909078524
18849,2.5546977,1.13567746
18850,0.504172367,2.26637196
18851,-0.339979726,-0.221982337
18852,-1.80304975,0.851366919
18853,-1.46737579,0.358431959
18854,-0.534425423,1.24609317
18855,1.3930334,-0.586131661
18856,1.3930334,-0.586131661
18857,-0.62095857,1.83748646
18858,-0.641030332,-0.875835768
18859,-1.44382848,1.07393424
18860,0.845200224,0.18916753
18861,-0.922054746,0.540051063
18862,-1.15540858,1.59962693
18863,0.383016846,-1.47517768
18864,-0.661155412,1.18269796
18865,-0.661155412,1.18269796
18866,-1.59386799,0.034572718
18867,-1.51666321,0.147555454
18868,-0.382966681,1.59778927
18869,-1.56671657,-0.866942534
18870,1.1405807,-0.170104455
18871,0.926111435,2.97970526
18872,0.991629513,-0.700441699
18873,0.304085735,0.462434947
18874,0.304085735,0.462434947
18875,-0.0844239779,0.364420945
18876,-0.478941975,0.509639192
18877,-0.767283532,-0.011898097
18878,0.666793565,1.87954269
18879,0.0141513636,1.04890073
18880,0.195694331,0.925912575
18881,1.27018072,0.40730593
18882,-1.1534468,-0.0786341295
18883,-1.1534468,-0.0786341295
18884,-0.854509616,1.03610475
18885,0.523573901,-0.306396345
18886,0.391168018,1.14370115
18887,-0.451711355,0.568252508
18888,-1.35520435,1.27692579
18889,-0.517613713,1.28555715
18890,0.808726697,0.675713983
18891,-2.83493605,-0.161584741
18892,-2.83493605,-0.161584741
18893,0,0.48206056
18894,-1.46616167,0.876001122
18895,0.252836855,1.783621
18896,0.361216889,-1.77333254
18897,2.41230825,0.778697285
18898,0.297699785,1.51808863
18899,1.23768212,0.84630599
18900,-0.267431693,0.780047765
18901,-0.267431693,0.780047765
18902,0.891520483,0.869994701
18903,-0.0593146896,0.504320268
18904,-1.70926493,1.84605037
18905,0.885873747,-1.13813685
18906,-1.00490419,-1.29832629
18907,-1.15081324,0.960873274
18908,1.0325247,2.40867647
18909,0.161759491,-1.71610281
18910,0.161759491,-1.71610281
18911,-0.826356249,2.27687238
18912,-0.801238596,-0.511869568
18913,0.362818032,0.614413575
18914,-0.604013748,-1.07985508
18915,-0.114375549,-0.686743069
18916,-0.398041282,-0.858787521
18917,1.04365161,-0.0586139711
18918,1.34625317,0.548727188
18919,1.34625317,0.548727188
18920,0.227450776,-0.200033007
18921,-1.07373902,-0.393464388
18922,-0.103140546,1.19692855
18923,-0.802869593,-1.10828218
18924,-1.82464656,-0.0281121793
18925,-2.38281261,1.42828731
18926,1.37560551,-0.0601208037
18927,0.514080538,-0.320622677
18928,0.514080538,-0.320622677
18929,-0.197547932,-0.239623868
18930,-0.461962704,0.426683586
18931,0.011739647,1.5905811
18932,2.68743749,0.348036386
18933,0.250238446,0.161269892
18934,0.667149485,0.746385296
18935,0.415579925,-1.32880693
18936,1.34264685,1.51880978
18937,1.34264685,1.51880978
18938,0.731760343,1.0437496
18939,-2.17722213,1.1755167
18940,-1.29218558,0.552403363
18941,-0.314763753,0.258272287
18942,-1.03831166,-1.53729857
18943,-0.838845865,0.877538349
18944,-1.17347739,0.618992296
18945,-0.410357349,-1.10106294
18946,-0.410357349,-1.10106294
18947,-0.694196279,0.658388025
18948,-1.23474932,0.381975876
18949,1.18788797,0.771159226
18950,0.807172186,0.0725129503
18951,-1.30088413,-1.09941886
18952,-0.916137658,1.18443277
18953,1.09841276,-2.580806
18954,-0.51407802,-1.12950057
18955,-0.51407802,-1.12950057
18956,1.21764056,0.734849206
18957,0.29034239,0.306785413
18958,-0.822399763,1.07500506
18959,-1.25945685,-2.16506532
18960,-0.274788933,-1.32218067
18961,0.806805718,1.27702906
18962,0.272611112,0.767475072
18963,1.09403773,1.49589673
18964,1.09403773,1.49589673
18965,-1.52905233,0.805528804
18966,2.15932329,0.365844068
18967,-0.363642536,2.45614316
18968,-0.604388894,0.147235535
18969,1.21009192,-0.0281348552
18970,1.23411069,3.40871254
18971,-0.0852526224,-0.449068222
18972,0.982782826,-0.511040141
18973,0.982782826,-0.511040141
18974,0.0968656864,1.32052881
18975,-2.1494737,-1.01561945
18976,-0.7172923,0.356624978
18977,0.626351687,0.890508129
18978,-1.08305584,-0.11245178
18979,0.598949883,0.911402264
18980,-0.737131646,0.580489436
18981,0.141247135,-0.834837115
18982,0.141247135,-0.834837115
18983,-0.301235874,-1.27887319
18984,0.595913848,1.02519016
18985,-0.368161921,0.775136173
18986,1.19740105,-0.841725676
18987,0.167619541,-0.619334364
18988,1.43431837,2.30784802
18989,0.59803068,0.20226204
18990,1.15880693,-0.735406076
18991,1.15880693,-0.735406076
18992,0.179426881,-0.283582693
18993,-0.999905583,-0.472745293
18994,-0.105580267,1.13071767
18995,0.762084057,-0.138998401
18996,0.715112452,1.06968819
18997,1.2181517,1.87773265
18998,0.665952128,-0.291378112
18999,-1.48071243,0.269808197
19000,-1.48071243,0.269808197
19001,0.260223284,1.77710619
19002,0.836097826,-0.201454512
19003,-0.198899934,1.96415414
19004,-0.0438275246,-0.436826957
19005,-0.0448558288,1.10497966
19006,0.328362685,1.73563666
19007,1.76554868,-0.664314447
19008,-0.640453454,0.434666841
19009,-0.640453454,0.434666841
19010,-0.46602213,0.519828689
19011,1.0111139,0.264266548
19012,-1.29114887,0.900751381
19013,1.27101038,-1.111983
19014,0.429313173,0.276568074
19015,1.20789055,-0.457285279
19016,1.6509505,0.116027357
19017,-0.364309925,0.453008144
19018,-0.364309925,0.453008144
19019,-0.738161696,0.699072756
19020,0.475724107,0.862355895
19021,0.42348762,0.908206161
19022,-0.488169422,-1.94800177
19023,1.27775014,0.916239134
19024,1.60888782,2.18952508
19025,-0.102150416,0.583667085
19026,-2.28201268,0.183611382
19027,-2.28201268,0.183611382
19028,1.14253358,1.13473009
19029,1.39865033,-0.139695662
19030,-0.437525811,1.59657229
19031,-0.1968655,1.49348763
19032,0.364173592,-0.0832907006
19033,1.19306652,-0.143713714
19034,-0.680906409,-0.987896275
19035,1.11607512,1.58094985
19036,1.11607512,1.58094985
19037,0.77697409,2.06946888
19038,-0.853481538,1.0777773
19039,-0.454489151,1.34704311
19040,1.18406721,-0.405601797
19041,0.0713865391,0.381880774
19042,-0.0395507543,2.91561141
19043,-0.579289318,0.427375998
19044,0.667896697,0.416716079
19045,0.667896697,0.416716079
19046,1.32539902,0.358555876
19047,-0.569954721,-1.10406437
19048,-0.66287347,0.174406677
19049,1.74981184,-1.99932966
19050,0.453078765,0.171589696
19051,1.24503513,1.44815913
19052,-0.306819589,0.590124502
19053,-0.0801378996,1.09078909
19054,-0.0801378996,1.09078909
19055,-1.14754523,1.13535602
19056,0.337781985,1.1063477
19057,0.147937249,1.06566364
19058,1.99734112,-0.0290513652
19059,-0.0142512232,-1.43010016
19060,-1.89614322,1.86626166
19061,-0.186673896,0.896299987
19062,0.856079672,-0.256813023
19063,0.856079672,-0.256813023
19064,0.212799946,0.680906089
19065,-2.41848458,0.902762355
19066,0.0119284211,1.42570714
19067,-0.93489958,0.943298716
19068,-0.159396797,1.12238498
19069,0.23523844,2.32720781
19070,0.367413439,1.86146408
19071,0.807507686,0.120567977
19072,0.807507686,0.120567977
19073,-0.636148154,0.157937934
19074,1.16050904,-1.11198935
19075,-0.748501092,2.20061084
19076,-1.31402645,0.546722823
19077,0.661568045,0.683003493
19078,1.85088798,3.06521744
19079,2.14068924,-0.300935258
19080,-1.68009322,0.394334206
19081,-1.68009322,0.394334206
19082,-0.716888916,-0.305147257
19083,0.523644864,-0.186023513
19084,-0.772328247,0.331057752
19085,1.0175709,-0.151224429
19086,-1.86853061,1.71047686
19087,-0.812243681,3.01468939
19088,-0.702610485,2.40502431
19089,0.692773824,0.0411369022
19090,0.692773824,0.0411369022
19091,-0.0165178496,0.468156782
19092,-0.142617959,-0.186274189
19093,0.521781229,0.552895148
19094,0.546319979,1.09041681
19095,-0.20140592,0.255647552
19096,0.0128114412,0.676888673
19097,-0.877186124,-1.19211753
19098,-0.247874943,1.13886399
19099,-0.247874943,1.13886399
19100,0.699727742,1.03824999
19101,0.651739695,0.2913885
19102,-0.324453433,2.45290424
19103,0.115302628,0.228901126
19104,-0.345127533,-0.324004798
19105,0.894203108,0.0809505864
19106,-0.934478224,-0.864062774
19107,-1.10138398,1.41775093
19108,-1.10138398,1.41775093
19109,1.86916978,3.33049652
19110,0.987977283,-1.06595782
19111,-1.71167648,1.75300401
19112,-1.46640674,0.175642394
19113,1.47727052,-0.509943944
19114,1.18389182,2.77290589
19115,-1.1347792,0.543226386
19116,0.0431839824,1.6404227
19117,0.0431839824,1.6404227
19118,-0.051108056,0.965148773
19119,0.743078326,-0.44769234
19120,-0.0236829571,0.750159769
19121,0.509948047,0.63268103
19122,0.306946062,0.436238164
19123,-0.51352268,0.378506133
19124,0.87223953,-0.212930345
19125,-0.851230002,-0.597756259
19126,-0.851230002,-0.597756259
19127,0.0343130239,1.00257879
19128,-0.339123123,0.780957666
19129,0,0.0355815328
19130,0.649779838,1.77825784
19131,0.268974147,-1.96376166
19132,-0.276054624,1.63944997
19133,0.369160941,-1.34602302
19134,-0.484817678,0.188652826
19135,-0.484817678,0.188652826
19136,-1.0538843,-0.498677075
19137,0.596759441,0.387430088
19138,0.572553066,2.45049898
19139,2.13132356,2.0854615
19140,-2.43796169,1.37239251
19141,-0.844610657,0.893014954
19142,2.11090399,-0.93953759
19143,0.554700123,-1.26060199
19144,0.554700123,-1.26060199
19145,1.22564904,3.18119225
19146,-0.910974502,-1.83107037
19147,-1.62519251,0.765780886
19148,0.213659619,-1.27890134
19149,-1.51561019,-0.326348673
19150,-1.20920156,1.29240037
19151,0.416690472,0
19152,0.266658995,1.38495738
19153,0.266658995,1.38495738
19154,-1.0468171,-0.346352296
19155,1.81721937,-0.461827079
19156,0.0849768555,1.08539761
19157,-2.31034174,-0.421273267
19158,-1.80103111,-0.0600286671
19159,-0.698223461,2.51682396
19160,0.605248367,3.66112417
19161,0.0410534113,-0.289316168
19162,0.0410534113,-0.289316168
19163,1.46849268,0.921138606
19164,-1.38991056,-1.13131459
19165,-0.54375529,1.03592263
19166,0.55417293,-0.713596576
19167,-1.16397525,0.66655071
19168,-2.14046033,1.84995081
19169,-1.3686413,0.36929333
19170,-0.0821053487,-0.621503709
19171,-0.0821053487,-0.621503709
19172,0.129070553,0.464421761
19173,1.12259336,-0.41120294
19174,0.763564031,1.85793885
19175,-0.645924565,-0.74788638
19176,2.15846875,-1.254573
19177,2.36929456,-0.162886838
19178,0.0985302368,0.611695138
19179,0.0595543971,1.03463368
19180,0.0595543971,1.03463368
19181,0.702536243,1.39140144
19182,0.639461736,-0.888030374
19183,-0.857388574,1.69420422
19184,0.613670205,-0.663382313
19185,-0.309424269,-0.308763427
19186,0.0806575175,0.336826299
19187,-0.711733279,-0.582526955
19188,-0.324166354,0.594705444
19189,-0.324166354,0.594705444
19190,0.258988642,0.929743834
19191,-0.0423260571,-1.44903436
19192,-1.05303094,0.970741661
19193,-0.342399624,1.56708704
19194,1.38720232,-0.546120084
19195,-1.35823848,0.541379429
19196,-0.543349686,1.89187073
19197,0.593176923,1.63220744
19198,0.593176923,1.63220744
19199,-0.760164406,1.96448648
19200,0.441639433,-0.0844689395
19201,-0.0114025563,0
19202,-0.102461942,-1.44632379
19203,-0.485356935,0.780041142
19204,0.606125274,0.981282877
19205,1.05670719,-0.047406979
19206,0.445076332,1.43685271
19207,0.445076332,1.43685271
19208,-0.714973571,0.370428705
19209,0.674772914,0.474186156
19210,-0.434375571,1.46736784
19211,-0.298240324,2.13146955
19212,-0.374545025,1.56260284
19213,-0.173399944,1.10235086
19214,0.015110574,0.20213857
19215,1.20910827,1.33546993
19216,1.20910827,1.33546993
19217,0.727741274,0.611263459
19218,-0.639875565,1.91131
19219,0.549903214,2.32055483
19220,0.464335426,-1.74390553
19221,0.351657698,0.433522309
19222,-0.86126689,2.06623339
19223,0.056702513,-0.773798597
19224,0.237067798,-0.52172198
19225,0.237067798,-0.52172198
19226,-0.52385835,-0.120401205
19227,-0.141492225,-0.13985881
19228,-1.56346934,0.948987976
19229,0.218468802,0.252310881
19230,-0.0146847298,0.177768378
19231,0.234129847,0.823925642
19232,0.893344248,1.5201777
19233,0.167996463,-1.02961594
19234,0.167996463,-1.02961594
19235,-0.935650577,0.825601837
19236,-1.40499735,-0.81420412
19237,1.35936669,1.29769092
19238,1.29313078,-1.44716181
19239,0.968683855,-0.44675895
19240,0.489675275,0.540517287
19241,-0.515035196,-0.652795085
19242,-0.252715438,0.098120749
19243,-0.252715438,0.098120749
19244,0.203059177,1.08022625
19245,0.179309349,-0.139060009
19246,-0.411023361,1.20631416
19247,0.582536864,-0.335556498
19248,-0.591818592,-0.0728986258
19249,1.05230234,-0.538955794
19250,-0.947579912,-1.84604188
19251,-1.67679748,0.763397878
19252,-1.67679748,0.763397878
19253,-0.911598932,1.34134708
19254,-0.41771717,-1.98123547
19255,-1.52157618,1.45340449
19256,0.559359087,-0.340747184
19257,-0.0301699923,-0.705231837
19258,1.09515291,1.69454912
19259,-0.0755053559,0.285191236
19260,-1.42723941,-0.952755194
19261,-1.42723941,-0.952755194
19262,-1.20121906,2.70301633
19263,-0.650314051,0.488403302
19264,-0.312408606,1.01414088
19265,1.33767025,-1.15612875
19266,-0.127978858,1.0430132
19267,2.04373752,1.70644942
19268,-0.163765257,0.350489267
19269,-1.98768764,-0.363213776
19270,-1.98768764,-0.363213776
19271,0.845350406,-0.287209054
19272,-1.53415805,-0.829472658
19273,0.586417873,0.758201414
19274,-0.409836618,-0.335803441
19275,-0.418877922,-1.43377309
19276,0.806276794,0.702268464
19277,-2.45381917,-0.142246642
19278,-0.243930141,-0.220079993
19279,-0.243930141,-0.220079993
19280,-1.05416526,-0.388525828
19281,-1.12729502,1.32202299
19282,-0.256901315,2.40924295
19283,-0.557454447,2.23969608
19284,-0.999673782,-1.90952734
19285,-0.564155142,0.959572934
19286,1.26143602,-0.872504972
19287,1.47190978,-0.413712405
19288,1.47190978,-0.413712405
19289,-0.0472727917,1.00817745
19290,1.56666386,-1.24578448
19291,-1.48762456,0.457159479
19292,-0.362619483,-0.875458421
19293,0.328474418,-0.104927197
19294,1.14378819,1.73757216
19295,-0.140935384,2.16352209
19296,0.644608543,-1.17224085
19297,0.644608543,-1.17224085
19298,-0.997213721,0.561871863
19299,-0.287113554,-0.394585731
19300,-0.306833831,1.52207375
19301,1.18957206,-0.640906424
19302,-0.63995189,-1.25646257
19303,0.438265891,-0.622129551
19304,-0.359778203,0.278919435
19305,-2.72464084,0.558135084
19306,-2.72464084,0.558135084
19307,-1.48285729,0.61408752
19308,2.54672919,0.605240806
19309,0.21835509,0.272698893
19310,1.18399305,-1.72123628
19311,-0.145704326,1.69213571
19312,0.487398819,-0.589734339
19313,-0.118340867,-0.434810547
19314,0.888262084,-1.31602528
19315,0.888262084,-1.31602528
19316,0.286403341,-1.08266342
19317,-0.324995259,-0.755640173
19318,-0.976120534,1.87618167
19319,0.356443182,-0.131840751
19320,-1.69413961,0.169097882
19321,-0.99454938,1.31996471
19322,-0.11816725,-0.240671333
19323,2.615155,1.44418765
19324,2.615155,1.44418765
19325,-0.906764567,1.9479396
19326,-0.289707134,0.92633305
19327,0.711610711,2.41275687
19328,-0.130831396,-0.329433638
19329,0.782806023,0.317836524
19330,0.25414814,0.984872345
19331,1.3806559,-0.544838909
19332,-0.326960757,-0.307226989
19333,-0.326960757,-0.307226989
19334,0.794953215,-0.355557852
19335,-0.0624224018,-0.552303116
19336,-1.73175667,-0.0362591015
19337,-1.24559379,-1.55746023
19338,-0.927734845,-1.94441277
19339,0.782434227,0.674480925
19340,-0.043417325,0.443110226
19341,-0.571038128,0.606494315
19342,-0.571038128,0.606494315
19343,-0.940387633,-0.710585754
19344,1.48940644,0.516888075
19345,0.418986755,1.42099843
19346,-0.441049479,1.66844823
19347,-0.64408663,-1.18380398
19348,0.0536525951,2.08765769
19349,0.254312533,2.04266912
19350,1.34539994,-0.376643292
19351,1.34539994,-0.376643292
19352,-0.475211889,1.03068879
19353,0.862085224,-0.0397413575
19354,-0.469699787,1.71938177
19355,-0.289521262,-0.935558615
19356,-0.132472509,1.2332424
19357,0.912719117,1.64163001
19358,-0.76996053,1.36633714
19359,1.37775236,0.856643978
19360,1.37775236,0.856643978
19361,-0.629952338,0.134903382
19362,-0.64962536,-0.0974678042
19363,-0.843220414,1.87808267
19364,-1.50157259,1.68255027
19365,-0.994312473,0.630284798
19366,-0.816000522,1.29905654
19367,2.3854832,0.086204217
19368,1.35915309,0.31868326
19369,1.35915309,0.31868326
19370,-1.59336489,0.068283063
19371,0.637163827,0.434578191
19372,-0.700896878,0.552793253
19373,-0.813399408,0.388326074
19374,-0.89372016,-0.466065386
19375,-0.235532881,0.831226282
19376,-0.636600998,0.573668434
19377,1.33099513,-0.689589581
19378,1.33099513,-0.689589581
19379,-1.65992669,-2.17130176
19380,1.48389595,-0.608998285
19381,0.987875775,0.710508911
19382,1.38923701,-1.55268324
19383,0.247400234,-1.64083945
19384,1.42966076,-0.73492764
19385,0.783168555,-0.259494147
19386,1.46488575,0.98842501
19387,1.46488575,0.98842501
19388,1.22460868,-0.432675492
19389,0.268708686,0.559911667
19390,-0.444076289,2.08348969
19391,0.0425064348,1.00881258
19392,0.118743219,1.05792869
19393,-1.24903203,1.5172953
19394,-1.45118449,0.654480117
19395,2.3432385,-0.662450117
19396,2.3432385,-0.662450117
19397,0.999551958,0.579410315
19398,-0.275112089,-0.935149557
19399,-1.22979642,1.18127983
19400,0.225595464,-1.16687001
19401,1.13047102,-0.12574562
19402,-0.0666938921,1.30535592
19403,0.921826792,0.964066993
19404,-2.18920618,-1.78295448
19405,-2.18920618,-1.78295448
19406,-1.29905854,0.811184955
19407,1.30746428,0.84118771
19408,-0.422023738,1.70856682
19409,1.65978716,0.0420685745
19410,0.0145043028,-0.340652502
19411,0.490714865,0.611059407
19412,0.763569842,-1.331548
19413,0.0199179513,1.9098913
19414,0.0199179513,1.9098913
19415,0.381430003,-0.131234238
19416,-0.0788384288,0.732816568
19417,-0.629127614,0.455727334
19418,0.293322531,-1.04601213
19419,-0.364831091,0.0140023914
19420,0.228624761,2.0534135
19421,0.341779037,0.591997579
19422,-0.901018722,-1.64571866
19423,-0.901018722,-1.64571866
19424,-0.730144668,0.265649404
19425,0.487939118,1.92417496
19426,0.635023779,2.28396382
19427,-1.83932593,0.545338301
19428,2.05514209,0.124812146
19429,2.14308422,-0.0131556829
19430,0.0868117535,0.808096309
19431,1.73945645,-0.785038067
19432,1.73945645,-0.785038067
19433,0.911069593,1.76413601
19434,-0.162439187,0
19435,-1.41672148,1.01686165
19436,-2.08775292,1.29623333
19437,-0.397459226,-0.776152423
19438,-1.72481758,0
19439,0.0147296809,0.158039634
19440,0.847164309,0.20103128
19441,0.847164309,0.20103128
19442,-1.57545596,-0.0530430839
19443,-0.296418989,0.0826662748
19444,-0.347709384,1.62623352
19445,-0.599155258,0.714642558
19446,1.19710987,-0.291522732
19447,-0.0542888694,-0.698728148
19448,0.407723329,-1.46240613
19449,0.756325151,-0.351279925
19450,0.756325151,-0.351279925
19451,-0.194652868,1.00816349
19452,-0.0606699742,-0.432429961
19453,-0.756323765,0.0959168408
19454,1.11382269,-0.126297379
19455,-0.448783294,0.62135092
19456,-0.78254509,1.15201328
19457,0.805690433,0.465598061
19458,0.126171777,1.9187931
19459,0.126171777,1.9187931
19460,-0.296084085,-0.129925038
19461,1.72243591,-0.711688773
19462,0.47061904,1.14123782
19463,-0.2660091,-0.795813789
19464,0.92618546,0.522726415
19465,0.989593412,2.72779468
19466,-0.45440116,-0.743958473
19467,-0.335291092,0.16385896
19468,-0.335291092,0.16385896
19469,1.79808424,1.035888
19470,1.03901198,0.551222689
19471,0.47115954,1.58539238
19472,0.217339597,-1.27894466
19473,-0.703561916,0.241039436
19474,-0.121285281,1.28029095
19475,0.0441530919,0.0289435539
19476,-0.559647211,0.039600064
19477,-0.559647211,0.039600064
19478,0.995024845,0.540857576
19479,-0.736984167,-1.90863195
19480,-1.60215319,1.80360382
19481,0.378119943,1.5490119
19482,0.646527304,-0.850045511
19483,0.315268428,-0.464505832
19484,0.364812015,0.926707042
19485,0.324426795,1.99374024
19486,0.324426795,1.99374024
19487,-1.50384397,0.777620424
19488,-1.11292416,-1.74172956
19489,0.337834921,0.709401976
19490,0.708212278,-0.188464539
19491,-0.539445184,-0.0414506097
19492,1.151051,1.1869516
19493,-1.18455465,1.31744316
19494,-0.682150024,0.712149504
19495,-0.682150024,0.712149504
19496,0.253113914,0.793258013
19497,1.14446323,-0.845090963
19498,-0.137695083,1.32284396
19499,-2.0674764,0.0726870348
19500,0.884860207,-0.863495702
19501,0.570768524,-0.690847296
19502,-0.44143543,2.68193632
19503,-0.508989903,0.829220914
19504,-0.508989903,0.829220914
19505,1.08197352,2.49372029
19506,-0.335412106,1.1562009
19507,-0.0351558769,1.78668775
19508,0.187446371,-0.666934881
19509,0.286106009,-0.702970586
19510,0.289746974,1.5780269
19511,-0.657736435,0.345503754
19512,0.486352658,-1.51328166
19513,0.486352658,-1.51328166
19514,-1.25624118,-0.3515602
19515,-0.276120865,1.03323664
19516,-1.2809852,0.753232699
19517,-1.1291519,1.10309874
19518,0.695797052,0.480341205
19519,0.613657861,1.62174341
19520,1.65669607,-0.255382886
19521,0.454663107,-0.332714297
19522,0.454663107,-0.332714297
19523,-0.254861573,-0.688829246
19524,0.643827321,0.689623709
19525,1.1106619,0.911530007
19526,-0.115891069,0.109766124
19527,1.72828092,1.04032997
19528,0.106061033,1.12510402
19529,1.81833775,0.739037849
19530,-1.04470578,0.0812451184
19531,-1.04470578,0.0812451184
19532,-0.383842066,0.0329971265
19533,-2.03413165,-0.0419251356
19534,-0.88095261,1.17021109
19535,-1.03454798,-1.24931014
19536,1.27227863,-0.869940589
19537,-0.078877647,0.62168135
19538,0.48928371,0.114111159
19539,1.1375309,0.674986168
19540,1.1375309,0.674986168
19541,-1.37780976,1.10669902
19542,1.60652229,-0.505682648
19543,-0.491356936,2.38790319
19544,0.828371044,-0.327811507
19545,0.199683531,0.776893316
19546,0.562230628,0.724254087
19547,0.987943196,0.0431827098
19548,-0.383327194,-0.23422664
19549,-0.383327194,-0.23422664
19550,0.0845282888,0.782046498
19551,1.78845447,0.383989777
19552,-0.86173783,0.378943879
19553,1.07073416,1.13085377
19554,-0.675527404,-0.176780157
19555,-0.0408285149,1.2155658
19556,1.08944722,-0.285352161
19557,0.758238241,-0.181598271
19558,0.758238241,-0.181598271
19559,-0.931175925,1.47074574
19560,1.29315401,-0.968079203
19561,-0.459371688,0.893109191
19562,0.715526251,0.161966612
19563,0.481175537,-0.504065864
19564,0.187156091,0.445149196
19565,-0.412298184,2.28454472
19566,1.98543845,-1.70850524
19567,1.98543845,-1.70850524
19568,0.136063918,0.063631059
19569,-1.51913634,-0.775144809
19570,-0.0351923298,1.20043503
19571,-0.65338891,0.923060175
19572,-0.494719022,0.087396001
19573,-0.351679285,-0.180481426
19574,-0.55823383,0.583665108
19575,-0.907941328,-0.427787126
19576,-0.907941328,-0.427787126
19577,0,0.562413661
19578,-1.36000818,-3.03159394
19579,-0.105269199,1.91155931
19580,-0.581251257,0.794087976
19581,-1.60623586,-0.698566001
19582,-0.466507273,1.68507674
19583,-1.01128257,1.0660172
19584,-1.14941874,0.181726264
19585,-1.14941874,0.181726264
19586,0.0649242476,-0.972422301
19587,-0.289652738,0.650388781
19588,-1.38667368,0.913339848
19589,-0.168620482,0.10296688
19590,-0.156506668,1.06909056
19591,0.384734115,0.310397357
19592,-0.782520051,-0.633451714
19593,1.5691992,0.999536856
19594,1.5691992,0.999536856
19595,-0.67632248,-1.20630135
19596,-0.0815547535,0
19597,0.398906324,1.03117054
19598,-1.01032089,3.00792065
19599,0.438928058,0.364742718
19600,0.872334877,0.934665757
19601,0.517401322,2.47822277
19602,0.39136346,-0.76947483
19603,0.39136346,-0.76947483
19604,-0.506575902,1.25252127
19605,-0.647927557,-1.35898048
19606,-0.253105107,1.83936141
19607,-0.900563287,-0.912119829
19608,-0.0591604086,0.364456304
19609,-0.165116117,0.6262569
19610,1.32550618,0.170518022
19611,-2.28695578,1.03115075
19612,-2.28695578,1.03115075
19613,0.473612809,1.64641893
19614,0.20562282,-0.632410178
19615,-0.38348393,1.77824712
19616,-0.563707795,-0.406077552
19617,0.418679627,1.20800575
19618,-0.186113347,2.40988265
19619,-0.0296753198,0
19620,-0.182562041,0.48102071
19621,-0.182562041,0.48102071
19622,0.431555075,0.387401452
19623,-0.925869308,-1.99591032
19624,-0.640717282,0.5244673
19625,-0.288975401,-0.371756339
19626,-0.283034918,-0.537497582
19627,-0.165513601,-1.77698157
19628,-0.343627937,0.517256077
19629,0.118856729,0.736517619
19630,0.118856729,0.736517619
19631,-0.252709549,-0.620813161
19632,-0.543160339,1.42467016
19633,0.261306347,1.16850689
19634,0.451671883,-1.91939756
19635,2.12763249,0.638022334
19636,1.34002969,1.60111577
19637,0.553240416,1.31651181
19638,-0.277304005,0.584168207
19639,-0.277304005,0.584168207
19640,-0.149179762,-0.367653417
19641,-0.0602423324,-1.16036649
19642,0.0478016145,1.36959503
19643,-0.160225448,-0.370118079
19644,1.64523445,-0.0717564286
19645,0.160773176,1.50874146
19646,-0.355963039,-0.154889539
19647,0.403357518,-0.768988976
19648,0.403357518,-0.768988976
19649,-0.275492113,2.45069142
19650,-0.842557317,2.12179391
19651,-0.87727134,2.20577859
19652,0.102686609,1.00259355
19653,0.695451399,0.753071274
19654,-0.585987048,1.07047885
19655,-1.94948204,1.0455379
19656,-2.14845647,-0.0580543063
19657,-2.14845647,-0.0580543063
19658,-0.340083864,1.11594451
19659,-0.687141684,1.23899059
19660,-0.832114587,0.404238531
19661,-0.0284316858,0.138722261
19662,0.741971525,1.94225783
19663,-0.695064965,0.585829079
19664,0.729382289,0.794908362
19665,1.33946765,0.377432233
19666,1.33946765,0.377432233
19667,-0.912468042,0.218455288
19668,0.976715988,0.0626352214
19669,0.752359783,0.507884167
19670,0.449494491,0.661257615
19671,0.472546287,-0.576844788
19672,1.25906877,0.159323396
19673,-0.307450218,0.346521883
19674,-0.256279169,0.85791829
19675,-0.256279169,0.85791829
19676,0.51517912,-0.382650141
19677,-0.633633399,0.53172342
19678,-0.161542325,2.45308381
19679,1.0619855,1.79572586
19680,-1.43570742,-0.267889475
19681,-0.103942359,1.09512042
19682,0.910920705,0.505685124
19683,1.01918112,0.0207721551
19684,1.01918112,0.0207721551
19685,-0.0324550316,-0.0163351455
19686,-0.711389609,0.724760178
19687,-1.57376739,1.94277482
19688,-1.79648577,-1.76456852
19689,-0.514916234,-1.33628459
19690,-0.414858137,1.58710827
19691,-1.80231996,-0.177955227
19692,0.272093128,-0.949145457
19693,0.272093128,-0.949145457
19694,-1.09693857,0.572633382
19695,-0.871271504,-0.958517903
19696,-0.0118878101,0.979357233
19697,0.27831544,-1.46743752
19698,-0.0147996348,0.659642636
19699,0.124626904,0.345608655
19700,-0.555919019,-0.990302667
19701,1.40522164,-0.183302647
19702,1.40522164,-0.183302647
19703,-0.635511958,0.433955529
19704,0.674557865,1.01333298
19705,-0.127538615,0.249365248
19706,0.809088368,0.0992676257
19707,-1.56753006,-0.325935585
19708,-0.589230963,1.98884022
19709,-1.50014869,0.779854236
19710,0.0388592266,0.855718884
19711,0.0388592266,0.855718884
19712,-0.288308503,1.12855845
19713,1.08282917,-0.0792437426
19714,-0.234486826,-0.909021346
19715,1.70388872,-0.0142378076
19716,-0.312479604,0.791437696
19717,-1.14212949,1.14306179
19718,0.590862097,0.588442325
19719,0.362822997,-0.100187241
19720,0.362822997,-0.100187241
19721,-0.130269175,-0.417628199
19722,-1.14813598,0.0199598306
19723,0.514722137,-1.34869421
19724,0.502217282,0.229478175
19725,1.19477727,0.511978261
19726,0.0861053555,-0.466747324
19727,0.444227658,-1.29785416
19728,2.42324966,-0.977456834
19729,2.42324966,-0.977456834
19730,-0.36134187,0.126103908
19731,2.81461717,-0.769569763
19732,-0.927957923,-0.162031291
19733,0.392028722,0.320065941
19734,-0.893962411,-0.735633789
19735,-2.25986893,-1.25388957
19736,0.367488906,0.283614077
19737,-1.26565561,-0.871219036
19738,-1.26565561,-0.871219036
19739,1.19408966,-0.727413415
19740,-1.45739286,0.352108034
19741,-2.15804553,-1.61769958
19742,-1.10890764,-1.50509446
19743,-1.15535033,0.723850641
19744,-1.4770359,-1.00111073
19745,-0.167559118,0.325446129
19746,1.86423273,-0.0406050138
19747,1.86423273,-0.0406050138
19748,-1.15209926,0.114033925
19749,-0.161888766,-0.371849398
19750,-1.44072884,0.0616394087
19751,-0.703052613,1.8234135
19752,1.49074872,0.673866716
19753,-1.43203996,0.933928944
19754,-1.69632561,-0.459289167
19755,-2.52035463,1.16225311
19756,-2.52035463,1.16225311
19757,-0.118450464,-0.544836497
19758,0.14510318,-0.17195197
19759,-1.132839,-0.86184699
19760,0.876296321,-0.132271559
19761,0.663181071,0.860627544
19762,-2.14090507,0.722583792
19763,-0.770055238,2.34846998
19764,0.278468517,-0.525849835
19765,0.278468517,-0.525849835
19766,-0.509316298,-0.564632669
19767,0.668061698,0.442739029
19768,-0.770620559,-1.32456671
19769,-0.146943304,0.632902887
19770,-0.327318482,1.00419157
19771,-1.64774672,0.47469542
19772,-0.103230322,-0.847622969
19773,1.74129844,-0.421344259
19774,1.74129844,-0.421344259
19775,-2.86609436,-0.688593932
19776,0.184762887,-0.320617079
19777,-0.125967914,0.263047607
19778,0.0435535733,-0.216268949
19779,-0.302361568,-2.67030364
19780,-0.518162321,-1.22530688
19781,0.386909952,1.44848849
19782,-1.43521185,-3.34353241
19783,-1.43521185,-3.34353241
19784,-0.0342186428,0.168958758
19785,-0.143042711,-1.37069047
19786,-1.30870496,-1.11912435
19787,1.17521868,-0.199900131
19788,0.650015613,-1.37627413
19789,-1.47338095,-1.88171564
19790,0.0612732464,0.27712021
19791,0.377881655,-0.505454645
19792,0.377881655,-0.505454645
19793,0.184244042,-0.917447472
19794,0.0192389827,0.916588097
19795,-0.340244971,-0.50549591
19796,-0.768603247,-0.0585533755
19797,-1.88032974,1.53940328
19798,-1.50115536,-0.473659159
19799,2.03887381,0.264718033
19800,1.01892522,0.239570718
19801,1.01892522,0.239570718
19802,1.63987339,0.756622745
19803,-1.03219313,1.0076498
19804,-0.168247571,0.403630896
19805,-0.171887321,-0.229495331
19806,0.860898454,-0.97627529
19807,-0.426980304,0.857046455
19808,-0.308865468,-0.294968137
19809,-0.741954715,-1.05402171
19810,-0.741954715,-1.05402171
19811,0.58911024,0.983367473
19812,-0.791916523,-2.09559374
19813,-1.77280695,-2.11704014
19814,-1.05008718,-0.173545856
19815,-0.190060233,-0.605794658
19816,-1.21076921,0.300236653
19817,-0.0148256029,0.460701105
19818,-0.221531586,0.390471772
19819,-0.221531586,0.390471772
19820,-1.68551753,-0.216623313
19821,-0.906982543,0.594498704
19822,-0.626912662,0.445034436
19823,0.106797719,-0.14470987
19824,0.166876541,1.02611907
19825,-0.787388383,0.755567961
19826,0.143371389,0.48246576
19827,0,0.127814181
19828,0,0.127814181
19829,-0.94724113,0.202525026
19830,-0.668388159,1.98192317
19831,-1.17596841,-1.08942456
19832,2.14630259,-1.19719852
19833,-0.705841195,0.284146942
19834,-1.37372207,-0.162817183
19835,-1.16206567,-0.509611547
19836,0.468481011,-1.39196278
19837,0.468481011,-1.39196278
19838,0.0669384393,0.0664192804
19839,-0.600252189,0.509947575
19840,-1.74800496,-1.20053843
19841,0.441477356,1.94189875
19842,-0.562526152,0.911367633
19843,-0.760092951,-1.09511533
19844,-2.07869066,-1.28579489
19845,-0.1213634,-0.903801364
19846,-0.1213634,-0.903801364
19847,-0.509620464,0.65569914
19848,2.08312321,-0.122590399
19849,0.306715664,-0.114052458
19850,-0.315259879,-2.62123458
19851,0.0970432826,0.156398316
19852,-0.814488427,0.434854775
19853,0.336187301,0.414083815
19854,0.954471537,0.54955611
19855,0.954471537,0.54955611
19856,0.292613457,-0.62904735
19857,-1.15863831,-0.547243743
19858,-1.43165625,-0.800752803
19859,1.30699838,0.131614573
19860,-0.15492357,0.0571907922
19861,-0.871031348,-2.63675953
19862,-0.0149605458,-1.56809024
19863,0.0403411576,-1.28136396
19864,0.0403411576,-1.28136396
19865,0.0170995953,-0.796689569
19866,1.10292122,1.77261659
19867,-1.02331115,-0.756039711
19868,0.523164211,-1.10679004
19869,-1.88186843,0.535462288
19870,-2.23712348,-0.0963293634
19871,-0.946631413,1.67216642
19872,1.01453756,-0.920106084
19873,1.01453756,-0.920106084
19874,-0.336580058,-1.01039847
19875,1.28761351,0.859677859
19876,-0.843424232,-1.10434881
19877,0.736367078,-0.800904683
19878,1.1501323,0.505290328
19879,-0.130528635,-0.428145828
19880,0.428845374,-0.749732185
19881,2.54309206,-0.59672888
19882,2.54309206,-0.59672888
19883,0.113259755,-0.355989108
19884,0.204389195,-1.53196571
19885,-0.770476889,-1.24351711
19886,0.290397426,-0.486926949
19887,-2.12949148,0.245614891
19888,-1.98101041,-0.428905622
19889,-1.71970278,-1.52498701
19890,0.66323062,-0.126822102
19891,0.66323062,-0.126822102
19892,-1.37365553,-1.25431114
19893,-0.820555455,1.04969414
19894,-1.28863521,-0.0377514868
19895,1.85079353,-1.38275857
19896,-1.3362236,-1.63009135
19897,-1.47378885,-0.525415466
19898,0.0285622993,0.469173057
19899,0.443511755,2.40614927
19900,0.443511755,2.40614927
19901,-1.19681597,0.0812831147
19902,-1.03647825,-2.06378967
19903,-1.59127843,-0.732110573
19904,1.0123866,-2.29476159
19905,0.772153518,0.50930711
19906,-0.775793334,-1.13651099
19907,-0.86721075,-1.93256399
19908,0.512264288,-0.836643753
19909,0.512264288,-0.836643753
19910,-1.32778654,0.134989608
19911,-1.39890966,-1.8945822
19912,-2.14774833,-1.04132542
19913,-0.228808306,0.248196179
19914,0.410833528,0.464719377
19915,-0.462772762,-1.83389087
19916,0.273532985,-1.49000219
19917,-1.30620662,1.33480192
19918,-1.30620662,1.33480192
19919,-2.1765951,-1.66967345
19920,-0.407741706,-0.183942861
19921,-0.569275613,0.148166233
19922,-0.244014939,-0.812198184
19923,0.45152018,0.51828604
19924,0.26471971,1.62943762
19925,0.909706035,0.397172181
19926,0.126874535,0.805383022
19927,0.126874535,0.805383022
19928,0.18590738,0.40656296
19929,-0.120581645,-1.2545316
19930,-0.613800375,-0.822350106
19931,-0.613063335,0.70002954
19932,-1.26756162,-1.40860004
19933,-3.04601258,-1.67769717
19934,1.44299712,-1.02376887
19935,-0.740413998,-1.27524484
19936,-0.740413998,-1.27524484
19937,-2.03127425,1.23196172
19938,0.58025042,-0.69061564
19939,-1.2040338,-0.930206173
19940,-0.173587263,-1.35125093
19941,1.18879392,0.935603316
19942,0.062472178,0.245040744
19943,-0.287910822,-0.900855472
19944,-0.789006707,0.933225376
19945,-0.789006707,0.933225376
19946,-0.599868464,-0.560202584
19947,0.471941929,0.884299415
19948,-0.350197844,-0.954529707
19949,2.20481325,-0.624117724
19950,-0.0990380738,0.714914798
19951,-0.0128755721,0.76027936
19952,-0.443538366,-0.845047266
19953,-1.31773159,0
19954,-1.31773159,0
19955,-0.0331913422,0.560156851
19956,-0.627977026,-0.365902033
19957,-0.731925309,-1.01059899
19958,-1.60747661,-0.745357297
19959,-0.886585382,0.130103174
19960,-0.88562402,-1.24790452
19961,-0.0888213377,-1.46688646
19962,1.0833393,-1.48837348
19963,1.0833393,-1.48837348
19964,-0.373558563,-1.25393789
19965,1.05309638,-0.396917892
19966,-1.77234987,1.09318815
19967,-0.27423642,1.65344569
19968,1.59187558,-1.60130293
19969,-0.496538267,-0.809187923
19970,0.78955094,0.131988486
19971,0.767498154,0.778662313
19972,0.767498154,0.778662313
19973,-0.806266069,1.15570622
19974,0.629045407,-0.246206097
19975,-0.673810457,-1.85438208
19976,-0.39946429,-0.902745011
19977,-1.02594978,0.52467713
19978,-3.1570479,0.220070941
19979,-0.708763341,-0.84375117
19980,0.204874544,-1.71278171
19981,0.204874544,-1.71278171
19982,0.935013364,-0.450328131
19983,0.724084073,0
19984,-0.368813662,-0.778865088
19985,-0.876392264,1.31079175
19986,0.520543231,1.03929126
19987,-2.09136523,-0.434911535
19988,-1.94183837,1.18290159
19989,0.750094656,1.12961577
19990,0.750094656,1.12961577
19991,1.07790251,-0.0344585067
19992,2.22886808,-0.161593994
19993,-1.48641193,0.199212693
19994,-0.125162548,0.428408432
19995,-0.223449347,-1.39887991
19996,-0.768012731,-0.845629366
19997,-0.221482767,-0.667335817
19998,-0.293373988,0.181648323
19999,-0.293373988,0.181648323
20000,0.218023672,-0.391802635
20001,1.37053809,-0.874555841
20002,-1.69063631,-0.414619156
20003,2.11645689,1.75571506
20004,-1.03720377,-1.69893686
20005,-0.735064988,-2.35051232
20006,0.849610922,-0.285046485
20007,1.51583564,-0.678072189
20008,1.51583564,-0.678072189
20009,-0.497294762,0.190573992
20010,0.197573699,-0.314923243
20011,-0.373076436,-0.907769243
20012,2.26591962,1.23893874
20013,1.62903517,1.35896499
20014,-0.883097957,-0.14416329
20015,0.917118705,-0.0593880074
20016,1.16725395,1.59306787
20017,1.16725395,1.59306787
20018,-0.724759983,-0.914497277
20019,0.22259077,1.08451418
20020,-0.453583172,-0.713417456
20021,0.803765564,1.18344804
20022,-0.686549146,0.683713124
20023,-1.97984417,0.693449197
20024,-1.14613296,1.91959861
20025,2.16274664,-0.312312016
20026,2.16274664,-0.312312016
20027,0.554788549,-0.693169992
20028,0.0205511024,-0.333714277
20029,-1.98936025,-1.21161622
20030,-1.51976391,0.258957991
20031,0.227194377,0.102144855
20032,-1.18588955,0.123638496
20033,-0.485154255,-0.53273284
20034,-0.179488355,1.20688589
20035,-0.179488355,1.20688589
20036,-0.982723989,-0.632999089
20037,1.34560252,0.55313439
20038,-1.28162542,0.319847667
20039,0.144537698,0.645193467
20040,0.782325387,0.405560969
20041,-0.480662542,0.18904892
20042,-0.735542091,1.17615307
20043,-0.281493978,-0.361354128
20044,-0.281493978,-0.361354128
20045,-0.683786397,0.099217986
20046,-1.92880368,-0.560597164
20047,-1.00328368,-1.05656582
20048,0.648305672,0.239137782
20049,1.39656733,-0.797729924
20050,0.288929686,-2.26354182
20051,-1.11014817,-1.64603226
20052,1.68018934,0.660111006
20053,1.68018934,0.660111006
20054,-1.64208042,-0.0828906602
20055,0.841819343,0.576694706
20056,-1.13844781,-0.694612146
20057,1.19009883,1.266071
20058,-0.192788851,2.00908659
20059,-0.940012997,0.0253134622
20060,-1.31916723,-0.0845707037
20061,1.79569885,-0.182216988
20062,1.79569885,-0.182216988
20063,0,0.526228319
20064,-0.983268523,-0.770594348
20065,-0.6379184,-0.312005126
20066,1.06214924,0.12943365
20067,2.05265027,0.180425326
20068,0.0496590642,-0.600721443
20069,0.974754145,0.0273651748
20070,0.637586818,0.71409545
20071,0.637586818,0.71409545
20072,0.245211575,-0.506833054
20073,-0.466037321,0.923623242
20074,-1.53326517,-1.61157625
20075,-1.0899471,-0.254197843
20076,1.19520399,-0.292190609
20077,-1.3316793,-1.77281771
20078,0.473517152,-1.50657043
20079,-0.606622954,-0.544303102
20080,-0.606622954,-0.544303102
20081,0.133328228,-1.56690915
20082,-0.0838660669,-0.0409243119
20083,-0.767345003,-0.0368237599
20084,0.456267408,-0.702237077
20085,-0.129463852,1.61132008
20086,-0.487307394,-0.109954166
20087,-0.815140191,0.773619063
20088,0.543494227,-0.696243203
20089,0.543494227,-0.696243203
20090,0.565374755,-1.12174543
20091,-0.358891755,-0.612465822
20092,-0.138237792,-0.975682129
20093,0.266151517,1.49337014
20094,-0.0290587882,0.0302612551
20095,-1.12868237,0.0604617268
20096,-0.0964945217,-0.904096381
20097,-0.792295977,0.677964067
20098,-0.792295977,0.677964067
20099,-0.441214198,-0.152137625
20100,1.11808024,0.303621374
20101,-1.5013127,-1.33934192
20102,0.657827349,1.51143128
20103,-0.938074927,-0.873935566
20104,-1.28971105,-0.70964594
20105,0.495487321,0.253875993
20106,-0.0823845547,-0.0603157686
20107,-0.0823845547,-0.0603157686
20108,-1.11227931,0.333720156
20109,-0.143326792,0.0609820617
20110,-0.580252314,0.568998619
20111,-0.213797152,0.733515933
20112,-0.0744397454,1.27921423
20113,-1.23959316,0.862248296
20114,-0.654313648,2.13004575
20115,-0.929456992,0.394373032
20116,-0.929456992,0.394373032
20117,0.267555524,0.64178996
20118,1.04663875,0.374337329
20119,-1.7052563,-1.68298005
20120,-1.17403511,-1.08639507
20121,-0.688386614,1.08378414
20122,-1.53801292,-1.07261515
20123,0.0291657206,0.489205013
20124,-0.952902737,-0.41893731
20125,-0.952902737,-0.41893731
20126,0.209132783,0.0344601732
20127,-0.323513677,-0.866244105
20128,-1.39017261,-0.636903307
20129,-1.9854072,-1.21816912
20130,-0.632626949,0.541235903
20131,-0.407039381,-0.544334603
20132,-1.42307147,-0.605511308
20133,0.443629798,0.622534302
20134,0.443629798,0.622534302
20135,0.720182149,0.49221903
20136,-0.143900068,0.447207575
20137,-0.150994592,0.621655572
20138,0.915860792,-0.578255854
20139,-0.256369708,0.0579549236
20140,-0.784023314,0.206058282
20141,-1.05558333,0.253542494
20142,2.42732525,-0.198209985
20143,2.42732525,-0.198209985
20144,0.19759424,0.376221367
20145,0.405525554,0.100291849
20146,-1.067395,-1.40302191
20147,1.11852517,-0.34773814
20148,0.0419306364,-0.38393891
20149,-0.146266792,-0.33446002
20150,0.650970982,0.339225285
20151,0.126749457,1.72802671
20152,0.126749457,1.72802671
20153,-0.312807704,0.0647941085
20154,-1.5154532,0.325945761
20155,-1.93017471,-0.2529252
20156,-0.62969497,-0.791322307
20157,-0.920326551,-3.29141942
20158,-1.06402287,-0.83553129
20159,1.75167237,-0.811756388
20160,0.35197405,-0.287769506
20161,0.35197405,-0.287769506
20162,0.137654718,-1.36408794
20163,-1.43593905,0.689721145
20164,-0.450175044,-1.38758178
20165,1.66393723,-0.686067745
20166,0.570272049,-1.84563403
20167,-2.41778435,-0.61811963
20168,0.928946326,0.378767283
20169,-1.23287437,1.09477123
20170,-1.23287437,1.09477123
20171,0.275332324,-0.782050653
20172,-0.961451907,1.5807388
20173,-1.779868,-1.49239237
20174,0.844467524,0.108415891
20175,1.67896735,1.43909353
20176,-1.74518863,-1.17108009
20177,1.32189469,-1.08195117
20178,1.85456431,0.504566312
20179,1.85456431,0.504566312
20180,-0.696136896,-1.77702584
20181,-0.0205498408,0.774683221
20182,-0.431149838,0.897638651
20183,-0.295067885,-1.20574361
20184,-0.77065637,0.293727697
20185,-1.60534301,-1.12047476
20186,-2.48492847,0.413890796
20187,-0.444736532,1.30368545
20188,-0.444736532,1.30368545
20189,-1.45369185,0.67456724
20190,-2.6601494,1.02901697
20191,-2.2185837,-0.83812279
20192,0.828628648,-1.64163871
20193,0.525005229,-1.79707848
20194,-1.24822002,-1.78229017
20195,-0.710723034,-1.07314443
20196,-1.99641608,0.427474142
20197,-1.99641608,0.427474142
20198,-0.0336147989,0.821563205
20199,-1.37609493,-1.12663592
20200,-1.47301643,-0.726749824
20201,1.43581739,0.979926484
20202,-0.856910376,0.410926551
20203,-0.573582421,-1.73538812
20204,-0.571597332,0.23673471
20205,0.611310668,0.678827628
20206,0.611310668,0.678827628
20207,0.866328982,0.694914633
20208,-0.898291752,0.630057934
20209,-0.371415696,-0.823756626
20210,1.03034536,-1.42340512
20211,-0.157971653,0.330957469
20212,-2.54248402,0.418067625
20213,0.859779503,0.447870906
20214,0.123619027,2.01767638
20215,0.123619027,2.01767638
20216,-0.576208278,-0.827968114
20217,-0.414385162,0.699906335
20218,-1.26319321,-1.35554587
20219,-0.161898538,-0.467760862
20220,0.379755576,-2.3990661
20221,-2.00996115,-1.59841452
20222,-0.302218711,0.575471758
20223,1.54096179,-0.861674025
20224,1.54096179,-0.861674025
20225,0.39792026,0.688628726
20226,0.255752594,0.657597317
20227,0.0126289079,-0.879864127
20228,0.923379704,-0.171878395
20229,1.12681876,-1.21382455
20230,0.222586563,-0.85366753
20231,0.322932468,-0.262085033
20232,0.160280153,0.976732602
20233,0.160280153,0.976732602
20234,0.716951827,-0.771961546
20235,-0.186896046,0.847652854
20236,-0.369183492,-1.06271282
20237,1.70166815,-0.102427846
20238,-0.27870877,0.923888881
20239,-0.885876929,0.113003053
20240,0.394973299,0.698481593
20241,-0.528868274,0.221941214
20242,-0.528868274,0.221941214
20243,0.168438348,0.518503795
20244,0.686505658,0.439195435
20245,-2.61203019,-1.0509936
20246,0.340172593,1.71821696
20247,1.03778444,-0.0965952301
20248,0.296919465,-1.47464845
20249,-0.456543353,1.92360418
20250,1.02631445,1.05487942
20251,1.02631445,1.05487942
20252,-2.82801982,-1.03359313
20253,1.25187111,-0.906364005
20254,-0.699057008,0.260897454
20255,3.39567604,0.375933461
20256,-0.0561100877,-0.151230976
20257,-2.08356605,-0.567916963
20258,1.13622742,-0.500093378
20259,0.363685052,0.619904613
20260,0.363685052,0.619904613
20261,-1.58776419,1.37772444
20262,-1.44553309,0.592837107
20263,-0.449361952,-1.26435786
20264,2.00117926,-0.817731367
20265,-0.0285473754,-1.16785004
20266,-1.21313429,-0.391883003
20267,0.868996103,0.272742014
20268,0.920837121,0.371645532
20269,0.920837121,0.371645532
20270,1.62557704,-1.61272164
20271,1.28314677,-0.280396067
20272,-1.86552148,-0.469984546
20273,-0.874274351,0.34288082
20274,0.918053394,1.21425604
20275,0.508743026,-0.779383541
20276,1.09846131,1.02765159
20277,-1.22938742,-0.410191191
20278,-1.22938742,-0.410191191
20279,0.0668743068,0.0496652037
20280,1.64137305,-0.890397393
20281,0.113173462,0.519748047
20282,1.39791017,-0.549370072
20283,1.99404238,0.273093142
20284,1.03087319,0.61236105
20285,-0.0612089539,0.172866485
20286,0.532694549,1.9464645
20287,0.532694549,1.9464645
20288,-0.0844579,-0.0348138126
20289,-0.886926711,-0.582351964
20290,-2.33919494,-1.00584121
20291,-0.132638695,0.753850847
20292,0.740158775,0.0143299982
20293,-1.23489451,-1.35158874
20294,-0.106010999,0.678602207
20295,1.5859526,-0.247896152
20296,1.5859526,-0.247896152
20297,-2.12067514,1.09425425
20298,0.102810811,0.359897187
20299,0.30302748,-1.39049247
20300,-0.798993259,-0.490457157
20301,1.02268737,-0.101436674
20302,-1.15240153,-0.793319541
20303,1.16993961,0.657769552
20304,0.87642515,-0.417069485
20305,0.87642515,-0.417069485
20306,-0.555255899,-0.079465602
20307,-0.462934255,-1.53222529
20308,-0.836213436,-0.211235062
20309,-1.21753712,0.114111333
20310,-1.13852662,-1.15722232
20311,-2.18627747,0.15580002
20312,0.712574186,-0.399568206
20313,0.57061864,-0.820546352
20314,0.57061864,-0.820546352
20315,-0.183276244,0.129361869
20316,-0.612860618,-1.79477985
20317,-1.90999894,-1.66095339
20318,0.919699134,-0.781177635
20319,0.577989211,-0.0721069327
20320,-0.933421545,-0.764563447
20321,-0.780914574,1.4896031
20322,-0.933473901,-1.42538664
20323,-0.933473901,-1.42538664
20324,-0.722930595,-1.34298033
20325,0.398306554,1.08679257
20326,-1.48083954,-0.148279871
20327,0.249343276,-0.710713834
20328,-1.4786394,-0.61271792
20329,-1.75277994,0.629540856
20330,0.132760162,0.309251584
20331,2.5260037,0.29242248
20332,2.5260037,0.29242248
20333,-1.37885627,-0.516954844
20334,0.985499064,-0.123241991
20335,-1.24203879,-0.977564463
20336,-0.91637419,0.73681668
20337,-1.19167418,-0.626973744
20338,-2.81313652,-1.87202004
20339,-0.699975056,-0.56930698
20340,-0.346668205,-0.0799437586
20341,-0.346668205,-0.0799437586
20342,-0.372653233,0.671451754
20343,0.0772662351,1.43379357
20344,-0.89835674,-1.36578941
20345,0.589133017,0.323022945
20346,0.901461768,-0.339425717
20347,0.740939033,-1.53043859
20348,2.60386831,0.895777562
20349,-0.0399887767,2.06642656
20350,-0.0399887767,2.06642656
20351,0,-0.910684152
20352,1.01623773,-1.3786596
20353,-0.3537147,0.250437884
20354,-0.998729345,-0.0288419989
20355,0.338322236,0.404935024
20356,-0.414573917,0.955353438
20357,0.100850297,-0.958729135
20358,0.542583627,1.6912514
20359,0.542583627,1.6912514
20360,0.305832007,-0.973953912
20361,-1.01516048,1.21329955
20362,-1.54631305,-1.04148292
20363,0.344875752,-0.395565017
20364,-1.79530504,0.961005505
20365,-1.98084348,-0.679603151
20366,0.854198802,-0.351986278
20367,-2.80049642,0.378253415
20368,-2.80049642,0.378253415
20369,-0.59033593,-1.63389562
20370,-1.2073654,0.788933763
20371,-0.590047953,-0.588643716
20372,-0.431828556,0.611103292
20373,-1.13966147,0.109193328
20374,-2.1146015,-1.03080685
20375,-0.280959344,0.525667595
20376,-0.41055449,2.31097423
20377,-0.41055449,2.31097423
20378,0.292710411,0.733626045
20379,0.610357807,0.212685015
20380,-0.402118003,0.270651474
20381,0.237553444,0.37284343
20382,0.337205589,-1.83572104
20383,-2.02484751,-1.25827296
20384,-0.135852041,-0.866890201
20385,-0.083229824,-1.81634459
20386,-0.083229824,-1.81634459
20387,-0.948025277,1.88886244
20388,-1.12017857,-0.636320301
20389,-1.90130975,-2.06424884
20390,0.543970395,-0.350531988
20391,0.248432262,-0.718924731
20392,0.347528371,-0.53465055
20393,0.525129786,1.68165931
20394,0.318284767,0.260589114
20395,0.318284767,0.260589114
20396,-1.6583956,-1.93170095
20397,-0.368224537,0.596272375
20398,-0.818653032,0.584544257
20399,-0.313699516,-0.316354215
20400,0.761022283,-0.713110748
20401,0.186705654,-1.42907658
20402,0.905051767,0.0563574351
20403,0.520987024,-0.929354527
20404,0.520987024,-0.929354527
20405,0.842341137,-0.0338865108
20406,-0.903679054,-1.90644281
20407,-1.44315387,-0.957311191
20408,-0.333042991,0.964851349
20409,0.697171357,1.89579383
20410,-1.89665817,0.390548224
20411,-1.01684601,0.773981618
20412,1.85033211,0.141982743
20413,1.85033211,0.141982743
20414,0.788330019,-1.06540754
20415,0.442560729,1.15983687
20416,-1.8846098,-1.03631506
20417,0.238632158,-0.571741194
20418,1.19925045,0.745206185
20419,-0.402494955,-0.0483238978
20420,-0.769249931,0.703846912
20421,-0.276196271,0.102999585
20422,-0.276196271,0.102999585
20423,-1.43129506,-0.274474631
20424,-1.31057789,1.63141013
20425,0.178307611,-0.0884823239
20426,0.22260698,-0.686040699
20427,0.14528318,0.657891953
20428,-2.35854972,0.28634762
20429,0.297049025,1.00527078
20430,-0.356938274,0.27227255
20431,-0.356938274,0.27227255
20432,0.617072552,-0.817685777
20433,-0.351115433,-2.53634749
20434,-1.38950704,-0.979846316
20435,-2.69189098,0.602704069
20436,-0.0141152785,-0.141225052
20437,-0.498481453,-1.39579575
20438,0.0858850306,1.22224607
20439,-0.10116475,-0.10476514
20440,-0.10116475,-0.10476514
20441,-1.89957349,-0.485850453
20442,2.43748684,0.392357698
20443,-0.794813844,-0.966166452
20444,-0.196782137,0.377605046
20445,0.132515401,0.751537007
20446,-0.298784797,-0.159279629
20447,0.359048014,-0.795527148
20448,-0.590729076,-1.12659592
20449,-0.590729076,-1.12659592
20450,0.857931933,-0.383059417
20451,0.19597375,0.798201257
20452,-0.703569626,-1.11013955
20453,-1.45758912,-1.16492585
20454,-1.58398009,-1.43745849
20455,-3.29747435,-0.335461905
20456,-0.218026694,0.865002378
20457,-0.623504284,0.185771863
20458,-0.623504284,0.185771863
20459,-0.790974085,-0.448915794
20460,3.04216375,1.51487786
20461,-0.532248955,-1.07754245
20462,1.03514883,1.02609251
20463,0.303064033,0.772688072
20464,-1.80544354,-0.761999595
20465,-1.19488056,0.0727796107
20466,0.69728092,-0.740025164
20467,0.69728092,-0.740025164
20468,1.04100169,-1.70926105
20469,0.0396842594,-1.05123856
20470,-1.26837492,0.277514964
20471,-0.312767248,2.07528738
20472,-1.02747216,1.14685261
20473,-2.1033367,0.465501412
20474,-0.878494698,0.687951363
20475,-0.448909075,1.21688436
20476,-0.448909075,1.21688436
20477,0.219621953,0.44778655
20478,1.83880996,0.729169925
20479,-1.50611697,-0.607948965
20480,0.776360223,-0.19854651
20481,0.626504117,-0.129915784
20482,-0.433408333,-0.44383331
20483,0.0453251344,-0.984626719
20484,-1.78908474,-0.355715146
20485,-1.78908474,-0.355715146
20486,0.160732411,0.348969119
20487,-1.93092392,-1.07516482
20488,-2.05910663,-0.998305207
20489,0.427097118,0.0994065072
20490,-0.902651459,0.106558653
20491,-0.819599351,-0.8760688
20492,0.0679030598,-1.17303283
20493,-0.180208331,1.90630374
20494,-0.180208331,1.90630374
20495,-0.430623891,-1.87645223
20496,0.833402342,-0.242628297
20497,-0.4160481,0.284675561
20498,1.06556642,0.177464103
20499,-1.36654588,-1.28553616
20500,-1.7555624,-0.918613561
20501,-0.154214507,0.849713289
20502,0.348503654,1.81705122
20503,0.348503654,1.81705122
20504,-1.71998342,0.133675498
20505,0.482026539,0.61144554
20506,-0.580265533,-0.946935578
20507,-0.698634804,0.711000389
20508,-0.743920382,-0.322689583
20509,-1.70942547,-1.03853154
20510,-0.161208593,-0.202767143
20511,0.304656122,1.18381059
20512,0.304656122,1.18381059
20513,1.4435619,-0.443710338
20514,0.263437881,1.48931439
20515,-1.54097169,-1.24410138
20516,-1.5805284,-2.05335082
20517,0,1.03209908
20518,-0.470115453,0.182351667
20519,0.372780976,0.131283568
20520,-1.55912944,-1.63150987
20521,-1.55912944,-1.63150987
20522,-0.480410395,-1.15283745
20523,-1.1672153,0.702369425
20524,-0.622601378,-1.18574446
20525,-0.329003265,-0.348619642
20526,0.49980214,1.85699655
20527,-1.16949568,1.9236977
20528,-1.98044075,-0.325875358
20529,-0.839295711,0.306526512
20530,-0.839295711,0.306526512
20531,0.728825648,0.403195971
20532,-0.762136948,-1.07695858
20533,-0.717416959,-1.1935086
20534,-1.46462912,0.782466003
20535,-0.582911416,-2.01578094
20536,-1.00003469,-2.63560888
20537,-0.890354062,-1.76097882
20538,-0.0975486635,-1.90991293
20539,-0.0975486635,-1.90991293
20540,-0.128872208,-1.69145135
20541,0.0406480363,-0.164898366
20542,-1.72772998,1.13744766
20543,0.700261693,-0.204004401
20544,0.313837695,-0.657747196
20545,0.36026764,-1.28628201
20546,-0.961326529,0.0296337683
20547,0,-0.0203879556
20548,0,-0.0203879556
20549,-2.14497624,0.557556398
20550,0.540093408,-0.586523312
20551,-0.575423252,-1.93069157
20552,0.736218663,0.486574873
20553,1.12154431,0.962810659
20554,-1.58670548,-0.153460336
20555,0.264206946,0.102637907
20556,1.69934187,-0.252811055
20557,1.69934187,-0.252811055
20558,-0.232633763,-0.846510729
20559,-0.567852094,0.720032842
20560,-0.471926695,-1.07547343
20561,0.45699629,0.0974937415
20562,0.102026338,-1.54507309
20563,-0.255527733,-2.05265939
20564,-1.90471818,0.505178452
20565,1.68250049,0.120598127
20566,1.68250049,0.120598127
20567,-0.522990134,-1.13567898
20568,0.37357707,0.944340689
20569,-1.62465951,-0.173728964
20570,-0.463650917,-1.16799594
20571,-0.0560632987,-0.221983669
20572,-0.289172253,0.572993599
20573,-0.0878108718,-0.275561413
20574,-1.6566687,-0.121886583
20575,-1.6566687,-0.121886583
20576,0.405208603,-0.64325574
20577,-0.205056903,1.25747792
20578,-1.60066301,-0.342557489
20579,-0.278808017,-0.156320086
20580,-0.289750292,-0.344333808
20581,-0.594043826,-0.368866947
20582,-0.130428741,-1.53775165
20583,-0.0198863397,-1.0575163
20584,-0.0198863397,-1.0575163
20585,-2.16881159,0.768112803
20586,-0.721301324,0.889644382
20587,-0.206174336,-0.864451669
20588,1.06124519,0.496904849
20589,-0.256246884,0.243525512
20590,0.0884387742,-0.590209147
20591,0.232923637,0.343009837
20592,-1.32034589,1.32032669
20593,-1.32034589,1.32032669
20594,0.996730058,0.973917844
20595,-0.54276824,0.400873429
20596,-0.429345199,-0.78003608
20597,-0.163174783,0.480332168
20598,-0.83285039,1.03491495
20599,-2.34612742,-0.216747448
20600,-1.30496643,-1.11690904
20601,-0.785310436,-0.878323332
20602,-0.785310436,-0.878323332
20603,-0.563137533,1.12799109
20604,0.567952103,0.912351183
20605,-1.86275542,-1.44587808
20606,-0.824816959,1.01928533
20607,0.927245257,1.793448
20608,-1.79925106,1.26775508
20609,-0.639446212,0.364997383
20610,0.103910005,0.83817079
20611,0.103910005,0.83817079
20612,-0.955985923,-2.18469182
20613,-1.10496106,-1.55435417
20614,-1.20660486,0.0764138198
20615,-0.819293708,1.11125501
20616,-1.07694754,0.408077216
20617,-2.20517583,-0.775255188
20618,-1.03986702,2.6623427
20619,1.61409819,2.41273162
20620,1.61409819,2.41273162
20621,-1.33128348,0.257164956
20622,-1.00074924,-0.320648059
20623,-0.843191189,-1.06949514
20624,-1.92732014,1.62813654
20625,-0.431376296,-1.21122987
20626,-3.65030196,-0.75289815
20627,-0.808648504,-0.664816756
20628,0.769418717,-2.7477628
20629,0.769418717,-2.7477628
20630,0.801414834,-0.195393894
20631,-1.28775734,-1.42346076
20632,-1.04360761,-0.579441343
20633,-0.869534537,-2.27556061
20634,-1.06643161,-0.602075163
20635,-1.0393651,-1.01444382
20636,-0.800592723,-0.869266824
20637,-0.995890138,0.892067981
20638,-0.995890138,0.892067981
20639,0,1.16170339
20640,-0.80860444,0.058185188
20641,-0.65241484,-0.212178561
20642,1.3153113,0.133237532
20643,0.563234363,0.272544748
20644,-0.0730048218,0.89859141
20645,0.506748313,1.93287601
20646,-0.349643465,0.793495868
20647,-0.349643465,0.793495868
20648,-0.247623181,-2.23365596
20649,-0.878148384,-0.0815193449
20650,-1.50579031,-1.58642095
20651,0.0825588811,-0.650359944
20652,0.0144568017,-1.07644622
20653,-1.57554534,-1.55372736
20654,-1.53195148,0.479445444
20655,-1.24124371,1.18434312
20656,-1.24124371,1.18434312
20657,-0.0332400892,-1.55580613
20658,0.887739041,-0.641721325
20659,-0.705545841,-0.123108368
20660,0.467169013,0.652548539
20661,0.602910406,-1.18808171
20662,-0.267991585,-2.60017845
20663,-0.390117914,1.35617219
20664,1.58640975,-0.12533557
20665,1.58640975,-0.12533557
20666,1.44211358,-0.418639229
20667,-0.307187589,0.0410832704
20668,-0.314479922,-0.788880269
20669,-0.225324388,1.32500651
20670,-0.100469995,-0.147658204
20671,-0.632871628,-0.33574487
20672,-0.766883122,-1.11517561
20673,0.162651765,-0.45394446
20674,0.162651765,-0.45394446
20675,1.04291197,0.710541618
20676,-0.567461613,-0.446532905
20677,-1.5785878,-1.22913913
20678,-2.16726566,-0.647699615
20679,-1.16777962,0.108337529
20680,-1.7427275,-0.950909375
20681,-0.414683418,-0.328442663
20682,0.587903933,-2.02864724
20683,0.587903933,-2.02864724
20684,-1.50495285,-0.349553618
20685,0.772076467,-0.184815603
20686,-0.468256282,0.661042561
20687,1.57564431,-1.39426867
20688,-0.715557213,-0.355765569
20689,-0.869803724,-0.73422637
20690,0.275346665,-0.626835455
20691,-0.830666061,0.682666064
20692,-0.830666061,0.682666064
20693,-0.0344089816,1.42948446
20694,0.874743123,0.269219421
20695,-1.7151498,-1.71573077
20696,0.804618432,1.1408394
20697,1.70004228,0.743332928
20698,-0.65964806,-1.84957416
20699,1.71930544,0.650919664
20700,-0.620396978,-0.874790378
20701,-0.620396978,-0.874790378
20702,-0.575578006,-0.132503131
20703,-0.0205474487,1.27963123
20704,-1.52218671,-0.732970956
20705,0.773584046,1.30752647
20706,2.16612564,0.116806033
20707,-0.262144074,-0.12580312
20708,1.92978464,-0.174481556
20709,-1.16483462,2.00934836
20710,-1.16483462,2.00934836
20711,-0.689687378,-0.45936145
20712,-1.91177417,-2.11258715
20713,-0.201929913,0.622240444
20714,1.3790941,0.726852341
20715,2.74077624,0.583688438
20716,-0.91362272,1.49602093
20717,-0.641004908,1.14949675
20718,1.90068718,0.965246426
20719,1.90068718,0.965246426
20720,0.419133313,-0.798094676
20721,-1.29068144,1.22751796
20722,-1.10301455,-1.42501357
20723,0.137127321,-0.708305425
20724,-1.06356108,-0.285862146
20725,-1.79698635,-0.630645683
20726,-1.98023584,0.0293080266
20727,0.579757395,-0.552834375
20728,0.579757395,-0.552834375
20729,-0.509637423,-1.94153876
20730,1.0076498,0.537760387
20731,-1.70533758,-0.422094495
20732,1.83240714,0.0999234933
20733,0.832495978,0.0586392223
20734,-0.251513975,-0.274039817
20735,-0.189634045,-1.74131666
20736,-0.684822992,-1.56402505
20737,-0.684822992,-1.56402505
20738,-0.936867931,1.25537331
20739,-0.470051596,0.378474944
20740,-0.115720248,-1.36706908
20741,-0.502226564,0.496232551
20742,0.853615445,-0.554292879
20743,-1.05964721,-0.485400723
20744,0.259041183,0.424032314
20745,1.77666028,-1.65519047
20746,1.77666028,-1.65519047
20747,-0.0171169646,-0.583024298
20748,1.44454743,1.10658915
20749,-1.5260523,-1.35684372
20750,1.26472574,-0.479330416
20751,-1.35171845,1.96553332
20752,-2.15551613,0.12033586
20753,-2.71850747,-0.788858746
20754,-0.730918942,2.06100524
20755,-0.730918942,2.06100524
20756,0.375816435,0.198002617
20757,-0.773642551,-1.11192976
20758,-0.259302053,0.702891154
20759,-0.383975106,-1.1682397
20760,-1.14447686,-1.34854305
20761,-1.28284586,-0.420083382
20762,0.0137045353,-0.972137919
20763,-0.585554029,-0.365880478
20764,-0.585554029,-0.365880478
20765,0.497615674,-0.544596946
20766,-1.45821463,-0.298016245
20767,-2.08668609,-0.864906341
20768,1.59056356,-1.0923108
20769,1.00383776,-0.47913038
20770,-1.20278844,-0.189929185
20771,-1.33027767,-1.84218827
20772,0.183219235,-2.12549442
20773,0.183219235,-2.12549442
20774,0,-0.784256673
20775,-1.4638128,-0.328717617
20776,-1.40310511,-0.653917416
20777,-0.0567145394,-0.854344956
20778,-0.604888669,0.33033886
20779,-0.711289563,-1.07301556
20780,-0.323220175,0.623907402
20781,-1.31952689,-0.507106251
20782,-1.31952689,-0.507106251
20783,-2.27880518,-0.0673914423
20784,1.33839689,-0.449852204
20785,-0.39867027,-0.76060033
20786,-0.357505355,-0.520237905
20787,2.22584672,-0.155185633
20788,0.471245493,0.830615523
20789,-0.044421393,1.43264982
20790,1.49757475,0.742958733
20791,1.49757475,0.742958733
20792,0.524665752,-0.0332714297
20793,-1.07004769,-0.197554373
20794,-1.20533478,-1.28005818
20795,0.847627402,0.100102685
20796,-0.0424064837,-0.519521123
20797,-2.43350096,-0.541727779
20798,0.644760969,0.813243644
20799,-0.38088326,-0.0613663474
20800,-0.38088326,-0.0613663474
20801,-0.908778671,0.621377686
20802,0.52153416,-1.19230387
20803,0.138014432,-0.648790995
20804,-1.68245079,0.271573975
20805,0.335041076,-0.555133492
20806,-1.32486019,-0.385856853
20807,-2.12367923,-0.327931738
20808,-0.991557748,-0.764263688
20809,-0.991557748,-0.764263688
20810,-0.0320201783,0.502438356
20811,0.717051475,-0.687723112
20812,-0.484417371,-0.822846935
20813,1.03261931,0.4079018
20814,-1.1890203,0.737443595
20815,-0.681012292,0.326689972
20816,1.33532208,1.54862403
20817,-1.38573611,-2.1189493
20818,-1.38573611,-2.1189493
20819,1.10645232,0.269432205
20820,0.787923418,1.59118827
20821,-2.78981534,-1.31286328
20822,2.16848247,1.05075161
20823,-0.596395172,0.336422651
20824,-1.80363428,-2.11281137
20825,-0.131989198,0.408312685
20826,-0.526346194,-1.30510642
20827,-0.526346194,-1.30510642
20828,-2.48680565,-0.728674283
20829,-1.02183381,-0.693985154
20830,-0.884640522,-0.0496700402
20831,0.170455056,-0.0142879836
20832,1.76871214,0.410167144
20833,-1.02622068,0.390951289
20834,-0.474262919,0.786363119
20835,0.926148307,-0.788909834
20836,0.926148307,-0.788909834
20837,-0.629510207,0
20838,0.579785272,-0.506054331
20839,-0.709213947,-1.30001464
20840,0.0852031014,-1.62468286
20841,-1.27588015,0.801862264
20842,-2.26091616,-0.39470599
20843,-0.567107348,-0.144330107
20844,-0.51281333,-0.72272247
20845,-0.51281333,-0.72272247
20846,0.58844211,-1.36726894
20847,0.613442537,0.387061598
20848,-1.83013397,-0.278083907
20849,0.853568527,0.466217362
20850,-0.0572427847,-1.85459951
20851,-0.277515518,-1.74208684
20852,0.651832926,0.559922378
20853,0.0410408015,-1.357548
20854,0.0410408015,-1.357548
20855,-0.640767556,-1.14802956
20856,-0.100540338,2.09636441
20857,0.262984531,0.557278695
20858,-0.703441069,0.0138995676
20859,0.520117352,0.578806194
20860,-0.788331762,-0.447222763
20861,0.534180803,1.29067201
20862,-1.79347504,0.756831897
20863,-1.79347504,0.756831897
20864,1.05704082,1.30608956
20865,0.687134463,2.43397316
20866,0.859034577,0.227695338
20867,0.798056805,-1.2767284
20868,-1.84742136,1.05578572
20869,-1.10926981,0.0681152877
20870,-1.31731371,0.528921193
20871,1.12851391,0.598198224
20872,1.12851391,0.598198224
20873,0.844708964,0.0159286145
20874,0.420887224,0.202631699
20875,1.61365403,0.587771979
20876,0.639216621,-0.731200496
20877,-0.197362207,1.12179406
20878,1.54438266,0.527579759
20879,0.930230671,-1.65810306
20880,-1.80979244,-1.22834694
20881,-1.80979244,-1.22834694
20882,2.08887557,0.614396388
20883,1.75188552,-1.18933733
20884,-1.49767192,-0.283386569
20885,-0.858342302,0.510537874
20886,0.613762788,-2.82039364
20887,-0.098956281,-1.57564682
20888,1.5501009,-0.150281335
20889,1.18526943,-0.573936975
20890,1.18526943,-0.573936975
20891,-3.1383598,-0.416902554
20892,-0.582953221,0.898484079
20893,-0.958543981,1.66195477
20894,-0.448116494,-0.101111953
20895,2.03516637,0.517747883
20896,0.0692932405,-0.065140321
20897,-0.230813359,-0.62734132
20898,-1.15340484,0.950987678
20899,-1.15340484,0.950987678
20900,-0.207903161,0.617660652
20901,1.08748771,1.59730868
20902,0.470741056,0.702630196
20903,0.629696489,0.0547837131
20904,0.133073899,-0.101574688
20905,-0.760294281,1.58506483
20906,-1.31442761,-0.708650573
20907,0.564184545,0.339371962
20908,0.564184545,0.339371962
20909,0.965339753,0.109821055
20910,-0.831421641,-1.34953517
20911,-0.0695975925,-1.57258392
20912,0.805410648,-0.947576523
20913,0.494044541,-1.22447155
20914,-0.264297793,-0.825081773
20915,0.395447572,-0.253797047
20916,0,-1.53047167
20917,0,-1.53047167
20918,0.437643669,-0.864916612
20919,0.966067487,0.100017699
20920,-0.013917275,1.24610047
20921,0.402371122,-2.15310317
20922,1.9435279,-0.605879053
20923,0.512950422,-0.174146331
20924,-0.368131142,0.824384344
20925,0.452800842,-2.2887485
20926,0.452800842,-2.2887485
20927,-0.751284816,0.581291834
20928,-1.75040254,-1.79976574
20929,-0.675163322,0.96795033
20930,1.21470582,-0.0436973847
20931,-2.02146419,0.202717698
20932,-1.36038617,0.492903331
20933,-0.930458472,1.19677948
20934,1.00134149,2.56475506
20935,1.00134149,2.56475506
20936,-0.382725679,0.638276068
20937,-0.347712366,0.876669271
20938,-0.267498196,0.568342168
20939,1.10823386,-0.557157245
20940,-0.487881136,0.442573481
20941,0.103333579,0.888392369
20942,-1.74212591,-1.44502886
20943,1.33899199,0.458317992
20944,1.33899199,0.458317992
20945,-0.982767331,0.941496825
20946,0.539974288,-1.18893685
20947,-0.252442241,0.455082236
20948,-0.612344379,-2.53734574
20949,2.19221105,-1.65689844
20950,0.60971529,0
20951,-1.77706319,2.63352296
20952,2.72614504,-2.05903236
20953,2.72614504,-2.05903236
20954,2.03620129,0.801536794
20955,-1.08262899,0.735422369
20956,-0.769698292,1.57409584
20957,-0.0289095831,0.0573827099
20958,0.310835674,0.530720438
20959,-0.207193246,1.59306608
20960,2.10175871,-2.29010391
20961,-0.332276518,1.0071021
20962,-0.332276518,1.0071021
20963,-0.501115529,0.0800804693
20964,0.59324891,0.12141969
20965,-0.248151876,0.400953941
20966,0.519627452,-0.959863653
20967,-0.550803996,-0.434692345
20968,0.732937705,-1.23643258
20969,-0.102004616,-0.468777577
20970,0.538458231,0.789466123
20971,0.538458231,0.789466123
20972,1.7710079,-0.472291442
20973,-0.122222669,0.440139013
20974,-1.12636685,-0.221309938
20975,-0.199079889,-0.901753693
20976,-2.19768655,-0.38569229
20977,-0.903510502,-1.21036346
20978,-1.01988882,-0.221056551
20979,-1.31698286,-0.181100385
20980,-1.31698286,-0.181100385
20981,-1.47507704,0.147119457
20982,1.86425198,0.278662003
20983,0.894512811,0.331044881
20984,-0.130338213,0.366679235
20985,-0.617247494,-2.5035854
20986,-1.34679032,-0.360531645
20987,0.394629104,-0.236635407
20988,-0.780353215,0.383183369
20989,-0.780353215,0.383183369
20990,1.56506982,-1.02930054
20991,-0.585082356,1.13112094
20992,-1.80781351,1.22668484
20993,0.0728713775,0.756289917
20994,-0.598419649,-0.593489672
20995,-0.301991105,-1.36121235
20996,-1.25275327,-0.165627632
20997,0.704254975,1.11003182
20998,0.704254975,1.11003182
20999,-1.54078734,0.68356013
21000,1.29842739,0.862315619
21001,-0.238821408,1.11486018
21002,-0.47810241,-1.20587125
21003,-1.13046696,-1.38718912
21004,-0.325889307,-0.441019734
21005,0.718721489,-2.34565981
21006,-0.310139491,0.360588605
21007,-0.310139491,0.360588605
21008,-0.13335571,0.524809546
21009,-0.471127631,-1.5578828
21010,-0.770468793,-0.378247508
21011,0.0142268973,-1.16968709
21012,-0.567917446,1.95108863
21013,-0.62640434,1.00390624
21014,0.565037148,1.23650931
21015,1.34020915,2.24997308
21016,1.34020915,2.24997308
21017,-2.24150589,-1.16793646
21018,0.925403996,-0.158739857
21019,0.509794247,-0.287049012
21020,-1.6339465,-0.199385788
21021,0.394556639,0.570020928
21022,1.08399172,-0.181297951
21023,0.828226953,-0.390944776
21024,-0.881149174,-0.735643549
21025,-0.881149174,-0.735643549
21026,-0.0835405515,-1.20808395
21027,1.27309891,0.254999773
21028,-0.85505896,0.928435486
21029,0.246827053,-0.255553127
21030,-0.887939556,0.401344191
21031,-1.61711637,0.327177743
21032,-0.472136433,-1.1421939
21033,-0.145236188,-1.2924763
21034,-0.145236188,-1.2924763
21035,-2.69371927,1.58370926
21036,-1.78882104,-0.183802445
21037,-1.78585556,0.740169474
21038,3.21884898,0.920440055
21039,1.33616709,0.2642218
21040,0.576671382,0.634105123
21041,0.672224328,1.0299301
21042,-1.51751165,-0.388687774
21043,-1.51751165,-0.388687774
21044,-1.92548406,-0.546277467
21045,-0.0392059219,1.02649753
21046,0.954225971,0.385787329
21047,-0.275558217,0.548311578
21048,-0.366575279,0.377814386
21049,1.3904198,1.76584319
21050,0.432197909,-0.885205974
21051,-0.869237087,-1.23622066
21052,-0.869237087,-1.23622066
21053,1.09096003,1.38659653
21054,-0.0206011001,0.428331002
21055,-0.310349672,-1.03837468
21056,-0.308691463,0.143153186
21057,-0.27217389,1.13943446
21058,-1.71542703,0.0907354129
21059,1.3612325,-1.0981387
21060,-0.666140076,-0.438200375
21061,-0.666140076,-0.438200375
21062,0.329121615,-1.55802303
21063,0.631796298,0.23896493
21064,-0.817849168,0.745058534
21065,1.60542176,1.57969855
21066,0.0297957755,0.413095264
21067,0.0343199562,0.777416083
21068,-0.864168535,1.05536313
21069,1.05304794,-0.994940196
21070,1.05304794,-0.994940196
21071,-0.796720912,0.04956209
21072,-0.543897585,0.17839979
21073,0.0557805972,0.540530701
21074,-0.0989246857,1.98073124
21075,-0.799818461,-0.370835384
21076,-0.241347186,-0.604970207
21077,0.0767196438,0.809294994
21078,-1.33267049,0.343531823
21079,-1.33267049,0.343531823
21080,1.89133608,-0.449885323
21081,-0.564277028,-1.8317368
21082,-0.250240749,0.747840581
21083,-0.352691987,-2.23099035
21084,-0.0140152899,0.241803534
21085,1.03173685,0.182330869
21086,0.690601088,-0.194493859
21087,-1.00553433,0.117639521
21088,-1.00553433,0.117639521
21089,-0.304302262,-1.06590113
21090,0.329790694,0.252551881
21091,-0.308117799,0.624458171
21092,1.55616931,0.465786513
21093,-1.20793643,-1.53191022
21094,-0.492004587,0.0870522842
21095,-0.99169079,-0.744276878
21096,-1.8709255,1.51574797
21097,-1.8709255,1.51574797
21098,0.485184681,-0.546748694
21099,-1.15239914,-0.422596727
21100,-1.13252871,0.916343473
21101,-1.94053365,0.228817688
21102,0.902008468,1.58715538
21103,-0.206523884,2.10047867
21104,-0.339663019,1.10641365
21105,-0.246783475,0.900282087
21106,-0.246783475,0.900282087
21107,0.186913634,-0.258137065
21108,0.200200602,0.177417128
21109,0.0559193303,0.254822981
21110,-0.100623892,1.20030939
21111,0.51736291,0.692554591
21112,0.682284038,0.795713568
21113,0.816409892,-0.866291192
21114,0.475244859,-1.58575121
21115,0.475244859,-1.58575121
21116,0.4735737,0.77494017
21117,-1.24180326,-0.569422777
21118,0.0704693585,-0.368013634
21119,0.460356866,0.572020902
21120,1.07568066,-0.916304643
21121,0.759404698,-2.41268118
21122,0.915277292,-1.11390109
21123,-1.66411984,0.0856979814
21124,-1.66411984,0.0856979814
21125,0.602674907,-0.231690357
21126,-1.58203225,0.158975341
21127,0.358437429,0.797350252
21128,0.443062504,-0.361984762
21129,-1.13790247,-0.185143617
21130,-1.3547666,1.07985418
21131,0.486903172,-0.620934413
21132,0.394417672,0.308706019
21133,0.394417672,0.308706019
21134,1.89904205,-0.968889115
21135,1.29193181,-1.50746465
21136,-1.608467,0.334437218
21137,-0.405511049,0.174477118
21138,-2.02088229,0.0864190855
21139,-1.15072256,0.569585748
21140,-0.570742599,0.444896406
21141,1.62120227,-1.24719183
21142,1.62120227,-1.24719183
21143,-2.54847956,-1.10721514
21144,-0.674299048,0.324066685
21145,-0.22558917,1.12740843
21146,0.833711242,-0.0576419216
21147,1.19727272,-0.042119795
21148,0.543175423,0.637152535
21149,-0.293511832,-1.18466129
21150,-1.60148898,0.64498648
21151,-1.60148898,0.64498648
21152,-0.148117947,1.69750534
21153,1.76589415,0.380393945
21154,-1.10495318,-0.38702766
21155,-1.21740843,1.19713474
21156,0.232149705,0.743557929
21157,-0.157210504,1.19705572
21158,0.719408524,-0.622832442
21159,-0.226189536,-0.60933159
21160,-0.226189536,-0.60933159
21161,-1.20120241,-1.6259269
21162,-0.0419999049,1.77593467
21163,0.789481465,0.392100926
21164,-0.473362826,0.0285040932
21165,-1.11098776,0.613942454
21166,1.17180303,-0.442630424
21167,-0.141253298,1.135915
21168,-0.0846645648,-0.804470394
21169,-0.0846645648,-0.804470394
21170,1.94465253,-1.87388584
21171,-0.339960638,-0.850624343
21172,-0.69403355,0.65206642
21173,-0.77770773,0.320673189
21174,-0.783681007,-0.781522311
21175,-1.3668824,-0.789013685
21176,-0.936672694,1.78391638
21177,-0.327450854,-0.0204229209
21178,-0.327450854,-0.0204229209
21179,-0.0164450292,0.43011679
21180,0.603015056,-0.198513775
21181,-1.0533262,0.207216765
21182,0.567259358,-0.0853336192
21183,-0.199112182,0.67017804
21184,-0.371962795,0.507858903
21185,0.58978582,-0.691713749
21186,0.247785663,-0.832784571
21187,0.247785663,-0.832784571
21188,1.09725772,-1.10457599
21189,0.0621187458,0.402132217
21190,0.256679438,0.937561792
21191,-1.09083395,-0.391987544
21192,-0.317060438,1.78188044
21193,0.767114344,1.94558994
21194,0.378135424,0.509534926
21195,-1.2452039,0.355626048
21196,-1.2452039,0.355626048
21197,-0.524661232,0.437536684
21198,0.182332789,-0.70094723
21199,-0.431684969,-0.911020499
21200,-1.43300494,0.793276331
21201,0.173529029,-1.3527141
21202,0.0327846514,-0.703091785
21203,-0.526582587,-0.428430496
21204,-0.474163058,-0.520166897
21205,-0.474163058,-0.520166897
21206,1.70862719,-1.07178522
21207,-0.359509478,0.902317341
21208,-0.0839806189,0.333785644
21209,-0.37842028,-0.592907783
21210,-1.59321247,0.949060192
21211,-0.673697774,0.717604589
21212,1.57216955,1.44361999
21213,1.20874495,0.163043612
21214,1.20874495,0.163043612
21215,-0.917345659,-0.832365584
21216,0.217142401,0.445256715
21217,-1.00689373,0.786051135
21218,-0.274740135,0.523284855
21219,-0.220785118,1.4344389
21220,0,0.906553914
21221,-0.991229229,0.626563467
21222,0.471956623,0.22725406
21223,0.471956623,0.22725406
21224,-0.928389984,0.722618169
21225,2.50991268,-0.121565009
21226,-0.153085863,1.59810136
21227,1.13441654,-0.273058081
21228,0.0736964287,-1.61265311
21229,-0.49395237,-0.394150881
21230,-0.448331385,0.546785252
21231,-0.652995366,0.122022328
21232,-0.652995366,0.122022328
21233,-0.37580185,-0.955266236
21234,0.743152513,0.0409293374
21235,-0.381062667,0.124610855
21236,-1.33449737,0.575509836
21237,-0.146842656,0.316576475
21238,-0.94382127,1.76908913
21239,1.21784454,-0.295137877
21240,-1.07716155,-0.237097718
21241,-1.07716155,-0.237097718
21242,1.43985149,1.88290871
21243,-0.182201639,0.853828938
21244,-0.513471675,0.489140469
21245,-1.33073728,1.31966634
21246,0.145249452,-0.0850915757
21247,-0.940773318,1.30651479
21248,-0.104289942,-0.708816398
21249,2.49150868,-0.204687942
21250,2.49150868,-0.204687942
21251,0.170036634,0.26491812
21252,-0.873022677,1.3240722
21253,0.394885728,1.5076354
21254,2.88435733,0
21255,-0.576029481,0.101437956
21256,0.340859894,0.169511074
21257,0.333630424,1.20145801
21258,-1.72480502,0.491415696
21259,-1.72480502,0.491415696
21260,1.41629225,0.134880314
21261,-1.54581062,0.417739092
21262,-0.642457699,-0.0544752182
21263,0.250505124,1.12824975
21264,2.85347602,-0.614916495
21265,2.19339529,-0.269525102
21266,-0.236517186,-0.346205593
21267,0.29906082,0.0196353345
21268,0.29906082,0.0196353345
21269,0.134129133,0.0518392227
21270,1.39829645,0.566858079
21271,0.492803564,0.376686964
21272,0.780405542,1.21702557
21273,-1.27232609,0.342521817
21274,-1.1440434,-0.0778396642
21275,-0.0440344886,-0.553971566
21276,0.163730067,0.160020375
21277,0.163730067,0.160020375
21278,1.57424259,0.113390771
21279,0.542954141,0.484026279
21280,-1.18501859,1.27489439
21281,0.708152075,-0.145964967
21282,0.220182906,-1.03494768
21283,-0.495689361,0.973617482
21284,0,0.74375687
21285,-0.104582331,-0.55686636
21286,-0.104582331,-0.55686636
21287,-0.997434717,0.835373785
21288,-0.93445373,0.659492349
21289,-0.244320437,0.266288411
21290,0.118509971,-0.687774854
21291,1.05668989,-0.577226642
21292,-0.378299566,-1.33078727
21293,-0.288517354,-1.67292856
21294,-0.858772057,-0.596607739
21295,-0.858772057,-0.596607739
21296,2.58774458,0.779001994
21297,-0.340127039,-1.29856424
21298,-1.5424367,-0.0138896578
21299,1.51314554,-0.857143525
21300,0.869435705,-1.18807698
21301,-0.640329148,-0.477868646
21302,0.987330381,-0.731149944
21303,0.957650757,0.957394476
21304,0.957650757,0.957394476
21305,-0.927058663,-0.765982409
21306,-0.37541268,-0.861703156
21307,1.59661542,0.217085034
21308,0.0439787179,1.94462607
21309,-0.373130579,-0.420342079
21310,1.43927994,0.323834689
21311,1.2722645,0.669907168
21312,0.0210055136,1.18836737
21313,0.0210055136,1.18836737
21314,2.06021545,-1.94212916
21315,0.329873667,1.28237196
21316,-2.03527926,-0.459948892
21317,-0.786323204,-0.92677766
21318,2.20708134,0.158782144
21319,1.25129926,0.688535404
21320,-0.495848533,1.32637629
21321,0.330872005,-0.264172994
21322,0.330872005,-0.264172994
21323,-1.17524254,-0.37182121
21324,-0.346695667,-1.0729586
21325,-0.0979603392,1.15025721
21326,-0.582326418,-1.27871323
21327,-1.82894603,-0.0587512246
21328,-1.85575795,-0.330984053
21329,-0.444933505,0.290701504
21330,-1.89461113,-0.43677107
21331,-1.89461113,-0.43677107
21332,0.880921826,1.52166348
21333,-0.160481928,-0.76247107
21334,-0.186069853,1.21419209
21335,-0.0885368368,0.304700909
21336,0.237835516,-1.37496424
21337,0.961570998,-1.21155268
21338,1.39121951,-2.41061857
21339,0.342147954,-0.38156408
21340,0.342147954,-0.38156408
21341,-1.39646277,0.113395693
21342,1.11574646,0.648622428
21343,-0.377881523,-0.968046254
21344,1.37754856,0.0275487153
21345,1.01597901,-0.704781131
21346,-0.422057187,-0.455516445
21347,-1.50114832,-1.04962983
21348,-1.05788988,0.304556639
21349,-1.05788988,0.304556639
21350,0.381911522,-0.978300652
21351,0.7231074,0.623507613
21352,-0.253921572,0.692825824
21353,0.0446594315,-1.60480782
21354,0.669504862,-0.545901301
21355,0.863561745,-0.190632937
21356,0.3715697,0.737513115
21357,0.439169555,1.2320406
21358,0.439169555,1.2320406
21359,-1.65025114,1.34602363
21360,0.829742163,1.63886533
21361,-1.63700966,0.976764761
21362,-2.03561367,-0.101690023
21363,-1.10749256,-0.370431033
21364,-1.38756048,-0.332287077
21365,1.01823197,0.486977451
21366,0.338615273,-0.306591978
21367,0.338615273,-0.306591978
21368,-0.182553705,1.15486034
21369,0.30921737,0.308418401
21370,0.527670133,0.910866502
21371,-1.11218404,0.269524496
21372,-0.162695093,0.683893686
21373,-0.123586199,1.14283131
21374,-0.695685684,-1.65902264
21375,0.94516987,-1.02312914
21376,0.94516987,-1.02312914
21377,0.904298348,0.684033965
21378,1.70735233,1.11392901
21379,-0.156641829,-0.327220069
21380,1.4932741,0.303734465
21381,-0.1736595,-0.120647496
21382,-0.631716365,0.7363396
21383,-1.4844548,-0.485079229
21384,2.08700611,-0.784055767
21385,2.08700611,-0.784055767
21386,-0.168471535,-2.61150664
21387,-2.06143576,0.41694585
21388,-0.309050388,1.5712039
21389,1.28425203,0.707094475
21390,0.67480554,-0.455946236
21391,-0.320350327,1.38135978
21392,0.352151904,-0.151064554
21393,0.0830598376,0.82299754
21394,0.0830598376,0.82299754
21395,0.262809547,2.58980861
21396,0.441202506,0.676391356
21397,0.0972538473,0.342916432
21398,0.492191573,0.391051639
21399,1.32236065,-0.386180911
21400,0.289539139,-0.441721835
21401,-0.669465495,-1.17780843
21402,-1.46966398,0.70384799
21403,-1.46966398,0.70384799
21404,0.248299413,0.475036338
21405,1.15410732,1.32201182
21406,-1.10753578,0.0691200757
21407,-0.564064098,-0.513649172
21408,-1.19933399,1.74445683
21409,-0.350791191,0.446291207
21410,-2.21596167,0.709717896
21411,0.395534551,0.272566246
21412,0.395534551,0.272566246
21413,-3.13787757,-0.517442545
21414,0.36383063,0.604957191
21415,0.724796385,0.356573889
21416,0.39560724,-1.45584107
21417,-0.41486086,-0.185479395
21418,-1.99863333,0.231434517
21419,-1.24827692,1.57764827
21420,0.590486553,-0.488734407
21421,0.590486553,-0.488734407
21422,0.706790726,-0.418800357
21423,0.319658892,1.2930994
21424,-1.17665052,0.89654761
21425,0.377749509,-0.376428135
21426,-1.1953339,0.564837813
21427,-0.548657442,1.10244389
21428,0.323812107,-0.0146210988
21429,-0.331367182,0.953969628
21430,-0.331367182,0.953969628
21431,-0.879485885,0.691541497
21432,-1.05354817,0.0413647201
21433,0.0563403671,0.013976044
21434,-0.540121335,-0.91539033
21435,0.303561758,0.560061053
21436,-0.310407133,0.135956796
21437,1.60726942,0.992393398
21438,0.727723016,-0.160030645
21439,0.727723016,-0.160030645
21440,0.0864345462,1.12894606
21441,0.322712808,0.916204322
21442,-2.56752526,0.248895999
21443,-1.12392033,-2.06153083
21444,-1.17375742,1.13635152
21445,-1.76376948,0.986997379
21446,0.557939378,2.25322935
21447,1.42900568,0.602940449
21448,1.42900568,0.602940449
21449,-1.50990153,0.100154772
21450,1.46244238,1.05510603
21451,1.73635321,0.772318375
21452,-1.1597589,-0.947522842
21453,-0.361034835,-0.31563828
21454,0.169867674,-0.618713105
21455,-0.49718603,0.764019682
21456,0.244164907,0.690747997
21457,0.244164907,0.690747997
21458,1.82782456,-0.407503142
21459,-1.65350195,-1.22795488
21460,-1.25045215,-0.363426875
21461,0.933912016,-1.37191759
21462,0.321884538,0.14017274
21463,-0.245467425,-0.47800006
21464,-0.815001168,0.338406686
21465,-1.23618501,0.429769095
21466,-1.23618501,0.429769095
21467,-0.242061222,-1.49244057
21468,-1.98795553,0.439985509
21469,-0.938777663,1.26790308
21470,0.783293536,-1.56034318
21471,-0.394856466,0.189137421
21472,-2.0387119,1.35473586
21473,-0.730637101,-0.454149896
21474,-2.18639115,0.2962302
21475,-2.18639115,0.2962302
21476,0.34960848,0.829458412
21477,1.07533863,1.06322909
21478,0.675861916,0.599908868
21479,0.66230357,-1.49491511
21480,2.12786551,-0.148166233
21481,1.60028598,0.929440429
21482,0.0998429619,0.165833365
21483,0.119412464,-0.781199543
21484,0.119412464,-0.781199543
21485,-0.326973405,-0.0848127151
21486,1.68585102,-1.4746795
21487,-0.0980289761,-1.3770449
21488,-1.19229091,0.56109442
21489,0.13795359,0.0577412078
21490,-0.0535333862,0.445876851
21491,0.83844914,1.24162273
21492,-0.0803255859,0.216467788
21493,-0.0803255859,0.216467788
21494,0.0338002408,-2.12830136
21495,-0.0404853651,-1.83757258
21496,-0.490177167,1.18239568
21497,-0.913817215,0.571558971
21498,0.890817248,-0.414990274
21499,0.0570110725,-0.505132566
21500,-0.542778516,-0.175837844
21501,-0.240089112,-0.274710328
21502,-0.240089112,-0.274710328
21503,-0.523769431,1.37591839
21504,-1.8043319,-0.315551321
21505,-0.726010325,0.780939018
21506,1.5094303,1.72080333
21507,-1.24807774,0.155974532
21508,-1.22031316,-0.546686122
21509,0.46082752,-1.19858489
21510,0.506499767,-0.776113601
21511,0.506499767,-0.776113601
21512,0.346342852,0.277336038
21513,0.802199667,2.22847111
21514,0.014117605,0.667799235
21515,0.126006663,2.13178007
21516,-0.812486726,-0.874299994
21517,-0.0673444385,0.386858894
21518,-0.190635855,0.596514126
21519,1.15935574,0.661031169
21520,1.15935574,0.661031169
21521,1.43797805,0.302534047
21522,-0.484562877,-0.430431064
21523,0.0139526487,0.301219806
21524,-1.47672548,0.905141338
21525,-0.464116359,0.73810129
21526,-0.740872339,1.28057011
21527,1.13041301,0.977023781
21528,-0.355834976,1.54271324
21529,-0.355834976,1.54271324
21530,-0.752270036,1.01001913
21531,1.01517359,-0.0819462832
21532,-0.819490446,1.53796013
21533,-0.369308456,0.609226628
21534,-0.136907094,-0.310508296
21535,-0.509668626,0.826902287
21536,0.118664095,-0.0146484209
21537,-0.300717301,-1.1380051
21538,-0.300717301,-1.1380051
21539,0.350706446,-0.145162095
21540,0.0201002475,0
21541,-0.40271363,0.0288314365
21542,-0.902641888,0.468522628
21543,-2.91330943,0.932821419
21544,-1.39846568,1.70656742
21545,-0.800904422,-0.574552903
21546,0,-0.508511505
21547,0,-0.508511505
21548,-1.1942757,0.184064237
21549,-0.333532214,-0.439123508
21550,-1.02689495,-0.347847455
21551,0.159068151,0.554394599
21552,0.938949497,-0.227949094
21553,0.530142139,-1.23345566
21554,-0.687399904,0.0141728769
21555,-1.95653517,-0.243245915
21556,-1.95653517,-0.243245915
21557,-0.153893769,0.0997990617
21558,0.423857473,-0.744184496
21559,1.11301283,0.68367529
21560,-0.821267486,0.732074302
21561,0.754880834,-0.338938091
21562,0.023944599,0.459665252
21563,-0.776021665,-0.102420262
21564,0.165196091,-1.61696065
21565,0.165196091,-1.61696065
21566,0.875674797,-0.55284878
21567,0.280508893,1.30953921
21568,-1.55530673,1.29403174
21569,0.250170958,-0.323805074
21570,1.12391221,0.0413203713
21571,0.182705188,1.1187145
21572,-0.809466321,0.89848522
21573,0.393950963,-1.22038673
21574,0.393950963,-1.22038673
21575,-0.765585462,1.91219217
21576,1.4135771,-0.91308082
21577,0.223752408,0.80740924
21578,1.85861124,1.14788661
21579,-0.963485702,-1.40817384
21580,-0.146166328,0.688461556
21581,0.917482149,1.93636352
21582,1.57909209,1.20071732
21583,1.57909209,1.20071732
21584,-0.064422572,1.78559459
21585,-0.964389624,1.28113233
21586,-0.469409514,-0.642784595
21587,-1.68555147,0.410001358
21588,0.871479664,-0.930502117
21589,-0.0897100272,-0.234477387
21590,-0.432953797,-1.48544692
21591,2.86262705,-1.08195119
21592,2.86262705,-1.08195119
21593,-0.661855702,1.27482582
21594,-0.94208813,-0.280062898
21595,0.751299406,-0.449426296
21596,-0.452639462,0.975254754
21597,1.29664536,0.343186643
21598,1.91606613,-0.221426914
21599,-0.253561237,-1.51023763
21600,0.517047638,-0.23308987
21601,0.517047638,-0.23308987
21602,1.1458461,-0.591916977
21603,1.19410102,0.311146831
21604,-0.917703638,0.665987761
21605,-0.438988057,0.717195366
21606,0.366187807,0.922520447
21607,0.0998349496,-0.336325379
21608,-0.516670047,0.277772055
21609,0.658567616,1.79186502
21610,0.658567616,1.79186502
21611,-1.42206832,-0.211315385
21612,0.966642898,1.48844651
21613,-1.85984116,0.646572112
21614,0.118603941,-0.319647515
21615,0.39092172,0.299092747
21616,-1.82489938,1.48932806
21617,0.015086403,1.53414752
21618,-1.13390026,-0.832646746
21619,-1.13390026,-0.832646746
21620,0.699156498,0.308278927
21621,0.644208366,1.15219042
21622,0.622936605,0.681549568
21623,0.791985491,0.0992606218
21624,1.65274563,-0.604191641
21625,0.766543893,0.79128247
21626,0.364756671,0.513473478
21627,-1.41553762,-0.228513971
21628,-1.41553762,-0.228513971
21629,-0.624041338,2.39483605
21630,-0.120328563,0.460328924
21631,-0.504919081,-1.00717747
21632,0.350172719,-1.45707727
21633,-0.0146332562,0.597481684
21634,-0.887151137,0.236986083
21635,1.06785909,0.620889054
21636,-1.1318356,-0.0609706974
21637,-1.1318356,-0.0609706974
21638,1.35111955,-1.39294711
21639,0.104713074,0.333897876
21640,-0.820719981,1.20878481
21641,-0.0282218843,-0.928755171
21642,-0.549040623,0.884538758
21643,-0.634165083,-0.66503791
21644,-0.326368196,1.13878192
21645,-0.541088392,-0.0804264433
21646,-0.541088392,-0.0804264433
21647,-1.13906663,1.8303655
21648,-2.05636331,-0.261327445
21649,0.138556631,0.320067183
21650,0,0.259808299
21651,-0.145565599,-0.623892951
21652,-1.35814179,-0.302545971
21653,-0.550916513,0.497296748
21654,-0.787179675,0.179906329
21655,-0.787179675,0.179906329
21656,0.669013868,0.398610978
21657,1.13239154,0.466154375
21658,-0.280732,0.219531938
21659,-0.1968655,0
21660,0.534477406,0.564875531
21661,-0.237802362,0.311916618
21662,1.14134384,-0.792676225
21663,-0.234127625,-0.303537853
21664,-0.234127625,-0.303537853
21665,0.502266079,-0.31882348
21666,-0.209688502,-0.85404299
21667,-0.31245259,0.388550907
21668,-0.134776791,-0.793217676
21669,-0.190061251,-0.502982358
21670,0.243429428,0.314435379
21671,1.94749903,-1.75728089
21672,0.853163172,-0.424527974
21673,0.853163172,-0.424527974
21674,-0.460565851,-0.729928277
21675,1.30999457,-1.47135841
21676,-0.742023927,0.77504426
21677,-0.636518678,-1.28077485
21678,2.67783931,-0.958518167
21679,0.630155989,0.817273355
21680,0.507464245,0.493853099
21681,-0.893805154,-2.10063196
21682,-0.893805154,-2.10063196
21683,-1.57706629,0.617158605
21684,1.05155885,0.769826411
21685,0.612180317,0.451308548
21686,-0.69848346,0.462495208
21687,1.53347555,0.821324031
21688,0.509124269,0
21689,0.941050516,2.12330812
21690,-0.508565378,0.361896995
21691,-0.508565378,0.361896995
21692,-0.248069533,1.39361488
21693,0.0797841748,0
21694,0.155856771,-0.068524225
21695,-0.650850014,-0.751781911
21696,1.10551173,0.184173424
21697,0.745162016,-0.312065306
21698,0.891379717,0.0151144148
21699,-0.669206466,-0.740425016
21700,-0.669206466,-0.740425016
21701,1.07488849,1.18493111
21702,1.00385555,0
21703,0.371034044,1.09078145
21704,-0.651276969,1.34141583
21705,0.299711245,0.255455785
21706,-1.27589591,1.07901005
21707,-0.491393183,-0.476160473
21708,0.570476289,-0.286608566
21709,0.570476289,-0.286608566
21710,-0.273268001,0.916799754
21711,-0.428626017,-1.84750496
21712,-1.84744776,0.237518808
21713,-0.380830034,1.46488459
21714,1.65146397,0.363108186
21715,1.29872699,0.23917063
21716,1.69340191,0.272810778
21717,1.96758065,0.497970568
21718,1.96758065,0.497970568
21719,-0.875491039,1.40986662
21720,-0.561625011,0.488911014
21721,-0.394280837,0.558951606
21722,0.896709997,-0.592423175
21723,1.28912373,1.47813265
21724,-0.174475691,0.223922701
21725,0.118942184,0.35182188
21726,-1.52086127,-0.0594281014
21727,-1.52086127,-0.0594281014
21728,-1.58068727,1.12101523
21729,0.75720889,-1.0993527
21730,-0.693260991,-0.495179908
21731,-0.372004935,-0.603097047
21732,-1.61387102,-0.878852215
21733,-1.77979428,-1.11760971
21734,0.567036768,-0.314447002
21735,0.427755986,-0.805128803
21736,0.427755986,-0.805128803
21737,0.639460564,-0.856143941
21738,0.787508364,-0.673946526
21739,1.09043353,0.323815937
21740,0.216717888,0.583034059
21741,-0.56221409,-0.183576372
21742,0.71413552,-0.159430683
21743,0.589854281,-0.393535434
21744,-0.288242075,0.233922396
21745,-0.288242075,0.233922396
21746,2.15394071,0.293454149
21747,1.12059356,-0.22222799
21748,-0.72051277,0.806797008
21749,-1.06421472,-0.0578499226
21750,-0.69961593,-1.94950252
21751,-0.0222964048,-0.607772632
21752,-1.9006239,-0.117239804
21753,-0.497645063,1.12938358
21754,-0.497645063,1.12938358
21755,-1.15280698,0.249797743
21756,0.179753739,-1.23177827
21757,-1.10317143,0.425852084
21758,0.333019848,-1.30144964
21759,1.14243591,-0.877735624
21760,-2.05536312,0.13189466
21761,0.982520477,0.204137415
21762,0.576173,0.716658537
21763,0.576173,0.716658537
21764,0.454350668,0.934312781
21765,0.790650727,-1.05290392
21766,0.100163795,1.24066424
21767,0.263617921,0.514501282
21768,0.915092911,-2.02481131
21769,0.964642887,-0.354142499
21770,-0.904740195,1.15251455
21771,-0.406301216,-2.05005707
21772,-0.406301216,-2.05005707
21773,0.275675433,0.325795287
21774,-0.638068323,0.490345178
21775,-0.184130822,-0.938621354
21776,1.97817084,0.498558542
21777,0.238618724,0.81917063
21778,-1.50590046,0.178166243
21779,-0.82803748,-0.802607659
21780,1.23830006,-0.486215518
21781,1.23830006,-0.486215518
21782,0.326414126,-1.50492628
21783,-0.535769669,-0.80881008
21784,0.210808831,0.471298266
21785,0.886157466,0.597933923
21786,1.70470846,0.497349377
21787,1.69890895,-0.126715945
21788,0.301348691,1.8040894
21789,-0.73847834,0.346774413
21790,-0.73847834,0.346774413
21791,-1.09970808,0.347735736
21792,-0.105794541,-0.955423232
21793,-0.770509489,0.67989141
21794,-1.46808674,0.238842674
21795,-0.658884076,-1.64324232
21796,0.0992425953,0.126022593
21797,1.4054893,-1.41258058
21798,-0.217170824,-0.224591096
21799,-0.217170824,-0.224591096
21800,0.207391381,1.38628247
21801,-1.47493965,-0.865461176
21802,-0.069740789,1.06264491
21803,0.585262252,0.518050923
21804,1.48741621,-0.414214614
21805,0.169662213,0.153520905
21806,1.21847779,0.310500661
21807,0.594784169,2.78425306
21808,0.594784169,2.78425306
21809,0.360771544,1.05892667
21810,-0.937380405,-1.45104446
21811,-0.697565219,0.110459013
21812,0.31523708,-0.311093459
21813,-1.02389823,-1.29231524
21814,-0.813003592,-0.307386803
21815,-0.432878359,-0.373657072
21816,0.740969652,0.836166197
21817,0.740969652,0.836166197
21818,-0.281288963,-0.378699004
21819,1.85275742,1.19411529
21820,-0.532653142,0.995651391
21821,-0.847995272,1.93443029
21822,0.639557673,-0.226227568
21823,-1.24734319,0.427689421
21824,-0.700908291,-2.12837943
21825,-1.90484432,0.267114007
21826,-1.90484432,0.267114007
21827,-0.276701547,0.264762629
21828,-0.0407358061,3.61427564
21829,0.483464294,1.40890049
21830,-1.09308903,1.14028657
21831,-0.242992964,-0.51146012
21832,0.0908869738,-0.470453154
21833,-0.259940802,-0.109450066
21834,-0.667610921,-0.492908893
21835,-0.667610921,-0.492908893
21836,0.345975113,0.032587852
21837,-0.253294257,0.217641629
21838,-0.649434,-0.381099842
21839,0.723042924,-0.871937121
21840,0.633970879,0.431044278
21841,-0.346147154,-1.17973413
21842,1.13696328,0.74152957
21843,-0.0836004863,-1.26992964
21844,-0.0836004863,-1.26992964
21845,-1.29499998,0.162464733
21846,-1.56282618,0.305582574
21847,0.359178013,-0.139642532
21848,-1.22785266,0.420488404
21849,-0.206236113,0.437848142
21850,-0.564187844,1.47759773
21851,-0.229974303,-0.20011959
21852,-0.399490099,1.11459536
21853,-0.399490099,1.11459536
21854,-1.58371924,-0.0990535009
21855,-2.09751563,-1.32229951
21856,-1.52606852,1.02662544
21857,-0.189269808,0.05684023
21858,0.465551791,1.12644894
21859,1.04535979,1.59037826
21860,0.101677224,1.03258006
21861,-0.754811711,0.785468407
21862,-0.754811711,0.785468407
21863,-1.71977611,0.336209645
21864,-0.828902641,0.914685458
21865,-0.471543993,0.504084729
21866,0.549159277,-0.708603511
21867,1.04110334,-1.30384585
21868,0.0222177336,-0.912456828
21869,-0.651872753,-0.761519781
21870,-1.79877164,0.0602476908
21871,-1.79877164,0.0602476908
21872,0.0670281204,-0.488196103
21873,-1.31915668,0.861031698
21874,-1.71707189,0.0697984656
21875,1.08255804,-2.16602504
21876,0.201339093,0.103594941
21877,-1.0017049,0.686602212
21878,0.36275985,-1.24357806
21879,0.723689828,-0.040944769
21880,0.723689828,-0.040944769
21881,-1.69935772,0.308634301
21882,0.605345099,-0.544719693
21883,1.33296007,0.176375039
21884,0.605923491,0.181029357
21885,0.562325635,-1.42928342
21886,0.727631477,-0.679190782
21887,-0.405379164,-0.391033267
21888,-0.677712534,0.0392001838
21889,-0.677712534,0.0392001838
21890,0,-1.04790286
21891,-0.676252126,-1.85076703
21892,-1.98749017,-0.182152682
21893,0.285436882,-0.333426358
21894,1.83755855,-0.499047971
21895,-0.655182827,0.339970418
21896,1.11261322,0.472528458
21897,0.617931959,1.06548111
21898,0.617931959,1.06548111
21899,-0.71837838,0.130439273
21900,0.69327319,-1.78372517
21901,-0.225424245,1.1566542
21902,0.0833066752,-0.435391208
21903,0.546750356,-1.56678108
21904,0.0767396294,-0.135138626
21905,3.09636187,0.170914181
21906,-0.498983808,2.25206305
21907,-0.498983808,2.25206305
21908,-0.935874471,0.651290907
21909,0.158724195,-0.0588345286
21910,-0.244360919,0.840615046
21911,0.561178851,-1.12725863
21912,-0.707020648,0.309589834
21913,-1.13565413,1.51994749
21914,-0.437737966,0.121272282
21915,-0.252970942,2.24669092
21916,-0.252970942,2.24669092
21917,-0.624397753,0.861687536
21918,-1.30639453,-1.05057861
21919,-0.0140499027,-1.76545569
21920,0.779641904,-0.557337145
21921,0.518235173,-0.785459819
21922,0.737029099,0.723950895
21923,-1.57702725,0.695830425
21924,-0.749663891,-1.26703261
21925,-0.749663891,-1.26703261
21926,0.660766173,-0.886056944
21927,0.978835523,-0.121527506
21928,-0.0138372365,0.492333651
21929,-1.93254786,-0.320724309
21930,0.370488727,1.16817019
21931,0.747478656,-0.0567119095
21932,2.34801004,0.43991098
21933,-0.22577457,-1.68734962
21934,-0.22577457,-1.68734962
21935,0.333590988,-0.479209205
21936,0.100162047,-0.381522434
21937,-1.50307177,1.07226331
21938,0.201114874,0.233548187
21939,-1.3981955,-0.268350604
21940,-1.37109818,0.164323513
21941,-1.00767565,1.11987326
21942,-0.0990813373,0.676357489
21943,-0.0990813373,0.676357489
21944,-0.924070825,1.82388909
21945,-0.516395916,-1.13916204
21946,0.278420859,1.36484437
21947,-0.494226788,-2.38723416
21948,0.659467283,-1.26417526
21949,1.10063627,-0.552227511
21950,-1.43360607,0.518489535
21951,0.623345674,0.409591871
21952,0.623345674,0.409591871
21953,0.530130996,-1.1791474
21954,0.307446228,0.243788799
21955,-0.470106146,-0.150469671
21956,0.509560739,0.319193391
21957,0.936663032,-0.198876099
21958,0.034182438,-0.165640328
21959,-0.51249853,-0.0725515872
21960,-0.219356727,-1.63063084
21961,-0.219356727,-1.63063084
21962,-0.152075776,-0.776843504
21963,-0.824986074,1.19153228
21964,-0.518867744,1.75977288
21965,-1.25143888,-0.112682303
21966,-2.24207221,-0.928535624
21967,-1.62139194,0.090388246
21968,0.606976979,-0.840526547
21969,1.14593244,1.91780627
21970,1.14593244,1.91780627
21971,-0.874496208,0.304762251
21972,-0.240147143,-0.722717836
21973,0.262782179,0.413951423
21974,-0.103395128,-1.42879757
21975,0.116646408,1.78981248
21976,0.193228758,0.417218864
21977,0.517418326,-0.302536009
21978,0.502146352,-0.870022205
21979,0.502146352,-0.870022205
21980,-0.0160651659,1.77600237
21981,0.67327404,1.74109573
21982,-1.2695077,0.110399475
21983,0.628241423,-1.1425183
21984,-0.0287734683,-2.16251461
21985,0.278864367,-0.990179466
21986,1.28865699,1.04132926
21987,-0.437851882,0.117099233
21988,-0.437851882,0.117099233
21989,0.109851554,0.262575993
21990,0.451410706,0
21991,0.541558748,0.357219065
21992,-0.560255099,0.548622465
21993,-0.275480098,0.114220709
21994,-0.136430989,0.477031869
21995,-0.294403736,2.60137645
21996,-0.294473926,0.682538605
21997,-0.294473926,0.682538605
21998,-0.640764121,-0.882959524
21999,-0.0416765509,1.40680865
22000,-0.811680346,1.06352914
22001,0.746233924,-0.844695563
22002,-1.60075388,0.598237123
22003,0.744654721,0.834645452
22004,0.201456084,1.11519079
22005,-0.854706665,-0.712800452
22006,-0.854706665,-0.712800452
22007,-1.59515918,0.940733619
22008,0.887211805,1.95134615
22009,0.155316156,0.125456245
22010,-0.297165213,0.155419474
22011,-1.04546698,0.457214423
22012,0.0893138777,0.0806047741
22013,1.15317973,1.70302536
22014,-0.106331598,-2.12598979
22015,-0.106331598,-2.12598979
22016,0.787141528,1.03685378
22017,-0.407153222,0.257597787
22018,0.929321244,0.0969929939
22019,0.471912266,0.456245644
22020,-0.50587201,0.973387674
22021,-1.3188179,-0.676628603
22022,-0.447722326,-1.95616992
22023,-0.245963068,0.417516374
22024,-0.245963068,0.417516374
22025,0.18813154,-1.09311678
22026,-0.46657246,0.118069844
22027,-1.40274005,1.36644045
22028,0.633558207,1.12502322
22029,0.758164228,-0.828641763
22030,-1.13396226,1.10515463
22031,0.900116454,-0.777816642
22032,-1.2424864,0.270342819
22033,-1.2424864,0.270342819
22034,0.24037708,0.804536204
22035,-0.454520682,0.137246174
22036,-1.75846929,-0.241463382
22037,1.70067665,3.36366295
22038,-1.32595276,-0.159616187
22039,-1.04961243,-0.436269328
22040,0.24259389,-0.316375572
22041,-0.704555871,-0.0782074625
22042,-0.704555871,-0.0782074625
22043,-0.479552449,-1.45723361
22044,0.401002655,-0.866833083
22045,-0.180327599,1.14944242
22046,-0.905772516,1.28572038
22047,-0.277408771,-0.143690348
22048,0.228715109,0.908466891
22049,-0.969862353,0.9073155
22050,0,0.818085174
22051,0,0.818085174
22052,0.675823942,-1.23995241
22053,-1.29203737,-0.985421145
22054,-2.0511766,-0.812476329
22055,-1.71266649,0.72220879
22056,1.52183537,0.667911
22057,-0.363302485,0.370828044
22058,-0.547812073,-0.710523146
22059,0.338536511,-0.341822802
22060,0.338536511,-0.341822802
22061,-1.40814268,0.261348433
22062,1.34530153,2.08850592
22063,-0.0587567208,1.52706094
22064,0.0973055484,-0.776764924
22065,-0.883445235,0.184043673
22066,-0.373652328,0.739915213
22067,-0.45942466,0.755436409
22068,2.18401178,-1.20910519
22069,2.18401178,-1.20910519
22070,0,0.550450231
22071,0.614719993,-0.136657589
22072,-0.944768365,-0.635131145
22073,0.637662618,2.14274601
22074,0.575506983,-1.30035864
22075,-0.555463199,-0.295791399
22076,-1.02744481,-0.492708106
22077,1.29049339,-0.637878615
22078,1.29049339,-0.637878615
22079,-0.179385736,-1.75463029
22080,0.779250795,-0.0398719757
22081,-0.895382176,0.868588873
22082,-0.87566356,-0.906528282
22083,-0.191973132,-0.524892409
22084,-1.09366679,0.0108348445
22085,0.447968706,0.639534123
22086,-3.32802648,-1.05911664
22087,-3.32802648,-1.05911664
22088,0.11570346,0.159359377
22089,-0.524906865,1.08647246
22090,-0.268968121,0.481583865
22091,0.0139966564,0.812567925
22092,-0.705064873,0.555690933
22093,-0.296797989,2.14646756
22094,-0.633001895,-1.28698302
22095,-0.181581596,-0.133491758
22096,-0.181581596,-0.133491758
22097,-1.31937346,0.649233206
22098,-0.817342583,0.0799041725
22099,-0.949832472,1.0833187
22100,-0.141295981,0.127619513
22101,0.760358046,-0.0588296519
22102,0.145710731,1.08323923
22103,0.64061248,-0.253857135
22104,0.0198975841,-0.678285205
22105,0.0198975841,-0.678285205
22106,-1.87966332,0.325783154
22107,-0.80504461,0.197911666
22108,-1.91832165,0.0889417858
22109,-0.557157245,2.06551012
22110,-0.39963122,-0.468034299
22111,-1.2743741,0.0759239701
22112,-0.22745451,1.1443291
22113,-0.297236824,0.0406016584
22114,-0.297236824,0.0406016584
22115,-1.55332617,-0.0676828467
22116,-1.58503714,-1.05974211
22117,-1.88063954,-0.0299857433
22118,-0.642173815,0.416960249
22119,0.395231994,0.420104671
22120,0.237034758,0.65286837
22121,0.530879269,-0.106431518
22122,0.70194912,-0.628138552
22123,0.70194912,-0.628138552
22124,-1.4530934,1.69082528
22125,2.41604576,0.490735517
22126,-0.165781435,0.906737503
22127,0.842875465,2.32507223
22128,0.368776266,-0.489252521
22129,0.872393016,-0.0661088569
22130,-1.41736083,1.43129255
22131,1.01407267,1.35829434
22132,1.01407267,1.35829434
22133,2.39912445,1.26513641
22134,1.40426394,0.231903332
22135,-0.78706222,0.792061646
22136,-0.155945616,0.0988762947
22137,-1.53663704,-1.04566266
22138,-1.73160652,0.659880809
22139,1.94920995,-0.452800141
22140,-0.569225155,2.28800752
22141,-0.569225155,2.28800752
22142,-1.41600769,1.83046322
22143,-0.92070915,-1.76787674
22144,-0.915436523,-0.807332772
22145,0.261088119,-0.0429090245
22146,1.56074423,1.0150349
22147,-0.229369566,0.565333663
22148,-0.477308042,0.989361741
22149,-0.7594946,-0.536565409
22150,-0.7594946,-0.536565409
22151,-1.40574663,0.0332293248
22152,-0.673979155,-0.529504373
22153,-1.63342858,0.901817672
22154,-1.00820709,-1.45307472
22155,-0.52530166,-1.36502632
22156,-0.848164128,0.97839143
22157,-1.57603289,0.48428541
22158,0.445801207,-1.67824376
22159,0.445801207,-1.67824376
22160,-2.12187189,0.357043052
22161,-2.17060867,1.46659881
22162,0.193979822,1.13903553
22163,-1.29570638,0.394444768
22164,-0.755685238,-0.705562382
22165,-0.109135845,0.498264698
22166,0.918745397,-2.02614902
22167,0.494414571,0.406637837
22168,0.494414571,0.406637837
22169,0.530551887,0.399602098
22170,2.03574897,1.3745881
22171,-1.68868628,-0.598935084
22172,-1.14812282,1.41633197
22173,0.0577921775,0.981767374
22174,-0.0111864131,-0.483034949
22175,1.59037819,-1.24349502
22176,2.37636287,1.39942009
22177,2.37636287,1.39942009
22178,-1.9689687,-0.944825978
22179,0.460029747,0.0607528536
22180,-1.47987072,1.68132368
22181,0.768070324,0.586329548
22182,-0.863369775,-0.343874388
22183,-0.387935965,1.80552441
22184,0.0445818483,-0.0580267422
22185,-1.1637805,-2.01026075
22186,-1.1637805,-2.01026075
22187,-0.0971615835,-0.500087046
22188,0.508672932,1.8949193
22189,-1.01372616,-0.79007929
22190,-0.30683172,-0.572385439
22191,0.753599188,1.0379224
22192,-0.0858380214,0.0650098419
22193,-0.0306751989,-0.780080131
22194,0.0201459532,0
22195,0.0201459532,0
22196,0.539059447,-0.587191159
22197,-1.20685652,-0.330086484
22198,0.74608394,0.501910879
22199,0.235349359,-0.383075198
22200,1.81311815,-1.14462546
22201,-0.283471452,0.396937002
22202,0.13239245,0.145790067
22203,0.972475966,1.14845658
22204,0.972475966,1.14845658
22205,-1.14329075,0.380922926
22206,0.283081429,-0.235806254
22207,-1.9224302,-0.10613125
22208,0.492175599,-0.34852827
22209,0.674797897,-0.702636605
22210,-1.50563147,0.52822398
22211,-0.0296476048,0.0450811981
22212,-0.292726391,0.924173999
22213,-0.292726391,0.924173999
22214,-1.17876345,1.12356379
22215,-0.44999439,-0.0402689542
22216,-1.26194447,0.605871093
22217,0.254088272,-0.671428449
22218,-0.211557685,0.272671332
22219,0.65165178,0.785244376
22220,0.233129899,-0.190932034
22221,1.86269254,1.10344403
22222,1.86269254,1.10344403
22223,0.260624443,-0.128531678
22224,-0.821700765,-0.96884754
22225,-1.28270623,0.551614953
22226,0.103084115,0.0294234568
22227,-0.532752216,-0.345924274
22228,-0.153178382,0.568844087
22229,0.568574579,0.704338791
22230,-0.360744317,1.12169233
22231,-0.360744317,1.12169233
22232,0.218344982,-0.0329568381
22233,0.259479871,-0.340362014
22234,-0.422481103,-0.195616409
22235,0.934882432,-0.285832877
22236,-2.36015661,-0.476870172
22237,-1.57071811,-0.206587234
22238,-1.26095123,0.127795449
22239,-0.408054025,1.94284282
22240,-0.408054025,1.94284282
22241,-0.215922726,-0.41873719
22242,2.15044908,0.201130516
22243,-1.94281979,1.19289713
22244,-0.372858401,-0.15069131
22245,0.61019452,-0.583213086
22246,-0.109385074,0.681430987
22247,-1.74966897,0
22248,-0.436078521,0.0825903669
22249,-0.436078521,0.0825903669
22250,-1.50221093,0.874713021
22251,1.47380407,0.696860874
22252,-0.39445719,0.195613079
22253,-0.0290741286,1.08404439
22254,0.898728723,0.942710567
22255,0.900570443,0.378260327
22256,2.7083845,-0.79296549
22257,0.670393193,0.786795616
22258,0.670393193,0.786795616
22259,-0.67203046,-0.476926024
22260,-0.820515503,-2.24024287
22261,-1.49081558,1.082324
22262,-0.361290998,0.514332543
22263,2.85230121,0.413277058
22264,0.384073851,-0.140039126
22265,0.399513388,0.65819776
22266,0.526617026,0.462423703
22267,0.526617026,0.462423703
22268,-0.422505279,-0.979943268
22269,-0.488431185,-1.74721835
22270,-1.36694179,1.13447056
22271,0.393167766,-1.42022647
22272,-0.465861378,-0.756843048
22273,-0.766736853,0.727555122
22274,1.02494281,-1.60102738
22275,0.855580926,0.0381647732
22276,0.855580926,0.0381647732
22277,0.263521311,-0.403511022
22278,-0.40820396,0.739743263
22279,0.088863517,0.391006003
22280,0.794959598,-0.519577263
22281,1.74054401,2.23561278
22282,1.1905754,1.84680738
22283,0.343847498,0.487472517
22284,1.38449209,0.73417072
22285,1.38449209,0.73417072
22286,-0.850825222,0.518317761
22287,1.83350021,0.281938544
22288,-1.84127122,-0.102984752
22289,-0.731501284,-1.86070171
22290,-0.0285549585,0.128406061
22291,-0.819446752,0.907672534
22292,-0.67498598,0.320727043
22293,0.084450159,0.493398053
22294,0.084450159,0.493398053
22295,-0.746354293,0.599431588
22296,0.222162551,-0.0787115485
22297,-0.0731845075,-0.470141477
22298,0.0859276226,-1.63590045
22299,0.995200177,-1.00672441
22300,-0.196220661,-0.683386893
22301,0.322395477,1.31755644
22302,1.52286164,-0.678343882
22303,1.52286164,-0.678343882
22304,0.72526172,-1.02435181
22305,2.1647749,-1.18642479
22306,-1.19111671,1.13459729
22307,-0.287921589,-0.331855914
22308,1.18370485,1.5007974
22309,0.392837357,0.712043287
22310,-0.128216245,0.374779591
22311,0.532622829,-1.1050086
22312,0.532622829,-1.1050086
22313,1.60751156,0.860930062
22314,1.21660495,0.120527975
22315,-0.493374615,1.22079928
22316,1.00552433,-0.249901553
22317,-0.0282563827,0.0585222061
22318,0.686127118,1.56087332
22319,1.22118357,0.523499043
22320,-0.165550309,0.971295109
22321,-0.165550309,0.971295109
22322,-1.98365991,-0.03364874
22323,-0.714893932,0.353234375
22324,-2.16655609,-0.379046292
22325,0.190067157,0
22326,1.0938934,0.386814406
22327,-0.621152805,0.493490741
22328,-0.321702527,-0.826459633
22329,-0.417658672,-1.02855016
22330,-0.417658672,-1.02855016
22331,-1.72529966,-0.252921581
22332,-0.837840449,1.09745194
22333,-0.360226499,-0.102522848
22334,-0.533679213,-1.40085434
22335,0.81812887,-0.645343987
22336,0.862810856,1.49221233
22337,-1.26642644,0.174003887
22338,1.3669028,0.373033149
22339,1.3669028,0.373033149
22340,-0.0650684182,0.0797779258
22341,0.0202257712,-0.144811533
22342,-2.43905537,-0.489018884
22343,-0.85710978,-1.24708986
22344,-0.0717157194,-1.05152682
22345,-1.61563971,-0.573892284
22346,-0.317386356,-0.509265308
22347,0.262266334,-1.1753128
22348,0.262266334,-1.1753128
22349,-0.207428431,-0.0523744489
22350,-0.699993462,0.0205411464
22351,0.0744274254,0.910748833
22352,-0.306411509,-0.0850644804
22353,0.261916976,0.69436191
22354,-1.01855835,0.663451643
22355,2.78372922,-0.641195932
22356,-0.964499087,-0.95380902
22357,-0.964499087,-0.95380902
22358,0.723364102,-0.521974633
22359,-0.796037714,1.12063025
22360,-1.32519974,0.298121643
22361,-1.08131409,0.982208004
22362,-0.907393209,0.596473563
22363,-0.604442285,1.09001433
22364,-0.454539302,0.675525906
22365,0.592469122,0.159506652
22366,0.592469122,0.159506652
22367,-1.09760146,0.549969983
22368,2.05004181,0
22369,-0.598627879,0.134656243
22370,-0.114587953,-0.459749878
22371,0.0410705945,0.811387278
22372,-0.240121797,0.73968744
22373,0.270003049,0.271699767
22374,-0.122446104,-0.0195258329
22375,-0.122446104,-0.0195258329
22376,0.531498237,-0.933989645
22377,0.279217051,-0.175323869
22378,-0.503738307,0.0451195172
22379,1.37727947,-0.411189008
22380,-0.376338312,-1.78488638
22381,-0.817605078,-0.47452565
22382,-2.48714172,0.4105668
22383,0.0615990816,0.581237993
22384,0.0615990816,0.581237993
22385,-0.348316982,-0.0643780563
22386,-1.26110241,-0.773158389
22387,-1.13286423,0.982482584
22388,0.436919835,0.472387439
22389,-0.134794708,0.918331065
22390,-1.48982897,0.0876051832
22391,0.649576132,-0.971880528
22392,1.88681302,-0.501383415
22393,1.88681302,-0.501383415
22394,0.717552665,0.485871787
22395,1.8088842,-0.0795522583
22396,-2.42906469,0.378103078
22397,0.114714546,-2.05487002
22398,0.679577346,0.636147121
22399,-0.796765998,1.11275753
22400,0.731945798,1.52746167
22401,-0.264003646,-0.59682025
22402,-0.264003646,-0.59682025
22403,-1.53928164,-0.3532941
22404,0.0203446798,-0.104653501
22405,-1.5537657,0
22406,-0.289516244,-1.96731387
22407,0.099738257,0.234151767
22408,0.320932254,0.131732308
22409,0.34975124,-0.358634075
22410,0.226742376,-1.39324864
22411,0.226742376,-1.39324864
22412,-1.55955085,-0.720506548
22413,2.25583641,0.146565763
22414,0.19305129,1.21445538
22415,0.933057076,-0.085077982
22416,-1.36139316,-0.589511875
22417,-1.14154263,1.56211026
22418,-0.0892511998,0.968383233
22419,0.0577599367,0
22420,0.0577599367,0
22421,0.148241774,0.53823438
22422,0.0200179188,-0.397387587
22423,-1.35794166,0.404306396
22424,-0.892341547,0.406452249
22425,0.408914796,-0.499555085
22426,-0.482260623,0.335794041
22427,-1.32686385,0.3796496
22428,0.163441382,1.92275329
22429,0.163441382,1.92275329
22430,-0.311419521,0.145242232
22431,0.830485803,-0.485148741
22432,-0.941076645,-0.149193811
22433,0.421499081,1.64834097
22434,-1.3154222,0.314843207
22435,-0.299971233,-0.519063208
22436,0.132665419,-0.50253765
22437,1.31508372,-0.598018673
22438,1.31508372,-0.598018673
22439,0.661293987,0.361407607
22440,0.483134192,0.573365221
22441,-1.67598017,0.466957203
22442,-0.810532744,-0.982431627
22443,0.519192836,0.0996625262
22444,-1.37931227,0.573417706
22445,-0.554118635,-0.0448885372
22446,0.293491141,0.580652619
22447,0.293491141,0.580652619
22448,-0.237580562,0.799561486
22449,0.117700318,-0.309818997
22450,0.282950264,0.946710518
22451,-0.042421357,-1.4161984
22452,1.61416261,1.17949195
22453,-0.887359442,2.14012373
22454,0.526411033,2.39249298
22455,0.101005284,-0.720437968
22456,0.101005284,-0.720437968
22457,-0.236702184,1.98465828
22458,-0.201441194,0.953369383
22459,-2.1327302,-0.839102416
22460,2.04022406,-1.06193336
22461,0.291289026,0.258858108
22462,-0.712225973,-0.253677489
22463,0.190550841,-0.736296571
22464,-0.198007324,-0.428959369
22465,-0.198007324,-0.428959369
22466,-0.57410546,0.163587221
22467,-0.330306416,-1.26048344
22468,-1.71649906,2.24543642
22469,-0.430025562,-1.68914502
22470,0.273357379,0.67760331
22471,0.0428142933,2.16136489
22472,0.310912302,-0.231757151
22473,-0.499175866,-0.45364879
22474,-0.499175866,-0.45364879
22475,-1.59131715,1.24468376
22476,0.0814651752,1.28714004
22477,-1.52048473,-0.580689532
22478,-0.362575649,-0.155801123
22479,-0.898633544,0.426970872
22480,-2.87361712,-0.950475746
22481,-1.18818579,-2.40000246
22482,0.68438311,0.933807279
22483,0.68438311,0.933807279
22484,-1.58208462,-0.0348455812
22485,2.03095069,0.291589213
22486,0.792389933,-0.120902132
22487,0.11355479,-0.290750372
22488,0.0145308357,2.22993987
22489,0.0225825149,1.89728186
22490,-0.332793332,0.161438697
22491,0.544127845,0.679754506
22492,0.544127845,0.679754506
22493,-0.0500182675,-0.539689304
22494,0.229139672,-0.483409213
22495,-1.36502861,0.577415415
22496,-0.253531554,-1.17944689
22497,-0.839239729,-1.59431979
22498,-0.612118777,-0.345434153
22499,-1.22216385,0.572530591
22500,0.230291314,-0.734007079
22501,0.230291314,-0.734007079
22502,-0.736989899,0.0850107096
22503,-0.450699932,0.649581176
22504,-1.24898657,0.805657081
22505,-0.567272643,-0.67184192
22506,1.32251285,0.996835533
22507,0.0109802744,1.03918928
22508,-1.27857039,-0.307961242
22509,1.19970903,-1.34418714
22510,1.19970903,-1.34418714
22511,-0.649752387,0.594221449
22512,0.202051179,1.95329778
22513,-1.33607443,1.18933635
22514,-1.0362567,1.01953327
22515,0.157190502,0.800788197
22516,-1.01649163,1.95911277
22517,1.06095866,0.482378886
22518,-0.444127413,-1.03192068
22519,-0.444127413,-1.03192068
22520,-0.781683168,-0.257606357
22521,1.46509872,-0.902863749
22522,-0.507804577,-1.17773783
22523,-0.344930916,0.0886980739
22524,-0.242717457,-0.680412594
22525,-0.361865055,-0.155400948
22526,-0.586576337,-0.37064579
22527,-0.742234532,-0.624306384
22528,-0.742234532,-0.624306384
22529,-0.944125939,0.226509331
22530,0.362327461,-0.403031614
22531,-1.72760901,1.07636993
22532,0.520707448,0.332656286
22533,-0.533681282,1.17631443
22534,-0.845727401,1.04449463
22535,-0.726979134,0.815641796
22536,1.32497972,2.27872362
22537,1.32497972,2.27872362
22538,-1.96918489,0.402889547
22539,-0.328140499,1.99543316
22540,0.0754676676,-0.0296735515
22541,0.710430659,-0.565739024
22542,-1.09957518,0.791272933
22543,-0.443474824,1.3368398
22544,-0.0588481905,0.70061912
22545,1.54811208,0.177894926
22546,1.54811208,0.177894926
22547,-0.252560116,-0.486455763
22548,0.242562447,2.14009033
22549,-1.46568139,0.693418034
22550,-0.0985180076,0.473851095
22551,-0.110511829,-2.09861421
22552,-0.498377697,0.0107388369
22553,-1.06786099,-0.161583036
22554,1.39666995,0.616206639
22555,1.39666995,0.616206639
22556,-1.10878058,-0.0353187613
22557,-0.358897477,1.41834438
22558,-1.8905091,1.14746644
22559,1.00611117,-1.50656805
22560,0.285502621,-1.32485279
22561,-0.560764153,-1.07707965
22562,-0.0459027152,0.337030062
22563,1.20755858,-1.30040582
22564,1.20755858,-1.30040582
22565,-0.792661601,1.01035586
22566,-1.42293268,-0.544571478
22567,0.845726781,0.49430229
22568,-0.158464365,0.619344632
22569,-3.05413546,-0.311665639
22570,-0.699683025,0.214813332
22571,-0.766394247,0.980682614
22572,-0.358379727,-2.06849992
22573,-0.358379727,-2.06849992
22574,-1.31799894,-0.618954051
22575,2.06690139,1.461052
22576,-1.93189017,-0.0438368113
22577,-0.115874432,0.63757535
22578,2.11804424,0.0415286922
22579,-0.73823211,2.02877886
22580,0.691933935,-2.30384636
22581,-0.467518488,1.88454016
22582,-0.467518488,1.88454016
22583,-0.632282711,-0.194566279
22584,1.83044235,1.40909273
22585,-0.567976613,-0.424662397
22586,-0.55537326,0.0852484816
22587,-0.969685151,-0.401943385
22588,-1.04574552,-0.935756425
22589,-1.83189216,0.428029783
22590,0.685175913,-2.87538535
22591,0.685175913,-2.87538535
22592,0.457048983,0.655376995
22593,-0.590142494,-0.344796035
22594,-0.9800452,1.1382455
22595,1.00997562,-1.05787685
22596,-1.23654203,-0.138370458
22597,-0.952590175,0.402542697
22598,0.71016207,1.17102794
22599,0.399669183,0.245839108
22600,0.399669183,0.245839108
22601,0.924304271,-0.313498902
22602,0.776383356,-0.41683583
22603,-1.16671436,1.57060575
22604,0.0971688001,-1.01181315
22605,-0.0719410789,-0.118199571
22606,-1.75258051,1.63554052
22607,0.0580272319,-1.11591915
22608,1.74647602,-0.0860029533
22609,1.74647602,-0.0860029533
22610,-1.05401598,0.218923702
22611,-0.336183589,-0.646190867
22612,-2.09135642,-0.69460779
22613,-0.177094163,1.32935075
22614,-1.30713345,-0.358680969
22615,-1.06060863,0.604958028
22616,1.23490278,1.39687794
22617,-0.232171419,0.556509171
22618,-0.232171419,0.556509171
22619,-1.52814837,0.258802446
22620,1.80723241,-1.58074425
22621,-0.53878596,0.771402972
22622,-0.414458839,1.07215101
22623,-1.16249316,-0.0582115263
22624,-0.160120151,2.16943725
22625,-0.598990268,1.08810614
22626,0.760070646,0.802708135
22627,0.760070646,0.802708135
22628,0.615994816,-0.322066827
22629,0.723134943,-0.161378947
22630,-1.95504488,-0.668015556
22631,2.37549081,0.311776274
22632,-1.00343293,0.658865147
22633,-1.91055964,0.414189219
22634,-0.823458449,1.32153321
22635,0.720475418,-0.457861916
22636,0.720475418,-0.457861916
22637,-0.290584911,-1.16732716
22638,0.432570653,1.02865154
22639,-0.103472557,1.32665898
22640,-0.104889992,0.472693814
22641,-0.42272961,1.25327495
22642,1.0145166,2.6218409
22643,1.45979761,0.694484919
22644,0.391359532,0.0202275133
22645,0.391359532,0.0202275133
22646,-0.0325332813,1.50087415
22647,0.0395223578,0.441105142
22648,-0.946796257,-0.680695956
22649,-0.500000542,1.77202333
22650,-1.15418747,0.713470851
22651,-0.744110435,-0.0110121988
22652,1.07286644,-0.470801086
22653,-0.974882955,-0.145378991
22654,-0.974882955,-0.145378991
22655,-1.09810038,-0.32521788
22656,0.281391652,2.28690062
22657,-0.897038423,1.15396006
22658,0.817399186,0.0591942014
22659,0.712611036,-0.52718816
22660,-0.288648114,0.355188128
22661,0.817780565,0.947680888
22662,-0.845321534,-0.506472675
22663,-0.845321534,-0.506472675
22664,0.0813389483,0.621664795
22665,0.377226526,-0.0795197873
22666,-0.479502369,0.787685747
22667,-0.750383921,-1.32377123
22668,-1.88110736,-0.098536402
22669,-0.481842265,0.987865582
22670,-1.82744546,-1.40739531
22671,1.04801767,-1.06148657
22672,1.04801767,-1.06148657
22673,0.516594807,-0.743637793
22674,1.50594144,-0.771730485
22675,-0.978811575,1.5825162
22676,0.178745125,0.028113293
22677,-0.774369116,0.792060078
22678,-0.13779297,-0.132241697
22679,-2.01532551,0.729153143
22680,-1.6102124,0.392911559
22681,-1.6102124,0.392911559
22682,-0.991958941,0.399617097
22683,-0.0205214079,-0.118442871
22684,-2.00141343,-0.0877699847
22685,1.11996901,-1.7876712
22686,0.0453099989,-0.295245913
22687,-0.932744187,0.382462308
22688,-0.922156545,-0.292958885
22689,0.878965406,1.39725535
22690,0.878965406,1.39725535
22691,-1.38185983,0.764112904
22692,1.44180203,-1.40885597
22693,-1.45418573,-0.0891358515
22694,-0.14430359,-0.0138601619
22695,-0.827586581,1.22297217
22696,-0.878904405,0.752060607
22697,-0.28915809,1.5714043
22698,0.0815724325,-0.538180813
22699,0.0815724325,-0.538180813
22700,-1.65904741,0.451160015
22701,-0.372467809,0.730170989
22702,0.301990616,0.313717061
22703,-0.145564439,0.221516661
22704,-0.729179042,-0.87060851
22705,-0.573268107,-0.171998583
22706,0.926761125,1.46432519
22707,-0.390949622,0.347604871
22708,-0.390949622,0.347604871
22709,-0.376372425,0.499850272
22710,0,0.225016548
22711,-1.2287345,1.07623631
22712,0.764361268,0.634980536
22713,0,0.675363446
22714,0.337787576,1.09789383
22715,0.583029741,-0.63429755
22716,1.923983,-0.813688018
22717,1.923983,-0.813688018
22718,0.179527949,0.0841012984
22719,-1.22689803,1.74539489
22720,-0.88873233,-0.493391449
22721,0.671755243,-0.61121175
22722,1.32737218,-1.23679206
22723,0.274951379,-1.10125654
22724,1.68916641,2.10167951
22725,-0.0975109041,0.693230991
22726,-0.0975109041,0.693230991
22727,-0.564748505,-1.34385481
22728,-0.388474318,0.362791966
22729,-1.72548966,1.03041094
22730,-0.521602586,0.669818419
22731,-0.406459118,-0.874746927
22732,-0.854998166,0
22733,0.268590538,0.100581396
22734,-0.326416318,0.209253591
22735,-0.326416318,0.209253591
22736,-0.0705590353,-0.306963882
22737,-1.29242423,1.73476091
22738,0.268471739,0.880212948
22739,0.173136389,1.58703492
22740,-0.230400947,-0.490661738
22741,0.274178644,0.0537500788
22742,-0.0140524753,-2.05712638
22743,-0.931043918,-1.13557391
22744,-0.931043918,-1.13557391
22745,-0.518186937,1.1141402
22746,-0.805105979,-1.23985085
22747,-1.71895814,-1.21119719
22748,-0.359630374,-0.465503032
22749,0.0294888732,1.60561421
22750,0.120507752,0.785025277
22751,-0.186693965,-0.654504846
22752,-0.242519735,-0.906812598
22753,-0.242519735,-0.906812598
22754,-0.509113807,1.00664046
22755,-0.815777895,-0.491336712
22756,-1.23340122,2.00938061
22757,0.184615071,1.34627827
22758,-0.281943201,-0.0678172214
22759,0.37950065,0.96322428
22760,-0.442416665,-1.05047699
22761,-1.39327427,-0.988207666
22762,-1.39327427,-0.988207666
22763,-1.29880699,0.425621473
22764,-0.530941276,-0.20372161
22765,-1.27354666,-0.675863867
22766,0.785187751,1.89221576
22767,-0.252017226,1.95712015
22768,-0.354032043,0.111572732
22769,-0.758866917,0.197832588
22770,-0.824997496,-0.487444503
22771,-0.824997496,-0.487444503
22772,-1.48024946,-2.18165205
22773,1.4879802,0.316734542
22774,0.10450679,0.308497922
22775,0.293006159,1.17452954
22776,-0.567341748,-0.0141897458
22777,-0.231532613,2.0834216
22778,0.263980743,-0.376644587
22779,-0.339402531,0.79799135
22780,-0.339402531,0.79799135
22781,0.886415542,1.28849611
22782,-0.600000376,-0.469251604
22783,-1.9728205,0.714135952
22784,1.53316147,1.09485372
22785,0.158094769,0.460903143
22786,-0.391405896,-1.14258531
22787,-0.415004761,0.313335934
22788,-0.172769815,-0.382538158
22789,-0.172769815,-0.382538158
22790,-1.01152667,2.10883032
22791,-0.461587428,-0.55582265
22792,-0.565117748,0.656924614
22793,-0.397024502,-0.209096353
22794,0.910628103,0.114586598
22795,-0.556679169,-0.354308642
22796,1.3159626,0.14365103
22797,-0.815982333,0.503379034
22798,-0.815982333,0.503379034
22799,-1.06730624,-1.57392087
22800,-0.563725839,1.02116899
22801,-1.07487925,0.53260152
22802,-0.88733941,0.525502394
22803,0.421337333,-0.521836565
22804,-0.834258643,0.452471406
22805,0.493998486,0.457269491
22806,0.341123023,0.932237252
22807,0.341123023,0.932237252
22808,-1.52817742,-0.264430198
22809,1.05889921,1.24185259
22810,-0.96596436,-0.32802095
22811,-0.115683897,-0.522364146
22812,1.5188701,-0.79198636
22813,0.669005168,-0.293806647
22814,0.745979861,-0.765225757
22815,0.531180602,-0.815356091
22816,0.531180602,-0.815356091
22817,0,-0.447433928
22818,-0.736789862,1.13624096
22819,-1.9387926,1.00382554
22820,0.742504237,-1.48063955
22821,-0.331288408,0.428628214
22822,-2.20506261,0.437774444
22823,-1.98947158,-0.415228864
22824,0.18296665,-0.0202555736
22825,0.18296665,-0.0202555736
22826,-1.78849717,2.06580789
22827,1.02081954,2.08054714
22828,-0.27270515,0.0595025158
22829,1.64908727,0.859298744
22830,-0.10091899,0.0587781804
22831,-0.34601048,0.376529062
22832,0.523974555,0.219351037
22833,-0.255145964,-0.781427458
22834,-0.255145964,-0.781427458
22835,0.0487963787,-1.05627057
22836,0.246643646,-0.443332382
22837,-1.57274748,0.745604777
22838,-0.494601639,-1.73128902
22839,0.263431484,0.565131612
22840,-1.77279896,1.17943173
22841,1.38992066,-1.99025975
22842,-0.643450665,-0.800140388
22843,-0.643450665,-0.800140388
22844,0.379892876,-0.0815828107
22845,0.854544078,-0.0203510142
22846,-1.43014631,0.834645324
22847,-0.265280785,0.752016274
22848,0.456840593,0.151797576
22849,-0.143183044,0.674599151
22850,0.937248461,0.308182195
22851,0.0831956169,-0.99482738
22852,0.0831956169,-0.99482738
22853,-0.299787876,-0.581010075
22854,-1.32404242,-0.336612554
22855,0.293372669,0.907989792
22856,1.14791711,1.33103674
22857,-1.84227893,0.512606878
22858,-1.05085364,0.332175273
22859,-1.14141348,0.939625946
22860,1.15624773,-0.842226194
22861,1.15624773,-0.842226194
22862,-1.960141,1.30161397
22863,-0.956035521,-1.1300212
22864,-1.41912399,-0.102172776
22865,-2.68465178,-0.294924834
22866,-1.26763277,0.278903666
22867,-2.01745792,0.99056499
22868,-1.01694196,-0.153162906
22869,0.185554432,-0.742444369
22870,0.185554432,-0.742444369
22871,-0.249059652,-0.601051722
22872,1.00879231,-1.65801847
22873,-0.543128393,-0.42436892
22874,1.43856643,0.514953673
22875,1.92038043,0.0429964124
22876,1.73365475,-0.603023257
22877,0.83450578,0.490075486
22878,0.404228111,0.955231789
22879,0.404228111,0.955231789
22880,-1.59215038,0.214185269
22881,-0.689931092,0.0585122318
22882,-1.14732114,0.972974863
22883,0.101305071,0.91055627
22884,0.27167053,-0.464585561
22885,-0.182499683,0.571069932
22886,0.824632921,1.30374461
22887,1.13296004,2.06838279
22888,1.13296004,2.06838279
22889,-0.761500059,1.40331203
22890,0.399899787,-0.413329604
22891,-0.101544898,1.09632949
22892,-1.98880219,-2.28590059
22893,0.443493316,0.287445406
22894,-0.254485695,1.27375671
22895,0.46845124,3.25068487
22896,-0.671842942,0.101082852
22897,-0.671842942,0.101082852
22898,-0.350378415,-0.356009338
22899,-0.4020308,-0.864372849
22900,-2.33519934,-0.134358817
22901,-0.0297366167,-1.18443546
22902,1.06035575,-0.956674216
22903,0.880807865,-1.71853958
22904,-0.195216454,0.122176371
22905,0,-1.13339331
22906,0,-1.13339331
22907,-1.50709715,0.907926173
22908,0.386198127,-1.02358495
22909,-0.269523739,0.649461555
22910,-0.0275605522,0.630393565
22911,0.0277780195,-0.872147183
22912,-0.511555682,-0.599153628
22913,-0.838634859,-0.523859249
22914,0.436352123,2.8326432
22915,0.436352123,2.8326432
22916,-0.829873273,1.51584315
22917,1.26043285,-2.35826183
22918,-2.28901743,-0.421807736
22919,0.728648393,0.971671579
22920,-1.04820091,0.320033324
22921,-2.29021651,-0.322229727
22922,-1.10758234,-1.43657791
22923,-2.43686228,-0.0205037565
22924,-2.43686228,-0.0205037565
22925,-0.704624556,0.134587226
22926,0.28840758,-1.47939674
22927,-0.482070097,0.314639878
22928,0.982031644,0.564763589
22929,-0.769973767,-1.05454708
22930,0.153339859,0.819450989
22931,-0.118781002,-0.318375937
22932,-1.14518395,1.35743463
22933,-1.14518395,1.35743463
22934,-1.71996571,0.0863520607
22935,-0.159466142,-0.767824463
22936,-1.32587477,0.268225398
22937,-1.50815785,-1.15691944
22938,-1.60546215,1.94679362
22939,-1.57798179,1.94099113
22940,1.10758655,0.141597914
22941,-1.08945257,0.739823872
22942,-1.08945257,0.739823872
22943,-1.57186778,-0.506590792
22944,-1.15536185,1.31313797
22945,-0.600505337,0.327988606
22946,-0.0581944471,-1.42178522
22947,-0.745563382,0.792017867
22948,-0.3639541,0.0111447506
22949,0.727527457,0.637993072
22950,1.84836936,1.35115467
22951,1.84836936,1.35115467
22952,-0.116023431,-0.730029783
22953,0.932757288,-0.590735219
22954,-0.863659148,0.196250675
22955,1.54147463,1.48874803
22956,0.237901238,-0.958773585
22957,-0.368015187,-0.407004052
22958,0.533669525,-0.349841014
22959,1.08394133,1.11458618
22960,1.08394133,1.11458618
22961,-0.661048361,0.920011342
22962,-0.80860525,-0.35663052
22963,-1.3888214,0.840354399
22964,-1.69253721,-1.68335214
22965,-0.0290859621,-1.33324726
22966,-0.505971964,-1.19363763
22967,-0.553606043,0.820819412
22968,1.37252323,0.227644992
22969,1.37252323,0.227644992
22970,-1.87203216,-0.593153256
22971,-0.663701088,-0.291116492
22972,-2.31658333,0.291995739
22973,1.31863928,-0.0854756925
22974,-0.296332373,0.923784066
22975,-0.802908169,1.49792961
22976,-1.56708082,0.441638226
22977,-1.15818261,-1.19819516
22978,-1.15818261,-1.19819516
22979,-2.51647474,-0.0500859388
22980,0.891912711,-1.85726944
22981,-1.14348196,-0.272039296
22982,-1.17939048,0.504815895
22983,-1.83193085,0.717051875
22984,-2.92128119,0.944697286
22985,-0.869125557,-0.921237821
22986,-1.08093911,-0.269317153
22987,-1.08093911,-0.269317153
22988,0.33427039,1.16659473
22989,-0.602442014,0.161848905
22990,-0.384122967,1.58531992
22991,0.908507798,0.0437855271
22992,0.800700556,-1.20917558
22993,0.410928657,0.243956326
22994,-0.558505001,-0.888865848
22995,-0.951626303,1.33877348
22996,-0.951626303,1.33877348
22997,-0.34161897,0.929901345
22998,-0.507576568,0.814424882
22999,-1.37370137,0.454553562
23000,-1.38342327,-0.757589941
23001,0.156520486,0.622852222
23002,-0.804714385,0.110959602
23003,-1.2671005,1.50235516
23004,0.0198884687,0.0201215299
23005,0.0198884687,0.0201215299
23006,0,0.849788526
23007,-0.262605681,-3.16342855
23008,-0.385490823,-0.489292876
23009,0.218859175,0.350978872
23010,0.263850637,1.32611999
23011,-0.180701581,-0.0976077846
23012,-0.473643767,-0.206415815
23013,0.474663144,0.625951946
23014,0.474663144,0.625951946
23015,-0.227406252,-0.546373539
23016,-1.36206343,-0.253730627
23017,-1.80043595,0.437740466
23018,-1.08571374,-0.941492484
23019,0.536495729,0.36650195
23020,-0.396342139,0.488985157
23021,-0.879832998,-0.302615127
23022,0.936074838,1.14501866
23023,0.936074838,1.14501866
23024,-1.01743836,-0.188772398
23025,0.367105411,-1.71728891
23026,-0.21181323,1.39156486
23027,0.708167945,-1.42581891
23028,-1.08127827,1.43083756
23029,-1.21530833,0.678362064
23030,-1.33672183,-1.13847842
23031,-0.873201057,-0.467524298
23032,-0.873201057,-0.467524298
23033,0.332581453,0.859268445
23034,0.706069246,-0.183167874
23035,-1.90324892,-0.608439793
23036,-0.0985936081,0.3798033
23037,1.6624214,-0.117625703
23038,0.308635729,-1.14000881
23039,-0.8938155,-0.165775671
23040,1.35179541,-1.38106623
23041,1.35179541,-1.38106623
23042,-1.76713248,0.666355458
23043,0.0213344769,0.719335418
23044,-1.25965498,2.02960759
23045,0.99675837,-0.270179522
23046,-1.58056233,-0.0971430012
23047,-2.01016222,1.79836082
23048,-1.05805454,-0.211926316
23049,1.67769246,0.572682614
23050,1.67769246,0.572682614
23051,-1.18629163,0.611805883
23052,0.839252728,-0.0201158969
23053,-1.84458617,-1.0219957
23054,-0.0561931474,1.22012573
23055,0.26150419,0.523503771
23056,-1.19251956,0.327964872
23057,1.03493371,0.785085895
23058,0.566960497,-0.389119004
23059,0.566960497,-0.389119004
23060,-1.43406233,-0.784792807
23061,1.09350816,-0.976360819
23062,0.574116234,0.318882442
23063,-0.552371876,1.55721122
23064,1.4085565,-0.473384673
23065,1.19096323,-1.12355376
23066,0.510542884,-1.15628652
23067,-1.22848085,-0.499782848
23068,-1.22848085,-0.499782848
23069,0.576643232,0.0842407112
23070,0.124283107,0.388091486
23071,-1.49672474,0.672583256
23072,0.704924559,-0.43838559
23073,1.31899473,-0.320372967
23074,-0.323586012,0.938792453
23075,-0.637876319,0.518485543
23076,1.15227741,0.809711361
23077,1.15227741,0.809711361
23078,-1.40781148,1.22216115
23079,-0.424458421,0.080484772
23080,-1.18495534,0.366495633
23081,-0.841271062,1.55542329
23082,1.0330092,0.617314356
23083,0.0439396567,1.45254657
23084,0,-0.485185543
23085,0.748332932,-1.84424612
23086,0.748332932,-1.84424612
23087,-0.585585861,0.332755613
23088,0.900826554,-0.149305916
23089,-1.24298255,1.42189164
23090,0.128069365,0.429351959
23091,0.0280294691,1.67646312
23092,-2.22390874,2.04678809
23093,-0.625547416,-0.951290852
23094,1.4835473,-0.539220985
23095,1.4835473,-0.539220985
23096,-1.34943395,1.94832368
23097,-0.708995364,-0.902823848
23098,-0.631688103,-0.767643906
23099,-0.0437476599,0.626850041
23100,1.72347951,0.319396667
23101,0.282526555,-2.02991474
23102,0.206807728,1.66550302
23103,-0.212634879,1.22357662
23104,-0.212634879,1.22357662
23105,-0.29119629,-0.540359417
23106,0.471152721,-0.569390317
23107,-1.66882817,0.899650592
23108,-1.10881915,-0.516343892
23109,0.388691392,-1.3878681
23110,-0.533202757,0.313925957
23111,1.30063323,2.74018724
23112,0.59003244,1.18933733
23113,0.59003244,1.18933733
23114,-2.20814009,0.702963154
23115,-0.977631561,-0.738627967
23116,-0.166342775,0.281220541
23117,-0.596607821,1.20710202
23118,-0.593144328,-0.774863886
23119,0.66662755,-0.0111299387
23120,0.348722986,1.3375655
23121,-0.555867879,-0.766619029
23122,-0.555867879,-0.766619029
23123,-1.0679381,-0.748078887
23124,0.660559478,1.20973948
23125,-1.43590784,0.959919709
23126,0.827112536,-0.184660811
23127,0.363612099,-0.68172973
23128,-0.58698359,0.0454001541
23129,1.01907552,-0.780320141
23130,1.05930202,-1.31030753
23131,1.05930202,-1.31030753
23132,-2.11368184,0.627205353
23133,0.100835056,1.84293996
23134,-1.50615648,0.518587092
23135,0.92468641,-0.562069663
23136,1.57404352,-0.12964484
23137,-1.02579947,0.932305759
23138,0.383710683,0.240681201
23139,-0.427915318,-0.481948281
23140,-0.427915318,-0.481948281
23141,0.0958563088,1.34451499
23142,1.24665443,-0.314624471
23143,0.635950162,0.0450358016
23144,-1.02938441,1.14749362
23145,0.562635294,0.721603706
23146,0.518111937,0.761676302
23147,-0.452924156,-0.923675281
23148,0.806723623,0.516302068
23149,0.806723623,0.516302068
23150,0.502249609,0.994721171
23151,0.708964459,-1.30568005
23152,-1.80057953,0.389267478
23153,-0.156424471,1.15926037
23154,0.171045981,0.103123581
23155,-2.0522395,0.380070835
23156,-0.192446179,-0.526676876
23157,0.79107118,1.05193264
23158,0.79107118,1.05193264
23159,0.171713139,-0.721479744
23160,-0.868919996,2.02337158
23161,-0.633838985,-0.228045343
23162,0.157445985,0.644147488
23163,-0.125005107,-1.05160553
23164,-0.689146319,-0.436947306
23165,-0.745217247,0.0424713182
23166,-0.674440211,0.0792237177
23167,-0.674440211,0.0792237177
23168,-2.06899687,-0.796982902
23169,-0.0194049442,-0.720624679
23170,1.10919936,-0.417836516
23171,0.544171075,1.05156898
23172,-0.0602793715,0.190791727
23173,-0.623793518,0.564488031
23174,-1.15117061,-0.773581484
23175,-0.784473838,2.26492843
23176,-0.784473838,2.26492843
23177,0.0644031478,0.401397151
23178,0.358299485,0.653984457
23179,-1.20434614,1.5099246
23180,0.939608371,-1.08585605
23181,-1.0748799,1.12586559
23182,-0.579348444,2.73052087
23183,-2.38853724,0.0853563397
23184,1.477343,0.0793076588
23185,1.477343,0.0793076588
23186,-2.8937037,-0.72034602
23187,-0.72088017,-0.50025709
23188,0.955578026,0.409427084
23189,-0.868424292,-1.85507966
23190,0.100699539,0.360853179
23191,1.36500493,1.98203177
23192,-0.629298242,2.0944191
23193,-1.72447639,0.0205209314
23194,-1.72447639,0.0205209314
23195,0.0645303514,-0.326966177
23196,-1.05664998,0.956587816
23197,-2.52647752,2.42651348
23198,0.387796454,0.920423818
23199,0.642348418,-1.14241898
23200,-1.8287413,1.23989448
23201,-0.347712849,1.30657856
23202,-0.0202402611,-1.45973452
23203,-0.0202402611,-1.45973452
23204,-0.77547612,0.152054886
23205,-0.809249882,-1.46922903
23206,0.277815169,-0.108426089
23207,0.56337279,-0.485079292
23208,1.09198957,1.4928102
23209,0.726873141,1.48450774
23210,0.966632277,0.521306663
23211,1.12065596,0.0587523541
23212,1.12065596,0.0587523541
23213,-1.39684113,-0.767782647
23214,1.14355387,0.780136751
23215,-0.16780032,2.59654368
23216,-0.166045524,-0.237235066
23217,-1.84642277,-0.0417171289
23218,-0.3617067,2.65243902
23219,0.591291994,2.02830679
23220,1.60860058,-0.553657202
23221,1.60860058,-0.553657202
23222,0.79832562,1.62622919
23223,0.317373252,-0.0615858078
23224,-0.722071044,1.55785185
23225,-0.140395814,-0.429892756
23226,0.595288774,-1.0988124
23227,-0.361850889,1.26190909
23228,-0.376039976,0.795444055
23229,-0.217029245,-0.548026451
23230,-0.217029245,-0.548026451
23231,0.0993395173,2.1659771
23232,0.916340111,-0.587716302
23233,-1.04486512,-0.248657412
23234,-0.200122767,-0.488117459
23235,0.749059385,-0.0699472306
23236,-0.518124781,1.23447382
23237,0.451239495,-0.370338462
23238,-0.80478321,-0.697722837
23239,-0.80478321,-0.697722837
23240,-0.334695488,-0.934712987
23241,-1.5810212,-0.573208002
23242,-0.153932788,2.58579445
23243,0.145292096,1.23975293
23244,-1.6542936,1.08411836
23245,-0.7816552,3.26333142
23246,0.353188617,0.269386122
23247,-0.630243268,-2.09081805
23248,-0.630243268,-2.09081805
23249,0.14751118,-0.253836997
23250,0.20535208,-0.994038695
23251,-0.44362372,0.731997404
23252,-0.906020161,2.15692939
23253,1.20756563,-0.316419428
23254,1.4072422,0.641228729
23255,-1.03556551,1.18763523
23256,-0.725498253,-1.17939723
23257,-0.725498253,-1.17939723
23258,-1.54007276,-1.95045335
23259,-0.581945479,1.35674401
23260,-1.87131564,0.765820557
23261,-0.0738295254,1.41268153
23262,0.294626421,0.249093389
23263,-1.2582733,2.18603821
23264,0.13026319,-0.862407656
23265,1.63514709,-0.937532
23266,1.63514709,-0.937532
23267,-1.54519011,-0.959507579
23268,-0.632452398,-0.725941002
23269,0.364528198,1.93032263
23270,1.10488577,0.297892075
23271,1.86511678,-1.65094418
23272,1.31213532,0.600975176
23273,0.290520258,0.786942288
23274,1.02182363,-1.3400863
23275,1.02182363,-1.3400863
23276,-0.0164567007,1.28748562
23277,-1.00378986,-0.393763004
23278,-0.215063429,2.43723327
23279,-0.516284638,-2.14558824
23280,-0.0575910189,0.357616152
23281,-0.147477899,3.16359737
23282,-0.31665555,-0.476698558
23283,2.13097708,-0.142545312
23284,2.13097708,-0.142545312
23285,0.906431391,-0.15201248
23286,0.812279575,0.940956087
23287,-0.584886705,-0.536480652
23288,1.69459028,-1.02114242
23289,0.745927065,-1.09576894
23290,0.232367241,-0.528279825
23291,-0.623696547,-1.16215903
23292,0.203785847,-1.00671078
23293,0.203785847,-1.00671078
23294,-0.191244764,-0.741659848
23295,-0.122691208,-0.161828487
23296,0.424465718,1.12083944
23297,-0.463896218,-0.420299714
23298,0.414017398,-0.724002812
23299,0.896069198,1.37883569
23300,0.604331775,0.188023535
23301,0.202038983,-1.66361825
23302,0.202038983,-1.66361825
23303,-0.30973539,0.813732065
23304,-0.122579241,0.225092101
23305,-0.546871821,1.9105624
23306,1.4127514,1.61248916
23307,0.0145582106,-0.632294854
23308,-0.255544464,1.54511406
23309,-0.162326171,0.103623158
23310,2.03188652,1.40261066
23311,2.03188652,1.40261066
23312,-1.19106135,0.997802208
23313,-0.395837855,1.69198203
23314,-1.23522607,0.974530079
23315,0.347757902,-0.370542459
23316,0.88567071,0.190897567
23317,-1.74647373,1.47536735
23318,2.16415939,0.418834124
23319,1.43108127,-1.24208372
23320,1.43108127,-1.24208372
23321,0.340956433,-0.181184144
23322,0.0613760028,0.85987628
23323,-0.907890617,1.51239923
23324,0.28800298,-0.521022259
23325,-0.385720698,-0.233011278
23326,0.686339838,2.36700063
23327,0.335020936,2.65029595
23328,0.696492483,-1.82177921
23329,0.696492483,-1.82177921
23330,-1.74066822,0.213839594
23331,0.939459761,1.86059832
23332,-0.498199824,0.405551338
23333,0.566705846,1.39426433
23334,0.342861176,-0.290051113
23335,-0.144355116,1.17917746
23336,0.729576122,0.832363615
23337,-0.912774439,-0.787275359
23338,-0.912774439,-0.787275359
23339,-0.067693777,-0.617994302
23340,-0.126651047,-0.491824646
23341,-1.02645086,2.49196916
23342,0.916611529,-0.774553596
23343,0.219296509,2.72617318
23344,-0.797305253,3.10481779
23345,-0.326496319,0.487910362
23346,-0.471627571,1.61971238
23347,-0.471627571,1.61971238
23348,-0.923916178,-0.434345992
23349,1.03590601,-0.568698694
23350,0.367562533,0.153501662
23351,1.03935573,0.732939301
23352,1.24177189,0.810719505
23353,0.61310873,1.1119191
23354,-0.454853529,1.34094853
23355,0.0196512534,0.412733158
23356,0.0196512534,0.412733158
23357,0.130723877,-0.882443261
23358,-0.608462022,-0.490606586
23359,-0.575019743,0.969036505
23360,-0.59246123,0.556759258
23361,0.182853661,0.0574724217
23362,0.144359033,1.4780264
23363,0.237766711,-1.4612355
23364,0.89104689,-0.101008797
23365,0.89104689,-0.101008797
23366,0.682265226,1.21595959
23367,-0.694769735,-0.242877273
23368,0.235250159,2.45988924
23369,-1.66103533,-1.60589239
23370,1.23906099,-0.125927006
23371,0.851264957,2.43104499
23372,-0.194826576,-0.342467619
23373,-0.198261725,0.729664102
23374,-0.198261725,0.729664102
23375,1.38235446,2.34093142
23376,1.2623825,0.442756109
23377,-1.2991666,0.824974335
23378,0.187750872,-0.598501906
23379,0.638470585,0.611215464
23380,0.565320348,2.32015179
23381,0.457959826,1.14126142
23382,0.966456864,1.95077776
23383,0.966456864,1.95077776
23384,-0.317540308,-1.99039971
23385,0.169477433,-1.73475468
23386,-0.444588066,1.74648718
23387,-0.0702525025,-0.310590868
23388,0.146042971,0.690466539
23389,-0.182915465,1.71889749
23390,1.43900992,-1.48297143
23391,-0.0204032654,-1.10774222
23392,-0.0204032654,-1.10774222
23393,-0.463649081,0.255384949
23394,-0.382937524,-0.0202763508
23395,-0.671103653,1.03805849
23396,-0.0990740664,0.621036125
23397,-0.428157946,-0.819339601
23398,0.00895542308,0.879624452
23399,-0.446475976,-0.0583803444
23400,-0.653154295,1.85994872
23401,-0.653154295,1.85994872
23402,-2.17498405,0.811041241
23403,-1.1281465,-1.60931066
23404,-1.07769145,1.51117851
23405,-0.131103169,1.35908793
23406,-0.739555033,1.41775016
23407,-1.04733746,2.70196953
23408,-0.878418808,1.3516268
23409,-0.823558276,-0.998468893
23410,-0.823558276,-0.998468893
23411,-0.228001664,-0.241849688
23412,-0.793257926,1.44987387
23413,0.434924116,1.56645408
23414,-1.16852153,1.21569308
23415,0.382924155,0.542046377
23416,1.67653873,1.441364
23417,-0.383471618,0.457430963
23418,-0.751317338,-1.06910009
23419,-0.751317338,-1.06910009
23420,0.0517907986,-1.02351393
23421,0.267705549,-0.0609164889
23422,-0.991580961,0.211022485
23423,-0.405758823,0.508703094
23424,-0.0843933906,1.06120026
23425,-1.22641967,1.42298704
23426,-0.407504911,0.502659944
23427,0.582275262,0
23428,0.582275262,0
23429,0.4158362,-0.857872041
23430,-0.362109832,-1.07501441
23431,-0.590458956,2.94216388
23432,0.299468405,0.0582226529
23433,-0.919421566,1.56355909
23434,-0.345415981,3.47550225
23435,-2.06373499,0.0879105965
23436,-1.77919215,1.49480151
23437,-1.77919215,1.49480151
23438,-1.12754105,1.71262773
23439,-0.991543088,0.373953997
23440,-0.108318673,0.0302021337
23441,-0.224966846,-1.0921004
23442,0.826070511,-1.07400315
23443,0.182680131,0.195357078
23444,0.713199439,2.04394833
23445,0.682050946,-0.730259343
23446,0.682050946,-0.730259343
23447,-1.08263083,0.36837789
23448,-0.0198366596,-0.553010906
23449,-0.435880628,0.993432525
23450,2.13243905,1.61576712
23451,0.619844459,-1.11774417
23452,0.385844451,1.35629145
23453,1.16082293,-1.86010899
23454,-0.060960475,-2.00838434
23455,-0.060960475,-2.00838434
23456,-1.89108157,0.470358524
23457,0.810966274,-0.0780552768
23458,-0.0784554209,2.23205811
23459,-0.268087231,0.654412121
23460,2.03882862,0.12509732
23461,-0.695648356,2.39030391
23462,0.682147175,0.628012438
23463,0.926877977,0.577476683
23464,0.926877977,0.577476683
23465,-0.471894869,0.032027195
23466,0.997776859,-0.56206393
23467,-0.835076404,0.388578604
23468,0.836455672,0.680844841
23469,-0.363721547,-1.12805947
23470,0.10871405,0.470941304
23471,-0.0434925498,0.544506165
23472,1.31974543,-0.395510146
23473,1.31974543,-0.395510146
23474,-2.19026706,-1.31656592
23475,-0.0201174476,0.464949686
23476,-0.219516548,1.77637264
23477,-1.71546198,-0.598886032
23478,0.0146655613,1.89680229
23479,-0.0275404398,3.22061429
23480,1.11894633,0.358213823
23481,-0.201994351,-1.38477943
23482,-0.201994351,-1.38477943
23483,1.17787685,0.350569736
23484,-0.191028704,-0.0599554482
23485,-1.41188765,1.13229951
23486,-0.136710366,0.395907416
23487,-0.303254045,-1.08603989
23488,-1.66368064,0.139300053
23489,0.0729464422,-0.100010359
23490,-1.39650632,-0.381962721
23491,-1.39650632,-0.381962721
23492,-0.906549644,1.38979499
23493,-1.21639639,-1.40601114
23494,-0.216504923,1.1624344
23495,-0.155199104,-0.19559028
23496,1.37218608,-0.44359437
23497,0.997454496,1.33090431
23498,2.04655667,-0.824146489
23499,0.902040313,-0.408721257
23500,0.902040313,-0.408721257
23501,-0.0162899756,-1.06241916
23502,-0.0824354906,0.162496453
23503,-1.27893664,0.493841451
23504,-1.41099268,0.735946196
23505,-1.07778609,0.992702525
23506,-1.19195698,0.985010628
23507,0.269949769,1.03068402
23508,-1.39572608,0.576694706
23509,-1.39572608,0.576694706
23510,-1.13858769,-0.163614437
23511,1.22996558,0.605324791
23512,0.772045396,1.58266805
23513,-0.153000477,-0.287410739
23514,1.19707539,0.674069737
23515,1.50911091,2.40817228
23516,0.390440826,1.99386872
23517,-0.291850223,-0.262551984
23518,-0.291850223,-0.262551984
23519,-2.01846402,-0.0487099609
23520,0.664289928,0.417084329
23521,0,1.58640867
23522,0.851081672,0.796171381
23523,1.13258666,0.355130234
23524,0.832590273,3.3120427
23525,-0.071763319,-0.195671937
23526,0.159761537,-0.400850424
23527,0.159761537,-0.400850424
23528,-0.132365328,-0.949552235
23529,-1.20074632,0.0989655002
23530,-1.20816371,0.613573438
23531,0.867944651,-0.221643902
23532,0.29836644,-1.08098774
23533,-1.24515024,-0.682777494
23534,0.0287141719,1.37185764
23535,0.435514078,-1.00508967
23536,0.435514078,-1.00508967
23537,-0.523968164,0.307042843
23538,0.824881035,-1.812242
23539,-0.920857174,2.11040632
23540,-0.680005405,1.18152925
23541,0.0735439428,0.960296511
23542,0.690358924,2.25939149
23543,0.461035246,0.380822059
23544,0.396204371,-0.518931503
23545,0.396204371,-0.518931503
23546,-1.24027873,0.41362902
23547,0.81339281,-0.538014761
23548,-0.0312696944,0.0916378496
23549,-0.545471196,0.459214672
23550,0.897769788,-0.242810513
23551,0.997743941,1.05903756
23552,-1.34113764,0.475800612
23553,-0.163592734,-0.0196842781
23554,-0.163592734,-0.0196842781
23555,-0.727825058,-2.55463084
23556,2.62564361,-2.3088123
23557,-0.743717937,2.47461937
23558,-2.58281066,0.127540098
23559,-0.153022739,1.62941753
23560,0.0985940335,2.73878275
23561,0.028823076,0.276366819
23562,1.33962586,0.795488355
23563,1.33962586,0.795488355
23564,-0.74390516,1.41791235
23565,-0.528678487,1.88383952
23566,-0.216710252,0.562784454
23567,-2.13221317,-0.130527576
23568,1.11631505,-0.204118273
23569,0.38062129,1.3832502
23570,3.62386343,-1.67017663
23571,0.515209477,0.584212438
23572,0.515209477,0.584212438
23573,-0.746087893,-0.146035547
23574,0.617906647,0.141222063
23575,-0.937743115,1.93073823
23576,-0.8806829,1.20254853
23577,1.56547362,-1.87010793
23578,0.683071254,1.65766981
23579,-0.0427901026,-1.63137298
23580,0.94624106,-0.972245648
23581,0.94624106,-0.972245648
23582,-0.409509697,1.0634652
23583,0.656440868,1.81132311
23584,-0.201008421,1.50566281
23585,-1.12967703,0.518156329
23586,0.61146118,0.296477844
23587,-0.520030659,2.46119084
23588,1.16029936,-1.42936664
23589,0.317218134,0.510055867
23590,0.317218134,0.510055867
23591,-0.442464757,0.672816695
23592,1.1604126,-0.0413817596
23593,-2.18995517,-0.137369867
23594,-0.279020507,-1.6368568
23595,0.590527501,-0.723089793
23596,-1.18328896,-0.733798933
23597,-0.354060709,0.245167972
23598,-0.624709898,-0.893778553
23599,-0.624709898,-0.893778553
23600,-0.622406282,-0.915333239
23601,-0.709204743,1.62722753
23602,1.36954044,2.84225533
23603,-0.0577009322,-1.61825263
23604,-1.31526641,-1.05646697
23605,0.0629457847,3.14259116
23606,1.19769823,-0.826272617
23607,0.858334872,-0.18070837
23608,0.858334872,-0.18070837
23609,1.0956101,-0.336774938
23610,-0.333027723,-0.421986883
23611,-0.581227546,0.806548321
23612,-1.12003662,0.467404488
23613,-0.160127558,0.46717746
23614,0.732823278,1.0641341
23615,0.70062334,-0.62454266
23616,-0.226882551,-1.06428252
23617,-0.226882551,-1.06428252
23618,-2.23841621,0.0652362861
23619,0.997523202,-0.0626197622
23620,-1.31034979,0.535642949
23621,-0.257838407,-0.441577308
23622,-0.214369336,-0.633005333
23623,-0.994524039,1.35275353
23624,-1.0526932,1.36802955
23625,-0.281747594,1.59058286
23626,-0.281747594,1.59058286
23627,-1.30471945,-0.0989316668
23628,-1.63249554,0.885486445
23629,0.0922536674,2.05763783
23630,-0.465480516,-0.733586897
23631,-0.733255044,-0.415927508
23632,-0.10544009,1.49673731
23633,1.0839434,-0.38316297
23634,1.07037489,-0.794183753
23635,1.07037489,-0.794183753
23636,0.649303145,0.866521896
23637,-1.62514114,-1.18249465
23638,0,0.654310725
23639,0.940837927,-0.729376384
23640,0.456099392,0.225082302
23641,0.220691162,1.21347119
23642,-0.750411816,0.579035882
23643,-1.57038542,-1.55092607
23644,-1.57038542,-1.55092607
23645,-0.0846800643,0.120721363
23646,0.0198050046,-1.26525528
23647,-0.694210367,3.07319381
23648,-0.152424065,-0.81054598
23649,-0.775563156,-0.486799846
23650,-0.199303352,3.62837913
23651,-2.30232764,0.323089264
23652,-0.681534239,1.0262126
23653,-0.681534239,1.0262126
23654,0.658631354,0.753728275
23655,-0.398772397,-0.733296357
23656,-0.993931504,-0.374681761
23657,0.69519837,-0.268202345
23658,-0.666162775,1.00422176
23659,-0.956589891,-0.708066271
23660,0.0277591162,-0.870456687
23661,0.181637197,-2.41550031
23662,0.181637197,-2.41550031
23663,1.00960892,-0.117856196
23664,0.121038654,0.472847842
23665,-0.99332751,0.761026321
23666,0.740524449,0.592760154
23667,0.0284834524,0
23668,0.249423783,2.13195067
23669,-0.302323349,-0.600493548
23670,1.17931743,-1.68099722
23671,1.17931743,-1.68099722
23672,-2.71217588,-0.76545472
23673,-0.662309662,1.28631868
23674,0.978399181,1.32062177
23675,1.73467181,0.0564900207
23676,1.53278225,-0.769760169
23677,1.93348215,0.84191542
23678,0.200196699,0.139501135
23679,-1.72452688,0.198841424
23680,-1.72452688,0.198841424
23681,-0.164015477,-0.0652976043
23682,-2.04647802,-0.247422384
23683,-2.08382714,1.92758047
23684,-0.460387991,-0.67503999
23685,-0.857573478,0.822154937
23686,-1.44382745,1.86251623
23687,-0.492311012,-0.0143630789
23688,-0.967304705,-0.286801433
23689,-0.967304705,-0.286801433
23690,-1.36005459,0.497107779
23691,0.912711849,0.586967571
23692,1.20388658,0.33525991
23693,-0.939575251,0.630329428
23694,0.98305581,0.417551266
23695,1.28438064,1.29256806
23696,-1.34149303,1.02624479
23697,-0.793640551,1.14851112
23698,-0.793640551,1.14851112
23699,-0.558941466,-1.70218296
23700,-2.45122328,0.594647668
23701,-1.81718939,1.71067631
23702,-0.975492209,-0.583910922
23703,-0.708713753,0.131408227
23704,-1.1662324,1.4764944
23705,0.795301751,-2.48137605
23706,0.283295164,1.87060579
23707,0.283295164,1.87060579
23708,-1.32370678,0.279310795
23709,1.73670021,1.10106958
23710,0.123905286,1.59088
23711,0.226065764,0.290704798
23712,0.276253169,-0.648879873
23713,0.768264752,2.62520973
23714,0.220780405,-0.0284335293
23715,0.103991984,0.471346643
23716,0.103991984,0.471346643
23717,2.12712469,-1.29442157
23718,0.0392521831,0.0622466325
23719,-1.08058956,1.46223602
23720,0.663563692,1.758963
23721,0.364645465,0.101396659
23722,-0.434176188,1.17093566
23723,-1.40714855,-1.19508646
23724,0.928724242,0.0598208656
23725,0.928724242,0.0598208656
23726,0.720706157,0.956079356
23727,1.09628101,0.203110486
23728,-0.726219897,1.19380792
23729,-0.464114059,-0.237026242
23730,2.11964599,1.26559402
23731,0.566146723,2.01999028
23732,-2.26574014,0.954429436
23733,0.331726399,0.207064377
23734,0.331726399,0.207064377
23735,-0.236038867,0.0345408372
23736,1.29394865,0.0602821889
23737,-0.553333194,1.15281425
23738,-1.20167566,0.292447957
23739,-0.151574777,-0.892235112
23740,0.369277739,1.88559613
23741,-2.11722358,0.842104792
23742,-1.57591572,-2.3182682
23743,-1.57591572,-2.3182682
23744,-2.4744863,-0.0484827337
23745,0.248620225,-1.39996491
23746,0.224280652,0.814997066
23747,0.801738204,1.8398114
23748,0.239564574,-0.251178868
23749,-0.156025587,0.916975742
23750,-0.506537332,-0.5464687
23751,-0.119699777,-0.262039765
23752,-0.119699777,-0.262039765
23753,2.40507858,0.723259038
23754,1.83648871,-0.247167592
23755,-1.20434614,1.5099246
23756,0.189696204,-0.35003753
23757,-1.22066961,-0.0825137486
23758,-0.570959913,2.47031951
23759,0.561765059,0.776819172
23760,0.0415873492,1.7794711
23761,0.0415873492,1.7794711
23762,-1.41769003,1.74205239
23763,-1.24945082,-0.196381526
23764,0.955578026,0.409427084
23765,-1.26308918,-3.64638101
23766,-1.03370434,0.191102581
23767,0.822840838,1.2812195
23768,0.792935167,-0.556214049
23769,-1.05717623,1.11343695
23770,-1.05717623,1.11343695
23771,-0.328323431,-1.25027687
23772,-1.67145294,-0.264246844
23773,-2.52647752,2.42651348
23774,-0.869459415,-0.162284371
23775,1.38833955,-0.203700989
23776,-1.19658407,1.68021393
23777,-0.320582951,0.648763584
23778,-0.226858848,0.773459378
23779,-0.226858848,0.773459378
23780,-0.443315054,1.81705478
23781,0.126048903,0.875064544
23782,0.277815169,-0.108426089
23783,-1.23841773,0.77088287
23784,0.535682744,1.39798217
23785,0.850459484,1.32617662
23786,-0.100651001,2.66139107
23787,-1.87222961,-0.155493263
23788,-1.87222961,-0.155493263
23789,-1.30452153,-0.0338753012
23790,0.493804117,-0.157183483
23791,-0.16780032,2.59654368
23792,0.906028032,0.505118851
23793,0.397808939,-0.636934772
23794,0.282963425,2.96774565
23795,1.35878761,-0.0588239439
23796,0.813282876,2.17768319
23797,0.813282876,2.17768319
23798,-0.593555624,1.53791515
23799,0.407631096,1.91422123
23800,-0.722071044,1.55785185
23801,-1.74641161,1.04564071
23802,-1.44563846,-0.117174544
23803,-0.622330204,1.69704486
23804,-0.145701923,-0.0603848748
23805,-0.041332164,0.377234415
23806,-0.041332164,0.377234415
23807,0.788670259,1.10582391
23808,-0.436747395,0
23809,-1.04486512,-0.248657412
23810,0.0843435548,1.39055264
23811,0.951762647,-0.830801109
23812,-0.0461800927,0.515024635
23813,0.377957605,2.23521541
23814,-0.305008874,1.12837558
23815,-0.305008874,1.12837558
23816,-1.01146473,-1.46742796
23817,-0.646651115,-1.20449308
23818,-0.153932788,2.58579445
23819,-0.888791423,-0.0840322923
23820,-0.491077953,-0.0282580085
23821,0.216312314,2.29561377
23822,0.83593416,2.01378617
23823,-1.13881584,1.3719546
23824,-1.13881584,1.3719546
23825,-0.929308924,0.847780714
23826,-0.563043219,-2.14718979
23827,-0.44362372,0.731997404
23828,-0.320611106,-0.441415908
23829,0.13697242,-0.172343091
23830,0.0267800245,0.901699333
23831,-0.538056931,0.236266795
23832,0.219707362,0.852067355
23833,0.219707362,0.852067355
23834,-0.235687192,0.907605288
23835,-0.14754461,-0.571062456
23836,-1.87131564,0.765820557
23837,0.400079815,0.0752769898
23838,-0.309278232,0.39318812
23839,-1.35425166,1.9137003
23840,-2.0596411,0.453330014
23841,0.237090991,-1.11299594
23842,0.237090991,-1.11299594
23843,-2.3897079,-1.94509386
23844,0.792409366,-0.53840174
23845,0.364528198,1.93032263
23846,-1.23533167,-0.14110245
23847,-2.18717726,0.338599758
23848,0.375560359,1.18106417
23849,-0.212684613,0.81073494
23850,-2.03052596,-0.281385372
23851,-2.03052596,-0.281385372
23852,-0.486764946,1.47154034
23853,-0.215088142,0.470862585
23854,-0.215063429,2.43723327
23855,0.855699727,-0.226729792
23856,-1.24610385,-0.354630204
23857,-0.396739085,3.10730362
23858,0.197755111,1.41893597
23859,-0.173216417,0.102266951
23860,-0.173216417,0.102266951
23861,-1.94887558,1.27416904
23862,-0.199759832,-1.66914892
23863,-0.584886705,-0.536480652
23864,2.11207288,-0.787449121
23865,1.61426448,0.77574334
23866,-0.13660965,-0.307741447
23867,0.632320897,-0.098899937
23868,1.89926798,1.24143829
23869,1.89926798,1.24143829
23870,-1.50674693,0.396854266
23871,-0.485867213,-0.614463963
23872,0.424465718,1.12083944
23873,0.543873177,0.0283292504
23874,-1.25761922,-1.87083418
23875,0.0810123925,1.02243335
23876,-0.499881071,-0.082745794
23877,0.214299405,-0.766496381
23878,0.214299405,-0.766496381
23879,-1.93623172,-1.01051313
23880,1.35083058,0.282914496
23881,-0.546871821,1.9105624
23882,-1.55023456,-1.30472703
23883,0.088742851,0.199190153
23884,0.239421876,2.42354017
23885,-1.16662583,2.0801397
23886,-0.340694907,0.853452884
23887,-0.340694907,0.853452884
23888,-0.471775913,1.17252309
23889,0.0828029756,0.838012808
23890,-1.23522607,0.974530079
23891,-0.316786156,1.28713413
23892,0.521888743,0.405705597
23893,-0.837524996,1.48187003
23894,-1.21494865,1.60664345
23895,-2.01380646,-1.48506447
23896,-2.01380646,-1.48506447
23897,-0.763832414,0.0315383526
23898,0.415057273,1.6053768
23899,-0.907890617,1.51239923
23900,-1.97992242,0.601971145
23901,0,-0.172390152
23902,-0.0644166196,1.70372949
23903,-0.465467928,-0.920191554
23904,-1.36518592,-1.33155357
23905,-1.36518592,-1.33155357
23906,-1.40115084,1.48790946
23907,1.33381758,-0.139889604
23908,-0.498199824,0.405551338
23909,0.0894331562,2.03299822
23910,-0.164832696,0.21103979
23911,-0.0178327676,1.50503031
23912,0.354875474,0.70567737
23913,-0.660826737,-0.965478275
23914,-0.660826737,-0.965478275
23915,1.8710012,-0.654394091
23916,-0.32356507,0.310806212
23917,-1.02645086,2.49196916
23918,0.449942387,0.128901671
23919,-1.26203943,0.727618777
23920,-1.4465702,2.35462959
23921,1.75564151,0.457617185
23922,-0.336785078,-0.398376257
23923,-0.336785078,-0.398376257
23924,-0.843507962,1.56523117
23925,0.986556798,-1.2892707
23926,0.367562533,0.153501662
23927,-0.437924599,2.41047799
23928,-0.526835703,-0.518299783
23929,0.0550244893,0.941195059
23930,-1.44431251,-0.939927177
23931,-0.808228925,0.511604098
23932,-0.808228925,0.511604098
23933,-0.629434772,0.0340595658
23934,0.059752428,-0.836908635
23935,-0.575019743,0.969036505
23936,2.24080021,1.12228613
23937,-1.43692538,1.51756331
23938,0.507741292,1.56979795
23939,0.0143393737,1.21181719
23940,-0.976415896,0.0601908921
23941,-0.976415896,0.0601908921
23942,-1.05149625,1.52512078
23943,0.619758046,0.975124832
23944,0.235250159,2.45988924
23945,0.841685471,1.06001418
23946,0.502230193,-1.90456414
23947,0.690149443,1.18892109
23948,-1.70970857,1.58049571
23949,-0.851106645,0.359515566
23950,-0.851106645,0.359515566
23951,2.25402471,1.38248523
23952,0.831095172,-0.226991971
23953,-1.2991666,0.824974335
23954,-0.340570657,0.129102541
23955,-0.482181513,0.205355288
23956,-0.565373953,1.9591629
23957,-1.6820399,-0.229038549
23958,-0.561494627,-2.01538647
23959,-0.561494627,-2.01538647
23960,-1.92601673,-1.10478927
23961,-0.204057884,1.12570187
23962,-0.444588066,1.74648718
23963,0.201394221,-0.0142070345
23964,0.621892699,0.398493953
23965,-0.266138685,2.36379772
23966,-0.967887957,-0.981708757
23967,-0.418613423,-1.67527304
23968,-0.418613423,-1.67527304
23969,0.187913313,0.445420803
23970,-0.123703284,-0.302875868
23971,-0.671103653,1.03805849
23972,-0.285287644,0.942009518
23973,0.447701449,-0.925552483
23974,0,0.745469948
23975,-0.767568232,0.851821733
23976,-0.119334657,0.180226442
23977,-0.119334657,0.180226442
23978,-0.978572713,0.996301321
23979,-0.121365516,-0.719782835
23980,-1.07769145,1.51117851
23981,1.73197294,-2.40431609
23982,-2.342291,-1.14252935
23983,-2.21673118,1.60524505
23984,1.44795278,1.38923189
23985,1.21221995,0.527792667
23986,1.21221995,0.527792667
23987,-0.968834111,-0.132333371
23988,1.62529433,0.772495426
23989,0.434924116,1.56645408
23990,0.740388845,-1.04496432
23991,-1.17601684,0.258967529
23992,0.872753124,1.23661314
23993,0.992263954,-0.230262174
23994,-0.715962795,-1.86537142
23995,-0.715962795,-1.86537142
23996,-1.11021496,0.46120588
23997,0.642736862,0.10259881
23998,-0.991580961,0.211022485
23999,0.819764295,-1.90753077
24000,0.609513491,-0.611776236
24001,-0.864529755,0.465524461
24002,3.40328741,-0.736224436
24003,-0.782122108,-1.23289326
24004,-0.782122108,-1.23289326
24005,1.44776868,-0.87366681
24006,0.0802684125,1.04708431
24007,-0.590458956,2.94216388
24008,0.412845931,-0.79591267
24009,0.213145415,-0.612868736
24010,0.212505494,3.12878598
24011,-0.0583876702,-1.06264218
24012,-1.65577133,0.440204307
24013,-1.65577133,0.440204307
24014,0.657968472,1.56410439
24015,-1.8548558,0.299294676
24016,-0.108318673,0.0302021337
24017,0.424311926,1.41843051
24018,0.319809995,-0.97900806
24019,0.208069617,-0.00894289584
24020,-0.415955033,0.264148323
24021,1.26107316,0.1984446
24022,1.26107316,0.1984446
24023,-0.741162463,-0.636793923
24024,0.882020326,-0.345670276
24025,-0.435880628,0.993432525
24026,1.54981286,0.0562077451
24027,-1.46866999,0.881311111
24028,-0.218268548,2.09720892
24029,-0.855955123,-0.0858781954
24030,-0.77644706,0.959091573
24031,-0.77644706,0.959091573
24032,-0.36266173,0.669105854
24033,1.12530227,-1.79379583
24034,-0.0784554209,2.23205811
24035,0.408861532,-1.10814218
24036,-0.927303126,-0.0143792956
24037,-1.23234608,2.50557117
24038,-0.999144405,0.0595725993
24039,-0.65367869,0.675114785
24040,-0.65367869,0.675114785
24041,1.91991565,-0.804469467
24042,-0.409219072,-0.759291792
24043,-0.835076404,0.388578604
24044,0.254568777,-0.359923024
24045,0.112027417,0.79657639
24046,0.100695744,1.0240167
24047,-0.454507514,1.52332468
24048,-0.04,-1.25588818
24049,-0.04,-1.25588818
24050,-2.61929649,0.357067331
24051,1.04924449,-0.554014864
24052,-0.219516548,1.77637264
24053,-0.0995117825,3.05328815
24054,-1.37306955,0.164045622
24055,0.117799327,2.44959539
24056,-1.63488942,-1.81187614
24057,0.137207579,0.0630794921
24058,0.137207579,0.0630794921
24059,-0.0684117433,-0.165831302
24060,0.531507512,-0.31800734
24061,-1.41188765,1.13229951
24062,-0.436357903,1.31648675
24063,-0.374216898,0.547307216
24064,-1.4871243,0.807690899
24065,-0.651932528,0.406874702
24066,-1.94028109,1.06309052
24067,-1.94028109,1.06309052
24068,-1.05399617,0.906757254
24069,-0.0210982496,0.896538224
24070,-0.216504923,1.1624344
24071,-1.476298,-0.353527434
24072,-0.398032111,1.8703715
24073,-0.154255693,2.87623343
24074,-0.196619326,0.0726708703
24075,-2.25050247,-0.794657133
24076,-2.25050247,-0.794657133
24077,-1.02421909,-0.689589575
24078,-0.536077473,0.447161268
24079,-1.27893664,0.493841451
24080,0.262823405,1.60378856
24081,-1.36460257,-0.131649152
24082,-1.88077217,-0.123546087
24083,-2.27874058,-0.189462757
24084,-0.27002984,-0.336467504
24085,-0.27002984,-0.336467504
24086,-0.0497260394,-0.0825523379
24087,0.525139173,-0.470954641
24088,0.772045396,1.58266805
24089,1.54379116,0.274552993
24090,-1.73937152,0.043946397
24091,0.629627896,1.85885254
24092,0.233892785,-0.551391626
24093,0.679649816,0.775752145
24094,0.679649816,0.775752145
24095,-0.531630135,-0.313826428
24096,0.146498174,0.766315574
24097,0,1.58640867
24098,0.734585843,0.541280647
24099,2.08040848,-1.0460804
24100,1.38522725,2.44850209
24101,-0.0715905484,-1.27521437
24102,-0.400232306,0.498695965
24103,-0.400232306,0.498695965
24104,-1.2701464,0.302677443
24105,0.718170447,0.727905028
24106,-1.20816371,0.613573438
24107,-1.61930302,1.58951525
24108,-0.152529506,2.50235128
24109,-1.20925429,1.12576343
24110,2.02551725,-0.0136153715
24111,-1.16628109,-1.38827671
24112,-1.16628109,-1.38827671
24113,0.0688434524,-0.0482934349
24114,-1.24413654,-2.34174641
24115,-0.920857174,2.11040632
24116,-1.18993622,-1.54529569
24117,-0.11186321,0.549957835
24118,0.234269381,3.18704566
24119,0.522084504,2.58821826
24120,-0.481711608,1.11832671
24121,-0.481711608,1.11832671
24122,-1.53445007,1.75405026
24123,-0.73457082,1.25510455
24124,-0.0312696944,0.0916378496
24125,-0.76376723,1.91667828
24126,0.158591941,0.0287670672
24127,-0.126546758,1.83165278
24128,-0.670655284,-0.522225531
24129,-0.755954843,0.1630224
24130,-0.755954843,0.1630224
24131,-0.683555943,-0.351864328
24132,0.996263217,0.0572531428
24133,-0.743717937,2.47461937
24134,-0.361573863,-1.09652401
24135,-0.0292339679,0.112471554
24136,0.0732412599,1.76383595
24137,-2.0868455,-0.0302170588
24138,-1.15042769,2.07674074
24139,-1.15042769,2.07674074
24140,2.68436605,1.30265536
24141,-1.17021687,-1.07755064
24142,-0.216710252,0.562784454
24143,0.705115731,-0.600020105
24144,0.975041555,1.24730983
24145,0.673484015,1.41911992
24146,-0.2009166,1.61547089
24147,-0.100792531,-1.65950633
24148,-0.100792531,-1.65950633
24149,0.582251434,-0.788605795
24150,-0.0201330554,1.23263264
24151,-0.937743115,1.93073823
24152,0.809065088,0.09845527
24153,1.17552068,0.297792071
24154,-0.221689922,2.79620641
24155,-0.648348296,0.950594125
24156,-0.0200032589,-0.401486339
24157,-0.0200032589,-0.401486339
24158,-0.548545235,0.682584914
24159,-1.08008241,-0.57490265
24160,-0.201008421,1.50566281
24161,1.0837858,-0.08488405
24162,0.274822647,-0.392566227
24163,0.270008604,2.49617699
24164,-0.551951129,1.38256089
24165,-0.901861247,-0.340147514
24166,-0.901861247,-0.340147514
24167,-1.13803708,-0.846175113
24168,-0.603221527,-0.966877953
24169,-2.18995517,-0.137369867
24170,-0.18797722,-0.235058791
24171,0.848003739,0.601335987
24172,-1.94165687,0.144712191
24173,-0.518817794,-1.77125831
24174,0.298530715,0.270314108
24175,0.298530715,0.270314108
24176,-0.709822091,-1.60033525
24177,0.337776637,0.813428283
24178,1.36954044,2.84225533
24179,-0.425288768,0.899792488
24180,-0.449351537,0.307874573
24181,0.978194233,3.40101238
24182,-2.08905235,0.147248016
24183,0.143399133,-2.43439882
24184,0.143399133,-2.43439882
24185,-0.394847006,2.54509641
24186,1.57961832,-0.43484596
24187,-0.581227546,0.806548321
24188,-1.10833401,0.0437376376
24189,-0.424265345,2.61865916
24190,0.458435799,2.03580932
24191,-0.58557967,-0.153472696
24192,-1.31698659,1.64480848
24193,-1.31698659,1.64480848
24194,0.174354762,-0.425951282
24195,1.16614207,1.38119655
24196,-1.31034979,0.535642949
24197,0.71970054,1.04300492
24198,-1.48144963,-1.36591337
24199,-0.880022759,0.73836839
24200,0.165893148,-2.84345664
24201,1.69416497,-1.72993677
24202,1.69416497,-1.72993677
24203,-0.84554427,-1.6597422
24204,0.0605181853,-0.0191713074
24205,0.0922536674,2.05763783
24206,-0.101557968,0.399048563
24207,1.84989077,1.23772374
24208,1.29826117,1.48752312
24209,0.500489824,0.839419305
24210,0.424857827,-0.423867725
24211,0.424857827,-0.423867725
24212,0.153108044,-0.0509817585
24213,0.118193794,0.791714285
24214,0,0.654310725
24215,0.640705072,0.444504551
24216,0.613554659,0.422342077
24217,-0.714732682,1.36149845
24218,-0.126402856,2.0223812
24219,0.225169149,-0.366278527
24220,0.225169149,-0.366278527
24221,0.891560072,-1.76691702
24222,-0.769987778,0.422979836
24223,-0.694210367,3.07319381
24224,-0.230672878,-0.739259891
24225,0.375450885,0.224722021
24226,0.210373227,3.36738544
24227,2.15395314,-0.659432684
24228,-0.655832464,1.33745269
24229,-0.655832464,1.33745269
24230,-0.156246414,0.856824478
24231,-1.48533295,1.18981162
24232,-0.993931504,-0.374681761
24233,1.77311891,0.637687967
24234,0.771105319,-1.63646182
24235,-0.333084362,-1.10771802
24236,0.998017114,1.77560572
24237,-0.410357349,0.813525198
24238,-0.410357349,0.813525198
24239,-1.50483636,0.668150637
24240,-0.962867309,0.322449905
24241,-0.99332751,0.761026321
24242,1.81230805,-1.51982333
24243,1.0110087,0.0286916509
24244,-0.329412492,1.98195448
24245,-1.0750779,0.411785304
24246,0.0781206891,-1.24494593
24247,0.0781206891,-1.24494593
24248,-2.61660816,-0.8849642
24249,0.0408248717,-0.695053972
24250,0.978399181,1.32062177
24251,0.542187549,-0.996806586
24252,-1.11286133,-0.114663446
24253,1.06399586,1.23807652
24254,-0.51403206,1.05402866
24255,0.90535405,-0.336249076
24256,0.90535405,-0.336249076
24257,0.829861051,1.29164599
24258,2.2910624,-0.524275854
24259,-2.08382714,1.92758047
24260,0.231684674,-0.222551084
24261,1.95864481,-0.0284367706
24262,-1.02353196,1.95935426
24263,-0.397766711,-1.21270154
24264,-1.25219468,0.0828285991
24265,-1.25219468,0.0828285991
24266,-1.14465653,1.02951101
24267,0.226613548,0.119093092
24268,1.20388658,0.33525991
24269,-1.01261959,0
24270,-1.22640543,1.11848667
24271,0.997074961,1.64973948
24272,0.0422134121,1.58438203
24273,0.943081882,-0.733030376
24274,0.943081882,-0.733030376
24275,0.264299962,-0.246042874
24276,0,-0.901481998
24277,-1.81718939,1.71067631
24278,0.679973496,0.795333463
24279,0.792982985,-1.4869593
24280,-0.598042924,1.11010963
24281,-0.0583360119,0.736830102
24282,0.199119434,0.74328479
24283,0.199119434,0.74328479
24284,-1.0721976,-0.159533714
24285,1.97482417,0.401044276
24286,0.123905286,1.59088
24287,-0.753982277,0.548242637
24288,-0.780538132,-0.87907705
24289,0.598398494,2.0735177
24290,0.0141631403,-1.10057441
24291,-1.42275905,-0.98753594
24292,-1.42275905,-0.98753594
24293,-0.756931513,0.462790865
24294,-0.497772617,-0.677353748
24295,-1.08058956,1.46223602
24296,0.0433740857,0.0288947131
24297,0.476182836,-2.02495752
24298,-0.698370576,0.856283749
24299,-2.10029325,-0.532753368
24300,0.261972549,-0.616873036
24301,0.261972549,-0.616873036
24302,-1.93976079,0.686013949
24303,-2.23361498,-0.870257058
24304,-0.726219897,1.19380792
24305,1.32506465,-0.306729347
24306,-2.41875292,0.474174211
24307,-1.33760636,1.30053898
24308,-1.59600946,1.37365953
24309,1.15956977,0.12126595
24310,1.15956977,0.12126595
24311,0.5692508,-0.303920566
24312,-1.3937305,-0.934532755
24313,-0.553333194,1.15281425
24314,-0.908634104,0.899925875
24315,0.648465199,0.741966225
24316,0.397277617,2.02681762
24317,1.48906149,0.209046509
24318,0,0.941240931
24319,0,0.941240931
24320,-1.9692815,0.688061016
24321,1.24109995,-0.123106685
24322,-0.476474173,-1.83861238
24323,1.4459449,-0.104031338
24324,0.759383517,-1.22950251
24325,-0.135631944,-2.89397767
24326,-0.688741737,0.13442085
24327,0.723731791,0.146437102
24328,0.723731791,0.146437102
24329,-0.257512894,-0.0157300166
24330,-0.913462038,-0.940238534
24331,0.569947507,0.500539089
24332,-2.45125055,-0.0569068532
24333,1.73764084,0.188199248
24334,0.77036964,0.565562207
24335,-1.45682269,-1.22510972
24336,-0.300705791,-0.550342535
24337,-0.300705791,-0.550342535
24338,0.231601348,1.14581104
24339,-0.991715081,1.04883454
24340,-0.117060239,0.14257622
24341,-0.671200906,-0.400633695
24342,-0.111826666,1.16346254
24343,-1.2136298,0.880837771
24344,-1.06401737,1.04197853
24345,-1.56343641,-0.759353004
24346,-1.56343641,-0.759353004
24347,-0.321146314,1.95479477
24348,-0.456121734,-1.32773696
24349,-0.892867243,0.888789098
24350,0.472450003,1.45606448
24351,-1.40564765,-0.145392746
24352,-1.90513586,0.46342198
24353,-0.968788257,1.38928112
24354,-0.838656973,-0.641891388
24355,-0.838656973,-0.641891388
24356,-0.966933574,0.163303573
24357,-0.852705289,0.374988987
24358,-1.29824254,0.0288248316
24359,-0.42224867,0.0914626327
24360,0.272566677,0.499707816
24361,0.549454786,1.19735494
24362,-1.23893839,-0.424350766
24363,1.72640242,0.308076802
24364,1.72640242,0.308076802
24365,0.897176873,-0.921740106
24366,-0.161170003,1.6941819
24367,1.27664822,1.0411491
24368,-0.354622693,2.61642491
24369,-2.16208122,0.47644895
24370,-0.576435159,0.145626042
24371,-0.918486768,1.31862179
24372,0.550553956,0.878902525
24373,0.550553956,0.878902525
24374,1.2674444,0.69190099
24375,-0.455445715,-0.740010757
24376,-0.0291173415,0.116103464
24377,0.632698408,2.41642754
24378,-1.57321178,-1.27575223
24379,-1.15394481,-0.823797378
24380,0.170125019,-0.393984733
24381,0.995708554,-0.793903781
24382,0.995708554,-0.793903781
24383,0.751890036,1.31751309
24384,1.48222841,0.722766668
24385,-0.458855112,-0.201322397
24386,-0.635381272,0.45063362
24387,1.05979277,-0.675452854
24388,0.618607761,-0.900122361
24389,0.942686509,-0.486396294
24390,0.206559802,1.76288036
24391,0.206559802,1.76288036
24392,0.738080845,-0.822364897
24393,-0.574675462,-0.718344853
24394,-0.470557631,0.458100313
24395,0.0616209632,1.80831114
24396,-0.143986225,0.80053576
24397,-1.76887184,2.30156142
24398,-1.19503779,1.46434703
24399,0.596481716,-1.22016179
24400,0.596481716,-1.22016179
24401,0.207918177,1.05534518
24402,-0.431774747,-0.220671442
24403,0.843860771,-0.0299846621
24404,-1.33363911,-0.536832601
24405,-0.569478596,-0.197317494
24406,-1.23979121,0.165387795
24407,0.531450957,-0.0899146891
24408,-0.260382043,-0.378331999
24409,-0.260382043,-0.378331999
24410,-1.66735051,-1.02420181
24411,-0.0200687742,-0.846501661
24412,-0.679661663,0.647493898
24413,0.647933874,1.93406079
24414,0.381579594,2.09106367
24415,0.361527989,1.82882709
24416,0.363079958,0.07531465
24417,0.14358319,0.0404684536
24418,0.14358319,0.0404684536
24419,2.05878857,0.0318398116
24420,-0.245237251,-0.516877
24421,-0.529381855,-0.147067911
24422,0.519768986,-0.115015502
24423,-0.527316731,0.300082971
24424,0.647829049,-0.242154379
24425,-0.0441738646,1.51729236
24426,0.870016849,-0.0189763913
24427,0.870016849,-0.0189763913
24428,-0.357620242,0.969979816
24429,0.23974297,0.186987011
24430,-1.14692083,-0.779866836
24431,-0.701944839,-1.26947529
24432,0.432759926,-0.028464359
24433,-0.158252917,0.22853078
24434,0.881053552,0.959661269
24435,1.02474281,-0.307024981
24436,1.02474281,-0.307024981
24437,-0.956051728,-0.217292716
24438,0.376936682,-0.976682952
24439,0.955282201,1.5946476
24440,-1.46613302,-0.656431843
24441,-0.228636692,-1.34076936
24442,0.782201838,-2.24192406
24443,0.0418914799,-1.85109419
24444,-1.41995276,0.311253314
24445,-1.41995276,0.311253314
24446,0.197709277,1.88624113
24447,-0.0627604103,0.27040144
24448,-0.595314627,-0.373545423
24449,1.56244396,-1.65807563
24450,0.201901148,-0.0284661365
24451,0.412994199,-0.614380667
24452,0.31771024,0.915442646
24453,-0.172742376,0.0393719019
24454,-0.172742376,0.0393719019
24455,-0.529470029,-0.595751107
24456,0,-0.784895461
24457,0,0.0885616336
24458,-0.644838636,2.27116158
24459,1.39497963,-0.759834894
24460,1.43192202,0.348170089
24461,1.58674339,0.556700692
24462,0.634287713,-0.223788228
24463,0.634287713,-0.223788228
24464,-0.660371107,0.131822329
24465,-0.268717318,0.281107732
24466,-0.600989399,0.115618173
24467,0.418375072,0.621203946
24468,0.315352079,-0.349855722
24469,-0.94007613,0.801235206
24470,0.457724549,1.03721395
24471,-0.373471131,-1.22656565
24472,-0.373471131,-1.22656565
24473,-0.25286563,0.439488078
24474,-0.378239548,-1.79330799
24475,1.48392894,0.565913582
24476,-0.129170773,0.909082456
24477,-0.0142751784,-0.660770133
24478,-0.885115143,-0.513710137
24479,0.64896414,0.317577313
24480,-0.113919282,0.0407555151
24481,-0.113919282,0.0407555151
24482,-0.24001592,0.977443067
24483,0.797601937,0.737132791
24484,-1.28966234,0.821443031
24485,-1.53701344,0.730500197
24486,0.174197961,1.92769612
24487,-0.33262527,1.74171856
24488,2.03044706,0.48852165
24489,0.741729946,1.08231307
24490,0.741729946,1.08231307
24491,-2.44205696,2.00865494
24492,-0.10479374,0.848281729
24493,-0.232261372,-0.087086333
24494,-1.45832159,-0.37512356
24495,1.24645455,1.08445012
24496,0.757476238,0.467192521
24497,2.1233223,-0.332399898
24498,-2.14897766,-0.661917134
24499,-2.14897766,-0.661917134
24500,0.418735281,-1.17580892
24501,-1.07057499,-0.102818438
24502,-1.1241587,-0.774940428
24503,2.36842016,-0.344562943
24504,0.0555046205,-0.968847593
24505,0.178120762,-1.97101506
24506,-1.02370264,0.553079081
24507,-1.22971323,-0.80600256
24508,-1.22971323,-0.80600256
24509,-0.46067991,-1.30059927
24510,-0.449912585,0.435096963
24511,1.17314355,2.10836554
24512,0.511720364,-0.691200093
24513,1.03804526,0.0146349057
24514,1.83719895,-0.0600502586
24515,0.92098113,0.917409005
24516,-1.16995685,0.618002388
24517,-1.16995685,0.618002388
24518,1.07252674,-0.157310436
24519,-1.90673394,-1.33580766
24520,-0.688815316,-0.858996328
24521,0.539139472,-0.683486776
24522,0.70858448,0.795094106
24523,0.231425881,0.358412828
24524,0.613085397,-0.246884714
24525,0.551840138,0.669092
24526,0.551840138,0.669092
24527,-0.762468163,-0.586270616
24528,1.24786255,-0.495596746
24529,0.05816545,0.688360712
24530,1.06802397,0.360216737
24531,-0.0832102433,-0.596328766
24532,0.598955516,-0.637252832
24533,-0.203485601,-1.08367996
24534,0.100522004,0.0201668879
24535,0.100522004,0.0201668879
24536,0.379371118,-1.05140256
24537,0.0207309458,-0.105189381
24538,-1.37269998,0.428489031
24539,-0.454075876,1.16728052
24540,-0.547655287,0.28924188
24541,-1.26874086,0.145752575
24542,0.855644469,0
24543,-0.427853878,-1.20061882
24544,-0.427853878,-1.20061882
24545,-2.08650256,1.17773922
24546,-0.0833381381,0.62301948
24547,1.54675298,-0.460056653
24548,-0.878386068,0.0298156844
24549,0.309557296,-0.583695547
24550,0.351905598,-0.517951973
24551,-1.84136891,-0.597135876
24552,0,-0.259639099
24553,0,-0.259639099
24554,0.956464585,0.475932239
24555,0.27380114,1.39838055
24556,-1.04330884,0.147325612
24557,0.491743674,0.883457481
24558,-0.755207969,-1.27543417
24559,-0.369513655,-1.43012721
24560,1.67513203,-0.500676411
24561,-0.780796856,-0.121949033
24562,-0.780796856,-0.121949033
24563,0.245294063,0.118462877
24564,2.73984379,0.816159141
24565,-0.0284375774,0.797109699
24566,-2.41498501,-0.362066896
24567,0.259268985,-0.330532016
24568,0.406629833,-0.5265997
24569,0.825402723,0.0294936303
24570,0.678434097,-1.10472638
24571,0.678434097,-1.10472638
24572,1.07354976,0.973291937
24573,-1.62481901,-0.402711637
24574,-1.04919118,0.145323238
24575,-0.660088105,-1.06682038
24576,1.55615207,-0.457384117
24577,0.750983599,-0.982958441
24578,-1.95422274,-1.65937655
24579,0.739440165,0.567165785
24580,0.739440165,0.567165785
24581,-1.21207623,0.632033223
24582,0.220502478,0.0588373645
24583,0.471742298,0.840819091
24584,-0.44883909,-1.47640601
24585,-1.17390496,1.10108341
24586,-1.66086143,1.50165347
24587,-0.976725021,0.978371674
24588,-1.21360827,1.12923166
24589,-1.21360827,1.12923166
24590,0.306291521,0.996592613
24591,-0.409673245,1.40310771
24592,0.140353664,-0.859364149
24593,0.909487991,1.42455226
24594,1.45442787,-0.0424279913
24595,0.586095659,-0.840135447
24596,0.43146574,-0.303564215
24597,-0.527348433,-0.16619081
24598,-0.527348433,-0.16619081
24599,-0.705954836,0
24600,-0.144886147,-0.14305409
24601,0.224759249,0.934801805
24602,1.60384744,-1.6440682
24603,0.469177465,-0.973087884
24604,0.753291434,-0.788546409
24605,1.3424512,-2.33221638
24606,1.66464048,1.14593691
24607,1.66464048,1.14593691
24608,-0.311972127,-0.900519153
24609,-0.62773085,0.619036666
24610,-1.09917619,-0.231061751
24611,-0.870636493,-1.20837932
24612,-0.0136361931,0.817478948
24613,1.01553013,0.181410667
24614,1.38692497,0.749041867
24615,2.02453787,1.20456243
24616,2.02453787,1.20456243
24617,-0.489490496,-0.555557147
24618,0.952595947,0.892162128
24619,0.325072653,-0.383581136
24620,-0.423236185,-0.259240004
24621,0.683446988,-0.397751999
24622,0.617301468,-0.561572918
24623,0.210491269,-0.843229677
24624,0.325674884,-1.00207534
24625,0.325674884,-1.00207534
24626,0.509395786,0.474529979
24627,-0.508237535,0.757954412
24628,0.466885001,0.37886693
24629,-0.762231068,-0.102064384
24630,-0.0851265549,0.0144428127
24631,-0.0406722545,0.138800506
24632,1.05329077,-1.64065833
24633,0.235569276,2.26594639
24634,0.235569276,2.26594639
24635,0.552778767,1.57165439
24636,-1.55570773,0.459412925
24637,-0.964804123,0.644304468
24638,0.365729356,-0.182625064
24639,-1.1886195,-0.280104749
24640,-0.656424899,-1.78213225
24641,0.528947807,0.850408468
24642,-0.639292203,0.220018198
24643,-0.639292203,0.220018198
24644,-1.75561683,-0.815063089
24645,1.82471458,-1.24259149
24646,-1.73125449,-0.0856305838
24647,0.36598464,0.0835311671
24648,1.75749402,0.779475265
24649,0.69853967,0.447557234
24650,1.13597824,1.61915507
24651,-1.4780789,-0.547755043
24652,-1.4780789,-0.547755043
24653,-0.867443027,0.117028356
24654,-0.490671947,3.10023262
24655,1.5879599,1.02090034
24656,-0.948666105,0.493448872
24657,1.31961388,0.744436634
24658,0.930621655,0.922055494
24659,0.292342654,1.28451297
24660,-1.26912373,-1.66825073
24661,-1.26912373,-1.66825073
24662,0.654273685,0.113945137
24663,-1.09284337,0.247557469
24664,-0.422936078,-0.202446926
24665,-1.60629856,0.739087639
24666,-1.50824806,0.546821576
24667,-1.98344275,0
24668,0.0769186968,-0.292695364
24669,-1.60850934,-0.352459751
24670,-1.60850934,-0.352459751
24671,-0.0988863978,-0.642425809
24672,0.143084047,-0.630491506
24673,0.309656233,0.1162725
24674,-0.214338179,-0.144010846
24675,2.42047521,0.824528912
24676,1.4701413,1.28622765
24677,1.2489853,1.03163474
24678,1.00317102,-1.13333298
24679,1.00317102,-1.13333298
24680,-0.116217881,-0.735188861
24681,1.55605985,-1.12805803
24682,-0.922760737,0.63534676
24683,-0.911049462,-0.159482428
24684,0.30355563,1.21739891
24685,0.542476024,0.422824233
24686,0.307750925,1.73537471
24687,-0.695598703,-0.368125707
24688,-0.695598703,-0.368125707
24689,-1.06124938,0.579585999
24690,-0.568227893,3.66559548
24691,0.419142109,0.0300222993
24692,0.530584171,0.649053746
24693,-1.44053288,-0.714019394
24694,-0.813390292,-0.697672363
24695,-0.209969296,-0.694834157
24696,-0.5623084,0.0204524466
24697,-0.5623084,0.0204524466
24698,0.273121281,-1.46090144
24699,0.0975447553,1.47789003
24700,-0.556108356,0.752552547
24701,1.27713291,0.184393758
24702,-0.118026896,0.0582043284
24703,1.51595426,-0.42134379
24704,0.0925995834,-1.0686215
24705,0.639850559,-0.613524359
24706,0.639850559,-0.613524359
24707,-1.30445706,-0.795507359
24708,0.357611354,1.12807751
24709,-0.319204666,0.0883246705
24710,-0.0290263257,0.719904568
24711,0.17277952,0.043482427
24712,0.444533062,-1.2806302
24713,1.39957649,-0.030093355
24714,0.971339646,-1.98702929
24715,0.971339646,-1.98702929
24716,-0.770827219,-1.10393736
24717,-0.735677912,-1.05700872
24718,-0.206468016,-0.507039102
24719,0.115605344,-0.042665155
24720,0.913371452,-0.438010417
24721,1.58343641,0.372263724
24722,-0.241438502,-0.458355819
24723,0.820271824,-0.0203595538
24724,0.820271824,-0.0203595538
24725,1.82971888,-0.578876529
24726,1.39848861,1.04530655
24727,-0.168230652,0.785830996
24728,0.720949216,-0.257855381
24729,0.351994743,0.578828241
24730,1.14931128,0.160381511
24731,0.104135727,1.80155244
24732,2.74264547,0.754574328
24733,2.74264547,0.754574328
24734,-0.319849489,1.21621334
24735,0.060560695,-1.70875904
24736,0.0863225543,0.588678331
24737,-0.863025064,-0.620098935
24738,1.03647196,0.663720313
24739,0.962992923,0.333310492
24740,2.04959707,-0.312103688
24741,0.298329397,1.09247226
24742,0.298329397,1.09247226
24743,1.64654238,0.746271981
24744,1.60940315,-0.165729701
24745,-0.43286672,-0.679088225
24746,0.784665845,-0.721288869
24747,-0.842966572,0.617450238
24748,-0.759924949,-0.117594211
24749,-0.768343287,-0.142228827
24750,-1.25740522,1.86698674
24751,-1.25740522,1.86698674
24752,-0.716877559,-0.442866519
24753,0.203030103,-0.617143621
24754,-0.317370686,-0.230536013
24755,0.737566663,-0.215879024
24756,1.11905912,-1.21490473
24757,1.60412758,-1.15948078
24758,0.376248607,-1.37852962
24759,0.922348395,0.95413255
24760,0.922348395,0.95413255
24761,0.484140401,1.20925839
24762,0.685135941,-1.09770873
24763,1.44479736,0.941354046
24764,0.898371743,-0.169442538
24765,-1.2932399,-0.914036284
24766,-0.439664442,0.719944427
24767,0.593669218,0.358916302
24768,-0.493633929,-1.21142321
24769,-0.493633929,-1.21142321
24770,0.287000104,1.18014695
24771,1.51197989,0.951325481
24772,-1.64638077,1.32552138
24773,1.65359558,-0.0874330168
24774,-0.159164945,2.16921404
24775,-1.34886292,1.11032236
24776,-2.21235993,-1.36964585
24777,0.039545393,-1.5573668
24778,0.039545393,-1.5573668
24779,-0.960210225,0.952591088
24780,-1.69556333,-2.44478922
24781,-0.282009366,-1.2433724
24782,0.59006132,0.739784213
24783,-1.04679397,0.0574442228
24784,-1.15997093,1.13874578
24785,0.416349363,0.741397545
24786,0.0595716978,0.181639422
24787,0.0595716978,0.181639422
24788,-0.425344747,-1.18242036
24789,-0.471676858,-0.652938214
24790,-1.22327701,-0.0564748634
24791,2.05671659,0.950233101
24792,-0.424151189,0.617793213
24793,-0.258177705,-0.165130456
24794,-1.90114948,0.440297458
24795,-1.7323451,-0.727837166
24796,-1.7323451,-0.727837166
24797,0.104145122,-0.178760584
24798,0.520898216,-0.265337699
24799,0.997927793,1.96728976
24800,1.75705561,-1.81485983
24801,0.15568735,0.0141524433
24802,1.00263292,0.124447955
24803,0.407169686,-0.522611337
24804,-0.601856434,-0.267043376
24805,-0.601856434,-0.267043376
24806,0.476956281,0.429940552
24807,-0.0601536408,2.10937881
24808,-0.11357584,-0.900653285
24809,-1.57631931,-0.326052669
24810,0.2599802,0.426282741
24811,-0.117437842,0.139604837
24812,-0.540546105,0.471205278
24813,-1.52475352,0.0629591974
24814,-1.52475352,0.0629591974
24815,0.502907723,-1.62572013
24816,2.28830833,0.515566308
24817,0.455169634,0.519409168
24818,-0.0761124395,0.0725098161
24819,-0.34063943,-0.321580535
24820,-1.92208025,-1.03634952
24821,-0.779802876,-0.269683359
24822,1.38825731,-0.418684313
24823,1.38825731,-0.418684313
24824,0.215263204,0.726826883
24825,-1.43191352,-0.413574083
24826,-0.991946477,0.144949933
24827,0.44562799,0.469898021
24828,1.39802424,-0.469660763
24829,1.04868512,-0.949902509
24830,0.167566524,0.0446507525
24831,0.124706383,0.653296194
24832,0.124706383,0.653296194
24833,-0.220562689,-0.324748602
24834,-0.312316767,0.0412478328
24835,0.84763303,0.29660774
24836,-0.199742201,0.271480301
24837,0.0724064645,0.449601223
24838,-0.462522116,-0.301003053
24839,-0.253500467,0.0725442376
24840,-0.362597468,-0.104240908
24841,-0.362597468,-0.104240908
24842,-0.266093932,1.09239241
24843,-2.11619529,0.907152584
24844,-0.775228579,-0.857494091
24845,0.387073339,0.497288959
24846,0.117419945,1.19519839
24847,0.418765996,0.536932054
24848,-0.417731486,-0.0424646209
24849,0.0395907291,0.267193747
24850,0.0395907291,0.267193747
24851,-0.935850044,0.13221881
24852,-0.302839356,0.282884676
24853,-0.850577107,1.33582991
24854,1.46406884,1.99709893
24855,-1.72012695,1.51783385
24856,-1.99857607,1.56265917
24857,-1.667134,0.479642472
24858,-1.0901093,-0.395952012
24859,-1.0901093,-0.395952012
24860,-1.07636336,0.379027241
24861,-0.490753516,1.33475106
24862,-0.680311132,-0.335581079
24863,1.13423764,-0.043656316
24864,0.0428340243,-0.543774033
24865,0.782654102,-1.05040822
24866,0.481547741,0.730837066
24867,0.845132985,0.359707898
24868,0.845132985,0.359707898
24869,-1.34103391,0.874708877
24870,1.55795008,0.442893701
24871,0.31991167,1.2883596
24872,0.0148713861,0.416332934
24873,-1.78196715,-0.860299508
24874,-1.19748735,-0.707796051
24875,-1.66415702,-0.0576586089
24876,0.0207579281,-0.242558721
24877,0.0207579281,-0.242558721
24878,0.72813864,0.889811013
24879,0.717444031,1.25695988
24880,0.48319013,0.201077439
24881,-0.0146571887,1.23122054
24882,-0.898174588,-0.643373503
24883,-1.33945292,-0.567807743
24884,-0.293920807,0.979944524
24885,0.869838378,1.70257413
24886,0.869838378,1.70257413
24887,-0.68496137,-0.14761179
24888,-0.0424340329,-1.01793909
24889,0.720749876,0.256680092
24890,-0.95412396,-0.774514163
24891,1.97063902,-0.0280136838
24892,1.81504974,0.361888562
24893,1.62842838,0.166014841
24894,0.0593668273,-0.45711677
24895,0.0593668273,-0.45711677
24896,0.8214307,-1.01393094
24897,-0.53343829,1.15570206
24898,-1.43153952,-1.03863195
24899,0.822181043,-1.23053651
24900,0.407978367,-0.976316693
24901,1.91487088,-0.793365154
24902,2.60939705,-0.724843949
24903,0.535983616,-0.183996805
24904,0.535983616,-0.183996805
24905,-1.84325494,0.21567384
24906,-1.19041925,0.53126953
24907,0.569947507,0.500539089
24908,1.32213151,0.557200002
24909,0.302800824,-2.03011031
24910,-0.565079273,-1.13471284
24911,0.24009678,0.223046809
24912,0.293303698,0.767116631
24913,0.293303698,0.767116631
24914,-0.438120743,-0.050032561
24915,0.642716425,-1.36696179
24916,-0.117060239,0.14257622
24917,0.555792046,0.911987814
24918,0.209790248,-0.558241089
24919,0.365942587,-0.744095247
24920,0.353253023,-1.64750561
24921,-2.00339912,-1.48092151
24922,-2.00339912,-1.48092151
24923,-0.896910747,0.27418217
24924,-0.474422151,0.247359139
24925,-0.892867243,0.888789098
24926,-0.896412125,0.305168957
24927,0.0414908489,0.585544346
24928,-0.0610396118,0.564390754
24929,-1.61659332,1.67012567
24930,1.40174282,-0.141470207
24931,1.40174282,-0.141470207
24932,-0.892564963,1.00622417
24933,2.14970412,-1.77487882
24934,-1.29824254,0.0288248316
24935,0.126106572,-0.0738786325
24936,0.897047506,-0.602023386
24937,-0.56285452,0.10192555
24938,-1.62233186,1.67247034
24939,1.35821745,-0.222647901
24940,1.35821745,-0.222647901
24941,0.50054426,0.0679604556
24942,0.101571364,1.76305312
24943,1.27664822,1.0411491
24944,1.33167153,-0.0300494642
24945,0.930530838,1.1819067
24946,-0.0601548531,-0.463541793
24947,-0.911023446,-0.136942597
24948,-0.220728444,0.742430163
24949,-0.220728444,0.742430163
24950,1.18355246,0.886698066
24951,0.641705116,-1.65098126
24952,-0.0291173415,0.116103464
24953,0.228405363,0.138751709
24954,-1.98820916,0.71848497
24955,-1.25803174,1.21490936
24956,-1.20991739,0.22559554
24957,0.185164265,0.592425743
24958,0.185164265,0.592425743
24959,0.62396305,0.575109226
24960,-0.452098737,0.812071641
24961,-0.458855112,-0.201322397
24962,1.26308918,-1.36814748
24963,0.598381759,0.371850855
24964,1.17128169,0.910290375
24965,-0.223536903,-0.920438858
24966,0.18323903,-1.95449528
24967,0.18323903,-1.95449528
24968,0.630269763,-0.771708591
24969,0.715365959,-2.5129704
24970,-0.470557631,0.458100313
24971,-0.337780187,0.405369182
24972,-0.406452249,0.329534335
24973,0.466174533,-0.241791162
24974,0.324592558,0.642140333
24975,-0.876804498,-0.565188419
24976,-0.876804498,-0.565188419
24977,-0.733984798,1.14110069
24978,0.751248378,-0.46478336
24979,0.843860771,-0.0299846621
24980,-0.436221277,-0.720534335
24981,1.41211976,-0.734267653
24982,1.18497857,-2.45498733
24983,0.540248277,-1.59544454
24984,0.401700609,-0.0404071352
24985,0.401700609,-0.0404071352
24986,1.09802346,0.569258484
24987,2.02174482,0.832074915
24988,-0.679661663,0.647493898
24989,-0.155208552,-0.895020533
24990,0.400182149,0.47681466
24991,-0.141988013,0.395732826
24992,0.887003712,-1.3732584
24993,-0.638995692,-0.622776098
24994,-0.638995692,-0.622776098
24995,-1.40178011,-0.224700291
24996,-0.0204808088,-1.7272747
24997,-0.529381855,-0.147067911
24998,-0.547753932,0.058974469
24999,1.13956898,1.44635266
25000,0.653907826,0.44675664
25001,0.0146556737,-0.590498642
25002,1.19118517,-1.02118501
25003,1.19118517,-1.02118501
25004,-1.61285161,1.26891729
25005,-1.43144393,0.930278182
25006,-1.14692083,-0.779866836
25007,-0.408120671,0.511872917
25008,-0.299268679,-0.816982639
25009,-0.290991957,-1.71062699
25010,-0.0300357876,0.559854077
25011,-0.178068677,-0.905395349
25012,-0.178068677,-0.905395349
25013,-0.426370968,-1.16719159
25014,0.0812458744,-0.273811128
25015,0.955282201,1.5946476
25016,-0.906276808,0.608414391
25017,-2.46218237,-0.171164556
25018,-1.42863598,0.180589439
25019,0.501520513,0.866190041
25020,-0.558357848,-0.294494826
25021,-0.558357848,-0.294494826
25022,0.448360709,1.82710307
25023,0.293047662,0.0588191088
25024,-0.595314627,-0.373545423
25025,-1.63754669,0.215130077
25026,-0.380555659,-1.72306558
25027,-0.240968721,-1.19707566
25028,0.38445351,-0.812858012
25029,0.880125476,-0.159906248
25030,0.880125476,-0.159906248
25031,0.050229025,-1.82771998
25032,0.358319925,-1.28300685
25033,0,0.0885616336
25034,0.686451207,-1.15363664
25035,-0.436472614,-0.781247005
25036,0.0199998095,0.493275235
25037,0.131424378,-0.921625737
25038,0.999222962,-0.518781838
25039,0.999222962,-0.518781838
25040,0.542914928,0.118983964
25041,0.719332538,0.161100535
25042,-0.600989399,0.115618173
25043,1.25616225,0.882542095
25044,-0.185024956,0.995779517
25045,0.225545124,1.99279193
25046,-0.253914,0.600563937
25047,-0.140600686,-0.0403807053
25048,-0.140600686,-0.0403807053
25049,0.178036629,0.987412029
25050,-0.545242309,0.880834066
25051,1.48392894,0.565913582
25052,1.13004215,-0.561581732
25053,-0.770643782,2.4351271
25054,0.927287036,0.773241828
25055,0.944559302,-0.785674218
25056,-0.546706381,-0.579815477
25057,-0.546706381,-0.579815477
25058,0.873853222,1.12950638
25059,-0.0422131974,1.36603345
25060,-1.28966234,0.821443031
25061,0,-0.694148523
25062,-0.059152626,0.594902975
25063,1.30537119,1.2683212
25064,0.248153496,0.487340383
25065,-1.34095214,0
25066,-1.34095214,0
25067,-1.27584854,0.640151061
25068,-0.500398104,-0.560153213
25069,-0.232261372,-0.087086333
25070,-0.780477007,0.490437718
25071,1.90852426,-0.0142570881
25072,1.19302453,-1.6799378
25073,1.12531947,-0.604247375
25074,-0.978407332,0.544225352
25075,-0.978407332,0.544225352
25076,1.1616973,0.490243411
25077,0.814487487,0.938161175
25078,-1.1241587,-0.774940428
25079,0.127719959,-1.09038566
25080,-0.18382975,-1.35276767
25081,-0.126004311,-0.997876458
25082,-1.40799066,-1.08848419
25083,0.39057928,-1.29859063
25084,0.39057928,-1.29859063
25085,-0.268063437,-0.86798257
25086,0.708668217,-1.14956886
25087,1.17314355,2.10836554
25088,0.221833108,0.622220929
25089,-1.09863675,1.22676252
25090,-0.0582881505,-0.102513598
25091,-0.13758807,-0.713124319
25092,0.0814407113,0.799540046
25093,0.0814407113,0.799540046
25094,0.359135385,1.11311613
25095,1.20186194,-1.40989184
25096,-0.688815316,-0.858996328
25097,-0.159019154,-0.0288029327
25098,0.111512562,1.58305455
25099,-0.618664694,1.87780184
25100,-1.69225792,1.63360437
25101,-0.683406084,0.648727929
25102,-0.683406084,0.648727929
25103,-0.287860904,-0.724959368
25104,0.123219583,0.295343885
25105,0.05816545,0.688360712
25106,0.769608302,1.30711111
25107,0.119189998,-0.523925985
25108,0.081486864,-1.13428836
25109,-0.538195436,0.313304819
25110,-0.816300895,0.729233269
25111,-0.816300895,0.729233269
25112,-1.49783365,-0.594687331
25113,-0.391217885,-1.38294301
25114,-1.37269998,0.428489031
25115,1.20569815,1.05081422
25116,0.627284851,0
25117,0.698366116,-0.401837141
25118,0.17975119,-1.51774982
25119,0.262108636,1.29839983
25120,0.262108636,1.29839983
25121,0.359805557,1.35963805
25122,-0.62139883,0.627018063
25123,1.54675298,-0.460056653
25124,-0.592468008,0.357902727
25125,0.182730478,-0.522517603
25126,-0.124712864,-0.0410744535
25127,0.83269183,3.3354277
25128,-0.0209500776,-0.972078738
25129,-0.0209500776,-0.972078738
25130,0.426095359,1.95238728
25131,-1.02318189,-0.236998262
25132,-1.04330884,0.147325612
25133,2.24999085,-0.387709792
25134,1.65380141,-0.87061174
25135,0.143335527,-0.198425996
25136,-0.287831901,0.0446724345
25137,0.119839481,0.728490629
25138,0.119839481,0.728490629
25139,-0.241917582,-0.0505856859
25140,-1.05520691,-1.31331807
25141,-0.0284375774,0.797109699
25142,0.364565477,0.343157844
25143,-0.165318236,1.59172077
25144,-1.36728694,1.37465288
25145,0.189649621,-0.102018625
25146,0.499506245,0.71052205
25147,0.499506245,0.71052205
25148,1.67831651,0.181691624
25149,-0.020784791,0.551225366
25150,-1.04919118,0.145323238
25151,0,-0.220504172
25152,-0.631838443,0.204861794
25153,-0.517980309,-0.495853827
25154,-2.16748625,-0.683894507
25155,1.58280484,-2.20713561
25156,1.58280484,-2.20713561
25157,-1.12794001,0.8044489
25158,-0.349892089,1.36513529
25159,0.471742298,0.840819091
25160,1.37504648,1.33175006
25161,0.266118678,-2.12665864
25162,-0.650216707,-0.354341125
25163,-1.76418404,1.09992639
25164,-0.218491753,0.582496802
25165,-0.218491753,0.582496802
25166,1.67675838,-0.416593152
25167,-0.126672974,-0.324186366
25168,0.140353664,-0.859364149
25169,-0.237753738,1.09363852
25170,2.83395889,-1.99571279
25171,1.68831052,-2.48609399
25172,1.93224434,-1.7507787
25173,0.214205776,-1.57288958
25174,0.214205776,-1.57288958
25175,0.95447557,-0.799561696
25176,0.0201603542,1.92614219
25177,0.224759249,0.934801805
25178,1.34750628,-0.123526791
25179,0.521609333,-0.631205958
25180,0.16118558,-1.2674798
25181,0.241738579,-0.195725955
25182,0.247516023,2.21682194
25183,0.247516023,2.21682194
25184,0.420499107,0.840499765
25185,-0.200875083,0.445098848
25186,-1.09917619,-0.231061751
25187,1.12210692,1.07679132
25188,0.521953673,0.474012486
25189,1.16969405,0.682787493
25190,0.222263107,-0.28083686
25191,1.15237401,-0.85158911
25192,1.15237401,-0.85158911
25193,-0.668671403,0.367282132
25194,-1.57201848,-0.618459644
25195,0.325072653,-0.383581136
25196,-1.13226582,-0.314922129
25197,-1.84450888,-0.381517814
25198,-0.184110241,0.598988518
25199,-0.29182944,1.68759259
25200,-2.25194574,-0.676107062
25201,-2.25194574,-0.676107062
25202,0.123059785,0.307470581
25203,-0.20398488,0.953326855
25204,0.466885001,0.37886693
25205,-0.389758234,-0.527848538
25206,-0.705376752,0.0435196091
25207,-0.916609988,-1.24174996
25208,-1.62632441,-0.214396335
25209,0.785190758,-1.42465611
25210,0.785190758,-1.42465611
25211,1.53171333,1.36073984
25212,0.472599322,-0.409566017
25213,-0.964804123,0.644304468
25214,-0.932778683,-0.589123261
25215,0.682283815,0.542063662
25216,-0.103617681,0.525408233
25217,-0.572576983,0.0703459132
25218,-1.48378906,-0.598431497
25219,-1.48378906,-0.598431497
25220,-0.949888908,0.174171041
25221,1.35497241,-1.92517918
25222,-1.73125449,-0.0856305838
25223,0.118344436,-0.467043503
25224,-0.147205865,0.320000717
25225,0.58806887,1.2131216
25226,0.908974813,1.41245334
25227,2.31455991,0.706149211
25228,2.31455991,0.706149211
25229,-1.77661897,1.29515896
25230,-1.57153356,0.989980702
25231,1.5879599,1.02090034
25232,0.35409275,-1.04397874
25233,1.18101275,1.00494846
25234,0.178626499,-0.547573963
25235,0.260961554,0.662186637
25236,-0.396468381,-0.260476343
25237,-0.396468381,-0.260476343
25238,0.198338535,1.03036722
25239,-1.06966721,-0.427021274
25240,-0.422936078,-0.202446926
25241,-1.08563261,1.88227271
25242,-1.07097861,-0.368792443
25243,0.0212248364,1.30566527
25244,-0.608794849,1.16214554
25245,1.10232794,-0.882277143
25246,1.10232794,-0.882277143
25247,0.78048623,0.0333741815
25248,-0.707506411,0.5778461
25249,0.309656233,0.1162725
25250,-0.754555022,0.443985023
25251,0.0424658578,-0.101966529
25252,0.608371082,0.41894316
25253,1.22160563,-0.0304828578
25254,-2.54229691,0.179173932
25255,-2.54229691,0.179173932
25256,0.482488483,0.236564434
25257,1.20697768,-0.302269865
25258,-0.922760737,0.63534676
25259,-0.615309623,-0.153256466
25260,0.915120661,1.60921731
25261,0.644313086,2.10312256
25262,0.466367754,1.70527336
25263,-0.570447803,0.0206377924
25264,-0.570447803,0.0206377924
25265,-0.163054306,-0.888280123
25266,0.232671336,-0.979862403
25267,0.419142109,0.0300222993
25268,-0.213338104,-0.817193685
25269,-0.742754575,1.11936049
25270,0.0202079197,0.56078876
25271,0.500822088,-1.61448274
25272,-0.275620447,-0.16118886
25273,-0.275620447,-0.16118886
25274,0.497415622,0.962607398
25275,-1.26113897,-1.60331902
25276,-0.556108356,0.752552547
25277,0.128982464,0.161147883
25278,0.463685329,0.701711053
25279,-1.26610512,0.56285452
25280,-0.921316823,-0.860338549
25281,-0.599915206,-2.32147031
25282,-0.599915206,-2.32147031
25283,-1.57280753,1.11109921
25284,-0.144590856,0.470974437
25285,-0.319204666,0.0883246705
25286,-3.37532217,-2.31343574
25287,-0.116933868,-1.21017124
25288,-1.12354961,-2.13424051
25289,-1.46348876,-0.471302874
25290,-0.52419137,-0.304666831
25291,-0.52419137,-0.304666831
25292,-1.05689474,0.118616572
25293,0.833037069,-1.53125726
25294,-0.206468016,-0.507039102
25295,-0.735132141,0.14134493
25296,-1.18802888,1.15751373
25297,-1.70401321,0.0825797794
25298,-1.25244247,0.828716607
25299,1.47106464,0.0202636182
25300,1.47106464,0.0202636182
25301,-0.461156302,-1.28610704
25302,-0.702705119,-2.07621112
25303,-0.168230652,0.785830996
25304,0.0881696564,-1.72942221
25305,0.224060009,0.37504062
25306,-0.753424039,0.105572075
25307,0.116179353,-0.697621381
25308,0.740403794,-1.6237196
25309,0.740403794,-1.6237196
25310,-0.502110545,1.96156992
25311,0.279957343,-0.451875626
25312,0.0863225543,0.588678331
25313,-0.0141229817,1.15604386
25314,0.480245122,1.88928818
25315,-0.235929583,2.40000135
25316,0.851685437,0.938241056
25317,0.09915944,0.921797275
25318,0.09915944,0.921797275
25319,0.579896796,0.0984676589
25320,-0.970981816,-1.58347985
25321,-0.43286672,-0.679088225
25322,1.04056495,0.893104489
25323,2.32573836,-0.402901086
25324,2.85510631,-0.556927646
25325,1.55393738,1.13162741
25326,-0.79926258,0.0991848631
25327,-0.79926258,0.0991848631
25328,-1.01715385,-1.5879873
25329,1.11493183,1.12844474
25330,-0.317370686,-0.230536013
25331,-0.271805657,1.60933689
25332,1.1535543,-1.13400093
25333,0.761447937,0.540468609
25334,1.63214813,1.28922502
25335,-0.376650711,1.14833529
25336,-0.376650711,1.14833529
25337,-0.745578517,-0.209319682
25338,0.0979695723,0.525538927
25339,1.44479736,0.941354046
25340,-1.38547606,-0.6459726
25341,0.0557006502,1.47860709
25342,-1.0308677,0.505426491
25343,-0.905745345,1.57904437
25344,0.620611871,0.735005303
25345,0.620611871,0.735005303
25346,-0.116258206,-0.883028941
25347,-1.3141739,0.459362849
25348,-1.64638077,1.32552138
25349,-0.577048941,-0.113063434
25350,0.909071012,1.98182773
25351,0.739201086,2.09881889
25352,-0.874239698,2.01754206
25353,1.2333018,-1.60249364
25354,1.2333018,-1.60249364
25355,-0.745286636,1.20249103
25356,-1.03810663,1.7113723
25357,-0.282009366,-1.2433724
25358,-0.242332477,-1.07504314
25359,-1.23839314,0.680593232
25360,-1.10100101,0.917033518
25361,-1.26588939,-0.57944328
25362,0.976084536,0.138967672
25363,0.976084536,0.138967672
25364,0.810845289,-1.76201743
25365,0.0634037745,-0.142449115
25366,-1.22327701,-0.0564748634
25367,-1.51322019,-1.14363638
25368,0.114192417,-0.355981724
25369,0.832351637,-0.326896785
25370,1.65190654,0.756544267
25371,2.66473689,-2.49409741
25372,2.66473689,-2.49409741
25373,-1.12928261,-2.4960376
25374,-0.992098315,2.01236488
25375,0.997927793,1.96728976
25376,1.37671593,-1.85339533
25377,-1.14706921,0.884209103
25378,-0.894866586,-0.0977988304
25379,-2.49039871,-0.374748368
25380,0.745553543,-0.0613050457
25381,0.745553543,-0.0613050457
25382,0.411622081,-0.801317307
25383,-0.406442495,-0.896787478
25384,-0.11357584,-0.900653285
25385,0.66537527,0.251638589
25386,0.534139871,-0.277270462
25387,-0.216038368,-0.443316728
25388,-0.17230702,1.22603219
25389,-1.81606433,-0.666980694
25390,-1.81606433,-0.666980694
25391,-0.304820044,-1.07142915
25392,-0.431224857,1.12304951
25393,0.455169634,0.519409168
25394,-0.645541335,1.61426538
25395,0.156528429,-0.168740853
25396,-0.0600544801,-1.59191068
25397,0.649365986,-1.01041072
25398,-1.23032738,0.692212246
25399,-1.23032738,0.692212246
25400,0,0.363305626
25401,1.19113775,1.22970616
25402,-0.991946477,0.144949933
25403,0.868373915,-1.93985486
25404,0.35519994,-1.93547801
25405,1.8160839,-2.13208152
25406,1.48156415,-3.46491917
25407,0.891876891,-1.09412561
25408,0.891876891,-1.09412561
25409,0.0326818661,0.16017963
25410,0.945883455,-1.17419027
25411,0.84763303,0.29660774
25412,0.865529427,1.31790903
25413,-0.68136677,-0.305619841
25414,1.67523199,0.394034848
25415,0.102814782,-0.648993517
25416,0.400695947,0.329232827
25417,0.400695947,0.329232827
25418,-0.287650138,1.31766824
25419,0.754258799,-0.727952767
25420,-0.775228579,-0.857494091
25421,-0.789122774,-1.16070054
25422,-0.935773114,-0.80576705
25423,0.399930244,1.58260273
25424,-0.367024641,1.26607978
25425,-0.71118183,0.42436284
25426,-0.71118183,0.42436284
25427,-0.0642490489,-0.0843522847
25428,0.668122092,-1.00125492
25429,-0.850577107,1.33582991
25430,1.09457039,-0.79878773
25431,-0.672704457,0.524722106
25432,-0.466421435,0.123575387
25433,-0.314916469,-0.92249896
25434,0.884711256,-0.197485038
25435,0.884711256,-0.197485038
25436,-0.605479334,1.30716483
25437,-0.740077536,0.419500891
25438,-0.680311132,-0.335581079
25439,0.284610938,-1.57482822
25440,-0.799267465,-0.0295780801
25441,0.418699293,-0.752206763
25442,0.13590498,-0.513809651
25443,1.67673775,0.510638588
25444,1.67673775,0.510638588
25445,-0.871430782,0.674580054
25446,-1.39902142,2.29558881
25447,0.31991167,1.2883596
25448,1.10167571,0.749952495
25449,-0.0563897637,-0.762855169
25450,0.993346735,-0.561265187
25451,0.916277993,0.493418364
25452,-0.955854949,0.761183162
25453,-0.955854949,0.761183162
25454,0.650543932,0.885893914
25455,1.6397137,-2.82380617
25456,0.48319013,0.201077439
25457,0.755564814,1.02851408
25458,-0.646875843,-0.690604191
25459,-0.588687869,0.503518754
25460,0.825582106,-0.209820782
25461,0.385327699,-1.06889832
25462,0.385327699,-1.06889832
25463,-0.472234074,-0.680144874
25464,1.62800996,-0.834985326
25465,0.720749876,0.256680092
25466,-0.453334346,-0.852524483
25467,1.256251,0.365114081
25468,0.955310448,0.421001677
25469,0.356644226,0.0903317463
25470,1.23049811,-0.353784029
25471,1.23049811,-0.353784029
25472,-0.452602551,-0.684499767
25473,-0.711694748,-0.495388729
25474,0,1.89836673
25475,1.49464582,-0.332356667
25476,-1.61054709,0.758987741
25477,-1.81458369,-0.512588287
25478,0.586832075,-0.434500245
25479,1.0119867,0.263032668
25480,1.0119867,0.263032668
25481,0.888546348,-0.744913075
25482,1.7254639,-0.60562782
25483,0.250193034,-0.675838535
25484,0.250193034,-0.675838535
25485,1.56557862,1.04008883
25486,1.52985185,-1.09413481
25487,1.52985185,-1.09413481
25488,2.26544707,-1.2689052
25489,0.0264896222,-1.50440691
25490,0,-1.28601502
25491,0,-1.28601502
25492,-2.54174145,-0.395900427
25493,0.480879645,0.876884599
25494,0.480879645,0.876884599
25495,0.40471055,-0.175474941
25496,1.26837124,-0.581708209
25497,-0.25410062,-1.24837079
25498,-0.25410062,-1.24837079
25499,3.1064423,-0.774243395
25500,1.11775446,0.0212673803
25501,1.11775446,0.0212673803
25502,1.7020367,-0.347402618
25503,-0.153829045,-0.32104989
25504,0.103685781,-2.08237704
25505,0.103685781,-2.08237704
25506,-0.390222058,-0.806265468
25507,-0.186464066,0.918241605
25508,-0.186464066,0.918241605
25509,-0.248058311,0.542223741
25510,2.304545,-0.627952423
25511,-0.533886633,1.50770835
25512,-0.533886633,1.50770835
25513,0.218374421,-0.880633625
25514,1.55193946,0.244186445
25515,1.55193946,0.244186445
25516,2.55472973,-0.193369191
25517,0.708274968,-1.50398786
25518,2.08896957,0.0208937521
25519,2.08896957,0.0208937521
25520,1.15085712,-0.028346717
25521,2.59059833,-0.106074611
25522,2.59059833,-0.106074611
25523,2.48120918,-1.0205854
25524,0.828930521,-0.706460462
25525,-0.144702928,-0.287964728
25526,-0.144702928,-0.287964728
25527,0.660917803,1.43648906
25528,-0.14201965,0.685198376
25529,-0.14201965,0.685198376
25530,0.393638738,0.149806401
25531,1.46803666,-0.49717936
25532,2.21480099,-1.54331421
25533,2.21480099,-1.54331421
25534,-0.32445057,-0.329649683
25535,0.664609621,-0.281999604
25536,0.664609621,-0.281999604
25537,1.4524831,-0.513404144
25538,0.918512585,-0.943881528
25539,-1.29063292,1.46060855
25540,-1.29063292,1.46060855
25541,1.03506054,-1.15702243
25542,0.164363503,0.361947235
25543,0.164363503,0.361947235
25544,0.712349562,-0.273330681
25545,0.478613218,-2.59945081
25546,0.123551746,-0.472621328
25547,0.123551746,-0.472621328
25548,-0.617104773,1.45593553
25549,-0.706472177,-1.42539504
25550,-0.706472177,-1.42539504
25551,-0.270224449,-2.66356111
25552,0.833956848,-0.458794718
25553,1.26011506,-0.564000503
25554,1.26011506,-0.564000503
25555,-1.17455421,-0.864527462
25556,-0.242184042,1.27081191
25557,-0.242184042,1.27081191
25558,0.316089161,0.719989996
25559,0.509065136,0.656488479
25560,0.72921827,-0.161971238
25561,0.72921827,-0.161971238
25562,0.777546624,1.26519011
25563,0.438530879,-0.942994449
25564,0.438530879,-0.942994449
25565,0.674615477,-0.35535436
25566,2.0083025,-1.70154873
25567,-0.202446994,0
25568,-0.202446994,0
25569,1.89085074,-0.272486017
25570,-0.330938247,1.2148442
25571,-0.330938247,1.2148442
25572,0.895055922,-0.0165065661
25573,0.829328114,-0.849201377
25574,-0.517486086,-0.186514637
25575,-0.517486086,-0.186514637
25576,-0.428018757,-0.471296103
25577,-1.03236144,0.444408933
25578,-1.03236144,0.444408933
25579,-0.29777801,-0.174322921
25580,0.209446885,0.386653658
25581,-0.164377416,-0.309244292
25582,-0.164377416,-0.309244292
25583,-1.14077832,-0.527900739
25584,0.338383857,-0.67552019
25585,0.338383857,-0.67552019
25586,0.400608439,-0.321007877
25587,1.61005021,-1.98754211
25588,0.967689609,-0.662603159
25589,0.967689609,-0.662603159
25590,0.0864183217,1.44480916
25591,-0.020177421,0.25918656
25592,-0.020177421,0.25918656
25593,0.947893123,-0.981607011
25594,0.75132336,-0.948247178
25595,0.304320914,-0.521465824
25596,0.304320914,-0.521465824
25597,1.07432251,-0.187800163
25598,-0.245640491,-0.859856281
25599,-0.245640491,-0.859856281
25600,0.25971191,-1.23830954
25601,1.00021355,-1.38924529
25602,0.621063433,-0.471747666
25603,0.621063433,-0.471747666
25604,0.620912131,0.348769679
25605,0.851069537,-1.14216163
25606,0.851069537,-1.14216163
25607,1.26730829,-1.77894009
25608,0.4548676,-1.05396144
25609,-0.309206003,0.745019936
25610,-0.309206003,0.745019936
25611,-1.74889745,0.635728607
25612,-0.786838345,-0.44939329
25613,-0.786838345,-0.44939329
25614,-0.359966766,-1.00122946
25615,0.56316792,0
25616,0.499473764,-2.92134344
25617,0.499473764,-2.92134344
25618,1.67155354,-0.0805603753
25619,-0.258279849,1.02867927
25620,-0.258279849,1.02867927
25621,0.125496192,0.801780541
25622,1.81349477,-0.571385862
25623,-0.454887581,0.502124999
25624,-0.454887581,0.502124999
25625,-1.15263132,-0.307436774
25626,-0.948243474,-1.88631536
25627,-0.948243474,-1.88631536
25628,0.383963018,-1.81667918
25629,1.91870294,-0.494530303
25630,-1.13283078,0.390575144
25631,-1.13283078,0.390575144
25632,-1.01424958,-0.871067984
25633,-0.875741824,-0.226602461
25634,-0.875741824,-0.226602461
25635,0.393661732,-0.470277916
25636,-0.334411795,-0.950084163
25637,1.15481583,0.977553648
25638,1.15481583,0.977553648
25639,0.159504782,-0.115254814
25640,-0.734053966,-1.28664297
25641,-0.734053966,-1.28664297
25642,-0.774034042,-1.63551355
25643,2.21923193,-0.507022258
25644,-0.3567806,-0.964848398
25645,-0.3567806,-0.964848398
25646,-0.711843274,-0.860729137
25647,0.817563627,-1.33161466
25648,0.817563627,-1.33161466
25649,1.98237547,-1.39872698
25650,0.294903433,-1.26225564
25651,1.22011073,0.738554539
25652,1.22011073,0.738554539
25653,0.971866489,-1.89997911
25654,1.10175823,-0.496497484
25655,1.10175823,-0.496497484
25656,1.04864918,-1.16322677
25657,0.892883743,-2.31099043
25658,-0.140855855,1.04044026
25659,-0.140855855,1.04044026
25660,-1.1255018,1.79263043
25661,-0.993904805,0.425872706
25662,-0.993904805,0.425872706
25663,-0.251129958,-1.12177604
25664,0.481657792,0.327466094
25665,-0.844368154,-1.8436884
25666,-0.844368154,-1.8436884
25667,-0.628249635,-0.0147404255
25668,-1.33330148,-0.902857615
25669,-1.33330148,-0.902857615
25670,-0.745871075,-0.511880755
25671,0.479514722,-0.880061761
25672,-0.450431251,1.67474516
25673,-0.450431251,1.67474516
25674,0.788824348,-1.35152935
25675,-0.798644855,0.448587132
25676,-0.798644855,0.448587132
25677,-0.352371396,-0.18148302
25678,2.36636426,-1.87278789
25679,0.687359519,0.833058802
25680,0.687359519,0.833058802
25681,-0.130046654,1.15480643
25682,0.483250809,-1.69275719
25683,0.483250809,-1.69275719
25684,1.81323271,-2.4253569
25685,0.735316024,0.0780506421
25686,-0.578802185,-0.543961763
25687,-0.578802185,-0.543961763
25688,-0.0140875891,0.335363338
25689,-0.304085735,-0.845847444
25690,-0.304085735,-0.845847444
25691,0.204830919,-0.622646144
25692,0.849260781,-1.15737081
25693,0.688992558,0.309402787
25694,0.688992558,0.309402787
25695,0.270489486,-1.03240698
25696,-0.495970297,-0.881317439
25697,-0.495970297,-0.881317439
25698,0.110875695,-1.3748196
25699,0.745434635,-0.469453267
25700,-0.186999959,-0.399629588
25701,-0.186999959,-0.399629588
25702,2.52983938,1.68672324
25703,0.470559227,0.123365718
25704,0.470559227,0.123365718
25705,0.847881467,-0.195516705
25706,1.8168317,-1.29753697
25707,1.11849623,-0.495404595
25708,1.11849623,-0.495404595
25709,1.29083252,-0.0706960974
25710,0,-0.119496005
25711,0,-0.119496005
25712,1.04379364,-0.857510017
25713,-0.0536669227,-1.96327104
25714,-0.180721883,0.881593725
25715,-0.180721883,0.881593725
25716,-0.0287322419,0.0581239732
25717,-0.345467718,-1.2037801
25718,-0.345467718,-1.2037801
25719,-0.304203712,-2.15390062
25720,1.16237384,0.637197596
25721,-1.11444854,-0.243317338
25722,-1.11444854,-0.243317338
25723,0.189832373,0.234613003
25724,0.601586343,-0.462114816
25725,0.601586343,-0.462114816
25726,1.18315834,0.0158203766
25727,0.599583588,-0.43210308
25728,0.70202787,0.592591874
25729,0.70202787,0.592591874
25730,-1.3619668,-0.649081497
25731,-1.19629978,-1.89024976
25732,-1.19629978,-1.89024976
25733,-0.600232072,-1.71344227
25734,1.17567168,-1.7113478
25735,-0.209594979,-0.701986508
25736,-0.209594979,-0.701986508
25737,-0.104401165,1.71780294
25738,-0.443084566,1.14483769
25739,-0.443084566,1.14483769
25740,0.356521903,-0.0931582626
25741,0.984356046,-1.36978539
25742,2.18207975,0.0202270155
25743,2.18207975,0.0202270155
25744,0.918838313,0.703390933
25745,0.900857012,0.273251831
25746,0.900857012,0.273251831
25747,1.33331909,-0.621736237
25748,1.47142024,0.499030104
25749,-1.37312952,0.418282317
25750,-1.37312952,0.418282317
25751,-0.3963562,-1.02805416
25752,0.540175056,1.82926579
25753,0.540175056,1.82926579
25754,1.33565868,1.78361129
25755,0.495463481,-1.15041201
25756,-0.61247094,1.35182165
25757,-0.61247094,1.35182165
25758,-2.20390213,0.119844101
25759,-0.298782935,0.13831343
25760,-0.298782935,0.13831343
25761,0.0640411382,-0.570965395
25762,0.856434226,-1.88480225
25763,2.63383459,1.02303909
25764,2.63383459,1.02303909
25765,-1.23071353,-0.349311847
25766,0.702942307,-0.312077471
25767,0.702942307,-0.312077471
25768,1.05171547,-1.36372844
25769,1.2461978,-1.53144999
25770,0.127535989,-0.605876388
25771,0.127535989,-0.605876388
25772,1.03001592,0.498264073
25773,0.921732063,0.477222727
25774,0.921732063,0.477222727
25775,1.47686209,-0.539754029
25776,1.21619666,0.621269136
25777,1.32090598,2.11810336
25778,1.32090598,2.11810336
25779,0.318207438,0.354253444
25780,-0.832509864,-1.04768046
25781,-0.832509864,-1.04768046
25782,0.0928892667,-0.460200905
25783,-0.28883197,-0.252322861
25784,0.666180595,0.391746056
25785,0.666180595,0.391746056
25786,0.552365261,1.11739458
25787,0.289409111,0.0828371456
25788,0.289409111,0.0828371456
25789,0.0485228973,-0.0982052369
25790,2.05120445,-2.45944078
25791,-2.25297474,0.812044769
25792,-2.25297474,0.812044769
25793,0.523570354,-0.0867353355
25794,0.435862833,1.42793995
25795,0.435862833,1.42793995
25796,1.64137527,-0.366646502
25797,1.25090425,0.187585416
25798,1.39344123,0.564322006
25799,1.39344123,0.564322006
25800,1.51094313,0.883242084
25801,0.931347059,0.726010201
25802,0.931347059,0.726010201
25803,1.50577447,0.669147562
25804,0.885777646,0.0553586034
25805,-0.466420174,0.427864561
25806,-0.466420174,0.427864561
25807,-0.679392814,-1.00389176
25808,0.614929171,0.991569198
25809,0.614929171,0.991569198
25810,1.02326618,0.835950719
25811,0.774365473,-1.85837852
25812,-0.166769013,0.100385019
25813,-0.166769013,0.100385019
25814,1.51677032,-0.799015857
25815,1.02591282,0.545029556
25816,1.02591282,0.545029556
25817,1.27975441,-0.656985009
25818,1.47063061,-1.24112361
25819,-0.432646113,0.851010245
25820,-0.432646113,0.851010245
25821,-0.791495615,1.63275912
25822,-1.40250641,-0.0404330786
25823,-1.40250641,-0.0404330786
25824,-0.277479702,-0.768894231
25825,1.02169527,-1.24270986
25826,0.643236903,-0.0201964717
25827,0.643236903,-0.0201964717
25828,-0.877470393,1.76628634
25829,-1.12092658,-0.161382733
25830,-1.12092658,-0.161382733
25831,-0.258759012,-0.884215884
25832,-0.340279586,-0.579614733
25833,0.976412458,0.486288054
25834,0.976412458,0.486288054
25835,-0.028487435,0.975245748
25836,-0.539777371,1.45597229
25837,-0.539777371,1.45597229
25838,-0.629906725,0.779897312
25839,0.16324326,-0.747295519
25840,-1.55104254,-0.0406891275
25841,-1.55104254,-0.0406891275
25842,-0.870457929,-1.20422661
25843,0.163661358,-1.08620479
25844,0.163661358,-1.08620479
25845,0.22484216,-1.32403431
25846,2.06123569,-0.220654083
25847,1.02496376,0.143228704
25848,1.02496376,0.143228704
25849,0.311005469,0.197455457
25850,1.38590011,-0.162511242
25851,1.38590011,-0.162511242
25852,2.35738923,-0.26168322
25853,1.58287391,-2.29321379
25854,-2.59252449,2.05523969
25855,-2.59252449,2.05523969
25856,-0.253532967,-1.15522227
25857,-0.751587281,0.162433144
25858,-0.751587281,0.162433144
25859,0.38772635,-1.18986369
25860,0.210759828,-0.188907196
25861,-0.338577294,1.40343473
25862,-0.338577294,1.40343473
25863,-0.0426463948,0.803827163
25864,-0.846304886,-0.200896011
25865,-0.846304886,-0.200896011
25866,-0.541374643,-0.283071843
25867,2.31638877,0.107625377
25868,-0.184466571,0.293584609
25869,-0.184466571,0.293584609
25870,0.758102191,1.35811617
25871,1.66594043,-0.233120733
25872,1.66594043,-0.233120733
25873,2.74352985,-0.126974546
25874,-0.580076087,-1.04809971
25875,-1.17239116,0.375837962
25876,-1.17239116,0.375837962
25877,-0.327207949,-1.05691615
25878,-0.468551174,0.329119614
25879,-0.468551174,0.329119614
25880,-0.732031114,-0.347932739
25881,1.22472715,-2.88373819
25882,1.46391429,0.9944977
25883,1.46391429,0.9944977
25884,-0.511508229,1.58831461
25885,-0.228513971,1.70290184
25886,-0.228513971,1.70290184
25887,0.59033593,-0.331460745
25888,0.499454601,0.383790495
25889,1.18926863,-0.767362452
25890,1.18926863,-0.767362452
25891,1.01349674,-1.15118216
25892,1.22715932,-0.811006036
25893,1.22715932,-0.811006036
25894,1.25941822,-0.42942863
25895,0.213872177,-1.16605513
25896,-1.38955662,-1.19422445
25897,-1.38955662,-1.19422445
25898,0.241251246,-0.246380808
25899,-0.585763553,1.5876733
25900,-0.585763553,1.5876733
25901,-0.340723529,0.55953105
25902,3.00660127,-0.720510427
25903,-0.0614044805,-0.160397022
25904,-0.0614044805,-0.160397022
25905,1.75875257,-0.691703912
25906,0.615233824,1.03456091
25907,0.615233824,1.03456091
25908,2.35931788,0.409427581
25909,0.407478542,-1.12879939
25910,-0.541268243,0.714567719
25911,-0.541268243,0.714567719
25912,0.250735287,1.24708415
25913,0.381341355,1.58553946
25914,0.381341355,1.58553946
25915,0.565603713,0.560504912
25916,2.06128892,-0.777416673
25917,-1.16630641,-0.979169329
25918,-1.16630641,-0.979169329
25919,1.59090157,-0.70494138
25920,0.4698549,0.632819545
25921,0.4698549,0.632819545
25922,1.5939296,0.0320066311
25923,-0.772517833,-1.31367968
25924,0.166021386,-0.354936024
25925,0.166021386,-0.354936024
25926,0.170964864,-1.53538152
25927,0.221199055,-0.616622004
25928,0.221199055,-0.616622004
25929,-0.287591923,-1.2956581
25930,2.57793354,-0.354367908
25931,0.0408761699,0.926198709
25932,0.0408761699,0.926198709
25933,-1.50402388,1.00849818
25934,0.354827171,-1.75227186
25935,0.354827171,-1.75227186
25936,1.8028937,-1.59325933
25937,-0.0263207466,-1.09143526
25938,-0.874514657,0.764212668
25939,-0.874514657,0.764212668
25940,-0.417625267,-1.82451831
25941,-0.465486816,-0.188399472
25942,-0.465486816,-0.188399472
25943,-0.397202555,-0.814733708
25944,0.947476963,-0.791542608
25945,-1.15493518,-0.384668452
25946,-1.15493518,-0.384668452
25947,0.229599891,0.776291483
25948,-0.273599241,-0.491434513
25949,-0.273599241,-0.491434513
25950,0.384823782,-0.858934862
25951,-0.412965072,-0.215470973
25952,0.386819467,0.421874581
25953,0.386819467,0.421874581
25954,0.687640874,0.412126604
25955,0.100440233,1.28232722
25956,0.100440233,1.28232722
25957,-0.173363564,0.926131786
25958,2.83989828,-0.744133753
25959,-0.502549951,1.08188961
25960,-0.502549951,1.08188961
25961,0.559779321,-0.4923198
25962,-0.684611027,0.0411919708
25963,-0.684611027,0.0411919708
25964,1.14223064,-0.418380235
25965,0.801309048,-1.23797264
25966,0.391197102,0.646127593
25967,0.391197102,0.646127593
25968,1.55433745,0.5114864
25969,-1.07758155,1.3885605
25970,-1.07758155,1.3885605
25971,-0.365347702,0.354797999
25972,1.20288428,-1.34852828
25973,0.859504259,-0.267976253
25974,0.859504259,-0.267976253
25975,-0.560690843,-0.730236326
25976,-0.928598072,-0.665379422
25977,-0.928598072,-0.665379422
25978,0.0322698489,-1.32130295
25979,0.734664886,-0.300365952
25980,0.163802478,0.505405976
25981,0.163802478,0.505405976
25982,-1.66945275,0.672555619
25983,0.0986650595,1.26204433
25984,0.0986650595,1.26204433
25985,0.511620009,0.82992266
25986,1.21271786,-1.12544666
25987,2.39797877,0.795271123
25988,2.39797877,0.795271123
25989,0.0995758559,-0.42561753
25990,-0.141364897,-0.793686258
25991,-0.141364897,-0.793686258
25992,0.623363052,-1.31457498
25993,1.10098149,-2.33219648
25994,-0.281439232,-0.659235466
25995,-0.281439232,-0.659235466
25996,-0.92291901,0.717487918
25997,0.180258692,-0.687035872
25998,0.180258692,-0.687035872
25999,0.804303434,-1.99227163
26000,0.282186158,0.243935531
26001,0.082806533,0.662973935
26002,0.082806533,0.662973935
26003,-0.126700105,1.04691456
26004,1.12799916,1.11578571
26005,1.12799916,1.11578571
26006,1.04626806,1.03896623
26007,0.363739011,0.289116871
26008,-1.00652469,-0.797037886
26009,-1.00652469,-0.797037886
26010,1.53020118,0.442687468
26011,-0.701757981,-2.22454088
26012,-0.701757981,-2.22454088
26013,-0.324643317,-1.62478733
26014,2.43280881,-1.88540366
26015,-0.656757141,-0.5761673
26016,-0.656757141,-0.5761673
26017,1.0438745,-1.37320831
26018,-0.417428845,-1.827035
26019,-0.417428845,-1.827035
26020,1.17665876,-2.59874494
26021,0.905143838,-0.691477251
26022,-0.358627035,0.833996919
26023,-0.358627035,0.833996919
26024,-0.44349755,-0.668547197
26025,-0.671389756,1.60619326
26026,-0.671389756,1.60619326
26027,0.0324380805,0.889083785
26028,-0.694002651,0.137364721
26029,-0.651536521,-0.906681656
26030,-0.651536521,-0.906681656
26031,-1.77659701,0.0704490195
26032,1.85894693,0.314402681
26033,1.85894693,0.314402681
26034,1.06012302,0.328676438
26035,2.10906994,-1.75119364
26036,0.549087672,0.564883349
26037,0.549087672,0.564883349
26038,1.32248186,0.308509073
26039,-0.785166829,0.156604089
26040,-0.785166829,0.156604089
26041,0.662026458,-0.90058607
26042,0.265841595,-0.663898228
26043,-0.516467717,0.637516206
26044,-0.516467717,0.637516206
26045,0.657697191,0.551595508
26046,1.40220912,0.533070114
26047,1.40220912,0.533070114
26048,1.24296228,0
26049,1.64586233,-1.73401585
26050,-0.882826806,-0.0983894834
26051,-0.882826806,-0.0983894834
26052,1.36016528,-0.119117363
26053,-0.52643519,0.650980988
26054,-0.52643519,0.650980988
26055,0.594785215,-0.469671103
26056,0.515041392,-1.36880916
26057,-1.28175796,0.264095381
26058,-1.28175796,0.264095381
26059,-1.98407553,0.985914988
26060,1.52733242,2.61232438
26061,1.52733242,2.61232438
26062,1.54524491,1.26974142
26063,-0.319050039,0.447440262
26064,-0.886293618,1.45782029
26065,-0.886293618,1.45782029
26066,-0.0903070739,0.347892663
26067,0.443287857,-0.378999206
26068,0.443287857,-0.378999206
26069,0.154584863,-0.0315561362
26070,2.69183983,-0.570107355
26071,-0.375912576,1.49308818
26072,-0.375912576,1.49308818
26073,0.35916224,0.17222872
26074,0.451227911,0.513080687
26075,0.451227911,0.513080687
26076,1.99812323,0.0658916175
26077,1.07450209,-0.971566172
26078,-0.449927647,-0.968820714
26079,-0.449927647,-0.968820714
26080,1.30830491,-0.992372
26081,0.723387595,1.40098932
26082,0.723387595,1.40098932
26083,1.23613338,0.487419242
26084,0.182530467,-0.525595478
26085,1.68768234,0.374492762
26086,1.68768234,0.374492762
26087,-0.114963165,0.407926166
26088,0.473656305,0.448905327
26089,0.473656305,0.448905327
26090,0.48016863,0.0487254165
26091,2.10257169,-0.0540071595
26092,0.224065921,-1.46691268
26093,0.224065921,-1.46691268
26094,1.25550639,-0.965737694
26095,-2.19086099,-0.237067798
26096,-2.19086099,-0.237067798
26097,-0.40532416,-0.21622581
26098,-0.1953054,-1.84245578
26099,0.203447326,-1.29970583
26100,0.203447326,-1.29970583
26101,0.653188367,0.499253967
26102,0,2.41610264
26103,0,2.41610264
26104,-0.111025612,0.759884217
26105,1.0624259,-2.78233397
26106,0.0414415641,0.117796129
26107,0.0414415641,0.117796129
26108,0.205076182,-1.11956645
26109,-1.18998341,0
26110,-1.18998341,0
26111,-0.279827736,-1.72053376
26112,1.06406772,0.844295634
26113,-0.902081173,-0.142818983
26114,-0.902081173,-0.142818983
26115,1.30445869,-1.04263309
26116,1.22464768,-0.100541968
26117,1.22464768,-0.100541968
26118,1.64346785,0.423417871
26119,-0.10670221,-0.796048496
26120,0.996610358,0.45653171
26121,0.996610358,0.45653171
26122,0.915718576,-0.15604815
26123,2.56536007,-0.218091012
26124,2.56536007,-0.218091012
26125,1.99437236,-0.631852623
26126,2.58528189,-2.10842177
26127,-0.62269796,-0.258341194
26128,-0.62269796,-0.258341194
26129,0.144370286,-1.96264638
26130,0.489567285,-2.20462924
26131,0.489567285,-2.20462924
26132,1.97143584,-3.04892487
26133,1.1613838,0.365959143
26134,-0.422686827,1.00965793
26135,-0.422686827,1.00965793
26136,-1.58991468,-1.61833339
26137,0,0.703626943
26138,0,0.703626943
26139,0.730617554,0.791774784
26140,0.859525808,-1.37403064
26141,-0.642251019,0.590335076
26142,-0.642251019,0.590335076
26143,-0.757394062,0.406110307
26144,-0.765729766,0.020274429
26145,-0.765729766,0.020274429
26146,-0.0654146658,-0.805740899
26147,0.388323865,-0.637229118
26148,0.400527961,-0.998289232
26149,0.400527961,-0.998289232
26150,0.865911555,-0.679351213
26151,0.968059466,-0.0409592278
26152,0.968059466,-0.0409592278
26153,0.996250118,-0.42744171
26154,2.36610641,-1.31868917
26155,-1.47408024,-0.863901512
26156,-1.47408024,-0.863901512
26157,0.802522236,-2.57007725
26158,0.38049487,-0.601121331
26159,0.38049487,-0.601121331
26160,1.69420742,-1.26573374
26161,-0.348541075,-1.83837809
26162,0.578067718,-0.681259874
26163,0.578067718,-0.681259874
26164,0.38857585,-0.511928794
26165,1.10235442,-0.26058439
26166,1.10235442,-0.26058439
26167,0.646517895,-1.28996352
26168,1.32963196,0.801246013
26169,-0.808151808,0.371696368
26170,-0.808151808,0.371696368
26171,-1.23647344,-0.0989796943
26172,0.441094032,-0.0206401279
26173,0.441094032,-0.0206401279
26174,1.14445936,0.488275952
26175,0,-0.544729647
26176,0.0615843768,0.319269158
26177,0.0615843768,0.319269158
26178,-0.411753709,-1.13896213
26179,-0.772159901,-1.50596328
26180,-0.772159901,-1.50596328
26181,-0.628401819,-1.5595191
26182,1.75822065,-0.865328362
26183,-1.57459079,1.29258093
26184,-1.57459079,1.29258093
26185,-1.19703482,2.09870676
26186,-0.0808187351,-0.307654259
26187,-0.0808187351,-0.307654259
26188,1.00378667,-0.745753017
26189,0.81791954,-2.19156572
26190,-0.0587728089,-0.141319258
26191,-0.0587728089,-0.141319258
26192,-0.443777498,-0.505959143
26193,1.98786814,2.2151907
26194,1.98786814,2.2151907
26195,2.00215075,0.433403589
26196,1.01497694,0.027659419
26197,-0.241953705,0.202787226
26198,-0.241953705,0.202787226
26199,-0.650834434,2.47034027
26200,-2.76757286,0.512897714
26201,-2.76757286,0.512897714
26202,-1.53938739,0.416694325
26203,0.880143344,-1.00789883
26204,0.0403280008,0.712817962
26205,0.0403280008,0.712817962
26206,-1.14356499,-1.16819766
26207,-0.0805737734,-1.05455103
26208,-0.0805737734,-1.05455103
26209,0.47504266,-1.48368084
26210,0.990258296,-1.65078295
26211,1.0413392,-0.285082181
26212,1.0413392,-0.285082181
26213,0.58761098,-1.08976087
26214,-1.40097212,0.0576980035
26215,-1.40097212,0.0576980035
26216,-0.504206244,-0.902529269
26217,0.157848443,-1.43311474
26218,-0.079951763,1.11655181
26219,-0.079951763,1.11655181
26220,-0.682942048,0.520129597
26221,-2.10356547,-0.34528622
26222,-2.10356547,-0.34528622
26223,-1.59460055,-1.12590062
26224,2.16405911,0.769484832
26225,1.78132099,-0.288582281
26226,1.78132099,-0.288582281
26227,-0.255054828,0.340145192
26228,1.25740392,1.06639817
26229,1.25740392,1.06639817
26230,2.33420313,1.29635626
26231,-0.660817509,-0.718349552
26232,-0.519528862,0.647419503
26233,-0.519528862,0.647419503
26234,0.473451192,0.191155544
26235,-0.24208521,-1.06690591
26236,-0.24208521,-1.06690591
26237,-0.594446589,-1.29372939
26238,2.35492974,-2.6450881
26239,-1.21223077,0.277785156
26240,-1.21223077,0.277785156
26241,0.117608053,0.0735375632
26242,-0.138431597,0.726949254
26243,-0.138431597,0.726949254
26244,1.28384215,-0.961797084
26245,0.801796644,0.633931622
26246,0.256993563,1.27579012
26247,0.256993563,1.27579012
26248,-0.975388767,1.11215812
26249,-1.06292509,0.32158198
26250,-1.06292509,0.32158198
26251,-0.364129589,0.628893067
26252,0.786729757,-0.910466336
26253,-0.207208043,1.61622274
26254,-0.207208043,1.61622274
26255,-0.313189841,0.558931911
26256,-0.691091028,-0.418021023
26257,-0.691091028,-0.418021023
26258,-0.0653799672,-0.896403255
26259,1.13158888,-0.583185048
26260,1.06611952,-0.558986168
26261,1.06611952,-0.558986168
26262,2.37286994,-0.339503163
26263,-1.34879908,0.97138124
26264,-1.34879908,0.97138124
26265,-0.416287189,0.439038723
26266,2.07192197,-1.87469134
26267,0.531719285,-1.34056004
26268,0.531719285,-1.34056004
26269,-0.810901062,-0.175753784
26270,-0.862563523,-1.52135095
26271,-0.862563523,-1.52135095
26272,0.56598099,-2.39630666
26273,0.392007457,-1.13228333
26274,-1.49603617,0.446157188
26275,-1.49603617,0.446157188
26276,-1.72743346,-1.210601
26277,0.487979855,1.09069035
26278,0.487979855,1.09069035
26279,0.630138623,0.177652845
26280,-0.132932453,-0.615862344
26281,1.38200319,0.69410473
26282,1.38200319,0.69410473
26283,1.11290391,0.227924051
26284,0.777418735,-0.244550143
26285,0.777418735,-0.244550143
26286,0.541571344,-0.565702994
26287,0.0811878697,-0.290111097
26288,-0.163596335,0.0787740314
26289,-0.163596335,0.0787740314
26290,1.47897437,0.099428722
26291,0.100235264,0.422863467
26292,0.100235264,0.422863467
26293,0.129293003,0.148142486
26294,1.91992224,-0.418141362
26295,2.93386805,-1.3404128
26296,2.93386805,-1.3404128
26297,-0.0860568888,1.12234678
26298,0.390744851,0.660731407
26299,0.390744851,0.660731407
26300,1.54265166,0.287884489
26301,2.10311068,-2.10654127
26302,-0.347885675,0.387977909
26303,-0.347885675,0.387977909
26304,0.353964992,-0.0145374378
26305,0.455461371,-1.25973798
26306,0.455461371,-1.25973798
26307,1.59057876,-2.2723335
26308,0.0786493241,-0.242342507
26309,0.645756526,-1.7770283
26310,0.645756526,-1.7770283
26311,-2.63083872,0.0139658333
26312,-0.579864278,-0.472231683
26313,-0.579864278,-0.472231683
26314,-0.410215438,-0.518683498
26315,1.97782363,-0.239243664
26316,1.11568914,0.951542857
26317,1.11568914,0.951542857
26318,0.9505284,-0.646603727
26319,0.945731408,0.936834269
26320,0.945731408,0.936834269
26321,1.98741424,0.590179636
26322,-0.752601052,-1.19533119
26323,-0.0808104676,-0.548046823
26324,-0.0808104676,-0.548046823
26325,-0.603101537,-1.28375335
26326,1.48039371,-0.71809013
26327,1.48039371,-0.71809013
26328,0.710128428,-1.31430489
26329,0.946257194,-2.68343906
26330,0.895197022,-0.219427157
26331,0.895197022,-0.219427157
26332,-0.0960216442,0.293385168
26333,0.812435224,-0.691291486
26334,0.812435224,-0.691291486
26335,1.21025575,-2.17450934
26336,1.0056696,0.708397509
26337,-0.585741991,0.632554888
26338,-0.585741991,0.632554888
26339,0.923718471,0.486033341
26340,0.254656208,-1.66927121
26341,0.254656208,-1.66927121
26342,0.804822339,-0.951600805
26343,0.43410498,-1.37355625
26344,1.42162922,-0.321426789
26345,1.42162922,-0.321426789
26346,0.131501427,1.54635863
26347,0.64391947,-0.13838874
26348,0.64391947,-0.13838874
26349,0.78288036,-0.922962489
26350,2.25995952,-0.913416079
26351,1.31398127,-1.99732013
26352,1.31398127,-1.99732013
26353,1.11733022,-1.89124447
26354,-0.354494784,-0.968248996
26355,-0.354494784,-0.968248996
26356,1.12431183,-1.34274731
26357,0.731141895,-0.435637952
26358,-0.0213044594,-0.42148255
26359,-0.0213044594,-0.42148255
26360,-0.347563543,0.0692690005
26361,0.0797702566,-0.204960807
26362,0.0797702566,-0.204960807
26363,0.526505205,-0.433010896
26364,2.1665723,-1.59228174
26365,-0.0197522593,0.349355428
26366,-0.0197522593,0.349355428
26367,0.44642492,-0.214199454
26368,0.369170904,0.866068107
26369,0.369170904,0.866068107
26370,1.63114748,-0.260129314
26371,-0.213004028,-0.565322045
26372,0.101115794,0.366634454
26373,0.101115794,0.366634454
26374,0.744340728,-1.21389375
26375,-3.15301875,0.514771315
26376,-3.15301875,0.514771315
26377,-2.48168055,0.064900041
26378,1.7254639,-0.60562782
26379,2.15823376,-0.835459915
26380,2.15823376,-0.835459915
26381,-0.217972455,-1.16175914
26382,2.15512012,-0.653167254
26383,2.15512012,-0.653167254
26384,2.7385679,-0.87624595
26385,0.0264896222,-1.50440691
26386,0.657920695,-0.832549438
26387,0.657920695,-0.832549438
26388,-0.362813784,-2.04435653
26389,-0.126150528,-0.445343132
26390,-0.126150528,-0.445343132
26391,-0.0828423994,-1.26011028
26392,1.26837124,-0.581708209
26393,1.26161509,-0.963734453
26394,1.26161509,-0.963734453
26395,1.13879611,1.09951898
26396,2.47026462,1.17730583
26397,2.47026462,1.17730583
26398,2.7342308,0.560548701
26399,-0.153829045,-0.32104989
26400,0.814391037,-0.239249728
26401,0.814391037,-0.239249728
26402,0.771478546,-1.03882484
26403,0.869415838,0.981912376
26404,0.869415838,0.981912376
26405,0.59042974,0.601820385
26406,2.304545,-0.627952423
26407,-0.020298282,0.630809418
26408,-0.020298282,0.630809418
26409,-1.16280541,-0.964787319
26410,1.71077234,-0.671180903
26411,1.71077234,-0.671180903
26412,2.73738741,-0.878112566
26413,0.708274968,-1.50398786
26414,-0.653263325,-1.83798715
26415,-0.653263325,-1.83798715
26416,-1.10461006,-2.7498551
26417,-0.427176242,0.659170858
26418,-0.427176242,0.659170858
26419,0.0829409502,-0.390710715
26420,0.828930521,-0.706460462
26421,-0.164363503,-0.0203268908
26422,-0.164363503,-0.0203268908
26423,-0.713247116,0.354029032
26424,-0.320627404,-0.402397729
26425,-0.320627404,-0.402397729
26426,0.257860495,-0.726116374
26427,1.46803666,-0.49717936
26428,1.99451408,2.51409265
26429,1.99451408,2.51409265
26430,0,-0.765153775
26431,0.565358495,2.84400445
26432,0.565358495,2.84400445
26433,1.34460565,2.00266057
26434,0.918512585,-0.943881528
26435,1.09533342,0.650405615
26436,1.09533342,0.650405615
26437,0.808257064,1.12130389
26438,-0.831413826,1.29956819
26439,-0.831413826,1.29956819
26440,-0.0519445181,0.484492715
26441,0.478613218,-2.59945081
26442,-0.693959774,1.59210138
26443,-0.693959774,1.59210138
26444,-1.33953291,0.233838782
26445,-0.911931166,-0.727782741
26446,-0.911931166,-0.727782741
26447,-0.45181621,-2.13512438
26448,0.833956848,-0.458794718
26449,1.18749934,0.571312513
26450,1.18749934,0.571312513
26451,-1.71721253,-0.615750221
26452,1.34663589,0.917760178
26453,1.34663589,0.917760178
26454,1.56922767,0.467238541
26455,0.509065136,0.656488479
26456,-0.64012194,-0.94602062
26457,-0.64012194,-0.94602062
26458,0.599820857,-0.850515873
26459,-0.350367059,-1.59280728
26460,-0.350367059,-1.59280728
26461,0.0347733017,-0.825257438
26462,2.0083025,-1.70154873
26463,-1.86519342,-0.180400218
26464,-1.86519342,-0.180400218
26465,-0.829602444,-0.9621903
26466,0.201146832,-0.0800827347
26467,0.201146832,-0.0800827347
26468,1.31939389,-1.05288661
26469,0.829328114,-0.849201377
26470,0.157013583,-0.446711211
26471,0.157013583,-0.446711211
26472,-0.59140127,2.13073026
26473,-0.591472578,0.955237259
26474,-0.591472578,0.955237259
26475,0.0501849708,0.221239977
26476,0.209446885,0.386653658
26477,-1.03170422,0.257884713
26478,-1.03170422,0.257884713
26479,-0.72909613,-0.277473831
26480,-0.767603654,0.75011506
26481,-0.767603654,0.75011506
26482,-0.475196641,0.826073542
26483,1.61005021,-1.98754211
26484,-0.525361556,-0.23696362
26485,-0.525361556,-0.23696362
26486,1.01894979,-1.23928516
26487,-1.14419966,0.525193369
26488,-1.14419966,0.525193369
26489,0.0627556824,-0.772322108
26490,0.75132336,-0.948247178
26491,-0.222042275,-0.566521477
26492,-0.222042275,-0.566521477
26493,-0.281299307,0.576365223
26494,-0.407001062,0.566648482
26495,-0.407001062,0.566648482
26496,0.132072056,-0.116270907
26497,1.00021355,-1.38924529
26498,-0.9880864,1.60511417
26499,-0.9880864,1.60511417
26500,0.512007599,-0.387549936
26501,0.870188808,-0.949145958
26502,0.870188808,-0.949145958
26503,1.30715629,-1.57786479
26504,0.4548676,-1.05396144
26505,-1.47104631,0.550059174
26506,-1.47104631,0.550059174
26507,1.16400416,0.371140139
26508,0.471059592,-0.296545558
26509,0.471059592,-0.296545558
26510,0.661166475,-0.86236979
26511,0.56316792,0
26512,0.15737179,1.06620681
26513,0.15737179,1.06620681
26514,0.0714891678,0.478942894
26515,0.341284479,-0.185030836
26516,0.341284479,-0.185030836
26517,0.615205554,-0.146362935
26518,1.81349477,-0.571385862
26519,-0.68093225,0.633477516
26520,-0.68093225,0.633477516
26521,-0.0696610135,-1.11480652
26522,0.703306438,-1.1327786
26523,0.703306438,-1.1327786
26524,1.62684858,-1.25279986
26525,1.91870294,-0.494530303
26526,-1.48395806,0.187557237
26527,-1.48395806,0.187557237
26528,-1.02332181,0.0837153815
26529,0.250634686,-0.395571778
26530,0.250634686,-0.395571778
26531,1.35500182,-0.626057657
26532,-0.334411795,-0.950084163
26533,-0.224407825,-2.54826084
26534,-0.224407825,-2.54826084
26535,0.827130884,-0.827164613
26536,-0.520586773,-1.16229324
26537,-0.520586773,-1.16229324
26538,-0.648273526,-1.52959724
26539,2.21923193,-0.507022258
26540,0.58961902,1.39749789
26541,0.58961902,1.39749789
26542,-0.896132712,0.375873398
26543,2.25356447,0.272829814
26544,2.25356447,0.272829814
26545,3.16018555,-0.0973193745
26546,0.294903433,-1.26225564
26547,0.500046814,0.537421445
26548,0.500046814,0.537421445
26549,0.578920136,-0.501002078
26550,0.456534174,1.84093926
26551,0.456534174,1.84093926
26552,0.557391848,0.734740324
26553,0.892883743,-2.31099043
26554,-1.35986413,0.669691891
26555,-1.35986413,0.669691891
26556,0.368507827,1.41102863
26557,-0.730651013,-1.22314621
26558,-0.730651013,-1.22314621
26559,-0.0328348119,-2.36101323
26560,0.481657792,0.327466094
26561,0.69934291,1.18052855
26562,0.69934291,1.18052855
26563,0.399662985,2.09381985
26564,0.728362525,-1.46997644
26565,0.728362525,-1.46997644
26566,0.893532743,-0.98589694
26567,0.479514722,-0.880061761
26568,1.06010908,-0.102115245
26569,1.06010908,-0.102115245
26570,0.175141688,-1.22053304
26571,1.36052449,0.808829297
26572,1.36052449,0.808829297
26573,1.39872652,0.0985113568
26574,2.36636426,-1.87278789
26575,0.73828672,-0.85686561
26576,0.73828672,-0.85686561
26577,0.278661474,-0.121069684
26578,-1.3060524,-3.06838655
26579,-1.3060524,-3.06838655
26580,0.44182672,-3.53798458
26581,0.735316024,0.0780506421
26582,-0.0809564313,-0.43332981
26583,-0.0809564313,-0.43332981
26584,-0.807347784,-0.362447843
26585,1.50770137,0.441105142
26586,1.50770137,0.441105142
26587,1.60830301,0.398711591
26588,0.849260781,-1.15737081
26589,-0.751588582,0.280599252
26590,-0.751588582,0.280599252
26591,0.480589367,0.873168723
26592,-1.19862372,-0.946557447
26593,-1.19862372,-0.946557447
26594,-0.444218834,-1.51094834
26595,0.745434635,-0.469453267
26596,0.305140444,-0.57748628
26597,0.305140444,-0.57748628
26598,1.07614365,1.51529858
26599,-1.50757581,0.664594342
26600,-1.50757581,0.664594342
26601,-0.716144066,0.226773564
26602,1.8168317,-1.29753697
26603,-1.15771034,0.423093422
26604,-1.15771034,0.423093422
26605,-1.55510199,0.4798834
26606,0.0399484507,1.60968891
26607,0.0399484507,1.60968891
26608,1.13559666,0.527935434
26609,-0.0536669227,-1.96327104
26610,1.2785878,-0.892633704
26611,1.2785878,-0.892633704
26612,0.851290888,0.0567637242
26613,-1.25851246,-0.596007205
26614,-1.25851246,-0.596007205
26615,-1.00294366,-1.64374623
26616,1.16237384,0.637197596
26617,-0.14099758,0.125274617
26618,-0.14099758,0.125274617
26619,1.21521,-0.985614726
26620,0.14011727,2.47794342
26621,0.14011727,2.47794342
26622,0.789139298,2.31903808
26623,0.599583588,-0.43210308
26624,0.138626038,1.10094329
26625,0.138626038,1.10094329
26626,-0.293753011,0.874481007
26627,-0.485530776,1.15807684
26628,-0.485530776,1.15807684
26629,-0.0161576963,0.654829535
26630,1.17567168,-1.7113478
26631,1.50175112,-2.31250126
26632,1.50175112,-2.31250126
26633,0.409134741,-0.625285251
26634,-0.444220437,0.724421756
26635,-0.444220437,0.724421756
26636,0.364824841,-0.4636917
26637,0.984356046,-1.36978539
26638,-0.16501772,-0.849242526
26639,-0.16501772,-0.849242526
26640,-0.38318502,-0.182868935
26641,0.116489101,0.790346181
26642,0.116489101,0.790346181
26643,0.680505885,-0.183690023
26644,1.47142024,0.499030104
26645,1.82544728,0
26646,1.82544728,0
26647,0.968448171,0.0295099761
26648,1.19500936,-1.58923216
26649,1.19500936,-1.58923216
26650,1.85235307,-0.967520752
26651,0.495463481,-1.15041201
26652,0.500938223,-1.21707839
26653,0.500938223,-1.21707839
26654,1.32124349,-1.43578518
26655,-1.09389875,0.515696049
26656,-1.09389875,0.515696049
26657,-0.549051908,-0.285795708
26658,0.856434226,-1.88480225
26659,-0.353809879,0.919615639
26660,-0.353809879,0.919615639
26661,1.0286386,0.716920621
26662,-1.59191898,-0.540854198
26663,-1.59191898,-0.540854198
26664,-0.763702218,-1.59822962
26665,1.2461978,-1.53144999
26666,-0.522602465,0.984388291
26667,-0.522602465,0.984388291
26668,1.61098718,-1.78961475
26669,0.0210724055,-1.83000848
26670,0.0210724055,-1.83000848
26671,0.77491166,-2.42592806
26672,1.21619666,0.621269136
26673,1.60262664,-0.507528331
26674,1.60262664,-0.507528331
26675,-0.684464202,0.290841118
26676,0.636102855,-0.799349787
26677,0.636102855,-0.799349787
26678,1.22867638,-0.231276702
26679,-0.28883197,-0.252322861
26680,-0.391065414,1.53186471
26681,-0.391065414,1.53186471
26682,-0.223255994,0.503200704
26683,-2.01656334,2.28809031
26684,-2.01656334,2.28809031
26685,-1.80763627,1.62048671
26686,2.05120445,-2.45944078
26687,1.66321576,-0.528533369
26688,1.66321576,-0.528533369
26689,-1.09350592,1.70414227
26690,1.1820022,-0.321844851
26691,1.1820022,-0.321844851
26692,2.25979891,-1.71157019
26693,1.25090425,0.187585416
26694,-0.0210832015,-1.29640042
26695,-0.0210832015,-1.29640042
26696,0.495534204,-2.10925044
26697,-0.563034628,1.83190335
26698,-0.563034628,1.83190335
26699,0.330841597,1.59198167
26700,0.885777646,0.0553586034
26701,-0.0606035424,1.32887414
26702,-0.0606035424,1.32887414
26703,-0.225214262,0.52870855
26704,-0.461235886,1.21417073
26705,-0.461235886,1.21417073
26706,0.15180567,0.99876026
26707,0.774365473,-1.85837852
26708,-0.550757165,-0.266308193
26709,-0.550757165,-0.266308193
26710,-0.778446461,0.360562972
26711,-0.840181954,-0.518827915
26712,-0.840181954,-0.518827915
26713,-0.207749477,-1.49079792
26714,1.47063061,-1.24112361
26715,-0.163936027,0.487998495
26716,-0.163936027,0.487998495
26717,-0.879297346,0.70627673
26718,-0.310016617,0.603764457
26719,-0.310016617,0.603764457
26720,0.651736694,-0.247046778
26721,1.02169527,-1.24270986
26722,0.802504492,0.297038862
26723,0.802504492,0.297038862
26724,-1.68279038,0.609196296
26725,1.28386578,-1.7715109
26726,1.28386578,-1.7715109
26727,1.67375605,-2.20874682
26728,-0.340279586,-0.579614733
26729,-0.0208874913,0.193604411
26730,-0.0208874913,0.193604411
26731,0.765842814,-1.56805845
26732,-0.640446381,1.79338267
26733,-0.640446381,1.79338267
26734,-0.721150885,1.08163997
26735,0.16324326,-0.747295519
26736,0.826328772,0.283845953
26737,0.826328772,0.283845953
26738,-1.33043687,-0.143276867
26739,2.15844348,-0.453821998
26740,2.15844348,-0.453821998
26741,1.83789797,-0.824761632
26742,2.06123569,-0.220654083
26743,-0.528019572,-0.917580365
26744,-0.528019572,-0.917580365
26745,-0.823546931,2.44242687
26746,-0.562584126,-0.738651801
26747,-0.562584126,-0.738651801
26748,0.770142557,-0.727027782
26749,1.58287391,-2.29321379
26750,0.742069936,0.740092378
26751,0.742069936,0.740092378
26752,-0.691914837,-1.02555552
26753,-1.59164643,-1.08956034
26754,-1.59164643,-1.08956034
26755,-0.357241197,-2.25911637
26756,0.210759828,-0.188907196
26757,0.547964218,0.766412791
26758,0.547964218,0.766412791
26759,-0.758767126,-0.503934899
26760,-1.11688602,1.23750533
26761,-1.11688602,1.23750533
26762,-0.766581795,0.871955234
26763,2.31638877,0.107625377
26764,0.620269346,0.247075135
26765,0.620269346,0.247075135
26766,1.02415028,0.432450601
26767,0.377078051,-0.963620869
26768,0.377078051,-0.963620869
26769,1.69268172,-0.71757513
26770,-0.580076087,-1.04809971
26771,-0.13826879,-0.85911007
26772,-0.13826879,-0.85911007
26773,-0.611885246,-0.529209009
26774,3.11500526,1.05819275
26775,3.11500526,1.05819275
26776,2.09530021,0.193976079
26777,1.22472715,-2.88373819
26778,-0.842360226,0.461782285
26779,-0.842360226,0.461782285
26780,-1.00892373,0.994155851
26781,-0.606514196,0.300385252
26782,-0.606514196,0.300385252
26783,0.267865818,-1.48375203
26784,0.499454601,0.383790495
26785,0.832450005,0.667541518
26786,0.832450005,0.667541518
26787,0.244798398,-0.639190202
26788,0.346916754,2.45800507
26789,0.346916754,2.45800507
26790,0.569775193,2.20817687
26791,0.213872177,-1.16605513
26792,-0.746297569,-1.29486749
26793,-0.746297569,-1.29486749
26794,0.0292301021,1.18760191
26795,-0.102616787,0.100498591
26796,-0.102616787,0.100498591
26797,0.0489556972,-0.610869141
26798,3.00660127,-0.720510427
26799,0.0843442231,-0.468189147
26800,0.0843442231,-0.468189147
26801,-0.168435291,2.16987977
26802,0.632106966,-0.825519185
26803,0.632106966,-0.825519185
26804,2.24592981,-1.11039897
26805,0.407478542,-1.12879939
26806,1.05110341,0.0406378986
26807,1.05110341,0.0406378986
26808,-0.313044865,1.43951164
26809,-0.830239507,-0.0398088971
26810,-0.830239507,-0.0398088971
26811,-0.42298203,-0.69293659
26812,2.06128892,-0.777416673
26813,-0.44910274,-0.0841999464
26814,-0.44910274,-0.0841999464
26815,-0.585905483,1.68371355
26816,-0.603143047,-0.321504845
26817,-0.603143047,-0.321504845
26818,0.793256384,-0.747019996
26819,-0.772517833,-1.31367968
26820,0.34103562,0.0196051986
26821,0.34103562,0.0196051986
26822,1.0991921,0.431757936
26823,1.49762025,-0.308884453
26824,1.49762025,-0.308884453
26825,0.718089504,-1.01541691
26826,2.57793354,-0.354367908
26827,0.145260325,-1.45170568
26828,0.145260325,-1.45170568
26829,1.18109497,0.431601801
26830,0.436481633,0.103430597
26831,0.436481633,0.103430597
26832,1.87603831,-0.126715598
26833,-0.0263207466,-1.09143526
26834,-2.01576542,-0.286498145
26835,-2.01576542,-0.286498145
26836,0.304189458,1.08814152
26837,-1.0053226,-2.43157341
26838,-1.0053226,-2.43157341
26839,-0.814257656,-2.60708194
26840,0.947476963,-0.791542608
26841,2.13072215,-0.7879476
26842,2.13072215,-0.7879476
26843,-0.380356571,-0.966326351
26844,1.15056035,-1.06536485
26845,1.15056035,-1.06536485
26846,1.53230638,-1.27759169
26847,-0.412965072,-0.215470973
26848,-0.194741983,-2.161618
26849,-0.194741983,-2.161618
26850,0.554453476,-1.20669484
26851,0.233140191,-1.09447363
26852,0.233140191,-1.09447363
26853,-0.0810266653,-1.02458426
26854,2.83989828,-0.744133753
26855,2.29321938,0.768298892
26856,2.29321938,0.768298892
26857,0.654666172,0.454663629
26858,0.672093569,3.27857391
26859,0.672093569,3.27857391
26860,2.23043614,2.15551211
26861,0.801309048,-1.23797264
26862,-1.56660639,0.455856709
26863,-1.56660639,0.455856709
26864,-0.689610547,-0.607801871
26865,-0.853948306,0.285795889
26866,-0.853948306,0.285795889
26867,-0.194120674,-0.509765425
26868,1.20288428,-1.34852828
26869,0.195515097,0.798998534
26870,0.195515097,0.798998534
26871,-0.444107908,0.977830153
26872,0.262470428,1.85784722
26873,0.262470428,1.85784722
26874,0.932099277,0.711516263
26875,0.734664886,-0.300365952
26876,-1.23466226,-1.23971441
26877,-1.23466226,-1.23971441
26878,0.728284842,-0.103603472
26879,-0.806405689,0.137668609
26880,-0.806405689,0.137668609
26881,-0.208092862,-0.0649108343
26882,1.21271786,-1.12544666
26883,-0.560928621,1.06151953
26884,-0.560928621,1.06151953
26885,-1.26604148,-0.357242616
26886,0.22751462,-0.496457309
26887,0.22751462,-0.496457309
26888,0.917098978,-1.07474754
26889,1.10098149,-2.33219648
26890,0.245583758,0.287004664
26891,0.245583758,0.287004664
26892,-1.87526581,0.461422289
26893,1.44925539,-1.19112433
26894,1.44925539,-1.19112433
26895,1.85356504,-2.35511691
26896,0.282186158,0.243935531
26897,-1.15059718,1.13659171
26898,-1.15059718,1.13659171
26899,0.721058822,-1.35084561
26900,-0.353236668,0.845328739
26901,-0.353236668,0.845328739
26902,-0.0947981481,0.82550505
26903,0.363739011,0.289116871
26904,-0.0412246354,-0.0199632594
26905,-0.0412246354,-0.0199632594
26906,-0.852306743,1.55038268
26907,2.80460428,-1.13976293
26908,2.80460428,-1.13976293
26909,2.44091798,-0.727289685
26910,2.43280881,-1.88540366
26911,-1.62688849,0.769969284
26912,-1.62688849,0.769969284
26913,1.71888295,-0.0829198881
26914,-0.43524376,-0.960978789
26915,-0.43524376,-0.960978789
26916,1.0667729,-1.86753498
26917,0.905143838,-0.691477251
26918,-0.852862287,0.316478522
26919,-0.852862287,0.316478522
26920,0.500656629,-0.67517992
26921,-0.400889575,-0.254277076
26922,-0.400889575,-0.254277076
26923,0.232961045,-0.620527034
26924,-0.694002651,0.137364721
26925,0.740378678,-1.33901409
26926,0.740378678,-1.33901409
26927,1.39615822,-0.841121075
26928,1.11220534,-0.120969211
26929,1.11220534,-0.120969211
26930,0.452048235,-0.0159938788
26931,2.10906994,-1.75119364
26932,-1.69353272,-0.400712072
26933,-1.69353272,-0.400712072
26934,-0.399958065,0.269748139
26935,-2.20348484,-0.478608182
26936,-2.20348484,-0.478608182
26937,-0.457659464,-1.43484646
26938,0.265841595,-0.663898228
26939,0.0802217911,0.522670212
26940,0.0802217911,0.522670212
26941,1.56318295,-0.975267614
26942,-0.206366579,0.595836925
26943,-0.206366579,0.595836925
26944,0,0.0642520403
26945,1.64586233,-1.73401585
26946,-0.0606822911,-0.951916036
26947,-0.0606822911,-0.951916036
26948,1.25945571,-0.352536512
26949,0.0607421162,0.520858623
26950,0.0607421162,0.520858623
26951,1.07133851,-0.612935197
26952,0.515041392,-1.36880916
26953,0.290741252,0.392432361
26954,0.290741252,0.392432361
26955,0.560505049,1.43599261
26956,-0.430453726,0.0202436285
26957,-0.430453726,0.0202436285
26958,-0.0323585395,-0.803964034
26959,-0.319050039,0.447440262
26960,-0.702231992,-1.25260385
26961,-0.702231992,-1.25260385
26962,-0.928146024,0.0287868364
26963,0.325962035,-0.575945945
26964,0.325962035,-0.575945945
26965,0.0657842859,-0.178625143
26966,2.69183983,-0.570107355
26967,-0.66745708,0.87444758
26968,-0.66745708,0.87444758
26969,-1.8547386,0.283610853
26970,-0.355075705,0.891201709
26971,-0.355075705,0.891201709
26972,1.42187502,0.381629976
26973,1.07450209,-0.971566172
26974,0.2339848,-2.48719303
26975,0.2339848,-2.48719303
26976,1.39681424,0.672095094
26977,0.0414658892,-0.476244479
26978,0.0414658892,-0.476244479
26979,0.670806817,-0.939287971
26980,0.182530467,-0.525595478
26981,0.413865557,0
26982,0.413865557,0
26983,-0.0147915984,0.186980847
26984,-0.436109629,-1.61454544
26985,-0.436109629,-1.61454544
26986,-0.23202298,-1.60713991
26987,2.10257169,-0.0540071595
26988,0.251370931,1.40663779
26989,0.251370931,1.40663779
26990,0.945022556,-0.736523474
26991,1.44160766,-0.313495474
26992,1.44160766,-0.313495474
26993,2.35923477,-0.277628043
26994,-0.1953054,-1.84245578
26995,0.30837166,1.12040331
26996,0.30837166,1.12040331
26997,1.02759653,0.509976515
26998,0.70202787,1.86389989
26999,0.70202787,1.86389989
27000,0.450498477,0.357542678
27001,1.0624259,-2.78233397
27002,0.845779403,0.280789007
27003,0.845779403,0.280789007
27004,0.20905954,0.400127599
27005,0.503482157,2.00251099
27006,0.503482157,2.00251099
27007,1.04429935,-0.176480454
27008,1.06406772,0.844295634
27009,-0.765699285,-1.56186753
27010,-0.765699285,-1.56186753
27011,-0.158042741,-0.31502245
27012,1.41179617,0.27284217
27013,1.41179617,0.27284217
27014,1.75004385,0.711832112
27015,-0.10670221,-0.796048496
27016,0.524909185,-0.352087437
27017,0.524909185,-0.352087437
27018,1.93130286,-1.88748073
27019,0.655632166,1.23256459
27020,0.655632166,1.23256459
27021,0.452843152,0.475957458
27022,2.58528189,-2.10842177
27023,2.25222552,-0.358193424
27024,2.25222552,-0.358193424
27025,-0.51623589,-0.709368633
27026,1.37185463,0.417563473
27027,1.37185463,0.417563473
27028,2.73066888,-0.868450989
27029,1.1613838,0.365959143
27030,-0.140595,-1.52797467
27031,-0.140595,-1.52797467
27032,-1.32099659,-0.620478745
27033,0.165836224,-1.24926367
27034,0.165836224,-1.24926367
27035,0.853117531,-0.754350733
27036,0.859525808,-1.37403064
27037,0.797705449,-0.456023756
27038,0.797705449,-0.456023756
27039,-0.929556683,-0.250266894
27040,-1.30064105,-0.772792059
27041,-1.30064105,-0.772792059
27042,-0.572524503,-1.39879872
27043,0.388323865,-0.637229118
27044,0.918212088,-0.451255282
27045,0.918212088,-0.451255282
27046,-0.766622204,0.409148498
27047,0.0596207393,-0.656719331
27048,0.0596207393,-0.656719331
27049,0.282937277,-0.908839979
27050,2.36610641,-1.31868917
27051,1.14966965,0.950526559
27052,1.14966965,0.950526559
27053,0.0427373571,-0.0566786829
27054,-0.99819903,-0.505770823
27055,-0.99819903,-0.505770823
27056,0.595363109,-1.22652867
27057,-0.348541075,-1.83837809
27058,0.861612984,-1.06140122
27059,0.861612984,-1.06140122
27060,0.673652813,0.122521781
27061,-0.387170342,0.602284257
27062,-0.387170342,0.602284257
27063,-0.518099778,-0.618902391
27064,1.32963196,0.801246013
27065,-1.10264928,0.955153698
27066,-1.10264928,0.955153698
27067,-0.536379644,0.449924793
27068,-1.43594907,0.305697066
27069,-1.43594907,0.305697066
27070,-0.348030492,0.722145341
27071,0,-0.544729647
27072,0.699478828,-0.39354561
27073,0.699478828,-0.39354561
27074,-1.44968198,1.26722035
27075,-1.56609955,0.101724032
27076,-1.56609955,0.101724032
27077,-1.19170644,-0.242940924
27078,1.75822065,-0.865328362
27079,0.163098462,1.01564132
27080,0.163098462,1.01564132
27081,0.196233863,-1.37785065
27082,-1.15066187,-1.66011175
27083,-1.15066187,-1.66011175
27084,0.125717208,-1.84702056
27085,0.81791954,-2.19156572
27086,-0.142842531,-1.59611014
27087,-0.142842531,-1.59611014
27088,-0.51389889,-0.171441462
27089,-1.7665351,-0.919307243
27090,-1.7665351,-0.919307243
27091,-0.847434381,-2.01893164
27092,1.01497694,0.027659419
27093,-1.00174989,0.395585353
27094,-1.00174989,0.395585353
27095,-0.67298443,-1.84888447
27096,0.821371179,1.27741959
27097,0.821371179,1.27741959
27098,1.24474136,1.01572724
27099,0.880143344,-1.00789883
27100,-1.11007988,1.03722796
27101,-1.11007988,1.03722796
27102,0.0749735032,-0.364152286
27103,-1.03747569,-1.27504073
27104,-1.03747569,-1.27504073
27105,-0.308263501,-1.65742834
27106,0.990258296,-1.65078295
27107,-1.71890156,0.139875885
27108,-1.71890156,0.139875885
27109,1.37198371,1.29002825
27110,0.309261999,0.897555805
27111,0.309261999,0.897555805
27112,0.85838804,-0.312438257
27113,0.157848443,-1.43311474
27114,-0.160311282,1.36164726
27115,-0.160311282,1.36164726
27116,-0.763697631,1.63283788
27117,-2.05266314,1.43133742
27118,-2.05266314,1.43133742
27119,-1.50653425,0.275880969
27120,2.16405911,0.769484832
27121,-0.698474127,1.29524604
27122,-0.698474127,1.29524604
27123,1.34194825,1.41511242
27124,-0.696620077,-1.34309322
27125,-0.696620077,-1.34309322
27126,0.810964844,-0.618970574
27127,-0.660817509,-0.718349552
27128,-0.0424003689,0.344582944
27129,-0.0424003689,0.344582944
27130,-0.363186745,-0.0138916999
27131,-0.34591554,-0.0815717524
27132,-0.34591554,-0.0815717524
27133,-0.700149588,-0.491077138
27134,2.35492974,-2.6450881
27135,-0.306012585,-0.443117002
27136,-0.306012585,-0.443117002
27137,0.392936878,1.72057545
27138,0.71422011,0.285441637
27139,0.71422011,0.285441637
27140,2.05936555,-1.31552189
27141,0.801796644,0.633931622
27142,-0.0814733064,1.22506459
27143,-0.0814733064,1.22506459
27144,0.31590934,0.428859098
27145,-0.531369627,-1.27907181
27146,-0.531369627,-1.27907181
27147,0.0666791087,-0.644257552
27148,0.786729757,-0.910466336
27149,-1.15316399,-1.44904941
27150,-1.15316399,-1.44904941
27151,-0.629683581,1.157604
27152,-0.0813531945,-0.514229699
27153,-0.0813531945,-0.514229699
27154,0.418132832,-0.962448575
27155,1.13158888,-0.583185048
27156,0.41344533,-1.68876526
27157,0.41344533,-1.68876526
27158,-0.547839764,-1.20293275
27159,-0.898161887,0.612916083
27160,-0.898161887,0.612916083
27161,-0.0473025912,0.150525989
27162,2.07192197,-1.87469134
27163,0.843533257,-0.656587692
27164,0.843533257,-0.656587692
27165,0.25527151,-0.431004149
27166,-1.46497927,0.823400089
27167,-1.46497927,0.823400089
27168,0.0472984065,-0.443989307
27169,0.392007457,-1.13228333
27170,-2.39086707,-0.0995337573
27171,-2.39086707,-0.0995337573
27172,0.324392978,-1.60279629
27173,-1.18103388,0.806881569
27174,-1.18103388,0.806881569
27175,-0.698425343,-0.0159896149
27176,-0.132932453,-0.615862344
27177,0.711399924,-0.374328589
27178,0.711399924,-0.374328589
27179,0.25496133,-0.534453369
27180,0.684602165,-1.17330335
27181,0.684602165,-1.17330335
27182,0.458692573,-1.30509658
27183,0.0811878697,-0.290111097
27184,-1.50736432,0.199049229
27185,-1.50736432,0.199049229
27186,2.23094105,1.03043694
27187,-1.70825314,0.840604419
27188,-1.70825314,0.840604419
27189,-1.3116773,0.481729585
27190,1.91992224,-0.418141362
27191,-1.50591919,0.62579257
27192,-1.50591919,0.62579257
27193,0.117132671,0.869517848
27194,-1.28073848,0.921620893
27195,-1.28073848,0.921620893
27196,0.171051659,0.497478476
27197,2.10311068,-2.10654127
27198,-0.184385053,1.86681842
27199,-0.184385053,1.86681842
27200,0.780914321,0.215724538
27201,2.09315377,-0.27567401
27202,2.09315377,-0.27567401
27203,2.9328266,-1.44579806
27204,0.0786493241,-0.242342507
27205,2.2531096,0.976978598
27206,2.2531096,0.976978598
27207,-1.13082456,0.695914706
27208,-0.305282959,-1.3183106
27209,-0.305282959,-1.3183106
27210,-0.194831798,-1.15741558
27211,1.97782363,-0.239243664
27212,0.494412993,1.31136002
27213,0.494412993,1.31136002
27214,1.23415419,0.849841804
27215,-0.66191686,0.920598237
27216,-0.66191686,0.920598237
27217,0.6651606,0.593245726
27218,-0.752601052,-1.19533119
27219,1.86061385,-1.18406565
27220,1.86061385,-1.18406565
27221,-0.194515646,0.158809679
27222,1.5706525,-0.385075328
27223,1.5706525,-0.385075328
27224,0.776382392,-1.01287885
27225,0.946257194,-2.68343906
27226,-0.233048378,0.994737771
27227,-0.233048378,0.994737771
27228,-1.02953956,-0.014808254
27229,1.33032931,-1.82677483
27230,1.33032931,-1.82677483
27231,1.65305223,-3.04801071
27232,1.0056696,0.708397509
27233,0.341269765,0.558894575
27234,0.341269765,0.558894575
27235,0.028036412,-0.257808313
27236,0.651750635,-1.40232314
27237,0.651750635,-1.40232314
27238,1.16086718,-0.696402265
27239,0.43410498,-1.37355625
27240,0.622860612,1.05756525
27241,0.622860612,1.05756525
27242,-0.3134804,1.32142267
27243,0.605532308,0.519043448
27244,0.605532308,0.519043448
27245,0.762728731,-0.408094497
27246,2.25995952,-0.913416079
27247,0.657576462,0.239883393
27248,0.657576462,0.239883393
27249,0.842927875,-0.433337406
27250,-0.242939138,0.595610112
27251,-0.242939138,0.595610112
27252,1.19382953,-0.0639883773
27253,0.731141895,-0.435637952
27254,-0.124695583,-1.54185366
27255,-0.124695583,-1.54185366
27256,-1.88886428,-0.907904375
27257,-0.868648997,-1.02258106
27258,-0.868648997,-1.02258106
27259,-0.258745444,-1.08772076
27260,2.1665723,-1.59228174
27261,0.713822401,0.633411229
27262,0.713822401,0.633411229
27263,-0.255974387,1.16083693
27264,-0.0627098052,-0.119958998
27265,-0.0627098052,-0.119958998
27266,1.30403297,-1.04839017
27267,,
