cycle,t_fixed_vs_random,t_null
0,,
1,3.72675434,-0.915954588
2,15.9001132,0.607213029
3,18.6479689,2.24856179
4,-8.13810359,-0.361817088
5,-8.13810359,-0.361817088
6,-19.5215676,-0.328634128
7,11.8864629,-0.343919926
8,,
9,-45.5877792,-0.100402525
10,-21.9487168,-0.209148725
11,13.5964709,0.656121599
12,0.305562942,0.770766681
13,0.305562942,0.770766681
14,-19.9924802,-0.755010625
15,-33.4323553,-1.28514294
16,,
17,-45.3013336,0.388098617
18,-32.5296557,0.522829097
19,-9.77285911,0.553648454
20,46.8424242,-1.32949502
21,46.8424242,-1.32949502
22,12.221665,0.78418603
23,-10.238157,-0.810485947
24,,
25,1.40171093,-1.10318302
26,-10.4773909,-0.0422721881
27,15.5408113,-0.849853758
28,-12.51745,0
29,-12.51745,0
30,-0.436409739,0.792796347
31,-11.3179928,0.550442688
32,,
33,-5.23513189,-1.56648326
34,13.1798618,-1.91739988
35,15.0254006,-1.50343457
36,12.6719289,-0.35647065
37,12.6719289,-0.35647065
38,12.9321149,-0.457629482
39,0.743618564,-0.492895447
40,,
41,9.99661075,-0.357187894
42,1.17449234,-0.0808068307
43,-28.3989534,-1.56894409
44,0.654572327,-0.476576705
45,0.654572327,-0.476576705
46,10.9970151,0.304462283
47,12.3336404,0.97588191
48,,
49,-6.5124306,-0.134458442
50,22.3767853,-0.192777994
51,4.63827824,0.0710676791
52,23.7180862,1.53856301
53,23.7180862,1.53856301
54,10.3764256,0.0783306369
55,13.8070735,-0.608226289
56,,
57,-17.5072067,0.229395995
58,10.65232,-0.489758856
59,5.76071298,-0.201767834
60,-10.4862465,-0.620001554
61,-10.4862465,-0.620001554
62,-9.34725106,-0.30349425
63,-0.41977723,-0.245276279
64,,
65,-14.3150255,-0.949001232
66,-9.12735221,-1.62771129
67,-9.38083612,-1.08302691
68,24.0240203,-0.302807805
69,24.0240203,-0.302807805
70,0.452434559,0.0594341808
71,23.9174207,1.00481584
72,,
73,0.951226429,0.291728801
74,-11.3266022,0.335380041
75,5.87987621,-1.04481375
76,-0.798258619,-0.272452326
77,-0.798258619,-0.272452326
78,1.27313022,2.08097349
79,-41.276385,-0.716793645
80,,
81,8.59810648,-1.56068579
82,23.4975618,-2.15332711
83,4.66778192,-0.610010917
84,-32.5807376,0.104529621
85,-32.5807376,0.104529621
86,-0.117501941,-0.284366441
87,11.7106072,0.186070139
88,,
89,7.80156438,-0.435609917
90,0.413531309,0.657036479
91,-10.9526609,0.530046828
92,11.2121591,-0.975102748
93,11.2121591,-0.975102748
94,0.0272330143,-0.360764655
95,14.3637784,0.978949802
96,,
97,35.3082048,-0.0605555619
98,24.1999281,0.258133304
99,30.4993423,0.511282834
100,10.9322393,-1.34457381
101,10.9322393,-1.34457381
102,0.628352278,-1.34317773
103,-33.4394634,1.6491766
104,,
105,-31.3029042,0.384358711
106,-20.3899071,-1.12319113
107,-9.88967451,-1.47342766
108,1.98327001,-1.18913939
109,1.98327001,-1.18913939
110,11.9122828,-0.459784562
111,36.2415779,-0.496398439
112,,
113,-15.4308597,-0.249243344
114,0.140408022,-0.588147515
115,11.8684868,0.441151843
116,23.5368626,0.060785225
117,23.5368626,0.060785225
118,-21.0323232,-0.332486694
119,32.8721476,-0.0203830722
120,,
121,16.25568,2.54315894
122,-10.5859907,2.19607589
123,20.8449371,-0.971585467
124,11.9753764,-0.0616397373
125,11.9753764,-0.0616397373
126,-47.9580789,0.718470332
127,12.8176181,1.54878716
128,,
129,-14.5559133,-0.782258765
130,1.49960618,-1.54912624
131,5.36455233,-1.22199087
132,24.5900754,0.0788218544
133,24.5900754,0.0788218544
134,11.9035053,-0.0632937601
135,13.4388354,-2.0964266
136,,
137,-13.0742866,-1.0441451
138,-9.83894849,-0.606901642
139,-1.26255372,-0.294339166
140,0.24658665,0.693438341
141,0.24658665,0.693438341
142,-36.1030912,1.85036741
143,1.07881962,-1.2058094
144,,
145,18.1584611,1.31831743
146,-10.8751041,1.52670313
147,-20.894475,0.226755173
148,-10.4609083,1.15100734
149,-10.4609083,1.15100734
150,-21.831508,-0.78790085
151,-22.8870308,-0.865071855
152,,
153,-1.06697752,-0.713973184
154,-35.4368001,0.0413385363
155,-29.2867931,0.547487318
156,-22.0008148,0.875557344
157,-22.0008148,0.875557344
158,-9.52100338,0.295073393
159,25.3830154,0.484046225
160,,
161,0.861592004,1.60715194
162,12.314328,2.03551241
163,20.67528,0.705236298
164,1.94632903,-1.04219851
165,1.94632903,-1.04219851
166,12.095331,-1.85170563
167,-8.61066195,-1.10888274
168,,
169,0.933105659,-2.48434196
170,0.703673814,-1.83081772
171,-11.4511553,0.308216124
172,-8.89178844,-0.764614344
173,-8.89178844,-0.764614344
174,34.8941542,2.21579172
175,25.4317549,0.603020552
176,,
177,33.4560182,0.468292334
178,-0.533574024,1.46844366
179,-2.29691464,1.29946746
180,10.961523,-1.18550413
181,10.961523,-1.18550413
182,-11.082196,-0.738383986
183,34.6497438,1.32623549
184,,
185,16.4338995,-0.442926207
186,34.8487273,-1.24063572
187,-29.5576102,-1.06769429
188,-48.0265741,-1.02736537
189,-48.0265741,-1.02736537
190,0.831089497,-1.51529275
191,-11.989261,1.56065511
192,,
193,9.71380572,3.59679171
194,11.7018812,1.41525734
195,31.489402,0.456971107
196,1.57046495,-0.918747132
197,1.57046495,-0.918747132
198,-0.0839124587,-1.49864235
199,-11.0159558,2.01570806
200,,
201,-5.84098895,-0.0839684574
202,-22.294319,-0.199348759
203,-10.9123596,-0.517160559
204,45.895377,-0.528701058
205,45.895377,-0.528701058
206,0.412408978,0.372014564
207,11.1635529,0.301822948
208,,
209,0.831930012,0.759154783
210,24.7581342,-0.263636572
211,4.62042856,-0.20568412
212,-22.6840957,-0.488002315
213,-22.6840957,-0.488002315
214,0.545506426,-1.32770639
215,11.7589156,-1.06588928
216,,
217,17.4560957,-0.0150010758
218,13.0359509,0.0419400575
219,-1.76451612,-0.576221805
220,36.4124876,-1.57883929
221,36.4124876,-1.57883929
222,45.9274319,-0.751943521
223,11.3179928,0.947137384
224,,
225,-16.2514011,1.57859122
226,0.259612768,0.74791042
227,4.86773001,0.102401803
228,-12.7644442,0.516748114
229,-12.7644442,0.516748114
230,-34.9661267,-0.527394655
231,-11.323528,0.184856244
232,,
233,10.1165335,-0.375100522
234,14.827618,0.4347378
235,25.1049633,-1.9879013
236,1.15323454,0.425418262
237,1.15323454,0.425418262
238,-0.765426104,-1.18404521
239,12.6527431,-1.70673189
240,,
241,17.2520314,-0.199211228
242,23.505198,-0.103625266
243,29.8088677,0.0148664593
244,23.0651673,-0.977044944
245,23.0651673,-0.977044944
246,23.8323205,-0.974999485
247,-47.8171744,0.313311406
248,,
249,-13.7805379,-1.63771746
250,-10.0647856,-1.34253093
251,-28.2113481,-0.61495012
252,11.3394876,0.873055148
253,11.3394876,0.873055148
254,12.1849271,-1.65842952
255,11.5281261,-1.81382893
256,,
257,-0.0830139189,-1.74869597
258,-23.5327039,-0.653765699
259,-9.60882137,0.455103659
260,-13.052331,0.0419258282
261,-13.052331,0.0419258282
262,37.0153414,-0.998857607
263,0.78969391,0.577195911
264,,
265,-15.0480554,1.08914853
266,-35.2175974,-0.235103787
267,-28.902153,-0.21210721
268,13.7709257,0.803602425
269,13.7709257,0.803602425
270,47.322122,-1.1615618
271,-22.4684293,-0.680692652
272,,
273,-15.2328372,-1.18816748
274,-22.3964076,-0.425356548
275,-0.647758764,-0.127225058
276,0.493793832,0.0846371049
277,0.493793832,0.0846371049
278,-11.7802518,1.41126577
279,32.5528405,-0.214470333
280,,
281,17.0085807,-0.674510429
282,22.7894629,-0.550739935
283,-11.989509,-0.545000831
284,-31.7727494,-1.32759256
285,-31.7727494,-1.32759256
286,11.6302136,-1.41154442
287,0.675134796,-1.92062567
288,,
289,1.01879157,0.948126742
290,24.5410052,-0.0408120879
291,12.716445,-0.542048987
292,-10.3019965,0.771310424
293,-10.3019965,0.771310424
294,-21.1773609,1.39171142
295,1.48009107,-0.976654679
296,,
297,-16.5081542,-0.928564685
298,-12.7826198,-0.203046885
299,-12.0198144,-0.4849028
300,0.645471043,-0.141733061
301,0.645471043,-0.141733061
302,13.3454649,-1.57891996
303,-8.71438821,1.12862123
304,,
305,1.1967427,1.16998772
306,-11.7742869,1.44718306
307,5.04331319,-0.650970451
308,23.0901569,-1.70583013
309,23.0901569,-1.70583013
310,20.8277424,-0.275197331
311,38.6158667,-0.466732301
312,,
313,33.7436161,-0.552526391
314,1.15811541,-0.123966772
315,4.33554068,1.33751726
316,-11.8268461,1.36318974
317,-11.8268461,1.36318974
318,10.884042,-1.15943749
319,10.841364,-0.92927285
320,,
321,-7.85697967,-0.837551801
322,-0.0293116867,-0.889427153
323,-35.9114259,0.483086752
324,0.743618564,0.251560233
325,0.743618564,0.251560233
326,11.1218755,1.73517942
327,22.396253,1.16553645
328,,
329,-6.83359896,0.497112944
330,-21.8387212,0.103195792
331,-9.53751389,-0.906904563
332,0.720353829,-0.0409957872
333,0.720353829,-0.0409957872
334,0.745186562,0.589229714
335,11.8376932,1.26887334
336,,
337,0.670883449,-0.85762565
338,11.4992056,0.280101107
339,4.99374609,0.667695247
340,12.6682978,-0.0814177066
341,12.6682978,-0.0814177066
342,-1.53237617,0.0824853781
343,-10.9605023,-0.990220498
344,,
345,33.3985562,-0.177240795
346,58.7053746,-0.0421335354
347,30.6269077,1.03539881
348,25.859276,-1.10760839
349,25.859276,-1.10760839
350,-10.8101164,2.23288319
351,23.6894773,0.679781354
352,,
353,-50.0524686,-1.02473814
354,-36.5100445,0.176772679
355,13.4591544,0.637396856
356,-23.0672223,-1.72921651
357,-23.0672223,-1.72921651
358,1.03957837,1.85859071
359,14.5053215,0.0620162049
360,,
361,18.3872049,0.589691091
362,0.701801276,0.411644963
363,15.838273,1.12774265
364,12.6770585,0.585550439
365,12.6770585,0.585550439
366,-8.09635843,-1.38888566
367,-36.5648844,0.928450611
368,,
369,-30.6790291,-1.8350783
370,-31.7976509,-2.07064377
371,-29.0400705,-0.628848774
372,-10.6598504,-0.203424536
373,-10.6598504,-0.203424536
374,1.14207422,0.0212922072
375,11.6112124,1.3901178
376,,
377,-16.2514011,0.228299667
378,-1.08285901,-0.328860632
379,-3.49820398,0.991701838
380,-1.67660501,0.141646056
381,-1.67660501,0.141646056
382,-22.7051862,0.823344442
383,0.923122604,0.100826835
384,,
385,34.0500386,-0.567571678
386,35.5246469,-0.347491284
387,5.9504942,-0.426779967
388,11.0230704,2.32004167
389,11.0230704,2.32004167
390,-21.3489316,0.0819738804
391,-23.5195616,0.656846257
392,,
393,-14.3328076,-0.0295708353
394,-11.4669923,-0.684537192
395,-9.40388651,-0.129786661
396,-11.7452091,0.342883931
397,-11.7452091,0.342883931
398,-21.3499326,0.329782335
399,-35.8970093,-0.575535638
400,,
401,-8.34437994,0.676589549
402,-12.2352772,1.13793988
403,7.02084248,-0.751040593
404,0.373785279,0.242395948
405,0.373785279,0.242395948
406,21.0547132,-0.961689623
407,12.0974977,3.0190032
408,,
409,1.788701,0.457293044
410,-10.6989741,0.405014653
411,-28.4110252,0.277518512
412,-11.1757444,-0.327219375
413,-11.1757444,-0.327219375
414,-22.3789373,0.724539414
415,23.8041712,-0.720117683
416,,
417,2.7313231,0.798503558
418,25.7677193,1.47997264
419,15.4661261,0.550563027
420,0.846239204,-0.282817543
421,0.846239204,-0.282817543
422,-21.0439165,-1.41021628
423,11.5591779,-0.788864669
424,,
425,-15.29561,-1.91797642
426,-12.103023,-0.734436049
427,-21.9675614,-0.806285994
428,-36.775553,1.57144717
429,-36.775553,1.57144717
430,11.0873425,1.20559559
431,1.8863129,-0.673704311
432,,
433,-24.1074365,0.647754775
434,-22.9933592,0.475323193
435,-3.15433824,0.34073069
436,1.02321683,-0.162527379
437,1.02321683,-0.162527379
438,12.3890423,0.769918141
439,-47.1682735,0.738986376
440,,
441,-24.6567776,-1.8925883
442,-48.1850409,-2.04767397
443,-3.86865357,-2.31600983
444,-36.4127013,0.298493925
445,-36.4127013,0.298493925
446,-11.1109883,-1.65541782
447,-0.32700949,0.880118588
448,,
449,-29.8297628,1.76667668
450,-21.3853121,2.0405739
451,5.77098024,0.551348065
452,-23.2365428,1.34265418
453,-23.2365428,1.34265418
454,1.93031842,-0.147587343
455,-13.7027262,0.766694668
456,,
457,-15.0381767,-0.529534621
458,-0.0820665729,-0.782348073
459,26.6023248,0.612738595
460,36.3087188,2.15694203
461,36.3087188,2.15694203
462,-9.43602787,-0.53608171
463,-0.205369396,-0.205420697
464,,
465,-8.14524361,-0.102752356
466,11.9157932,-0.67919508
467,14.3347707,0.350261679
468,23.3631251,-0.264574719
469,23.3631251,-0.264574719
470,11.1830496,-1.23175485
471,57.03673,-1.06025396
472,,
473,0.4652108,0.706726066
474,12.5280302,-0.778728009
475,14.8093609,-0.429165397
476,12.0477717,0.615123319
477,12.0477717,0.615123319
478,21.492101,-0.0839425852
479,11.9791972,0.235401091
480,,
481,-7.32720281,-0.628294215
482,12.3197192,-0.597927182
483,-13.0511925,-1.01312343
484,24.475788,0.0812777315
485,24.475788,0.0812777315
486,-10.2555074,-0.139841463
487,-22.4524351,1.03441969
488,,
489,-6.37069479,1.49366175
490,1.47501993,1.67165824
491,-11.9651205,0.667800639
492,36.4417714,2.08345119
493,36.4417714,2.08345119
494,-11.6776598,-0.43800226
495,34.5477914,0.623264205
496,,
497,-7.28284029,1.09067379
498,-11.4949092,1.66676103
499,-10.8996021,1.71515125
500,-20.4755799,-1.75645063
501,-20.4755799,-1.75645063
502,-0.0572353821,-0.305161334
503,-21.5902484,-1.26875957
504,,
505,25.6812271,-0.229525512
506,11.9074798,0.231366342
507,30.2776058,-0.547854815
508,-22.4061108,0.643627848
509,-22.4061108,0.643627848
510,25.0002544,0.259753384
511,-0.142449706,0.0816622802
512,,
513,-24.5575256,-1.0460102
514,-10.863315,0.0824983039
515,4.83273678,1.20152563
516,-36.6291031,-1.36691428
517,-36.6291031,-1.36691428
518,-34.854291,0.488322215
519,24.738118,0.0991055294
520,,
521,-7.47812446,2.07028514
522,-11.2170762,1.07260574
523,15.6976912,1.54823785
524,11.3993051,-0.526116176
525,11.3993051,-0.526116176
526,23.3858461,2.15264495
527,-10.6489436,-0.56983934
528,,
529,-13.6559639,1.0050142
530,-9.44890442,0.579978197
531,-0.933105659,-0.280989528
532,11.8126735,0.528089447
533,11.8126735,0.528089447
534,-12.5891109,0.641001651
535,2.10147506,0.32362246
536,,
537,33.892864,-0.652478328
538,12.1047541,-1.85831383
539,12.2,-0.296053854
540,0.404396959,-1.44650287
541,0.404396959,-1.44650287
542,12.7620641,0.1011797
543,22.9704015,0.274953272
544,,
545,8.94702089,0.341717711
546,1.14598596,0.394803322
547,40.7211537,-0.600274474
548,1.77709059,-0.534946569
549,1.77709059,-0.534946569
550,-23.7421484,-0.579044006
551,-9.55526058,1.09401329
552,,
553,8.69021299,-1.99920699
554,0.604478684,-1.20706139
555,-3.2118505,0.21907201
556,20.9548711,0.960202169
557,20.9548711,0.960202169
558,0.385803213,0.749378602
559,-19.8582308,1.32142486
560,,
561,1.55386081,1.01238479
562,24.073455,1.87882918
563,-0.996838262,1.81844026
564,11.4149034,0.10278032
565,11.4149034,0.10278032
566,-0.337419341,-0.239190645
567,22.3425455,-0.143512989
568,,
569,-15.6954926,0.72857678
570,2.47667307,-0.817225643
571,30.4281437,-0.592044525
572,37.9731588,-1.1097876
573,37.9731588,-1.1097876
574,-9.29548749,0.478772321
575,-10.0260814,-1.41545137
576,,
577,17.8516928,-1.26472247
578,38.3674584,-0.647276113
579,4.90714462,-0.787035171
580,-45.0897744,-1.0397879
581,-45.0897744,-1.0397879
582,12.6913678,-0.0821324994
583,2.7971525,-0.506696842
584,,
585,-31.2781034,-0.784658871
586,-21.4708096,-1.7694329
587,-36.3656271,-1.62197696
588,-9.96733736,0.839495192
589,-9.96733736,0.839495192
590,-21.3625823,1.54523596
591,25.2013135,-0.725400732
592,,
593,-14.1078136,-1.32254402
594,-10.3150906,-1.20286328
595,-9.81968707,-1.14516593
596,10.9502977,0.242862063
597,10.9502977,0.242862063
598,-21.2048935,1.40739322
599,-10.7580474,1.20318433
600,,
601,-23.8259826,-0.581126264
602,-22.100856,-0.461960604
603,6.26421892,-0.129398238
604,-10.4940979,1.38460718
605,-10.4940979,1.38460718
606,47.6104074,-1.81538171
607,32.6072057,0.803015946
608,,
609,-15.8867853,-1.31308253
610,-0.283287817,0.620875635
611,14.8567251,1.43003698
612,-12.6551491,0.470003246
613,-12.6551491,0.470003246
614,-34.6864825,0
615,0.670517163,0.793859107
616,,
617,-0.149091874,1.25381697
618,12.5614114,-0.413526486
619,-3.51947627,-1.92926682
620,13.7835789,0.0795623545
621,13.7835789,0.0795623545
622,21.4734098,-1.12899206
623,14.3791645,0.0605118906
624,,
625,0.289082655,-1.48048017
626,0.887655986,-0.886866377
627,31.5140688,1.00593874
628,12.9611078,-0.348126175
629,12.9611078,-0.348126175
630,0.661656713,-0.186063362
631,-10.3835549,-0.761324002
632,,
633,-14.30083,-1.71467604
634,-11.9618541,-1.03558787
635,-45.4842712,1.44317138
636,0.59468016,-0.306615094
637,0.59468016,-0.306615094
638,21.987419,-0.886773346
639,-0.084578453,-0.318728897
640,,
641,-13.9841869,-1.78986808
642,-9.46555527,-1.00034674
643,-3.02470522,0.338542327
644,1.95300728,-1.0532503
645,1.95300728,-1.0532503
646,23.6807279,0.655166963
647,-21.1292127,-0.637314932
648,,
649,15.2133572,-0.936989902
650,0.255593416,-0.100554809
651,4.81326556,0.758559038
652,21.7168194,-0.184169357
653,21.7168194,-0.184169357
654,-33.1046355,1.64576325
655,0.309908695,-0.0819043373
656,,
657,0.828478912,-0.219543621
658,43.8507875,0.086897566
659,26.7007705,0.92596046
660,-23.3475308,-0.922047485
661,-23.3475308,-0.922047485
662,12.0615698,-1.09077815
663,1.02373337,-1.04829812
664,,
665,-40.6009082,-2.16105325
666,-10.0195779,-1.89567731
667,5.45449574,0.134246386
668,-0.915972947,0.0406143713
669,-0.915972947,0.0406143713
670,-45.7817421,1.09415652
671,-31.9850861,-0.939197983
672,,
673,9.40065341,0.841482051
674,-0.456503998,0.710847479
675,-21.3303489,0.194786931
676,-11.4179991,0.6764971
677,-11.4179991,0.6764971
678,-11.5641914,-0.465527917
679,38.035332,1.03203008
680,,
681,-14.920721,-0.348166883
682,-10.7607262,0.235597721
683,-11.7183811,-1.08771082
684,-19.944437,1.41752713
685,-19.944437,1.41752713
686,34.7464276,-0.548163439
687,-24.3162735,-0.125777623
688,,
689,-15.4002444,-0.871218057
690,2.18200302,-0.614287693
691,-2.84356789,-1.28477374
692,12.1624903,1.39012787
693,12.1624903,1.39012787
694,-21.153539,-0.206851101
695,-11.1492786,0.863072295
696,,
697,-6.86451697,0.295565073
698,-22.6299905,1.19837444
699,15.7315293,0.730515463
700,-11.2792565,1.36929517
701,-11.2792565,1.36929517
702,-32.4610212,0.661300473
703,-22.0179146,-1.38196885
704,,
705,-17.326764,1.90824781
706,-11.5177453,1.72175628
707,-12.3310871,0.923581929
708,1.50688011,-1.59338344
709,1.50688011,-1.59338344
710,-22.3867208,-0.0619518775
711,12.6055128,-0.698696436
712,,
713,-33.4080262,1.85733778
714,-23.0317561,1.33804731
715,-28.5921781,1.61688805
716,34.0461476,0.655499891
717,34.0461476,0.655499891
718,12.2743573,-0.661197205
719,-47.1783261,0.963570916
720,,
721,-23.7110526,-0.654821174
722,-22.9206022,-1.02664322
723,-21.102642,0.929922218
724,35.5133498,1.25028922
725,35.5133498,1.25028922
726,53.7030169,1.24191259
727,-34.8944285,-0.63281558
728,,
729,12.0621646,1.89612691
730,2.34862583,0.0204872281
731,-10.8851828,1.3129609
732,13.0379971,0.91002536
733,13.0379971,0.91002536
734,-11.5901917,1.14232367
735,-11.2783018,-1.65336548
736,,
737,0.636169015,1.17342248
738,-10.1284153,-0.167138771
739,4.72480095,0.061181385
740,-1.20718817,0.195766405
741,-1.20718817,0.195766405
742,23.973566,-0.749198525
743,1.50932838,0.621142406
744,,
745,26.2616959,-0.114400811
746,0.875224953,0.690996725
747,12.7699216,0.360414451
748,-21.7137304,-0.183000394
749,-21.7137304,-0.183000394
750,13.1298037,-0.119496005
751,11.4641663,-1.17527824
752,,
753,-6.51566308,1.86130443
754,-33.7926398,1.00159951
755,6.81079445,-0.0285277897
756,-9.71709412,0.805865589
757,-9.71709412,0.805865589
758,-22.7415218,-0.934486032
759,-44.1154356,0.0599378111
760,,
761,0.871864554,0.641249694
762,13.2631645,0.287233173
763,4.9815522,0.754935584
764,-10.7837945,0.0591874844
765,-10.7837945,0.0591874844
766,-22.9440864,-1.58410653
767,-0.199596946,0.620556629
768,,
769,-14.4006414,2.51415629
770,12.8778465,3.3265218
771,21.4446085,1.79609545
772,32.955541,0.180512223
773,32.955541,0.180512223
774,1.78135102,0.695343456
775,-12.4665184,-0.878340256
776,,
777,-7.04004181,0.302018424
778,1.96567799,-0.0411276584
779,-23.4140449,0.351242733
780,12.5510054,-1.86186375
781,12.5510054,-1.86186375
782,0.901286352,0.140690621
783,-0.638349383,-1.5717913
784,,
785,16.2178278,-0.280828672
786,0.0277752265,0.101040426
787,29.7948431,-0.0138943613
788,-21.7882429,-1.14625576
789,-21.7882429,-1.14625576
790,12.9110936,1.97272011
791,23.702468,2.15190568
792,,
793,8.41801948,-0.1898618
794,0.113452117,0.319928806
795,22.4548683,1.62392545
796,-10.2293858,-0.0619090156
797,-10.2293858,-0.0619090156
798,11.8453042,0
799,11.8738793,-1.84911144
800,,
801,35.2136868,-0.359753217
802,24.4624818,-0.337383626
803,-3.3509883,-0.014717937
804,3.00930502,0.507618524
805,3.00930502,0.507618524
806,-10.6676753,-0.349976073
807,13.5825467,1.34064776
808,,
809,25.1192973,-1.11317429
810,24.4437538,0.273149619
811,47.6265738,-0.596101256
812,-20.5912049,-0.806309454
813,-20.5912049,-0.806309454
814,13.1198349,0.741820431
815,-0.285736209,-0.717217478
816,,
817,16.563794,-0.281375383
818,0.428834719,1.28247071
819,20.7688122,-0.203507691
820,0.422310506,1.13654478
821,0.422310506,1.13654478
822,-22.5179166,1.16926553
823,-9.3040721,0.168902582
824,,
825,33.2802695,-0.389571612
826,24.7266487,-0.444991832
827,-12.1391512,-1.28796124
828,-10.4348121,1.10189335
829,-10.4348121,1.10189335
830,10.9780772,-0.227565375
831,10.5677646,-0.320221583
832,,
833,-7.92061239,-2.2079333
834,0.169499465,-1.68868901
835,30.1268552,-1.88167993
836,22.6477633,0.900758219
837,22.6477633,0.900758219
838,-53.6930906,-0.814928099
839,35.2800372,1.19102467
840,,
841,-15.2195789,0.776836228
842,-11.2881526,1.03117293
843,-19.3871014,-0.833151435
844,-0.919984153,1.71072557
845,-0.919984153,1.71072557
846,-8.42974287,-1.36152687
847,11.4085899,-0.218209712
848,,
849,-4.92867642,-0.572332676
850,1.56094518,0.349419786
851,-11.3386561,0.364713534
852,11.8786162,0.308715204
853,11.8786162,0.308715204
854,-32.519576,1.39855995
855,-8.59367049,-0.512957225
856,,
857,-7.50263451,-0.847224965
858,-10.8465168,-1.95837807
859,-10.6109499,0.307026297
860,1.62121945,0.159745092
861,1.62121945,0.159745092
862,-9.13843806,1.57303001
863,35.4446721,0.639251281
864,,
865,9.89808317,-0.347989958
866,46.8987845,-0.54867948
867,-3.432821,-1.73727859
868,-48.5602042,0.526922674
869,-48.5602042,0.526922674
870,0.802597838,-0.160432747
871,56.8081167,-0.538605888
872,,
873,2.40205681,0.39713446
874,11.4939854,-0.748246142
875,36.4698563,-1.73642325
876,0.814345071,0.361500213
877,0.814345071,0.361500213
878,-22.6535489,-0.476656259
879,-22.1160545,-0.434926455
880,,
881,34.8885741,1.71051117
882,13.1833462,2.61368041
883,31.0394564,1.0436007
884,-11.7450395,-0.20538942
885,-11.7450395,-0.20538942
886,12.5145777,-3.54627602
887,2.23578248,-0.531358502
888,,
889,18.197139,-0.685502225
890,12.694971,-0.664913856
891,-4.38400829,-1.38002341
892,0.262698788,-1.50167574
893,0.262698788,-1.50167574
894,23.6368165,-2.13004088
895,21.6779997,-1.07717355
896,,
897,-14.979135,0.486514548
898,-22.8931558,0.703829442
899,-13.4719753,0.90475329
900,-20.59017,0.950444462
901,-20.59017,0.950444462
902,12.9955247,0.614954642
903,-9.65676099,-0.0775621546
904,,
905,24.486636,0.0142661902
906,12.130514,-0.0817268469
907,-11.3888547,0.348853885
908,-46.7044892,-0.759614459
909,-46.7044892,-0.759614459
910,1.65099579,-0.0820382382
911,11.6402206,0.0794742216
912,,
913,15.6106685,0.115582359
914,-10.9650323,-1.0878482
915,-3.39818794,0.588577912
916,22.8940073,0.77948169
917,22.8940073,0.77948169
918,-10.05601,-1.04380006
919,10.602712,-0.476654846
920,,
921,-6.80198151,-0.576176968
922,-10.6249684,-0.521730464
923,-11.8957587,-0.670194613
924,-20.0398276,1.76727789
925,-20.0398276,1.76727789
926,-24.1604145,-0.209485452
927,22.2197291,0.227673342
928,,
929,18.3686058,-1.60348086
930,2.65447675,-0.734772198
931,-27.4551849,-0.220947377
932,0.255181101,0.705057053
933,0.255181101,0.705057053
934,1.07018325,1.78338679
935,0.837894084,0.829562697
936,,
937,0.624523279,1.17580714
938,-10.6192056,0.140239561
939,-27.8578778,-1.32258304
940,-32.6144463,0.100803209
941,-32.6144463,0.100803209
942,0.748278968,-0.690964721
943,33.8795452,0.682448838
944,,
945,9.12306916,-0.70944764
946,23.2070814,-0.695521009
947,14.0366272,-1.44474606
948,22.9314605,1.45926128
949,22.9314605,1.45926128
950,23.8846858,1.31873146
951,-22.2978981,-3.01823084
952,,
953,16.8692157,-0.773287326
954,11.5711978,-0.82875617
955,4.29340887,-0.926265023
956,11.4466325,1.24614734
957,11.4466325,1.24614734
958,11.8464454,1.49259026
959,25.6066606,-0.522786713
960,,
961,32.0637966,-0.292576826
962,10.6832538,-0.0392377917
963,14.6954038,-0.473585584
964,-34.8193736,0.159657046
965,-34.8193736,0.159657046
966,-9.99018649,-0.0604127926
967,12.5747723,-0.918624368
968,,
969,-7.30477136,-0.572667749
970,-23.416779,-0.775105124
971,30.4479348,0.663897127
972,1.09450405,-1.25047357
973,1.09450405,-1.25047357
974,-56.4862145,-0.119659798
975,0.56430112,-0.0421827362
976,,
977,8.861639,-2.47145653
978,11.5092272,-2.67160337
979,-9.63183277,-0.309035568
980,23.6780868,-0.612761189
981,23.6780868,-0.612761189
982,24.3469271,-0.570536097
983,0.834305177,0.583012268
984,,
985,36.4380011,0.103284494
986,25.4804188,0.415773931
987,38.8733461,-1.6193027
988,-11.6297217,1.19682014
989,-11.6297217,1.19682014
990,13.4041608,0.953171201
991,0.316526542,-0.702052855
992,,
993,18.9966066,0.935318205
994,26.0667844,1.39179757
995,13.9141547,0.112159735
996,14.5722667,1.06863025
997,14.5722667,1.06863025
998,37.8010215,1.10452649
999,63.6494126,0.22147981
1000,,
1001,9.1331494,0.238350533
1002,13.0241474,0.0806141175
1003,29.1506605,-1.21126484
1004,-23.1733641,-0.244383077
1005,-23.1733641,-0.244383077
1006,-10.7939433,1.03600906
1007,1.35908391,-0.731365858
1008,,
1009,17.2544397,1.95216033
1010,23.4744359,1.60021301
1011,6.67716388,-0.0891983854
1012,-13.2458999,-2.69005966
1013,-13.2458999,-2.69005966
1014,8.82487306,-0.50085759
1015,-10.360959,0.33387419
1016,,
1017,18.8903908,0.876931099
1018,24.2989066,0.764117023
1019,-10.6118485,-0.27958313
1020,10.949501,0.0206070192
1021,10.949501,0.0206070192
1022,12.1604197,0.650421787
1023,-48.7809437,-0.804798305
1024,,
1025,-14.6187806,2.6153333
1026,0.593251093,1.52794783
1027,4.57102803,1.37848568
1028,-21.413907,0.0594865173
1029,-21.413907,0.0594865173
1030,0.319187152,-0.158829532
1031,24.1755883,-0.220143609
1032,,
1033,-8.09028665,-1.11606361
1034,-0.505920957,-0.784445061
1035,15.5834195,-1.39353248
1036,-22.6910335,-0.0194529928
1037,-22.6910335,-0.0194529928
1038,0.753971293,0.58071392
1039,21.6433654,-1.19627718
1040,,
1041,-31.9887344,-1.34774947
1042,-45.413254,-0.346044836
1043,-43.2403294,1.95797997
1044,-9.23231326,0.0636638718
1045,-9.23231326,0.0636638718
1046,-31.5840073,0.749585727
1047,-0.377240285,-1.08597618
1048,,
1049,1.0157832,0.0712128483
1050,12.1487596,0.356214802
1051,-21.9859244,0.83918858
1052,35.3210916,-0.185044166
1053,35.3210916,-0.185044166
1054,-21.5966103,-0.0399698387
1055,10.9358969,0.248787562
1056,,
1057,-14.1029492,0.560068786
1058,1.0692364,1.28565885
1059,11.4032099,0.169565044
1060,0.26801666,0.902381616
1061,0.26801666,0.902381616
1062,36.0721146,0.585031799
1063,0.0590575374,-0.242282994
1064,,
1065,1.69007826,0.219840742
1066,-9.671073,0.745719492
1067,4.58236505,-1.54579611
1068,-22.5566261,0.728697658
1069,-22.5566261,0.728697658
1070,-11.1399956,1.91046666
1071,-9.15687458,-0.755381211
1072,,
1073,-30.9558253,0.651815349
1074,-23.1630654,0.545099703
1075,-33.2737844,0.886765118
1076,11.6415671,1.88571884
1077,11.6415671,1.88571884
1078,0.284343215,-0.117937145
1079,0,0.197542007
1080,,
1081,24.4121878,0.0692880007
1082,12.7631245,-0.3615938
1083,38.5940116,0.918114373
1084,24.2241941,-0.285104403
1085,24.2241941,-0.285104403
1086,-0.496319051,-0.0594117431
1087,1.9129529,-0.357469932
1088,,
1089,15.7227461,-1.31594726
1090,23.9264979,-0.986943586
1091,13.6057954,-1.69209541
1092,24.6691086,-0.849628312
1093,24.6691086,-0.849628312
1094,36.5063086,-1.75044522
1095,-21.6425153,1.13823718
1096,,
1097,-15.7492566,-0.475950237
1098,1.0159214,-0.264909332
1099,-32.054534,1.07259645
1100,-11.606886,-0.040291558
1101,-11.606886,-0.040291558
1102,11.2464466,1.12488268
1103,-11.8774869,-0.289562975
1104,,
1105,16.4126158,1.81171966
1106,21.8338133,2.02940019
1107,-30.1779526,-0.535018338
1108,11.9373364,-0.491941158
1109,11.9373364,-0.491941158
1110,10.8648102,0.789748135
1111,-23.5792397,-1.2748953
1112,,
1113,29.3117595,0.557391659
1114,32.9101071,0.572100498
1115,20.0756427,0.209225355
1116,24.5870909,0.0631331003
1117,24.5870909,0.0631331003
1118,2.18188437,0.213251497
1119,-32.512767,0.715088262
1120,,
1121,42.5436768,0.157756201
1122,68.2520125,0.310029894
1123,12.9377012,1.24875721
1124,33.9751841,-0.552650284
1125,33.9751841,-0.552650284
1126,-33.7208906,0.955898549
1127,10.4898729,0.174436211
1128,,
1129,15.7381163,-0.881335121
1130,-0.292770022,-0.99320148
1131,-22.611779,-0.405946919
1132,12.3739288,0.324074681
1133,12.3739288,0.324074681
1134,11.6932195,0.0212119076
1135,12.8158705,-0.0602539034
1136,,
1137,1.20425763,-0.0814583539
1138,-9.58906933,1.21933579
1139,-4.40385562,0.0915890832
1140,-1.29700785,0.311208484
1141,-1.29700785,0.311208484
1142,11.9193641,-1.50362267
1143,-44.4204862,0.421010159
1144,,
1145,17.6446944,2.0707298
1146,-10.685877,1.78113073
1147,12.7988022,0.811815374
1148,12.8162376,0.185323581
1149,12.8162376,0.185323581
1150,-21.2079612,0.0399270572
1151,35.367899,-0.560596052
1152,,
1153,-32.3679733,-0.712006426
1154,0.522197716,-0.389385154
1155,-39.1533221,-0.665315066
1156,-46.2885163,-0.143479136
1157,-46.2885163,-0.143479136
1158,56.7381744,0.637737
1159,23.4574703,-0.820709943
1160,,
1161,-8.14599178,-0.251996661
1162,-10.7239432,-0.232563312
1163,13.3499906,-0.92933858
1164,-0.275970238,0.833820546
1165,-0.275970238,0.833820546
1166,0.931571338,-1.56724413
1167,-0.0572353821,-1.0472528
1168,,
1169,-23.3354905,-0.390515332
1170,-9.84472911,-0.816414739
1171,-13.7250861,1.47746017
1172,-22.0563591,-0.0212500435
1173,-22.0563591,-0.0212500435
1174,1.48735691,-1.62937016
1175,-35.4513917,0
1176,,
1177,-6.99478646,0.989146622
1178,-0.0871143027,2.031984
1179,32.954719,1.6484283
1180,10.3033359,1.53867691
1181,10.3033359,1.53867691
1182,-21.7396808,2.35268829
1183,-22.9924671,-0.786446104
1184,,
1185,8.49837162,1.24565768
1186,1.188552,-0.0398069603
1187,29.2020382,-0.109994354
1188,10.4531361,0.936943242
1189,10.4531361,0.936943242
1190,1.27877327,-0.796054349
1191,12.292605,-0.789042877
1192,,
1193,1.73552536,-1.03997591
1194,1.89694404,-0.539537467
1195,-5.72841284,-1.37140458
1196,0.950534824,-1.16589709
1197,0.950534824,-1.16589709
1198,-22.1912843,-1.99133682
1199,0.168424896,-0.20647349
1200,,
1201,-36.6546765,-0.879770616
1202,-21.6774869,-0.886653364
1203,-12.1741176,0.0312569242
1204,24.9513033,-0.672939264
1205,24.9513033,-0.672939264
1206,23.1982246,1.45434263
1207,11.9586461,-1.15228785
1208,,
1209,8.81937444,-1.23245607
1210,-0.606497155,-0.401286893
1211,-32.8994314,0.113230933
1212,-10.9123285,0.862620972
1213,-10.9123285,0.862620972
1214,12.4001806,0.58054715
1215,-10.7474844,-0.929402142
1216,,
1217,24.6747058,2.50930926
1218,-0.746423712,2.32361409
1219,11.2638132,1.28486559
1220,-21.073073,0.020180304
1221,-21.073073,0.020180304
1222,-56.3692305,-0.287992518
1223,-0.675718733,0.72664708
1224,,
1225,-6.96973546,-0.129012751
1226,0.200745594,-0.826909838
1227,-12.0509836,-0.673551838
1228,-21.9837018,0.216941216
1229,-21.9837018,0.216941216
1230,1.5735657,0.75607499
1231,0.718561809,-1.70816854
1232,,
1233,15.6753931,-0.809614012
1234,34.1284737,-0.296982243
1235,4.44437261,0.501282336
1236,-10.9458296,-0.645133635
1237,-10.9458296,-0.645133635
1238,-22.0562946,0.517263947
1239,25.19335,-1.41364102
1240,,
1241,7.54422361,-0.583128585
1242,0.427088553,-0.504399498
1243,-48.1166615,1.39886895
1244,-21.5225187,1.44169237
1245,-21.5225187,1.44169237
1246,9.91037716,-2.29178792
1247,-11.9018174,2.00979407
1248,,
1249,9.96190462,1.30597334
1250,-9.53844342,0.972730933
1251,-22.0446701,1.98271718
1252,12.6460871,-0.038736023
1253,12.6460871,-0.038736023
1254,0.760366195,-1.90201278
1255,12.7561089,0.605178458
1256,,
1257,-15.4062606,0.0419036866
1258,-11.2249722,-0.685117486
1259,-4.79188437,-0.27880986
1260,22.6401388,1.08939789
1261,22.6401388,1.08939789
1262,1.29494536,0.845373801
1263,-11.9240817,0.460889138
1264,,
1265,17.9940506,0.707919501
1266,12.8032671,0.558654654
1267,21.5592287,-0.466314231
1268,-21.6814733,-0.642342462
1269,-21.6814733,-0.642342462
1270,1.46522308,0.0204338177
1271,13.182791,1.3159735
1272,,
1273,10.9725479,0.662315795
1274,1.41926032,0.898559206
1275,-11.8712262,0.760685171
1276,-21.0486098,0.856900937
1277,-21.0486098,0.856900937
1278,-21.9320675,-0.251622598
1279,-23.1092054,0.950859642
1280,,
1281,0.937942119,-0.216312906
1282,23.0597726,-1.02189569
1283,12.3519414,0.514734694
1284,0.607514003,-1.38185035
1285,0.607514003,-1.38185035
1286,-31.1123615,1.12561974
1287,11.5993534,0.270854695
1288,,
1289,7.72346957,0.505290328
1290,-12.803282,0.48699008
1291,20.504672,-1.40935569
1292,23.2598216,-1.85632625
1293,23.2598216,-1.85632625
1294,13.3791106,-0.0830107827
1295,-11.9498632,0.242241172
1296,,
1297,1.93612777,0.360681336
1298,-10.0506225,-0.926395868
1299,-13.5714999,-1.63125777
1300,-10.5510363,-0.543754925
1301,-10.5510363,-0.543754925
1302,0.403722126,-0.708478974
1303,12.0692447,-0.489459001
1304,,
1305,-21.8254316,0.182188006
1306,-34.209594,-0.935222455
1307,-4.32829436,0.532215459
1308,25.4853629,1.2645881
1309,25.4853629,1.2645881
1310,-22.8950653,0.265412531
1311,47.1261607,0.610083817
1312,,
1313,-32.0145294,0.485978836
1314,-1.50039854,0.864935214
1315,22.1606405,-0.0592572017
1316,21.341015,-0.661730057
1317,21.341015,-0.661730057
1318,34.2431803,-1.16505663
1319,-23.445277,0.261855311
1320,,
1321,-23.7489934,-0.350497185
1322,-21.3792435,-0.216909501
1323,23.5335513,1.12667568
1324,11.2727134,0.0199894319
1325,11.2727134,0.0199894319
1326,-10.8319511,1.89680719
1327,25.4703882,1.82937558
1328,,
1329,-23.2956213,0.306436539
1330,-23.3893468,0.179663592
1331,-5.17431466,0.910749859
1332,-22.8178589,0.418425946
1333,-22.8178589,0.418425946
1334,12.7284253,0.538050633
1335,1.04442024,-0.849880842
1336,,
1337,16.4102828,-0.81512173
1338,24.1847648,-1.59651288
1339,-23.4504912,-1.13140936
1340,-10.4146065,-1.58551318
1341,-10.4146065,-1.58551318
1342,-9.20462938,0.0211061156
1343,-10.0711366,1.33489081
1344,,
1345,0.712022042,-0.788354852
1346,-0.778597303,-0.374976266
1347,4.213416,-1.4917733
1348,-10.0547405,0.32679116
1349,-10.0547405,0.32679116
1350,11.8978967,1.40492598
1351,-0.720122448,-0.119413412
1352,,
1353,0.898822058,2.67923984
1354,-0.192802138,0.468554098
1355,2.01380363,0.86582631
1356,-9.8324352,-0.484783469
1357,-9.8324352,-0.484783469
1358,21.6341627,0.924878797
1359,-35.6641414,-0.767038292
1360,,
1361,8.17192796,-0.174500511
1362,23.6165916,-0.245929925
1363,-22.7046749,0.812855152
1364,14.5298621,-2.94868254
1365,14.5298621,-2.94868254
1366,-22.293869,0
1367,-11.284612,1.19962243
1368,,
1369,-13.7485115,-0.67125163
1370,0.464817309,-0.829105767
1371,-31.3101484,-0.234305755
1372,-22.7372594,0.544211993
1373,-22.7372594,0.544211993
1374,1.32695813,0.477291136
1375,-33.8795452,1.27359893
1376,,
1377,-39.04556,1.34661992
1378,-32.9105953,1.10799538
1379,-14.7869538,-0.193495618
1380,22.6594961,-0.905096305
1381,22.6594961,-0.905096305
1382,47.1259862,0.501341975
1383,-22.6659876,-0.171499375
1384,,
1385,10.7538264,-0.837007886
1386,35.8172515,-0.874784018
1387,-28.4171043,0.291674086
1388,-10.3345076,-1.66677002
1389,-10.3345076,-1.66677002
1390,-0.0842434815,-0.426138968
1391,0.142333935,0.105201051
1392,,
1393,1.48436793,-0.78200979
1394,-9.6992491,-0.882045775
1395,5.60692074,0.429043194
1396,-23.2064373,0.319181577
1397,-23.2064373,0.319181577
1398,21.9549052,-1.00596287
1399,-12.2447968,0.349253416
1400,,
1401,8.96319018,0.608503425
1402,0.730768201,1.15164083
1403,5.12987326,0.562944421
1404,10.944647,1.66711166
1405,10.944647,1.66711166
1406,13.1156272,-0.228970109
1407,10.7698441,0.287548836
1408,,
1409,-6.73589459,2.66824818
1410,-11.0999491,3.06772503
1411,3.88166871,1.95165492
1412,25.4422197,2.18161708
1413,25.4422197,2.18161708
1414,-33.9414883,-0.749406772
1415,22.2885516,0.469624678
1416,,
1417,-7.24469891,-0.364412339
1418,12.2320578,-0.28003369
1419,-6.40046772,-1.24752365
1420,23.4916736,1.03014012
1421,23.4916736,1.03014012
1422,-21.1870334,1.01926452
1423,9.99159871,-0.780879229
1424,,
1425,25.929743,-1.44520482
1426,26.1922882,-1.48528646
1427,23.4748252,-0.913328989
1428,11.657608,0.348465352
1429,11.657608,0.348465352
1430,-45.35995,1.23827683
1431,11.994693,0.686412097
1432,,
1433,53.4565656,-1.19298512
1434,36.876381,-1.24313328
1435,21.3635965,0.298043437
1436,12.5637508,1.08877894
1437,12.5637508,1.08877894
1438,-34.8802923,0.203789241
1439,-21.7356335,-1.24456029
1440,,
1441,-16.1266676,-0.189915148
1442,-23.1777696,0.216514444
1443,-38.8439931,1.49293537
1444,0.45762576,-1.68839743
1445,0.45762576,-1.68839743
1446,12.6331769,-0.834831259
1447,47.4623569,0.266450031
1448,,
1449,-14.7945058,-0.156713846
1450,-22.4231912,0.0404589475
1451,3.90416116,1.40935512
1452,-21.5450503,1.02365629
1453,-21.5450503,1.02365629
1454,-21.6301207,-1.19864302
1455,0.570010497,0.37595965
1456,,
1457,16.984493,-0.383929182
1458,13.7951892,-1.16667043
1459,4.0147578,-1.92222192
1460,-11.6908284,-1.76778405
1461,-11.6908284,-1.76778405
1462,-23.7548727,-0.574869184
1463,-21.0333352,-0.37572206
1464,,
1465,-30.3746001,-0.33722727
1466,-9.39782471,0.77115292
1467,-5.35648519,0.25527332
1468,0.432032537,-0.0753320575
1469,0.432032537,-0.0753320575
1470,10.7345903,0.391096558
1471,-10.5887285,-0.21511433
1472,,
1473,-37.0361512,0.583318177
1474,-32.7739151,0.981518927
1475,2.68541156,0.662187797
1476,12.9038906,-0.0619505533
1477,12.9038906,-0.0619505533
1478,23.220099,1.69554915
1479,12.9236034,0.688559589
1480,,
1481,18.2366931,-0.642231364
1482,2.18278005,-0.383552635
1483,-12.5235129,-0.230028666
1484,2.37898602,-0.615652957
1485,2.37898602,-0.615652957
1486,2.12810483,0.428735257
1487,-34.5079551,0.421129806
1488,,
1489,9.5495943,1.56821951
1490,1.86062775,1.09416086
1491,12.8375275,1.64317996
1492,-10.0183107,1.71926195
1493,-10.0183107,1.71926195
1494,13.2624353,-0.21958708
1495,-21.9300066,-0.29180033
1496,,
1497,0.0403886288,0.592222324
1498,11.0417957,0.340812255
1499,-4.44232014,1.07262602
1500,0.439275957,-0.64584653
1501,0.439275957,-0.64584653
1502,-31.6283941,1.39715481
1503,21.8767028,0.36480614
1504,,
1505,8.85462392,0.808523166
1506,11.6773132,1.15558769
1507,20.8444248,-1.19886983
1508,-9.95126096,0.484102776
1509,-9.95126096,0.484102776
1510,-33.4452971,-0.543676926
1511,-9.67836618,1.19268853
1512,,
1513,9.28427083,0.180772473
1514,23.9737472,0.667280805
1515,-4.86866803,1.96410227
1516,0.44916913,0.333819185
1517,0.44916913,0.333819185
1518,0.317848495,-0.898221058
1519,24.1075178,-1.63845403
1520,,
1521,-0.180179004,0.393950306
1522,11.5768631,-0.321946928
1523,37.7229169,1.29386188
1524,-11.5230612,1.70493306
1525,-11.5230612,1.70493306
1526,-47.0182607,-0.70957285
1527,10.9636137,-0.125847915
1528,,
1529,16.889685,0.844553166
1530,24.4391294,1.7026875
1531,-26.3863554,-2.70373609
1532,-35.3108344,0.647742004
1533,-35.3108344,0.647742004
1534,-11.3066005,0.563254539
1535,10.7345903,-2.1100602
1536,,
1537,0.847728195,0.672732943
1538,11.9822482,1.02466449
1539,-5.69548664,0.35861558
1540,24.3192853,-1.85227753
1541,24.3192853,-1.85227753
1542,13.2167271,1.00991477
1543,-35.2623101,1.24514726
1544,,
1545,-45.3475349,-0.537434732
1546,-34.2764843,1.31046161
1547,18.1412553,2.17795023
1548,-13.8958969,0.651493202
1549,-13.8958969,0.651493202
1550,-47.8176073,-0.146649252
1551,-0.496852658,-1.11805756
1552,,
1553,40.0462746,-1.30268491
1554,34.1664938,-0.46926629
1555,-15.723361,1.15453597
1556,-22.0910321,-0.302857301
1557,-22.0910321,-0.302857301
1558,24.1562491,-0.101607732
1559,-11.822258,1.07228958
1560,,
1561,17.6061897,0.953818339
1562,-11.5080032,0.580752993
1563,45.9369641,-0.0430699118
1564,12.0662926,-0.521827899
1565,12.0662926,-0.521827899
1566,12.0013257,-1.37306138
1567,-9.55953859,0.696908086
1568,,
1569,-0.0782586895,2.58843111
1570,11.1143914,0.99462198
1571,26.5992738,0.865643606
1572,0.524674546,-0.271854133
1573,0.524674546,-0.271854133
1574,-22.0110517,0
1575,-34.1187306,0.760243927
1576,,
1577,-0.0205632953,-0.591019362
1578,0.188002073,-0.180894534
1579,19.0694246,0.403867695
1580,-10.643042,2.04120046
1581,-10.643042,2.04120046
1582,-8.77429479,0.963346001
1583,-23.1005134,-0.165672154
1584,,
1585,1.03001703,-0.507144254
1586,-0.844277334,-0.486840896
1587,17.0008791,-1.2040219
1588,10.7176346,-1.14018482
1589,10.7176346,-1.14018482
1590,-36.2944514,0.793217084
1591,-9.62709844,-0.599906886
1592,,
1593,-7.91535802,-1.79104239
1594,1.20344334,-0.162069339
1595,11.4083021,-0.101563326
1596,-10.5328797,-0.604301457
1597,-10.5328797,-0.604301457
1598,13.6181786,-1.70165492
1599,0.34660712,-0.974748133
1600,,
1601,9.75517781,1.06362658
1602,13.4702525,-0.588086894
1603,17.9915595,-0.886548946
1604,1.81104576,0.620805293
1605,1.81104576,0.620805293
1606,-24.3920955,-0.0817491733
1607,0.511519358,-0.907506256
1608,,
1609,0.825863961,-2.03388422
1610,0.644359875,-1.20196312
1611,18.1338576,0.493285509
1612,-45.7533255,-1.13029449
1613,-45.7533255,-1.13029449
1614,12.5066465,0.671359888
1615,-9.53472248,-0.608658905
1616,,
1617,34.4712533,-0.569152907
1618,35.2230737,0.121888474
1619,-6.22501271,0.754148754
1620,-11.6453183,-0.0407923393
1621,-11.6453183,-0.0407923393
1622,11.7825106,0.242148448
1623,-19.3968267,1.05989811
1624,,
1625,-32.5184738,-1.43302601
1626,-62.4822901,-0.559863396
1627,-50.6633181,-0.788385967
1628,-44.6368604,-0.671600728
1629,-44.6368604,-0.671600728
1630,-22.7242279,0
1631,-10.8982579,-0.556808958
1632,,
1633,-14.2924022,-1.84424122
1634,-10.1580868,-1.13810614
1635,-40.1382686,0.0734365889
1636,23.7571871,-1.19044643
1637,23.7571871,-1.19044643
1638,-11.6727902,-0.0402761161
1639,14.574986,-0.18048202
1640,,
1641,-24.3534301,-0.400105407
1642,-11.8742376,-0.461082558
1643,28.0261527,-0.0865000764
1644,-12.2092838,-2.91822723
1645,-12.2092838,-2.91822723
1646,-11.0173162,1.11773094
1647,-20.7488163,-0.273918714
1648,,
1649,-0.412928179,-0.647505995
1650,11.902194,0.0211737385
1651,-22.6543163,0.0717805166
1652,-10.3899814,-1.28195454
1653,-10.3899814,-1.28195454
1654,-32.85083,0.478459419
1655,24.5268024,0.52868287
1656,,
1657,-7.67251214,-2.64168513
1658,0.841631689,-2.30970629
1659,8.56872152,1.64444655
1660,-1.00556964,0.544913815
1661,-1.00556964,0.544913815
1662,-10.8041635,-1.61314178
1663,-21.328448,-0.462736967
1664,,
1665,0.169737281,0.999400426
1666,0.114945022,0.444627252
1667,-6.29381428,-1.0417711
1668,12.3460702,-0.579676111
1669,12.3460702,-0.579676111
1670,1.19002604,1.30343603
1671,-10.6854643,0.448075233
1672,,
1673,1.78955273,-0.55020513
1674,11.8469983,-0.741319141
1675,2.6271409,1.95062885
1676,22.8752855,0.525317955
1677,22.8752855,0.525317955
1678,9.72723889,1.49108537
1679,12.1859173,0.901491066
1680,,
1681,40.3173293,0.327970507
1682,32.9239198,0.11885217
1683,10.8515946,-1.01029887
1684,-12.4476396,0.830499013
1685,-12.4476396,0.830499013
1686,12.3795557,-0.38650722
1687,-0.67590364,0.467060792
1688,,
1689,1.86208648,-1.37156021
1690,-10.0029615,-1.31510466
1691,-6.49499203,1.07730667
1692,0.0306330564,-0.737914846
1693,0.0306330564,-0.737914846
1694,-22.0219473,-1.77463616
1695,2.40155068,-0.0592500578
1696,,
1697,16.7955631,0.297408902
1698,23.0513849,-0.694598263
1699,25.8261501,-1.58177385
1700,11.7400324,0.44794254
1701,11.7400324,0.44794254
1702,-36.4547856,-0.940673862
1703,12.8112072,0.719957414
1704,,
1705,-0.413088328,-2.02384103
1706,33.2325065,-1.83212666
1707,10.0269943,-0.857554225
1708,-22.3904926,-1.41560814
1709,-22.3904926,-1.41560814
1710,-9.90552624,-1.37702186
1711,0.0563180817,-0.292465016
1712,,
1713,-7.59501834,0.186255663
1714,-10.2422032,-0.100821903
1715,-23.4299586,1.71027167
1716,-11.0662708,-0.125752142
1717,-11.0662708,-0.125752142
1718,-20.4544574,-0.898907107
1719,-0.111578163,0.507770702
1720,,
1721,-19.10278,0.159927063
1722,-11.081598,-0.375881762
1723,8.71313294,-0.842825458
1724,0.98470827,-0.992027464
1725,0.98470827,-0.992027464
1726,-23.0773778,-0.275209127
1727,-11.3805012,-0.370416368
1728,,
1729,32.3978025,-0.965134816
1730,13.4076714,-1.88274924
1731,-14.1818138,-0.98858563
1732,11.4389283,-1.1132235
1733,11.4389283,-1.1132235
1734,24.1243634,0.478097625
1735,-19.8595696,0.992761797
1736,,
1737,16.9805718,1.35934857
1738,32.3910155,0.591348096
1739,-15.7363854,-1.44890892
1740,10.3112148,0
1741,10.3112148,0
1742,11.1739232,-0.179610142
1743,-22.4798281,-0.754339679
1744,,
1745,23.0531139,0.3054545
1746,22.2588419,-0.721098335
1747,10.5572528,1.11136201
1748,-11.8331138,0.463499329
1749,-11.8331138,0.463499329
1750,13.1184056,-2.23287815
1751,-33.2265427,2.24559428
1752,,
1753,-42.2005276,0.0428102767
1754,-23.2776199,0.60797581
1755,1.65113201,0.654778656
1756,22.0253288,-0.551691139
1757,22.0253288,-0.551691139
1758,-31.4541874,1.22344211
1759,-24.3679162,-1.51952349
1760,,
1761,2.33764479,-0.273914412
1762,1.20710761,-0.210319863
1763,-6.8874111,-0.0144300691
1764,-10.7131747,1.18726861
1765,-10.7131747,1.18726861
1766,13.1052622,-1.76553855
1767,-33.7088678,1.25721818
1768,,
1769,24.3812208,1.52950545
1770,23.8684265,0.955237259
1771,16.3128063,-0.219456919
1772,-10.3727339,0.291347698
1773,-10.3727339,0.291347698
1774,46.3482826,-0.652669552
1775,-10.8083279,0.71598452
1776,,
1777,1.15409909,-2.07673649
1778,-20.9737499,-1.15103651
1779,-5.61760226,0.044076158
1780,22.3836488,-0.127242393
1781,22.3836488,-0.127242393
1782,-21.0199292,1.43513065
1783,12.3075963,0.365088882
1784,,
1785,19.097679,-1.04646263
1786,26.3168433,-0.76642262
1787,10.8981099,-0.520573775
1788,2.35322886,-0.411776609
1789,2.35322886,-0.411776609
1790,11.9417645,-0.670262
1791,13.8996636,0.635833406
1792,,
1793,0.591752185,1.44676404
1794,12.9112749,1.9784233
1795,-21.1068199,-0.727142887
1796,23.0406119,0.124014547
1797,23.0406119,0.124014547
1798,-24.1245635,1.04662494
1799,0.289797032,-1.27107833
1800,,
1801,17.8021581,-1.88041058
1802,0.842843851,-1.58621385
1803,34.0773183,-1.38936786
1804,-23.7711326,0.648124831
1805,-23.7711326,0.648124831
1806,0.864339564,0.33372854
1807,-12.3710857,-0.351293502
1808,,
1809,-23.0143029,0.0571387073
1810,-33.9537363,0.666608659
1811,-0.225542272,-1.51123888
1812,0.0838467212,-1.2577405
1813,0.0838467212,-1.2577405
1814,-33.3752103,0.162049338
1815,-10.9533841,-1.10848381
1816,,
1817,-24.2057498,-1.23451016
1818,-22.7729335,-1.39389462
1819,-17.2346978,-0.758571846
1820,-32.8328014,0.354202308
1821,-32.8328014,0.354202308
1822,-35.2322406,0.870950259
1823,10.9002554,0.651120768
1824,,
1825,-46.857524,-1.23844163
1826,-20.638927,-1.00553433
1827,7.41887728,-0.23162904
1828,-35.9118435,0.903642293
1829,-35.9118435,0.903642293
1830,1.87856902,-1.97924309
1831,12.3372508,0.326310138
1832,,
1833,43.4028493,0.715884799
1834,35.9118435,0.602120384
1835,1.53921432,0.452024944
1836,-10.3032552,-0.393124818
1837,-10.3032552,-0.393124818
1838,-10.4070902,0.216152491
1839,1.77466333,1.04860971
1840,,
1841,-30.7846771,0.476073535
1842,-33.3320419,0.651468838
1843,8.06672242,-0.671887823
1844,0.784625889,-1.09424817
1845,0.784625889,-1.09424817
1846,24.0005007,-1.83572961
1847,23.0151937,0.506177021
1848,,
1849,-0.503927015,-0.320211669
1850,1.05261169,0.22517246
1851,2.97948488,1.50019447
1852,24.4649465,0.334059669
1853,24.4649465,0.334059669
1854,-35.4908893,1.00011802
1855,-12.4457136,-0.486332092
1856,,
1857,26.3726853,1.75276014
1858,24.0122844,2.16918886
1859,10.8312511,-1.94796728
1860,1.68093601,1.75180546
1861,1.68093601,1.75180546
1862,35.9021221,-0.101220638
1863,-33.8141469,0.624069981
1864,,
1865,-5.5937146,0.169540162
1866,2.20292796,-1.10128023
1867,35.3832648,-2.32642198
1868,-23.7914018,0.787150769
1869,-23.7914018,0.787150769
1870,-12.2895324,0.595246493
1871,-23.085251,-0.606107028
1872,,
1873,8.86959822,0.196065036
1874,-20.0981636,0.177854178
1875,24.7789417,1.58283193
1876,14.2637201,0.825321135
1877,14.2637201,0.825321135
1878,-23.7901172,-1.02321935
1879,-11.438475,0.536109254
1880,,
1881,-7.76365389,-0.439416117
1882,-0.267778697,-1.29986246
1883,0.278941216,-3.1019149
1884,0.863014365,0.629144102
1885,0.863014365,0.629144102
1886,-0.495473012,-0.179823508
1887,-0.0590059808,-1.12070016
1888,,
1889,15.5674723,0.131270268
1890,11.2317596,0.316110187
1891,3.76267054,-1.54135287
1892,-36.4328407,-0.695388087
1893,-36.4328407,-0.695388087
1894,-23.3175347,1.44717111
1895,13.0285726,-1.69785926
1896,,
1897,-13.7547488,-0.340143353
1898,-19.318725,0.802862407
1899,-15.2554881,0.990198983
1900,-22.2179272,-0.88171913
1901,-22.2179272,-0.88171913
1902,12.7076901,-1.41292909
1903,-9.31971796,-1.36573015
1904,,
1905,0.354399442,1.17673148
1906,-10.882317,1.63108827
1907,11.2099645,0.598371546
1908,23.1173057,0.630898467
1909,23.1173057,0.630898467
1910,13.1887515,0.040345066
1911,25.0782516,-0.36688021
1912,,
1913,-17.622916,0.79658161
1914,0.950987587,0.486132016
1915,1.53863473,-1.07107558
1916,10.8852599,-0.505483647
1917,10.8852599,-0.505483647
1918,0.970962843,-0.64681807
1919,-22.6432732,0.0825599388
1920,,
1921,17.3975718,-0.268376635
1922,45.0372418,-0.0205287761
1923,2.0570218,1.22094819
1924,0.955464999,0.0608168965
1925,0.955464999,0.0608168965
1926,2.78629251,-0.414368178
1927,-9.46971024,0.936730669
1928,,
1929,-49.332044,0.559728458
1930,-9.62461267,0.903987791
1931,-21.4547842,-0.210189618
1932,-0.32700949,0.117143973
1933,-0.32700949,0.117143973
1934,11.433309,-0.0602799929
1935,14.5461968,1.23991921
1936,,
1937,24.9202872,0.425961475
1938,1.80998703,0
1939,26.0429149,-0.0419058587
1940,22.3102486,0.714865005
1941,22.3102486,0.714865005
1942,-10.5487537,0.739188589
1943,11.6146074,0.28273514
1944,,
1945,17.8653859,0.548713912
1946,1.05326455,0.912073095
1947,1.92249787,1.36638496
1948,-45.8802163,0.457204587
1949,-45.8802163,0.457204587
1950,-31.5936175,0.12707049
1951,-10.4115443,-1.65425285
1952,,
1953,-7.77802283,0.239403987
1954,0.733918248,-0.528179563
1955,9.37903913,-0.420307985
1956,32.8694376,0.730918942
1957,32.8694376,0.730918942
1958,34.8204064,-0.418203929
1959,2.14355537,0.698922091
1960,,
1961,32.6514037,-1.20658826
1962,36.0120605,-0.535606713
1963,-23.7377325,-0.578055977
1964,-1.35671387,1.01910574
1965,-1.35671387,1.01910574
1966,12.6501604,0.552178748
1967,-0.337687105,-1.56385285
1968,,
1969,9.47220973,0.413339758
1970,2.41829654,0.350920024
1971,34.7478094,0.824025454
1972,-21.2381858,-0.415122027
1973,-21.2381858,-0.415122027
1974,23.5654574,-0.857318724
1975,-10.4290276,1.68154472
1976,,
1977,1.64361781,-0.33406301
1978,-11.4697353,0.452510827
1979,-15.0494591,0
1980,-10.6889785,-1.15957659
1981,-10.6889785,-1.15957659
1982,-10.7538099,0.224715093
1983,-32.8594303,0.71849502
1984,,
1985,8.82241049,1.24085363
1986,23.43445,0.361440297
1987,1.56204838,0
1988,-11.818272,1.85834732
1989,-11.818272,1.85834732
1990,11.8016919,1.3354909
1991,-11.6244833,-0.494530303
1992,,
1993,18.6583723,0.234372862
1994,12.4502152,-0.529579245
1995,9.58281425,1.39566646
1996,-22.4662039,0.0208790458
1997,-22.4662039,0.0208790458
1998,-10.9760849,1.04393723
1999,23.476748,-0.422832826
2000,,
2001,-14.2957473,0.212950881
2002,1.49721326,0.374736761
2003,19.2093194,1.68870874
2004,24.800473,1.01773507
2005,24.800473,1.01773507
2006,23.2787407,0.125296522
2007,-32.2077213,0
2008,,
2009,-0.642642742,-0.159023652
2010,10.649293,-0.804232008
2011,-13.6699262,1.89872727
2012,1.95135656,0.161693231
2013,1.95135656,0.161693231
2014,0.730302881,0.661973925
2015,-9.16493786,-0.609153482
2016,,
2017,-22.0171161,-1.00369073
2018,-21.4477778,-1.10368677
2019,37.436448,-0.222704348
2020,0.805923883,-2.46721841
2021,0.805923883,-2.46721841
2022,1.01636083,-0.641297085
2023,-10.1605385,-1.67221463
2024,,
2025,-39.9847288,0.585108128
2026,-33.467844,-0.228942266
2027,-20.5341678,0.795974089
2028,-33.7433284,-1.26520846
2029,-33.7433284,-1.26520846
2030,1.115097,-0.5463473
2031,-33.5444697,0.754313494
2032,,
2033,1.57509583,-1.34495211
2034,0.800852377,0.186463263
2035,9.61660796,0.381738095
2036,1.64942474,0.334591141
2037,1.64942474,0.334591141
2038,-0.930611691,-0.923599838
2039,14.4171915,0.352392678
2040,,
2041,-24.1486133,1.00879539
2042,-11.0330583,1.00281788
2043,-23.0637719,0.674926041
2044,-44.8320855,0.221921742
2045,-44.8320855,0.221921742
2046,-24.0759576,-0.379317863
2047,-12.3962191,-0.377874163
2048,,
2049,8.48893102,-0.0142978336
2050,-11.4180309,-0.996188321
2051,-20.079603,-0.604704533
2052,23.3466719,0.142923398
2053,23.3466719,0.142923398
2054,1.17297147,-0.823915244
2055,22.889458,-1.41283782
2056,,
2057,1.91493476,-0.207844706
2058,-21.5466022,-0.71451547
2059,-8.95133833,-2.45707795
2060,0,-0.041871677
2061,0,-0.041871677
2062,0.513602626,0.568363928
2063,-10.9275698,-2.58997696
2064,,
2065,16.4765454,-0.332261374
2066,11.9895126,-1.82160122
2067,14.319564,-0.772368461
2068,-9.69604413,0.485095586
2069,-9.69604413,0.485095586
2070,11.4881202,-1.11504353
2071,-12.1463686,1.84017266
2072,,
2073,9.78491682,1.69091922
2074,-9.19330376,0.738101405
2075,25.6161971,1.4215519
2076,0.256633012,-0.800896391
2077,0.256633012,-0.800896391
2078,-10.7067697,-0.388506075
2079,12.290837,-0.805413019
2080,,
2081,-39.1591351,1.74090784
2082,-33.8972589,1.52396683
2083,-17.0589893,1.98927699
2084,-0.344027181,-1.09728191
2085,-0.344027181,-1.09728191
2086,-9.84324022,0.293992462
2087,0.907807312,-0.320772068
2088,,
2089,-0.0663221503,0.0829566274
2090,12.776338,0
2091,14.8106466,-1.36757024
2092,23.4613124,0
2093,23.4613124,0
2094,-35.6276056,1.35062277
2095,-0.117299169,-1.62259551
2096,,
2097,-15.7081623,0.0145528314
2098,12.0372776,0.040065927
2099,8.16418177,-0.358530075
2100,33.2953324,-1.00828119
2101,33.2953324,-1.00828119
2102,24.1652522,-0.978367599
2103,1.44006064,1.31130591
2104,,
2105,-21.8387311,0.573650019
2106,-32.256242,1.4467557
2107,-0.990196803,2.91467785
2108,-7.54103532,-1.5320917
2109,-7.54103532,-1.5320917
2110,33.9120105,-0.295147559
2111,-11.4174992,0.312947804
2112,,
2113,-7.45419034,-0.347211563
2114,-24.8266946,-0.786288023
2115,25.4101322,0.696481901
2116,11.3103226,0.218204977
2117,11.3103226,0.218204977
2118,-22.1659954,-0.0396125209
2119,23.3427233,0.823762351
2120,,
2121,-5.84865644,0.45908228
2122,-20.0259638,0.159690684
2123,-9.52374845,2.25125635
2124,33.2548882,-1.30076316
2125,33.2548882,-1.30076316
2126,0.106468537,0.831709222
2127,-0.106544236,-0.470611562
2128,,
2129,-4.49395675,-0.244396864
2130,-8.65663465,-0.236524498
2131,24.6376689,-2.06918184
2132,23.8518372,1.46432525
2133,23.8518372,1.46432525
2134,-11.6198886,-0.201602823
2135,45.8897389,-0.219612086
2136,,
2137,25.7781264,-1.01750134
2138,12.9461714,-0.675557613
2139,18.1902768,1.68508433
2140,-21.6734757,-0.0415300086
2141,-21.6734757,-0.0415300086
2142,0.660112179,-0.386795536
2143,-10.7103061,0.690159869
2144,,
2145,28.3475049,2.24398955
2146,37.3204408,1.04166479
2147,24.217251,-0.0902292906
2148,-22.2687395,0.781860258
2149,-22.2687395,0.781860258
2150,11.4773585,0.809104959
2151,-10.4012527,-0.629872764
2152,,
2153,-14.8417808,0.30956613
2154,1.5898907,0.342735099
2155,-9.46019699,-0.801173163
2156,-12.0214422,-0.577020397
2157,-12.0214422,-0.577020397
2158,2.22916035,0.51256151
2159,-11.362063,-0.154457956
2160,,
2161,-17.931609,-1.50482855
2162,23.7735691,-1.00234316
2163,6.61901622,1.09964057
2164,-34.2274684,0.28999111
2165,-34.2274684,0.28999111
2166,-47.4950293,-0.661679381
2167,-21.7150974,0.160355669
2168,,
2169,0.291768882,-1.14499226
2170,46.9715704,-0.592807518
2171,58.6872996,0.148931829
2172,23.5337569,0.346707955
2173,23.5337569,0.346707955
2174,11.9014159,-1.79225435
2175,-1.44172051,1.20180019
2176,,
2177,0.298763328,-0.757675064
2178,22.9344027,-0.78081338
2179,15.8946654,0.933919493
2180,-23.9412428,0.103953223
2181,-23.9412428,0.103953223
2182,-21.0734589,-0.419451892
2183,-11.575885,0.83484232
2184,,
2185,18.352938,-0.13565542
2186,23.3205385,0.620881634
2187,30.7894854,-1.04586072
2188,25.1493711,0.20385057
2189,25.1493711,0.20385057
2190,26.1612552,-0.403103827
2191,24.570097,1.7865686
2192,,
2193,-7.16885965,-1.61036386
2194,-11.2701859,-1.31627013
2195,14.0747815,1.52987039
2196,-22.4465491,0.262151373
2197,-22.4465491,0.262151373
2198,21.1102122,-1.03018596
2199,-11.2733617,0.243079006
2200,,
2201,-7.83845035,-1.08315886
2202,0.514677933,-0.221646522
2203,25.6099308,0.474211791
2204,-22.6905176,0.674903852
2205,-22.6905176,0.674903852
2206,-11.4412647,-0.123682731
2207,36.5080575,-1.66345976
2208,,
2209,-21.3888595,1.92964002
2210,-33.3130085,1.70129513
2211,-16.7032247,0.0296863948
2212,22.2688581,0.343304222
2213,22.2688581,0.343304222
2214,1.12333918,0.825284353
2215,1.96040115,0.648949889
2216,,
2217,9.95766386,1.81974631
2218,1.43456405,-0.411468244
2219,7.8217738,-0.725728638
2220,-10.773313,0.512871899
2221,-10.773313,0.512871899
2222,13.3573994,1.16954031
2223,13.0869428,-1.23883432
2224,,
2225,-16.8521228,-0.750798191
2226,-45.1977226,-0.34907843
2227,-10.762578,-0.09252185
2228,-11.7533352,1.12805134
2229,-11.7533352,1.12805134
2230,-9.19233032,0.896060807
2231,23.9933293,0.140716837
2232,,
2233,-7.02566884,-0.488716259
2234,-35.0817827,-1.85956848
2235,-9.58487382,-1.00402766
2236,22.2623775,-0.651787593
2237,22.2623775,-0.651787593
2238,-11.8358249,-1.02822007
2239,10.3844286,1.13174671
2240,,
2241,-7.1122894,0.128851865
2242,13.4648875,0.0605316453
2243,-0.381448668,0.310886891
2244,-0.259612768,0.84605596
2245,-0.259612768,0.84605596
2246,-21.4698493,2.21089473
2247,13.5149702,1.07288885
2248,,
2249,-39.1038621,0.0574997687
2250,-32.3081799,-1.66815501
2251,-26.1739825,-2.36733977
2252,0.870666255,-0.824610378
2253,0.870666255,-0.824610378
2254,-0.598203589,1.40604454
2255,1.6280736,-0.213984139
2256,,
2257,1.98854593,-1.00690119
2258,25.650334,-2.04909294
2259,33.6295605,-1.04095587
2260,-21.5531471,1.27658923
2261,-21.5531471,1.27658923
2262,1.33670842,-0.34561656
2263,1.41182009,-0.878038752
2264,,
2265,-15.2034226,-0.129260359
2266,-33.5654556,0.650359736
2267,-26.8133248,0.122867812
2268,3.29846939,0.105169551
2269,3.29846939,0.105169551
2270,2.02857922,0.117119807
2271,12.116334,-0.47219776
2272,,
2273,37.2561895,-1.0068543
2274,13.0812478,-0.523919769
2275,-24.1258391,0.95435869
2276,-13.7085166,0.598662155
2277,-13.7085166,0.598662155
2278,-32.4237375,0.90848712
2279,11.3941047,0.66365232
2280,,
2281,-17.1169077,-1.46373603
2282,10.3264872,-0.484337924
2283,-1.14853576,0.456622592
2284,1.78440468,0.414674528
2285,1.78440468,0.414674528
2286,22.7252993,-0.826179073
2287,-0.622275178,1.00976423
2288,,
2289,-6.30704421,-1.36293486
2290,1.58529967,-0.238040502
2291,-0.629465182,-0.670256391
2292,-12.1022402,-0.668959168
2293,-12.1022402,-0.668959168
2294,-11.7414402,-0.223879748
2295,23.9205273,-0.100746984
2296,,
2297,-25.5560769,0
2298,-0.631458364,0.595658998
2299,31.0787346,0.0290802901
2300,-8.99776384,-0.182851151
2301,-8.99776384,-0.182851151
2302,-0.417365006,-1.77135111
2303,-0.796863277,1.63157383
2304,,
2305,17.9279007,-1.3372394
2306,1.17101656,-1.31203754
2307,-17.5139289,-0.201239347
2308,22.2599651,-0.161227578
2309,22.2599651,-0.161227578
2310,13.7800187,-1.11149492
2311,11.4768215,1.65814522
2312,,
2313,16.2313654,0.0283381579
2314,0.435302976,-1.0107799
2315,9.37914359,0.677339426
2316,12.3360454,-0.360448355
2317,12.3360454,-0.360448355
2318,12.9919444,0.337462918
2319,-0.301622116,1.44335329
2320,,
2321,17.271883,0.172605536
2322,11.8126735,0.418295615
2323,10.3906384,-0.693764628
2324,22.3711599,-0.600223282
2325,22.3711599,-0.600223282
2326,0.454511983,-0.358875292
2327,34.9748351,0.247451915
2328,,
2329,40.3390265,0.0730845089
2330,21.7534495,1.17934662
2331,-17.1481,-1.02852607
2332,-10.1338198,-2.10138769
2333,-10.1338198,-2.10138769
2334,3.48222557,0.668750984
2335,-9.57027256,2.24270529
2336,,
2337,-16.2035918,0.957658937
2338,-11.9023368,0.51440303
2339,27.2583208,2.00191262
2340,-22.7836522,-0.970367711
2341,-22.7836522,-0.970367711
2342,21.7999555,1.99356667
2343,-12.3468229,0.240479266
2344,,
2345,8.50002438,0.893871374
2346,11.2488446,0.995191478
2347,-19.0299655,-1.28682475
2348,0.492131611,-0.106143358
2349,0.492131611,-0.106143358
2350,43.6082709,-0.428170262
2351,-55.7505441,-0.55123398
2352,,
2353,-8.37443299,0.727149284
2354,11.5998483,-0.505595556
2355,25.7070757,-2.36746653
2356,0.345212435,-1.52212865
2357,0.345212435,-1.52212865
2358,33.8718565,0.200294182
2359,33.0175011,0.0399123491
2360,,
2361,32.4164,-1.38467534
2362,1.52175128,-1.33964498
2363,0.667130169,-0.0161240762
2364,-23.233176,-1.30419916
2365,-23.233176,-1.30419916
2366,-11.6719224,-2.10881763
2367,-9.94125363,-0.16792521
2368,,
2369,18.6926815,0.582668243
2370,-10.3478709,0.876976322
2371,27.9221966,0.983405992
2372,-12.3336404,0.251063499
2373,-12.3336404,0.251063499
2374,12.7477883,-0.404628903
2375,23.0898751,-0.265545166
2376,,
2377,9.58168521,-0.209094556
2378,12.2069349,0
2379,-6.87654953,-0.215915201
2380,1.63922339,0.253001095
2381,1.63922339,0.253001095
2382,-9.79623275,-0.776224552
2383,-21.3853121,-0.226841438
2384,,
2385,2.48519243,1.15126971
2386,14.0907046,1.3708103
2387,1.86555492,0.387882309
2388,-0.238977281,0.523514698
2389,-0.238977281,0.523514698
2390,2.28079585,-0.122735462
2391,-12.1247772,-0.0413054238
2392,,
2393,18.9541556,0.983523779
2394,36.78096,1.1429399
2395,0.0696806019,1.21771201
2396,23.0612691,-0.140759041
2397,23.0612691,-0.140759041
2398,0.490486063,0
2399,12.8031667,0.377675037
2400,,
2401,2.48009614,1.10412465
2402,22.7900547,-0.402517278
2403,-37.1361191,-0.872426506
2404,-10.4439777,-0.579089667
2405,-10.4439777,-0.579089667
2406,25.5030409,0.691531548
2407,12.539632,-1.82841264
2408,,
2409,-46.4484913,0.199021095
2410,-47.4036245,0.366470256
2411,-17.1193296,1.79872109
2412,11.0269973,-0.366494624
2413,11.0269973,-0.366494624
2414,0.439781376,0.226302277
2415,-10.6008813,-0.333012175
2416,,
2417,-12.2655013,-0.520711157
2418,-8.30551776,-0.0606019308
2419,0.786333651,0.426526693
2420,13.0909516,0.0824983039
2421,13.0909516,0.0824983039
2422,-0.375972862,-0.835566762
2423,-23.231638,-0.495684162
2424,,
2425,7.85524998,0.0866645563
2426,0.296880177,0.260259606
2427,0.948253534,-0.0771395466
2428,25.5678246,0.497866614
2429,25.5678246,0.497866614
2430,-10.8643727,-0.328049216
2431,-18.9710689,1.02486123
2432,,
2433,1.83557102,0.745491399
2434,13.9493445,0.320315815
2435,-0.108792919,-1.64391249
2436,23.6657961,0.374011455
2437,23.6657961,0.374011455
2438,23.3807344,-0.136012119
2439,-10.2183985,0.276453113
2440,,
2441,-4.95120314,0.228810182
2442,-9.26748578,-0.379342851
2443,19.1517673,-1.12338513
2444,1.11143786,-0.937613998
2445,1.11143786,-0.937613998
2446,-0.241723942,-0.639915027
2447,-0.212453958,0.157891603
2448,,
2449,47.7762363,1.09803295
2450,34.9946153,0.083229553
2451,0.617637016,1.0611691
2452,11.5225103,0.199194665
2453,11.5225103,0.199194665
2454,-11.2758311,2.50199027
2455,-31.9267507,0.682688137
2456,,
2457,-56.1499872,2.03130977
2458,-32.8999281,0.691837988
2459,10.3477909,0.986384758
2460,-32.1580687,0.618387311
2461,-32.1580687,0.618387311
2462,2.95094523,-0.901781979
2463,-32.5993927,0.964555134
2464,,
2465,-14.6731547,0.159403508
2466,-9.70044673,-0.374015087
2467,18.6478828,-1.74485713
2468,-32.9717568,0.0826464602
2469,-32.9717568,0.0826464602
2470,0.214645542,0.0613371515
2471,-10.6453606,1.70973492
2472,,
2473,17.7248656,0.449760937
2474,24.7220485,0.181614209
2475,-7.87224737,0.781604463
2476,33.1285796,0.104578203
2477,33.1285796,0.104578203
2478,-11.2718859,-0.926339373
2479,24.5900407,1.38333296
2480,,
2481,-25.219236,0
2482,-47.8432486,-1.1174599
2483,-18.7034621,-0.0155865034
2484,-14.0878075,0.399245847
2485,-14.0878075,0.399245847
2486,-33.0091169,-1.23125996
2487,-33.5868315,0.2336923
2488,,
2489,-13.5474823,-0.344776689
2490,-20.3688528,0.559775962
2491,18.5281083,-0.112110062
2492,1.73172541,1.06610145
2493,1.73172541,1.06610145
2494,-11.6349829,-0.865575428
2495,13.6265995,-1.47030801
2496,,
2497,0.397990187,0.84705043
2498,11.9689085,0.358124097
2499,36.7002525,-1.49838399
2500,-20.6113137,-0.304744353
2501,-20.6113137,-0.304744353
2502,0.175348887,-0.848717283
2503,1.52175128,-1.03703163
2504,,
2505,-23.3743293,-0.553890568
2506,-34.3903725,0.041499882
2507,10.9541084,-0.410618954
2508,-10.4746885,1.30670928
2509,-10.4746885,1.30670928
2510,-11.0151651,0.389919096
2511,14.0900965,-1.54510223
2512,,
2513,24.2138166,-1.72417472
2514,36.3006859,0.0196525088
2515,10.283366,-0.16509819
2516,12.2478256,0.775339814
2517,12.2478256,0.775339814
2518,-22.4157391,-0.91746947
2519,0.351737926,0.0634108736
2520,,
2521,9.16345985,0.684565425
2522,13.0415254,0.648042483
2523,0.419719599,-0.583332477
2524,13.3883137,0.478378427
2525,13.3883137,0.478378427
2526,25.0790919,-1.04544567
2527,62.1493842,-0.0603810123
2528,,
2529,-6.62558011,-0.879472274
2530,-22.5722196,-0.104937324
2531,17.3190212,0.650964674
2532,24.4856328,-0.554767319
2533,24.4856328,-0.554767319
2534,0.419399396,-0.0402859445
2535,2.81378971,0.874631898
2536,,
2537,-9.16530748,-0.256029544
2538,-0.778714893,-1.37506276
2539,-1.27716133,-1.07443084
2540,47.428951,-0.409318723
2541,47.428951,-0.409318723
2542,-10.9797926,0.0206404806
2543,-35.0958924,0.469114592
2544,,
2545,33.5844816,-0.787569339
2546,35.1600288,-0.429884629
2547,-8.70431578,0.263041007
2548,12.389555,-0.421683525
2549,12.389555,-0.421683525
2550,-32.3711811,0.790056903
2551,24.7527991,1.33169859
2552,,
2553,33.4337643,0.816741916
2554,51.4558905,-0.423764758
2555,19.950866,0.336543145
2556,0.467307034,-0.511613646
2557,0.467307034,-0.511613646
2558,25.2680206,1.98017886
2559,24.4880951,-0.542460657
2560,,
2561,-22.8671441,-2.25471017
2562,-35.7749734,-1.80705817
2563,6.42124907,-0.153646544
2564,0.597569551,0.915396647
2565,0.597569551,0.915396647
2566,22.4056629,-0.506063083
2567,0.485136154,0.696986935
2568,,
2569,-6.95619381,-0.788317885
2570,-0.423998489,-0.0834255858
2571,-20.8906858,-0.0298751168
2572,-21.4128537,0.845018119
2573,-21.4128537,0.845018119
2574,-0.962346583,1.51508376
2575,22.7857607,-0.472162847
2576,,
2577,-16.9290503,0.760367773
2578,-22.7418735,0.059988725
2579,6.18894831,-1.14546084
2580,-0.229332559,0.709229557
2581,-0.229332559,0.709229557
2582,-12.9955247,-0.0399314847
2583,-10.3355365,0.499544296
2584,,
2585,-16.3265739,-0.214336424
2586,-0.950958453,0.573939043
2587,5.00102088,-0.120071229
2588,-8.94514059,-1.06631774
2589,-8.94514059,-1.06631774
2590,-10.7043768,-2.11960695
2591,24.1769428,0.735708529
2592,,
2593,18.0881214,0.753591037
2594,-11.0428204,-0.540202851
2595,21.5672714,0.277511093
2596,23.9057405,0.495300408
2597,23.9057405,0.495300408
2598,11.7836002,0.643311826
2599,-11.3479036,-0.020376411
2600,,
2601,-17.4349209,1.89610233
2602,-24.0334387,1.4232146
2603,40.8221383,1.37821329
2604,0.93062256,-0.0617587779
2605,0.93062256,-0.0617587779
2606,32.8613014,-0.0597318831
2607,-10.4254714,0.616457709
2608,,
2609,-37.8264239,-0.518785124
2610,-21.8991022,-1.06939458
2611,-20.3510061,-0.266336048
2612,26.1730879,-1.0157682
2613,26.1730879,-1.0157682
2614,-22.333887,-1.07204282
2615,13.5090674,1.19460272
2616,,
2617,-5.59834238,0.610871581
2618,12.9461714,1.93437063
2619,5.5589438,1.68440354
2620,12.367439,0.0809085185
2621,12.367439,0.0809085185
2622,-22.003743,0.717486189
2623,11.780564,0.995644484
2624,,
2625,-15.3868095,1.70594597
2626,0.247896004,-0.0618839218
2627,14.1603991,-0.11641434
2628,-11.3142487,-0.998463698
2629,-11.3142487,-0.998463698
2630,-21.4345218,-0.135271014
2631,-12.5367319,1.22477173
2632,,
2633,10.0987088,0.777238529
2634,1.99970249,0.794774316
2635,-3.17502728,0.192562976
2636,10.2528823,-0.120246169
2637,10.2528823,-0.120246169
2638,-23.8652704,0.544497148
2639,-20.9128075,-0.647778482
2640,,
2641,-14.3477683,0.0430315617
2642,1.56071806,0.722819239
2643,-3.68587658,0.10092593
2644,-23.9654707,1.13373039
2645,-23.9654707,1.13373039
2646,12.7581378,-0.943718338
2647,14.3021168,1.0355222
2648,,
2649,-6.69757614,0.863946846
2650,-9.18097563,1.09209144
2651,5.46700974,0.272236062
2652,-33.965385,0.339149199
2653,-33.965385,0.339149199
2654,1.59813611,1.06536274
2655,-32.109843,-0.295453129
2656,,
2657,-14.5805049,-0.468337736
2658,0.552944054,-1.02108919
2659,-2.41216136,-0.989904347
2660,0.614440052,-0.71596775
2661,0.614440052,-0.71596775
2662,-10.7773078,-0.213654097
2663,-23.3968409,1.31328681
2664,,
2665,-15.806152,0.720203607
2666,0,0.758044983
2667,-30.0291159,-0.274124393
2668,44.191466,-1.32785054
2669,44.191466,-1.32785054
2670,-21.1308574,0.687407659
2671,13.0828422,0.44485501
2672,,
2673,-6.78868836,0.837499352
2674,1.26168252,1.98606971
2675,-2.77060145,2.16268105
2676,-12.6595158,-0.494530303
2677,-12.6595158,-0.494530303
2678,11.8257316,-0.95868038
2679,-10.7496759,-1.01624553
2680,,
2681,9.86062078,0.228864032
2682,2.34095116,1.17914506
2683,-26.914836,0.340104579
2684,12.7907474,0.0619304354
2685,12.7907474,0.0619304354
2686,1.32059775,1.99529417
2687,0.66415405,-1.93955289
2688,,
2689,-14.8852638,-1.57374161
2690,-20.1080345,-0.804510943
2691,-9.72511068,-1.891134
2692,13.106395,0.2206047
2693,13.106395,0.2206047
2694,0.20716481,2.16040103
2695,-9.97337569,-0.702971925
2696,,
2697,-14.6948359,1.35011638
2698,2.40155667,2.85496518
2699,-12.1405329,0.441577315
2700,-9.50818491,0.0602972012
2701,-9.50818491,0.0602972012
2702,-21.8108058,1.16698423
2703,0.222819386,-0.335105576
2704,,
2705,1.34567877,-0.724746613
2706,1.32917766,1.44835119
2707,-11.4215901,1.02516355
2708,-11.4798516,-1.48095049
2709,-11.4798516,-1.48095049
2710,11.5567342,0.164760877
2711,2.63725709,0
2712,,
2713,14.2133981,0.480138447
2714,21.1021136,-0.281359451
2715,-4.46749184,0.298246656
2716,-22.2569964,0.670347433
2717,-22.2569964,0.670347433
2718,12.5391456,1.21141091
2719,0.506821752,0.774774194
2720,,
2721,-22.5705482,0.925137333
2722,1.41462323,0.700348681
2723,-12.4055321,-0.774836045
2724,9.84671195,0.879337996
2725,9.84671195,0.879337996
2726,-9.95494003,-0.552750608
2727,12.930217,0.799599325
2728,,
2729,27.7382217,1.69402701
2730,-10.5806076,1.36313888
2731,-10.8822402,-0.519655672
2732,-21.9341708,0.500659196
2733,-21.9341708,0.500659196
2734,23.2253708,-1.21236712
2735,39.8824424,1.83702328
2736,,
2737,16.4785214,1.20037544
2738,-0.330422158,0.476144401
2739,-3.72377708,1.26599058
2740,23.6276837,0.525247086
2741,23.6276837,0.525247086
2742,-12.8023404,0.942610322
2743,-58.3475523,0.643080627
2744,,
2745,-29.8112047,3.23880169
2746,-45.3626608,2.18840738
2747,-53.7674911,-0.930052479
2748,-11.7526695,-0.51210488
2749,-11.7526695,-0.51210488
2750,12.6326062,0.34424848
2751,0.374963293,0.0996885289
2752,,
2753,8.63699361,-0.481457826
2754,1.46887398,-0.564917928
2755,-35.1814625,-0.385615996
2756,23.754393,-1.43506413
2757,23.754393,-1.43506413
2758,-9.15483088,-0.815977473
2759,-45.7795426,-0.720951089
2760,,
2761,8.23308132,0.917031861
2762,-0.39974287,1.18567584
2763,-28.5164122,-0.103739453
2764,-11.3408875,1.5740124
2765,-11.3408875,1.5740124
2766,22.2856322,0.764055082
2767,-1.39073891,-0.404781741
2768,,
2769,7.94923756,-0.880165187
2770,0.327204825,-0.181934598
2771,30.7675421,-0.75017824
2772,0.319187152,1.18860875
2773,0.319187152,1.18860875
2774,12.7072677,0.576080679
2775,-21.6789049,0.763308302
2776,,
2777,-40.0701802,-0.0547164364
2778,-11.4595136,-1.39570718
2779,-14.0343061,0.605722452
2780,-22.6334436,-0.686909352
2781,-22.6334436,-0.686909352
2782,22.2760317,0.26422127
2783,1.10747486,0.628287297
2784,,
2785,-14.5580838,0.530989897
2786,-10.4971687,2.04911098
2787,-11.2944698,1.87044913
2788,-22.3871763,-0.47800465
2789,-22.3871763,-0.47800465
2790,-11.5984138,2.42003276
2791,11.2206848,0.0609379029
2792,,
2793,16.5993036,0.384142611
2794,-10.8742393,0.102990822
2795,14.0562365,0.756978129
2796,13.3958089,-1.039293
2797,13.3958089,-1.039293
2798,-22.6002824,0.364333864
2799,-25.4634338,0.806283204
2800,,
2801,-16.0224389,-1.04012944
2802,-11.6238664,-1.81866345
2803,-28.2203544,-0.605979884
2804,9.56264043,0.925961712
2805,9.56264043,0.925961712
2806,36.5366545,0.394454311
2807,12.6131622,-0.0201404226
2808,,
2809,9.65911525,0.839832168
2810,-10.3483467,1.46742208
2811,-2.75308285,0.282520635
2812,11.390174,-0.100062063
2813,11.390174,-0.100062063
2814,-11.7775128,-0.193312617
2815,13.6734601,-1.14623252
2816,,
2817,-40.844777,0.460420875
2818,-34.2102317,0.200397372
2819,30.97217,-0.775325442
2820,-12.3611732,1.53102159
2821,-12.3611732,1.53102159
2822,-0.177024122,0.689589581
2823,-12.3706005,-0.103308794
2824,,
2825,-5.28619045,1.44345585
2826,-9.48595665,1.31689221
2827,-29.1426271,0.711119987
2828,0.209382758,1.12006407
2829,0.209382758,1.12006407
2830,-23.3404763,0.623376028
2831,36.5751586,-0.352114456
2832,,
2833,9.99027974,-1.34639289
2834,0.984023734,-2.44996071
2835,-15.0730586,-1.12042499
2836,1.36309616,0.447833658
2837,1.36309616,0.447833658
2838,35.9670082,0.466509826
2839,-34.3181548,-2.10001768
2840,,
2841,1.65805329,0.0836974155
2842,1.29744708,0.828414285
2843,30.9533385,-0.299002905
2844,11.0367513,0.353387364
2845,11.0367513,0.353387364
2846,-22.742486,-1.90593257
2847,0.167895219,1.06450715
2848,,
2849,17.2650286,1.18839697
2850,34.3702574,0.205499169
2851,11.127602,-0.493097127
2852,36.0029503,0.181355274
2853,36.0029503,0.181355274
2854,-22.2532858,0.226073134
2855,-24.3307418,-0.0408419781
2856,,
2857,-29.1989959,-1.61146971
2858,-9.89528134,0.164307888
2859,40.0920827,0.200218263
2860,45.5662009,-0.24334116
2861,45.5662009,-0.24334116
2862,44.2387052,0.040910791
2863,1.5369131,-0.681531494
2864,,
2865,0.270828478,0.214229455
2866,23.269598,0.713233762
2867,8.29142927,-0.662858463
2868,56.9383499,-0.663207441
2869,56.9383499,-0.663207441
2870,23.2016746,-0.243047015
2871,1.33585015,-0.226549457
2872,,
2873,-23.3073037,-0.762274084
2874,-23.3191325,-1.43958827
2875,-36.8502221,0.18760456
2876,22.7331843,0.640755219
2877,22.7331843,0.640755219
2878,24.7209745,1.7131724
2879,-12.611355,-0.676507076
2880,,
2881,0.621827579,0.325149524
2882,0.154631267,1.60236495
2883,-8.89411528,2.17082038
2884,12.9016771,0.0407481792
2885,12.9016771,0.0407481792
2886,-20.4886884,0.124677364
2887,0.279842939,0.727557493
2888,,
2889,8.3099377,0.395799695
2890,-8.78175278,0.622734486
2891,10.4187255,1.17943181
2892,-12.9920282,0.513896158
2893,-12.9920282,0.513896158
2894,-10.91739,-1.08277233
2895,-0.0899738573,1.18010989
2896,,
2897,17.3659739,-1.66377996
2898,12.3352075,-1.34760147
2899,-7.6873334,-1.04346996
2900,12.2481204,-1.31010811
2901,12.2481204,-1.31010811
2902,0.604747487,-1.37570643
2903,12.3255115,0.611556167
2904,,
2905,-23.9692178,1.19520584
2906,-22.1099374,2.22046699
2907,-18.3004257,0.0970993827
2908,38.2437347,0.427708844
2909,38.2437347,0.427708844
2910,0.529393401,0.0850924336
2911,-9.12452956,-0.868458967
2912,,
2913,8.47473857,0.966855587
2914,-10.9989875,0.802101167
2915,-47.0384522,-0.433638352
2916,48.8758887,0.281727863
2917,48.8758887,0.281727863
2918,23.8713768,0.433141408
2919,-34.7434352,0.997690694
2920,,
2921,24.2821189,0.449110328
2922,23.5003357,1.61451615
2923,10.8645394,-0.51250716
2924,-11.9167726,-2.20302403
2925,-11.9167726,-2.20302403
2926,-9.96471673,0.790300098
2927,63.1061317,-1.01685541
2928,,
2929,-15.4912066,0.137319985
2930,-10.0996864,1.06040797
2931,30.9729333,1.19031164
2932,1.51831892,-1.72599216
2933,1.51831892,-1.72599216
2934,-23.8513623,0.0204267648
2935,22.9541072,-0.22347087
2936,,
2937,-5.51452756,-0.127546517
2938,22.9927365,-0.250271669
2939,30.2871992,0.281801847
2940,11.6017863,-0.964936463
2941,11.6017863,-0.964936463
2942,1.13449308,-1.53185358
2943,-11.5710046,-0.555969273
2944,,
2945,17.6757014,-0.851994414
2946,36.9875527,0.585485501
2947,-18.2009083,0.59969127
2948,33.4102288,-0.334982984
2949,33.4102288,-0.334982984
2950,-19.1962889,2.11903826
2951,34.2775974,0.54785968
2952,,
2953,1.06768556,0.636416041
2954,0.933783952,-0.464746006
2955,49.6159345,-2.79198568
2956,-10.4586831,0.934872897
2957,-10.4586831,0.934872897
2958,-11.0325782,0.904482622
2959,-10.7492911,0.840000995
2960,,
2961,-7.61086566,-0.786888272
2962,0.34984063,-0.321298447
2963,9.16697948,-0.564275068
2964,-22.4187649,0.268290728
2965,-22.4187649,0.268290728
2966,-11.1356558,0.063265958
2967,-36.7516468,1.33905694
2968,,
2969,20.1977253,2.18343134
2970,27.3315667,1.43751911
2971,-15.9590543,0.870634806
2972,11.6975216,-2.47552995
2973,11.6975216,-2.47552995
2974,10.4047251,0.255652927
2975,-20.5892706,-1.03037144
2976,,
2977,-5.81671723,-0.80553141
2978,-10.7520173,-0.869297062
2979,20.529491,-0.338340678
2980,11.9402212,0.433745669
2981,11.9402212,0.433745669
2982,-23.2867477,0.0800869989
2983,0.501080646,0.0630832668
2984,,
2985,-46.0748275,0
2986,-55.233691,0.510867079
2987,-36.9916697,0.133059511
2988,0.74099426,1.87494344
2989,0.74099426,1.87494344
2990,-33.028004,-0.119393501
2991,-10.6181959,-0.161936139
2992,,
2993,-23.6497941,-0.965537614
2994,-10.835229,-1.38845037
2995,13.2808502,1.50166839
2996,1.12157355,-0.444476213
2997,1.12157355,-0.444476213
2998,-20.254142,1.89452377
2999,-20.3162338,-0.69755156
3000,,
3001,-7.42585435,0.761179581
3002,-23.0875145,0.0830531065
3003,1.8470928,0.334900051
3004,33.6552138,-0.396067994
3005,33.6552138,-0.396067994
3006,34.335945,-0.101169732
3007,-33.4245019,-1.49540193
3008,,
3009,34.0092604,-1.20296974
3010,1.96198364,-0.0211166331
3011,-16.624097,-2.49584479
3012,1.21557322,-0.492981904
3013,1.21557322,-0.492981904
3014,23.5935255,1.42345219
3015,-11.7359201,-1.97591197
3016,,
3017,34.1791314,-2.00031976
3018,11.8376932,-1.30844658
3019,-7.93095527,0.203848335
3020,-33.8094599,0.48117898
3021,-33.8094599,0.48117898
3022,35.6859907,1.38089515
3023,0.942677795,-1.2382534
3024,,
3025,7.5077528,0.971068542
3026,-12.9012055,1.10698884
3027,-8.10872832,1.49381434
3028,1.75962216,-0.0201266363
3029,1.75962216,-0.0201266363
3030,12.5641682,-0.120360475
3031,23.4149514,0.524543637
3032,,
3033,1.26926606,-0.0579815304
3034,-10.7644035,1.11993936
3035,-6.96233823,-0.405646802
3036,-10.0980153,-0.217428409
3037,-10.0980153,-0.217428409
3038,25.9503572,1.09011346
3039,-13.4738653,0.238480006
3040,,
3041,25.4942377,0.194161727
3042,11.46961,0.950859642
3043,-16.9966614,1.19430939
3044,-33.3490033,0.342921694
3045,-33.3490033,0.342921694
3046,23.2403807,-0.858039715
3047,46.5963816,-0.722473907
3048,,
3049,0.735960622,-0.0875696284
3050,-12.6708985,1.31069719
3051,-9.44219966,0.908760165
3052,12.1562661,0.85918427
3053,12.1562661,0.85918427
3054,23.8571429,0.429248545
3055,-23.2491624,-0.0404269917
3056,,
3057,1.79421673,-1.02654983
3058,-10.1543377,-1.3130337
3059,-27.2684913,1.09131369
3060,-1.51092319,-1.06734604
3061,-1.51092319,-1.06734604
3062,0.301395024,-1.0173583
3063,13.2013583,0.0830638771
3064,,
3065,-23.5555805,0.506170388
3066,-10.2732728,-1.43477111
3067,-0.594748064,-1.61029766
3068,-22.6428233,0.347262265
3069,-22.6428233,0.347262265
3070,35.0384404,0.60579476
3071,21.0057586,0.462794248
3072,,
3073,25.36144,-0.771635016
3074,11.9555629,-0.4306288
3075,4.69989517,0.315323397
3076,-20.6281705,-1.04812724
3077,-20.6281705,-1.04812724
3078,-22.6386047,0.553763654
3079,-21.7684336,-0.0982773854
3080,,
3081,-7.53528325,0.199931292
3082,-11.5518317,-0.462184028
3083,-3.48046095,-0.525614845
3084,-11.3322637,-0.148317863
3085,-11.3322637,-0.148317863
3086,-21.5773736,0.735504036
3087,23.4056932,-0.398439988
3088,,
3089,1.73122455,0.616564252
3090,23.5786775,0.204836623
3091,-3.52058715,-0.685675702
3092,0.895043412,-1.26145785
3093,0.895043412,-1.26145785
3094,1.66201727,1.63869987
3095,22.0060386,-2.2214588
3096,,
3097,-45.0027976,0.0847000245
3098,-42.6662338,-0.468967632
3099,-20.6240188,-1.04630185
3100,11.6916482,-1.23033493
3101,11.6916482,-1.23033493
3102,-32.8246601,0.178395925
3103,12.3248634,-1.41295842
3104,,
3105,26.4509165,-0.0727588275
3106,12.2983568,0.789954391
3107,-32.5262132,0.783605839
3108,32.9961342,0.999960336
3109,32.9961342,0.999960336
3110,-9.64071235,-0.119150049
3111,12.2908717,0.531261191
3112,,
3113,1.26546177,-1.30067462
3114,-32.9833325,-0.792995339
3115,-11.8269013,1.00819609
3116,10.8503533,-1.55825137
3117,10.8503533,-1.55825137
3118,12.5019436,-0.549059217
3119,12.3191222,1.30658224
3120,,
3121,-16.2738401,-1.79712756
3122,0.642648746,-2.07033483
3123,-13.1327682,-1.59586085
3124,-21.3330618,-1.09563724
3125,-21.3330618,-1.09563724
3126,-34.2757246,1.09273504
3127,-34.9139946,-0.627220671
3128,,
3129,2.87017533,1.10430821
3130,-10.2457365,-0.0402212508
3131,-48.9986152,-0.618910067
3132,33.8233231,1.69216858
3133,33.8233231,1.69216858
3134,-11.1052598,2.22692061
3135,0.846239204,-2.05453607
3136,,
3137,32.5512682,2.22231785
3138,34.5439464,1.17408329
3139,30.134949,0.704400125
3140,24.0130141,0.882654165
3141,24.0130141,0.882654165
3142,-10.8094834,-1.11076232
3143,-34.3130039,-1.78530972
3144,,
3145,8.15139487,3.13119869
3146,-9.8487772,3.69839308
3147,-11.6514474,1.07401766
3148,-23.2306714,0.85578465
3149,-23.2306714,0.85578465
3150,22.0741959,0.611620677
3151,11.8995539,-0.370614672
3152,,
3153,24.4539277,-1.79464141
3154,-1.58310365,-1.66404044
3155,3.85706094,-0.410888644
3156,-0.914399364,-0.476150508
3157,-0.914399364,-0.476150508
3158,-12.3179944,-1.20803303
3159,-21.2132294,-0.841384468
3160,,
3161,0.317927749,0.925719604
3162,0.778966452,1.51977978
3163,-11.7668779,1.89943078
3164,-21.8217099,1.29207433
3165,-21.8217099,1.29207433
3166,-11.3378616,-3.14589747
3167,14.1300294,-0.636983043
3168,,
3169,2.05654382,1.83435434
3170,1.44387506,-0.059486869
3171,31.7555405,0.605216696
3172,11.9280717,-1.44271938
3173,11.9280717,-1.44271938
3174,-22.8642509,0.829501895
3175,-10.2794729,0.282071608
3176,,
3177,33.9327287,-0.788896948
3178,34.5873251,-1.00955889
3179,12.607411,1.49113594
3180,0.145562584,0.653984487
3181,0.145562584,0.653984487
3182,-33.1921658,-1.13103766
3183,-10.8169365,-0.768388583
3184,,
3185,-32.3137031,0
3186,-11.3863104,1.69814285
3187,48.1073581,2.1998121
3188,1.8878998,0.807918897
3189,1.8878998,0.807918897
3190,-9.11520119,1.0333467
3191,-12.6813489,-0.206316377
3192,,
3193,23.7103973,-1.69029138
3194,0,-1.11734108
3195,-22.2710814,-0.476696345
3196,34.0667646,-1.67979633
3197,34.0667646,-1.67979633
3198,-0.225465078,-0.547965349
3199,-9.56719121,0
3200,,
3201,-30.0506439,1.2487934
3202,-10.1415011,0.251010394
3203,5.7686808,1.34509128
3204,-12.4759251,1.65262642
3205,-12.4759251,1.65262642
3206,37.1441507,0.317054368
3207,-0.930286589,-0.657289778
3208,,
3209,-24.8763477,0.352448575
3210,2.13228171,1.01244298
3211,-3.12568284,-1.4956476
3212,11.1288475,0.223806337
3213,11.1288475,0.223806337
3214,-34.3365128,-1.42778848
3215,-1.9278476,0.832105134
3216,,
3217,-6.89111315,1.02316764
3218,-11.6488666,-0.164676869
3219,-3.89437019,-0.762784972
3220,-23.679944,-0.408054025
3221,-23.679944,-0.408054025
3222,-9.97988501,-0.771026681
3223,-13.8077323,-0.332366909
3224,,
3225,-13.8736485,0.0741182977
3226,-19.990415,0.388728549
3227,-28.8133162,-1.18779952
3228,0.830285494,-1.75365088
3229,0.830285494,-1.75365088
3230,-23.7982749,-0.452492971
3231,-32.3169987,1.06117077
3232,,
3233,8.90618776,-0.0995084561
3234,1.04546775,1.592037
3235,4.33845851,1.26755874
3236,26.6072014,-1.28645576
3237,26.6072014,-1.28645576
3238,-10.2701034,0.63730143
3239,12.4099435,0.368738486
3240,,
3241,-23.4978304,1.9210876
3242,-20.9620944,2.27345231
3243,-13.0612472,2.52358345
3244,-10.0848901,-0.360924572
3245,-10.0848901,-0.360924572
3246,-24.134734,0.383954405
3247,-21.0145845,0.280157325
3248,,
3249,26.1576837,0.607349372
3250,12.167716,0.772782715
3251,-12.0761094,-0.728555219
3252,-46.39857,-0.396989126
3253,-46.39857,-0.396989126
3254,-22.3208337,0.243199086
3255,-7.94659904,-1.86758424
3256,,
3257,1.14993613,-0.373159747
3258,-23.1449969,-1.35542258
3259,-10.6243663,0.131819626
3260,12.6586918,1.92528611
3261,12.6586918,1.92528611
3262,13.0768881,-0.644953109
3263,-12.3936346,0.948642452
3264,,
3265,-7.89661933,1.18370742
3266,-13.1060952,-1.05515732
3267,-3.22832753,-0.300742143
3268,12.222554,0.202367188
3269,12.222554,0.202367188
3270,-11.1419187,-0.87216172
3271,-10.8267885,-0.610748229
3272,,
3273,33.6005639,-0.113775621
3274,24.9922537,-0.349643465
3275,7.07211047,-0.602337298
3276,21.9293791,-1.1902058
3277,21.9293791,-1.1902058
3278,-0.500180588,0.482480585
3279,14.3868338,-0.398870367
3280,,
3281,7.81374764,0.245198849
3282,-1.10937751,0.937181796
3283,-21.049812,0.770992318
3284,-11.4085899,1.66426604
3285,-11.4085899,1.66426604
3286,1.33034692,-0.743102924
3287,-20.8868425,-0.915055093
3288,,
3289,1.21326613,0.174640512
3290,-34.2446781,0.633606172
3291,14.3658551,0.619438077
3292,2.01840872,0.936283362
3293,2.01840872,0.936283362
3294,-10.9056173,-0.913339697
3295,0.729519491,0.793055932
3296,,
3297,1.77618562,-0.813274897
3298,0.813389191,-0.506529991
3299,-3.04920275,1.76217569
3300,0.845715752,0.186046622
3301,0.845715752,0.186046622
3302,11.7616004,1.59460212
3303,-0.344880749,-0.921755251
3304,,
3305,-34.751176,0.979747468
3306,-20.7856692,1.04838369
3307,-35.0851647,0.612161811
3308,34.712828,-0.238581104
3309,34.712828,-0.238581104
3310,-21.8242771,-0.32617416
3311,-33.111782,1.58524757
3312,,
3313,-6.81676597,0.0144322987
3314,12.6658152,1.68610129
3315,30.3236234,0.749990485
3316,-0.2774571,-1.71067756
3317,-0.2774571,-1.71067756
3318,22.0778622,0.214239906
3319,-10.6669317,-0.339796524
3320,,
3321,10.5912923,-2.95995836
3322,2.74868273,-2.70559226
3323,-2.5284594,-1.83796731
3324,13.8969426,-0.774347899
3325,13.8969426,-0.774347899
3326,-47.3710533,-0.710467749
3327,0.832630343,-0.681514358
3328,,
3329,8.36291283,0.0424000293
3330,0.970962843,-0.294344066
3331,-9.75650513,1.0889604
3332,12.1816129,0.826805324
3333,12.1816129,0.826805324
3334,-20.9282872,0.355332994
3335,1.3569025,0.3394066
3336,,
3337,-22.8623038,0.542919923
3338,-11.024076,1.383728
3339,1.54654407,-0.535763553
3340,-47.5258342,0.0202092021
3341,-47.5258342,0.0202092021
3342,-32.9249133,-0.48788017
3343,0,-0.598548904
3344,,
3345,-22.4433531,-0.749982372
3346,-9.88445363,-0.875331695
3347,10.3628746,1.28140481
3348,-23.441333,0.179539905
3349,-23.441333,0.179539905
3350,36.1562427,2.87146861
3351,-24.4561009,-1.06487276
3352,,
3353,-14.4029548,-0.743820308
3354,-10.8932237,0.120379902
3355,-15.9599402,-0.524043196
3356,24.1573868,-1.15990117
3357,24.1573868,-1.15990117
3358,-11.0538242,1.03522356
3359,0,-1.03370502
3360,,
3361,-14.8579746,0.143762899
3362,-34.6170168,-0.939458143
3363,2.4766106,-0.959262358
3364,-10.0421145,-0.952324228
3365,-10.0421145,-0.952324228
3366,0.360579111,1.52403973
3367,11.3805012,1.05054481
3368,,
3369,9.44988852,0.795626108
3370,22.5065464,1.50896469
3371,22.0788352,0.949894542
3372,22.5002355,0.692730577
3373,22.5002355,0.692730577
3374,11.0614618,0.475139148
3375,-0.511105738,-0.545309195
3376,,
3377,41.3795615,-2.3042578
3378,13.2139167,-0.357175896
3379,18.8740393,0
3380,-12.7686189,-1.27867191
3381,-12.7686189,-1.27867191
3382,10.5025594,-0.600344462
3383,-21.8242201,1.3221524
3384,,
3385,-15.6988774,-1.13595025
3386,-21.0047174,-1.4292421
3387,-14.285493,-2.147249
3388,23.7806358,0.243501825
3389,23.7806358,0.243501825
3390,37.054648,-2.57561419
3391,-35.4547468,-0.363260117
3392,,
3393,-8.09143502,0.179762658
3394,11.5133531,0.644987597
3395,36.1795799,0.251941395
3396,24.4020337,-1.14453036
3397,24.4020337,-1.14453036
3398,-44.2464232,0.283337329
3399,-10.6196811,0.871701747
3400,,
3401,15.9385297,0.0971295939
3402,10.7077156,0.262762665
3403,18.5392864,0.0966015208
3404,12.8234635,0.78660485
3405,12.8234635,0.78660485
3406,10.5400111,0.452144115
3407,-20.7081774,-1.5329882
3408,,
3409,-25.5345784,0.308415665
3410,-10.6547857,1.53087209
3411,-6.25737566,1.05645212
3412,-23.1808312,0.12249406
3413,-23.1808312,0.12249406
3414,-34.3117991,0.443307705
3415,34.9569607,-0.648832864
3416,,
3417,8.18238293,0.0729437184
3418,-1.02990846,-0.226421919
3419,20.6880744,0.741575845
3420,23.0523557,2.11508983
3421,23.0523557,2.11508983
3422,0.5705758,-0.625798215
3423,-32.5439646,-0.743351427
3424,,
3425,-32.4741483,-0.141542091
3426,-12.3456872,-0.873750532
3427,-7.2704551,0.534965456
3428,23.6438048,1.06271936
3429,23.6438048,1.06271936
3430,35.2358793,-0.145413578
3431,-0.146688629,-1.11056831
3432,,
3433,-47.8931533,-1.03468543
3434,-34.3069882,-0.85769174
3435,-32.2868515,0.144306734
3436,11.7537294,0.0616773372
3437,11.7537294,0.0616773372
3438,-22.186108,0.245134636
3439,19.8511778,-1.67617813
3440,,
3441,-7.25810485,-2.07858361
3442,-22.8822328,-4.12591451
3443,37.8357311,-2.67929924
3444,-11.3442844,-0.70346165
3445,-11.3442844,-0.70346165
3446,12.2540721,-1.93725936
3447,34.7381828,0.0779747261
3448,,
3449,-24.9157738,0.193343452
3450,-23.9236376,0.880374958
3451,-24.304781,-0.504059171
3452,12.4567893,-0.199842992
3453,12.4567893,-0.199842992
3454,1.75385891,1.43859835
3455,-21.7000055,-1.44697265
3456,,
3457,24.3316625,-0.0297984277
3458,12.0473941,0.252703976
3459,-38.8144657,-0.18983148
3460,-13.550123,1.07437468
3461,-13.550123,1.07437468
3462,-33.3476679,-0.223383083
3463,-9.74212281,-0.921123304
3464,,
3465,41.1051734,-0.94901056
3466,21.1636338,0.974520315
3467,8.36961681,0.229349724
3468,24.1562823,-2.00348578
3469,24.1562823,-2.00348578
3470,-31.128724,-0.549267307
3471,11.7422668,0.29214151
3472,,
3473,-22.461964,1.34254077
3474,-20.9364437,1.98046849
3475,-22.9039497,-0.444000401
3476,-11.3763882,0.0410137579
3477,-11.3763882,0.0410137579
3478,34.5760681,-1.59812425
3479,2.0824719,-0.401084697
3480,,
3481,16.8320947,-0.0572359989
3482,-10.676869,0.368621038
3483,-31.0303883,0.105913876
3484,-0.426741873,0.497645894
3485,-0.426741873,0.497645894
3486,-24.5680656,-0.123537568
3487,9.69436747,-1.27043644
3488,,
3489,35.1604978,-2.19519998
3490,35.9883213,-1.59383694
3491,-13.1577152,0.914680399
3492,12.5111589,0.317554928
3493,12.5111589,0.317554928
3494,-22.4676305,-1.41185431
3495,2.12635224,1.70513404
3496,,
3497,35.4809385,0.890862783
3498,11.9412722,1.31403811
3499,-6.37883842,1.96819369
3500,0.947388072,0.0211963765
3501,0.947388072,0.0211963765
3502,12.5900882,0.716357024
3503,-10.2918577,0.848786281
3504,,
3505,0.758081196,1.50541592
3506,0.028629358,2.33932934
3507,-15.2585428,1.01019894
3508,-0.232220168,0.187188413
3509,-0.232220168,0.187188413
3510,-10.947619,0.339718975
3511,12.9088978,0.510516456
3512,,
3513,-15.901968,-1.35839457
3514,0.989401786,-0.134758163
3515,2.001621,-0.366330447
3516,2.17351618,-0.0836407858
3517,2.17351618,-0.0836407858
3518,-21.0670307,0.319692154
3519,35.5735189,-0.039715623
3520,,
3521,-6.93589424,-0.338719243
3522,-23.5180916,0.177789806
3523,-6.68602525,0.450709702
3524,22.4442552,1.53218999
3525,22.4442552,1.53218999
3526,11.8152056,0.659831012
3527,34.7568445,0.711386666
3528,,
3529,-23.7351169,-0.0590022804
3530,-22.2213879,-1.07537666
3531,-6.19671583,1.36439782
3532,-12.1993614,-1.33952686
3533,-12.1993614,-1.33952686
3534,26.6802674,-0.224194185
3535,-36.5063086,-0.078513083
3536,,
3537,25.2490426,-0.821409902
3538,24.3729894,-1.50821398
3539,9.32573383,-0.542232835
3540,-10.6889785,0.61054215
3541,-10.6889785,0.61054215
3542,1.26730665,-0.606934992
3543,22.910664,-1.90897016
3544,,
3545,-15.8047884,0.627740386
3546,-36.8462898,1.38350617
3547,25.6375681,0.134113781
3548,24.9523821,2.0356368
3549,24.9523821,2.0356368
3550,-10.7773078,-0.102731374
3551,23.9360773,0.0413537709
3552,,
3553,7.64411183,1.53020932
3554,0.683863632,3.02575534
3555,2.67845069,0.493946637
3556,-31.6148638,2.48031991
3557,-31.6148638,2.48031991
3558,-23.4150694,1.33224073
3559,14.2966752,0.635712912
3560,,
3561,8.91210415,-0.261332869
3562,0.608535982,-1.26971604
3563,-33.7904679,-0.612660408
3564,0.488708134,1.19351386
3565,0.488708134,1.19351386
3566,-32.5298946,1.04372933
3567,1.17680513,-0.756619886
3568,,
3569,26.4378117,1.30294901
3570,12.327082,0.376692267
3571,-6.50691483,-0.391231153
3572,1.13181953,-0.471043746
3573,1.13181953,-0.471043746
3574,-9.39187169,0.0611819709
3575,-11.1989832,0.0416645366
3576,,
3577,6.86168027,0.159979788
3578,-0.714647442,0.992376171
3579,-23.3274227,-0.0758076861
3580,10.5742199,-0.302593395
3581,10.5742199,-0.302593395
3582,-9.41007639,1.53269031
3583,1.94489524,-0.764539065
3584,,
3585,-7.74611836,1.3979392
3586,10.3422235,1.55803295
3587,4.95053038,0.0145399948
3588,-0.258109991,-0.0208159166
3589,-0.258109991,-0.0208159166
3590,12.7029405,-1.11308693
3591,-9.24795934,-0.329743015
3592,,
3593,27.7985015,0.0282227293
3594,13.9102862,0.102428383
3595,-18.4943482,0
3596,0.607538215,-0.0617989622
3597,0.607538215,-0.0617989622
3598,-0.198467792,1.85146685
3599,-10.6634632,-0.0593137598
3600,,
3601,-31.5352533,1.38641181
3602,-33.5673123,0.0208489539
3603,-1.10667584,-0.791634507
3604,1.12014034,-0.623289699
3605,1.12014034,-0.623289699
3606,-24.8374371,-0.188925146
3607,-21.2768061,-1.66622681
3608,,
3609,7.9882482,-0.219178426
3610,11.9603984,0.42040754
3611,8.35697481,-0.855730959
3612,-42.1650533,-0.753952041
3613,-42.1650533,-0.753952041
3614,-43.879704,0.06037427
3615,-20.623638,-0.29864636
3616,,
3617,-15.7328297,0.515933708
3618,-33.7817629,1.00519731
3619,17.117468,-1.78833697
3620,0.893551172,-1.49336055
3621,0.893551172,-1.49336055
3622,-0.282970397,0.469516179
3623,-10.9975868,0.705062475
3624,,
3625,-7.21399228,0.197313467
3626,-12.1582688,1.03119973
3627,38.8577277,0.407093648
3628,1.32145758,1.38832454
3629,1.32145758,1.38832454
3630,-10.2573707,-1.40003742
3631,37.4586194,-0.0414396021
3632,,
3633,-7.24005604,1.15928277
3634,-23.8711372,1.2823354
3635,-28.2800734,1.8639593
3636,-11.9995939,1.52327646
3637,-11.9995939,1.52327646
3638,-10.0567306,1.90912601
3639,-0.539470524,1.50922814
3640,,
3641,25.7609084,-0.967293353
3642,24.3004582,-1.18542894
3643,5.25067512,-0.46793748
3644,-11.3547613,-0.921620893
3645,-11.3547613,-0.921620893
3646,36.0712362,-0.554573367
3647,-20.7404522,0.184449094
3648,,
3649,-32.2543866,-1.24905223
3650,-35.7981907,-0.877151137
3651,7.24527275,-0.0578430398
3652,23.1039494,-0.851227663
3653,23.1039494,-0.851227663
3654,10.265647,1.98799747
3655,12.3884748,0.341952215
3656,,
3657,8.75078159,-0.501378629
3658,1.77749356,1.66154066
3659,-18.358645,1.17511773
3660,12.4158527,0.483856634
3661,12.4158527,0.483856634
3662,-13.5961586,1.04465304
3663,-1.28082967,0.423975964
3664,,
3665,-14.3882011,1.58873722
3666,-9.90454004,1.63938623
3667,-0.758501542,0.975016037
3668,-11.4147997,-0.237385895
3669,-11.4147997,-0.237385895
3670,1.66941505,-0.123169079
3671,-22.2413033,1.34507678
3672,,
3673,23.2329114,-0.798959044
3674,20.7062474,-2.00833347
3675,-34.8152115,-0.656552304
3676,-23.9795842,-0.955983947
3677,-23.9795842,-0.955983947
3678,0.785880918,0.567562113
3679,0.0853296828,-0.8346253
3680,,
3681,-7.11465929,-0.260035359
3682,-11.7438879,0.469895313
3683,-0.828712305,-0.435744966
3684,-11.3025491,-0.769743731
3685,-11.3025491,-0.769743731
3686,-10.2135156,-0.564088645
3687,35.2622628,-0.678225147
3688,,
3689,8.97794452,1.16953179
3690,12.2928588,0.853447019
3691,-17.0778981,-0.329360165
3692,22.779166,0.473761813
3693,22.779166,0.473761813
3694,-9.87948518,0.726403832
3695,-20.7254354,0.746846592
3696,,
3697,9.07690919,0.947063383
3698,10.3104431,1.98508806
3699,22.9346997,0.728048396
3700,-12.6437431,0.416893956
3701,-12.6437431,0.416893956
3702,33.3072255,0.93201686
3703,-10.2825134,1.44561896
3704,,
3705,-7.99082599,0.835981236
3706,0.170733291,1.05160255
3707,7.29692214,0.166991976
3708,-12.2863598,1.37183429
3709,-12.2863598,1.37183429
3710,-11.1244815,0.434331252
3711,-30.2203582,-1.29197007
3712,,
3713,-48.6162516,-1.3004515
3714,-34.2302392,-1.76319698
3715,5.69898132,0.423891855
3716,0.981692726,-0.331035729
3717,0.981692726,-0.331035729
3718,13.4950919,-0.34679907
3719,12.8872443,-0.783835843
3720,,
3721,15.5674318,-1.94149989
3722,20.6906364,-1.76440753
3723,25.5754407,0
3724,-22.6142956,1.82851162
3725,-22.6142956,1.82851162
3726,-22.4622251,-1.03361474
3727,-23.7111037,-0.840168979
3728,,
3729,-8.1517734,0.370147737
3730,-33.4426568,0.525176184
3731,1.12212331,0.172352814
3732,-21.5443033,-0.568593559
3733,-21.5443033,-0.568593559
3734,12.447035,0.869570876
3735,-10.1798355,1.12025971
3736,,
3737,-16.9319318,-1.13111945
3738,-11.5797658,-1.71890156
3739,1.5530017,-1.86994954
3740,20.9972227,0.277675584
3741,20.9972227,0.277675584
3742,13.7570651,1.92871116
3743,0.928649439,-0.810834305
3744,,
3745,0.253340542,1.3406422
3746,0.832664909,1.10930109
3747,-7.22127547,0.889916063
3748,1.18169506,0
3749,1.18169506,0
3750,-33.3737672,-0.0592441505
3751,-10.5014991,0.75592944
3752,,
3753,9.11194668,-0.159083159
3754,12.5338566,0.278839535
3755,-40.126441,0.763461639
3756,-35.531953,-0.260259606
3757,-35.531953,-0.260259606
3758,19.3733851,0
3759,13.2703742,-0.390256196
3760,,
3761,-21.4037369,-0.529548532
3762,-22.4311153,0.565349879
3763,-14.87794,0.0925513634
3764,12.6437745,-0.164774015
3765,12.6437745,-0.164774015
3766,-32.8969517,1.80535808
3767,-0.794094405,-0.576763631
3768,,
3769,16.3831884,-0.904262413
3770,11.5641914,-0.117314341
3771,-8.93800394,-1.77849017
3772,-20.3207689,0.10212165
3773,-20.3207689,0.10212165
3774,2.01830727,0.496754925
3775,-10.4778607,0.139599271
3776,,
3777,-14.9619156,0.389821054
3778,13.8019716,0.411857974
3779,2.52400132,-1.67022381
3780,-0.084578453,-0.905380525
3781,-0.084578453,-0.905380525
3782,13.9267017,0.360932937
3783,24.5504689,0.141550796
3784,,
3785,0.778768981,-0.56594335
3786,-22.1476988,1.49253761
3787,-32.2429339,1.78748198
3788,-0.140966335,0.523241284
3789,-0.140966335,0.523241284
3790,0.594766938,0.356529588
3791,-11.7039936,2.41635665
3792,,
3793,9.15014257,-1.47939713
3794,-9.71731346,-1.51279517
3795,-33.4095319,-0.926038001
3796,0.544607065,1.50639182
3797,0.544607065,1.50639182
3798,10.7327086,0.722166869
3799,-21.4126265,-1.54487412
3800,,
3801,-8.18380546,1.16866784
3802,-22.3412358,-0.763989287
3803,-5.38279325,1.06708141
3804,33.7026116,-0.961154155
3805,33.7026116,-0.961154155
3806,10.7535702,1.67643055
3807,0.108172191,-0.0602568276
3808,,
3809,-7.61950339,0.775927877
3810,-0.232220168,-0.596721445
3811,10.1139853,0.208048913
3812,-35.9925154,0.0406925468
3813,-35.9925154,0.0406925468
3814,-0.962126261,0.323203852
3815,-10.2419841,0.674984168
3816,,
3817,-23.6988025,-0.056438361
3818,-45.4627852,0.0996188816
3819,1.65805329,-1.25411265
3820,-34.5133883,-1.27337778
3821,-34.5133883,-1.27337778
3822,20.8951858,-1.91108894
3823,0.115520249,0.0407332651
3824,,
3825,-1.3432283,-1.13355733
3826,-0.40405912,-1.77034403
3827,9.58165998,-0.434043344
3828,-22.5079756,1.12382939
3829,-22.5079756,1.12382939
3830,-23.0515668,-0.35871907
3831,-12.3365567,0.139137097
3832,,
3833,34.1042674,-0.877691196
3834,23.9722842,-1.16459179
3835,-6.6963738,-0.470691512
3836,1.8643196,0.442086162
3837,1.8643196,0.442086162
3838,-10.1798567,-0.180602561
3839,-0.467307034,-0.779219609
3840,,
3841,9.56562864,0.820369282
3842,23.43445,0.587903141
3843,-10.0047931,-1.94993368
3844,12.391258,0.378730298
3845,12.391258,0.378730298
3846,0.465716684,-0.847702543
3847,-32.5936324,-2.4102249
3848,,
3849,24.963174,0.432334528
3850,24.7377175,0.417828188
3851,4.88007203,-0.977297183
3852,-10.8890696,-0.312400044
3853,-10.8890696,-0.312400044
3854,-23.2421926,0.93413054
3855,-11.8284101,-0.0646693284
3856,,
3857,17.7083303,0.420706206
3858,24.3812488,-0.162964745
3859,4.67705093,-1.24039148
3860,23.3716074,-1.52785168
3861,23.3716074,-1.52785168
3862,23.1543653,-0.521398827
3863,1.37253513,-0.913252682
3864,,
3865,-24.701648,0.844339959
3866,-22.8139005,-0.139181756
3867,-29.0749401,0.204020103
3868,11.1801716,-0.73646375
3869,11.1801716,-0.73646375
3870,2.38972126,0.490649151
3871,11.8145784,-1.31317214
3872,,
3873,-34.3232935,1.1649572
3874,-23.2815396,0.662743304
3875,-12.6865745,0.350989114
3876,-11.7170953,-0.932609324
3877,-11.7170953,-0.932609324
3878,11.3254044,-1.16205421
3879,-11.2202421,0.484256991
3880,,
3881,-5.9979267,1.75373821
3882,-11.4528915,1.71956788
3883,4.06797088,0.83049364
3884,-10.7314442,1.18169412
3885,-10.7314442,1.18169412
3886,-12.5945784,0
3887,0.788642163,-0.944904922
3888,,
3889,9.14431006,-2.38639981
3890,12.4665184,-2.12693627
3891,11.8515832,0.486614021
3892,0.0862438469,0.478211787
3893,0.0862438469,0.478211787
3894,23.3335191,-0.115007135
3895,1.22135018,-0.203690891
3896,,
3897,-5.19750798,-1.08301296
3898,14.4770816,-0.544513744
3899,-12.310974,1.4367462
3900,-1.07161106,-0.149167872
3901,-1.07161106,-0.149167872
3902,0.692947694,0.978025492
3903,-0.0281031633,1.41485759
3904,,
3905,0.499031642,-0.181178757
3906,-11.5530125,-1.21647012
3907,4.58199103,-1.44375483
3908,-10.2093017,0.903510003
3909,-10.2093017,0.903510003
3910,22.0921081,-1.13609531
3911,-9.62872137,0.476082413
3912,,
3913,30.6882146,-0.733377817
3914,25.0430429,-0.54278913
3915,48.8251005,1.28769712
3916,12.698801,0.86509853
3917,12.698801,0.86509853
3918,0.820236466,0.862620972
3919,23.7497447,1.13908966
3920,,
3921,-38.2572833,-0.533420844
3922,-11.2651717,-2.05254919
3923,-4.3146624,0.686682564
3924,34.8197551,0.164881512
3925,34.8197551,0.164881512
3926,73.5042335,1.04391168
3927,-21.5906566,0.274523692
3928,,
3929,25.2144558,1.20876303
3930,1.6704995,1.96126851
3931,-4.96044654,1.9863565
3932,-0.990919448,-0.532904831
3933,-0.990919448,-0.532904831
3934,-11.2457071,-0.70392797
3935,-11.5619909,-0.369061978
3936,,
3937,0.334121112,0.609894442
3938,11.6912914,0.689595599
3939,-12.7411597,-0.695195913
3940,25.4643639,-0.339729176
3941,25.4643639,-0.339729176
3942,-22.0931917,0.820911335
3943,11.2205981,-0.660957441
3944,,
3945,-31.3640507,-0.600057589
3946,-22.8000411,-0.269404869
3947,-13.2368312,-1.01426506
3948,-35.1843276,-0.238378094
3949,-35.1843276,-0.238378094
3950,11.537139,0.228102327
3951,1.22935641,0.176317748
3952,,
3953,8.95126459,0.301746373
3954,1.27649946,0.499472765
3955,4.54140786,-0.66570981
3956,-10.6192124,0.681391528
3957,-10.6192124,0.681391528
3958,-11.2663271,0.0788122675
3959,11.6588951,-0.551184928
3960,,
3961,0,-0.0283886975
3962,-24.433775,0.953762377
3963,3.68309467,-0.225825151
3964,-10.8743718,1.91094417
3965,-10.8743718,1.91094417
3966,22.5402021,0.183148482
3967,14.3864928,0.126133759
3968,,
3969,-7.12909594,-0.172170865
3970,-10.7001371,1.55775666
3971,6.32512511,-0.257840626
3972,-0.20644101,-0.914254245
3973,-0.20644101,-0.914254245
3974,-21.803786,1.08458133
3975,-34.810776,-0.531136155
3976,,
3977,-23.2423229,0.114759501
3978,-46.9997374,0.0200175167
3979,-16.6029023,1.76240891
3980,-20.927107,-0.421981301
3981,-20.927107,-0.421981301
3982,-9.53566056,0.57121664
3983,-22.0586852,-0.893419219
3984,,
3985,1.92300646,0.620929629
3986,1.70976395,-0.182129067
3987,8.81741673,0.666284292
3988,0.707713148,2.07287661
3989,0.707713148,2.07287661
3990,11.8667202,1.18058605
3991,-11.4365203,1.32876838
3992,,
3993,-40.7645138,0.0981506235
3994,-9.77117902,0.525161148
3995,44.3977991,0.341127579
3996,13.4097469,-0.145056011
3997,13.4097469,-0.145056011
3998,9.21644156,-0.556313737
3999,13.4273102,0
4000,,
4001,-14.473851,-1.00158614
4002,-44.193565,-0.742081865
4003,-24.4423163,-1.63746625
4004,-0.879737382,-1.04119794
4005,-0.879737382,-1.04119794
4006,23.3771112,0.689319577
4007,-10.563597,0.549576722
4008,,
4009,-31.915278,-0.478619751
4010,-23.2265346,0.36728426
4011,19.3496629,-0.898747799
4012,0.179387888,-1.09863128
4013,0.179387888,-1.09863128
4014,-22.4417919,0.621823259
4015,14.4731705,-0.241996365
4016,,
4017,20.8422295,-1.48712594
4018,26.0549431,0.25855317
4019,-6.00638283,0.267710994
4020,2.10497555,-0.712183487
4021,2.10497555,-0.712183487
4022,-10.494079,-0.0207222873
4023,-9.8590961,0.698783878
4024,,
4025,-7.25907822,-0.50456472
4026,0.338764569,0.496874908
4027,20.1537341,0.577979964
4028,2.54469169,0.264551102
4029,2.54469169,0.264551102
4030,0.368875473,-0.872685556
4031,35.1258056,1.30834583
4032,,
4033,-8.67649449,-0.486570913
4034,10.6593713,-0.494244533
4035,10.2891132,0.291691722
4036,-21.9086537,-0.141210539
4037,-21.9086537,-0.141210539
4038,-12.3139275,-1.54786407
4039,13.0026998,-0.55033378
4040,,
4041,33.5613891,0.738831795
4042,10.9826256,0.121226366
4043,-8.34114173,-0.378050182
4044,-10.8881573,1.89616441
4045,-10.8881573,1.89616441
4046,1.32882508,-0.709744898
4047,1.21549154,-0.0617772844
4048,,
4049,2.86424623,-0.781907598
4050,-9.6236266,-0.159382837
4051,0.628002861,0.51174833
4052,-22.3999202,-0.73623366
4053,-22.3999202,-0.73623366
4054,35.3537362,-0.119327086
4055,41.9920029,0.854196145
4056,,
4057,-15.1697568,-2.1627387
4058,-11.5999366,-1.02793517
4059,-15.7399176,-1.6977338
4060,22.6838094,-2.54511581
4061,22.6838094,-2.54511581
4062,-22.8628321,0.393399278
4063,13.7034144,1.97073939
4064,,
4065,-22.3041511,-0.880052299
4066,-21.0983453,-0.474536811
4067,-42.5288553,0.81553965
4068,-23.4254618,-1.14711579
4069,-23.4254618,-1.14711579
4070,-21.9832601,0.530217576
4071,-0.333995387,-1.4096747
4072,,
4073,1.06715914,-1.62298722
4074,0.167632248,-1.2150651
4075,-24.1897718,-2.1911824
4076,1.76684309,-0.960821974
4077,1.76684309,-0.960821974
4078,23.2916455,-0.670343125
4079,-32.2602465,-0.24449289
4080,,
4081,10.310105,-0.91900556
4082,12.7748929,-0.94957982
4083,-23.4357154,0.888237483
4084,12.5665145,-0.100461166
4085,12.5665145,-0.100461166
4086,0.983830459,0.962270647
4087,0.98005384,0.560813559
4088,,
4089,-15.0242469,-1.57615664
4090,-9.62234854,-0.66881642
4091,10.9499705,-1.22398481
4092,23.7109875,1.30460832
4093,23.7109875,1.30460832
4094,-23.5374871,-1.25340464
4095,-23.0658047,1.29806573
4096,,
4097,-29.3905398,-1.2123133
4098,-18.9280798,-0.206951658
4099,-14.5118084,0.248068423
4100,46.9255278,-0.177937793
4101,46.9255278,-0.177937793
4102,-21.4824131,0.565858786
4103,-36.2213112,1.08327804
4104,,
4105,-21.8395746,1.18495895
4106,12.9524609,1.25729108
4107,25.2714372,-0.409588606
4108,-43.263367,-0.297695549
4109,-43.263367,-0.297695549
4110,12.1368361,0.225038262
4111,22.658915,0.847856225
4112,,
4113,-31.349209,1.34742581
4114,-22.4827472,0.962868262
4115,-25.1167542,-0.960883056
4116,-10.9001039,1.32798931
4117,-10.9001039,1.32798931
4118,12.6719289,0.390388544
4119,-21.1683106,-0.962320083
4120,,
4121,0.883588915,-0.65989961
4122,12.5391456,0.379301171
4123,5.25755752,-0.103868239
4124,-13.2183029,-0.643497617
4125,-13.2183029,-0.643497617
4126,22.4530492,-0.681720998
4127,-0.255181101,0.750709155
4128,,
4129,-7.50006602,1.11666229
4130,-10.4350802,0.707946801
4131,12.1563665,-0.618669953
4132,10.4951209,-1.45809471
4133,10.4951209,-1.45809471
4134,10.734956,-0.91087969
4135,35.1080741,-0.387691167
4136,,
4137,-14.2309888,0.393637958
4138,-46.1218217,1.14586495
4139,-50.8130716,1.24773841
4140,11.1436145,0.293079525
4141,11.1436145,0.293079525
4142,13.8365681,-3.51219928
4143,0.115908566,1.3677239
4144,,
4145,-15.6624294,-0.426062021
4146,0.733793526,0.119851464
4147,-21.9140949,0.999494348
4148,0.39974287,-0.787279386
4149,0.39974287,-0.787279386
4150,12.8163194,0.764963912
4151,-45.3750462,-0.537995779
4152,,
4153,-23.2750142,-0.673105419
4154,-9.87948518,-0.0624465291
4155,3.74371042,-1.26343671
4156,-21.9294723,-1.37946986
4157,-21.9294723,-1.37946986
4158,23.5999566,0.518607798
4159,2.04174332,-0.348150326
4160,,
4161,0.367332177,2.13188838
4162,-10.2690526,1.97122175
4163,-29.8110058,0.544880285
4164,12.3424146,0.0626818051
4165,12.3424146,0.0626818051
4166,-23.0152253,0.0193551052
4167,13.7956826,1.20320279
4168,,
4169,-7.13354205,1.12186096
4170,-10.8272091,1.53759639
4171,2.31111575,1.049864
4172,0.314703213,0.443622475
4173,0.314703213,0.443622475
4174,12.873395,-0.50763426
4175,23.31973,-0.182982572
4176,,
4177,25.0323566,-0.820813954
4178,11.3525521,0.70816465
4179,4.55470986,1.26836421
4180,-8.27064171,-0.351053812
4181,-8.27064171,-0.351053812
4182,13.0194061,0.445134719
4183,0.377559149,0.952363964
4184,,
4185,16.4278246,-2.19630049
4186,0.919984153,-1.83748
4187,-5.39764518,-0.899233443
4188,-23.8798247,0.312145204
4189,-23.8798247,0.312145204
4190,12.9590936,0.366318065
4191,1.30721621,-0.411410644
4192,,
4193,-5.77904907,-0.331471921
4194,-11.0424693,0.120025873
4195,-12.9120728,1.12248883
4196,-21.9477182,-0.74732859
4197,-21.9477182,-0.74732859
4198,-22.370678,1.00815934
4199,-10.7859445,0.728643855
4200,,
4201,17.4311607,-2.10157982
4202,-22.7067905,-1.41238848
4203,-14.0720208,-0.318833279
4204,-34.6316759,0.591072166
4205,-34.6316759,0.591072166
4206,1.91051575,0.32064935
4207,12.5811415,0
4208,,
4209,-16.008454,-0.51609712
4210,0.982954992,0.186082498
4211,11.2250606,0.148580793
4212,-24.0460825,-0.020263785
4213,-24.0460825,-0.020263785
4214,-12.6726963,-0.487946514
4215,13.0623114,1.15856758
4216,,
4217,16.524903,-0.0287229577
4218,-11.0395425,-0.437894823
4219,27.6037671,-0.529060031
4220,11.3320972,-1.3463662
4221,11.3320972,-1.3463662
4222,13.5268006,1.62274944
4223,23.9905197,1.28400474
4224,,
4225,0.691555209,0.929210031
4226,12.2213244,1.13946934
4227,12.2015537,0.0282230815
4228,0.428133686,-1.83800236
4229,0.428133686,-1.83800236
4230,-22.7361685,1.30560944
4231,-22.4351088,0.978460315
4232,,
4233,-16.0089609,0.362954237
4234,-10.7532081,-0.417108247
4235,-28.3970274,-0.534620563
4236,-22.2644607,-1.18217941
4237,-22.2644607,-1.18217941
4238,1.73123068,1.15845295
4239,10.5982958,1.66666466
4240,,
4241,33.6737372,-1.50902888
4242,12.9744162,-0.895052566
4243,30.713145,0.681708341
4244,22.5191613,-0.940154861
4245,22.5191613,-0.940154861
4246,-11.3762979,0.144800041
4247,21.7404445,-0.634311927
4248,,
4249,-15.6513523,-0.141637777
4250,-33.2874356,-0.664022615
4251,8.34654833,0.0439286815
4252,22.0247055,-1.05122652
4253,22.0247055,-1.05122652
4254,-21.5277599,1.09264658
4255,0.604134561,-0.0211088024
4256,,
4257,-8.27502206,-3.04039254
4258,-10.9297974,-2.55672143
4259,36.6734382,-1.07324509
4260,-12.6262955,2.4410438
4261,-12.6262955,2.4410438
4262,11.0094275,0.964374181
4263,12.2601817,-1.57080289
4264,,
4265,-6.31812492,-0.112894974
4266,2.17056717,-0.325804821
4267,-25.9281871,-0.455679501
4268,12.9267559,-0.323566728
4269,12.9267559,-0.323566728
4270,-23.4147131,-1.04660474
4271,-10.5731478,0.326084508
4272,,
4273,8.29431733,1.24957494
4274,33.2582589,0.171192492
4275,-32.0127765,-0.698811989
4276,-10.4055758,-0.918976769
4277,-10.4055758,-0.918976769
4278,24.9504394,1.52949188
4279,0.548755023,-1.25097566
4280,,
4281,8.95424874,1.4124854
4282,-10.9501165,0.707827838
4283,7.12313218,-0.917384418
4284,14.8636457,-0.0793969629
4285,14.8636457,-0.0793969629
4286,35.5133498,1.13883674
4287,-10.1372144,0.692267623
4288,,
4289,-21.4613448,-0.198928422
4290,-10.6713599,-0.279397878
4291,-10.6395138,-0.520226226
4292,-23.1865645,-1.80961697
4293,-23.1865645,-1.80961697
4294,-11.3317041,-0.99972599
4295,-0.587753814,-0.65758145
4296,,
4297,-14.1705135,-1.41327099
4298,-8.45291989,-0.422106906
4299,23.551526,-0.0596633805
4300,1.81391776,-1.76446958
4301,1.81391776,-1.76446958
4302,-44.101569,-0.93871427
4303,-10.2519481,1.43725039
4304,,
4305,-15.8517114,-0.300469313
4306,0.366857584,0
4307,-10.8353121,-0.990779565
4308,-20.9824579,0.907154953
4309,-20.9824579,0.907154953
4310,23.7400952,0.625300719
4311,13.2571707,1.29242423
4312,,
4313,-13.1384903,0.0140456784
4314,14.0567644,-0.266997072
4315,-11.505019,0.50787672
4316,13.9959655,0.342562252
4317,13.9959655,0.342562252
4318,-0.378842737,2.1521822
4319,0.536708051,1.12282923
4320,,
4321,26.5684192,1.48587677
4322,37.9745424,1.70159849
4323,-1.274999,1.20542758
4324,32.1255338,-0.516074836
4325,32.1255338,-0.516074836
4326,-20.4704956,-0.139604281
4327,-0.542377978,-1.58542935
4328,,
4329,-7.08271371,0.752797933
4330,-10.9752811,-0.0837105316
4331,-48.5999718,-0.520291986
4332,-0.0532337012,0.595211298
4333,-0.0532337012,0.595211298
4334,-0.317317729,-1.04380603
4335,12.16195,0.434865121
4336,,
4337,3.15590846,-2.47327024
4338,-9.21537107,-1.38643826
4339,-27.5938684,0.150886453
4340,-0.139528359,-2.24369434
4341,-0.139528359,-2.24369434
4342,-10.1331738,-0.963977475
4343,0.757771767,-0.428259807
4344,,
4345,-0.287125661,0.365195131
4346,-24.3620158,0.680187546
4347,-11.712733,-0.717561126
4348,35.696726,0.631889713
4349,35.696726,0.631889713
4350,1.36913777,-0.899818251
4351,-22.8275416,0.123237822
4352,,
4353,-7.62591638,-0.744865545
4354,0.41902258,-1.32374314
4355,-8.44775979,0.939934727
4356,0.927955698,-1.73656833
4357,0.927955698,-1.73656833
4358,12.3854335,-1.79850441
4359,-22.1845659,0.451971423
4360,,
4361,-7.99712465,1.52375452
4362,-23.3168611,1.1590674
4363,-17.8935726,0.30230119
4364,-9.17631029,-1.22800573
4365,-9.17631029,-1.22800573
4366,-1.68473904,0.0594052035
4367,-35.9320242,-0.593159972
4368,,
4369,0.0403556449,0.609690833
4370,11.1311467,-0.0400150862
4371,-18.0681416,-1.19882895
4372,-9.3133196,0.908842573
4373,-9.3133196,0.908842573
4374,16.0301118,-1.13618037
4375,0.712492142,-0.879464424
4376,,
4377,34.2948704,0.0838063283
4378,33.3655284,-0.451515056
4379,-28.5274837,-0.0298231273
4380,-32.0770704,0.661218351
4381,-32.0770704,0.661218351
4382,21.8749582,-1.39318555
4383,13.1487034,0.41549358
4384,,
4385,1.36703186,-1.02397115
4386,0.029438743,-0.988923722
4387,-2.85941873,-0.486445696
4388,1.49771363,0.176130129
4389,1.49771363,0.176130129
4390,0.354399442,-0.1664387
4391,-19.8006048,0.569212432
4392,,
4393,-0.75868684,1.78307732
4394,-0.614921102,0.844781533
4395,-11.5761995,0.537921491
4396,-21.7493559,-0.746086641
4397,-21.7493559,-0.746086641
4398,-21.9376245,-2.63835333
4399,-21.1366357,0.384269167
4400,,
4401,-15.4301074,1.33057403
4402,11.9178593,0.945875998
4403,38.2692518,2.3772284
4404,-21.6074318,-0.518792191
4405,-21.6074318,-0.518792191
4406,23.8072661,1.37353311
4407,-23.2147158,-1.39930571
4408,,
4409,-1.24830836,-1.33533729
4410,-12.3857992,-0.860942224
4411,8.0272182,-0.380968261
4412,10.1284153,-1.86349894
4413,10.1284153,-1.86349894
4414,45.7686564,-0.293986235
4415,23.5954668,1.6380856
4416,,
4417,0.346412685,-0.892657374
4418,-11.3740585,-0.248834477
4419,51.0656102,0.3007079
4420,-13.8741847,0.280541355
4421,-13.8741847,0.280541355
4422,-32.8378436,0.364248601
4423,11.207424,-0.480257651
4424,,
4425,-15.6749408,-0.302067436
4426,-11.4461773,0.298531681
4427,-33.8599953,0.257742938
4428,0.948728962,-0.708894051
4429,0.948728962,-0.708894051
4430,1.33029161,-1.24249604
4431,25.2650465,-0.122225847
4432,,
4433,42.4038342,0.295080075
4434,22.9396027,-0.852458745
4435,5.93882591,1.00765468
4436,0.745186562,0.648514206
4437,0.745186562,0.648514206
4438,12.7738332,-0.948981574
4439,60.8292741,-0.0402186011
4440,,
4441,2.1655666,0.515741468
4442,13.0096387,1.15134018
4443,-2.90990812,-0.300812055
4444,26.4857298,0.04231841
4445,26.4857298,0.04231841
4446,0.536349916,2.31165486
4447,0.435670961,0.0814745772
4448,,
4449,-16.2267712,1.63344369
4450,-12.038008,1.37880961
4451,-13.5658231,-0.856256446
4452,1.35671143,0.76195028
4453,1.35671143,0.76195028
4454,-9.51834902,-0.996667361
4455,20.3326053,-0.821245162
4456,,
4457,-22.3629281,-2.8257776
4458,1.70041505,-2.12619219
4459,-13.8783649,0.454771583
4460,0.304621803,0.436594076
4461,0.304621803,0.436594076
4462,-9.2006419,-0.176736797
4463,20.6554618,-0.387409903
4464,,
4465,-7.50347986,1.11089735
4466,-45.9575255,0.593292522
4467,-43.5088103,-0.0926526958
4468,33.5069562,-1.14511669
4469,33.5069562,-1.14511669
4470,0.764810155,0.155883401
4471,-22.2637818,0.0402673177
4472,,
4473,0.945975496,1.36442901
4474,0.281393634,0.177278709
4475,26.6439467,-0.573272584
4476,-34.4844838,0.934798808
4477,-34.4844838,0.934798808
4478,34.0930011,-1.81969697
4479,-0.559554926,0.857617006
4480,,
4481,26.1204097,-1.49499166
4482,0,-0.881630425
4483,-16.4988641,0.334945922
4484,-34.0771621,0.05833055
4485,-34.0771621,0.05833055
4486,-0.471355301,1.65913706
4487,-45.8676756,-1.78226511
4488,,
4489,-23.3043284,-1.3885285
4490,-11.7440571,-0.806888153
4491,3.65612192,-1.98194092
4492,-11.4631186,0.275845352
4493,-11.4631186,0.275845352
4494,-23.6057956,-0.825560014
4495,12.0447738,-0.180576684
4496,,
4497,-40.5676276,-0.274176463
4498,-35.3318521,-0.972003711
4499,13.024491,-0.377825589
4500,-0.626816325,0.341088604
4501,-0.626816325,0.341088604
4502,11.5662736,-0.728784638
4503,0.415754718,0.850367348
4504,,
4505,40.5060873,-1.67655431
4506,35.6127205,-0.267258836
4507,-13.8834725,0.275154305
4508,1.10117952,-0.340713063
4509,1.10117952,-0.340713063
4510,1.4133294,-1.21042784
4511,12.2618337,-0.184025337
4512,,
4513,-5.99033851,0.782490467
4514,1.91398396,1.3227012
4515,-3.73389164,0.117229889
4516,1.6278842,-0.589790178
4517,1.6278842,-0.589790178
4518,-21.334207,-0.272981486
4519,35.211463,-1.1078208
4520,,
4521,8.7583523,0.866988245
4522,24.9708921,0.487130348
4523,4.83939844,-0.582991201
4524,0.261584044,0.0809749715
4525,0.261584044,0.0809749715
4526,11.1311958,0.868089826
4527,-42.9255311,-0.998600021
4528,,
4529,-6.73644854,0.619172137
4530,-10.7700125,-0.222778324
4531,33.2841751,-0.700166239
4532,1.69641639,0.79260922
4533,1.69641639,0.79260922
4534,1.50566044,0.215763213
4535,14.5670548,-0.863083477
4536,,
4537,41.8200002,0.449579203
4538,22.9086072,0.296720001
4539,-25.1976015,-0.536058822
4540,25.2076778,1.02583792
4541,25.2076778,1.02583792
4542,13.1367582,0.650248342
4543,21.2592589,0.743687558
4544,,
4545,-41.7225576,1.08746568
4546,-34.2664797,0.594248399
4547,-17.7578981,0.0890099008
4548,-11.2322563,0.561182147
4549,-11.2322563,0.561182147
4550,0.639429693,-1.06503848
4551,-33.5868315,2.21544957
4552,,
4553,40.7516643,-0.674753925
4554,35.170771,-0.268037917
4555,-18.2793166,-0.421053464
4556,-9.65895834,-0.989252472
4557,-9.65895834,-0.989252472
4558,-31.7946293,0.140255081
4559,2.32702273,-2.05077457
4560,,
4561,26.4782594,0.935792558
4562,48.9975135,0.468894647
4563,16.517191,-0.212727563
4564,-20.1367278,0.9271711
4565,-20.1367278,0.9271711
4566,1.44172051,-0.794585774
4567,12.2864643,-0.0597337823
4568,,
4569,-16.0464823,2.15821445
4570,-11.8409057,1.58412234
4571,6.9119253,0.161977702
4572,0.681220529,1.05447361
4573,0.681220529,1.05447361
4574,-10.8502383,0.33890521
4575,-22.2637575,-0.206007386
4576,,
4577,-8.10092587,-1.96877048
4578,-12.1112012,-2.47481869
4579,-26.4079562,-0.177028467
4580,0.752538678,-0.33446128
4581,0.752538678,-0.33446128
4582,-20.2079998,-0.950203541
4583,-11.7151846,-1.54744134
4584,,
4585,24.6340175,0.361114875
4586,10.7874162,-0.844641512
4587,58.3453596,1.233464
4588,-12.3857703,2.16786957
4589,-12.3857703,2.16786957
4590,46.0389828,-1.83562738
4591,22.2985538,-0.139618199
4592,,
4593,-31.3064817,1.10497828
4594,0.427784457,1.23934723
4595,-25.9316448,-0.633977787
4596,-22.7431553,0
4597,-22.7431553,0
4598,12.1821093,0.59397995
4599,24.8100241,0.145362335
4600,,
4601,0.370911147,-0.475964028
4602,-35.2198566,0
4603,-8.51419999,-0.117814803
4604,24.8656919,-1.86125422
4605,24.8656919,-1.86125422
4606,-10.5977352,1.65669839
4607,-20.6518902,1.11579049
4608,,
4609,-7.71506826,-0.122092114
4610,-11.9367293,0
4611,7.53322697,-0.997367142
4612,-10.744025,0.612260556
4613,-10.744025,0.612260556
4614,-23.8933783,0.275008418
4615,-10.1779018,0.616549866
4616,,
4617,-22.163979,-0.0722569894
4618,-22.0580333,-0.0403539978
4619,3.02773207,-0.458162855
4620,-35.8156013,-1.74842596
4621,-35.8156013,-1.74842596
4622,-0.143980914,0.77050808
4623,0.883310377,0.489717968
4624,,
4625,25.8371217,-0.499391553
4626,1.45919827,-0.137999433
4627,13.8372545,0.244074402
4628,-9.70043763,-0.183750208
4629,-9.70043763,-0.183750208
4630,-10.6062762,-0.979889772
4631,9.71313789,-0.222743522
4632,,
4633,-15.6534188,-0.150538872
4634,-0.11475518,0.0582632399
4635,10.8932237,0.387933198
4636,-10.6857523,-0.595477924
4637,-10.6857523,-0.595477924
4638,-21.3351408,0.206429383
4639,-10.4725698,0.497165391
4640,,
4641,7.56564066,-0.59708506
4642,-10.9845154,-1.44977004
4643,-6.94794957,0.559323665
4644,12.1148632,-0.747272935
4645,12.1148632,-0.747272935
4646,-9.7636541,0
4647,23.536061,-0.826229524
4648,,
4649,34.7601341,-0.221026476
4650,22.9694209,-0.882137541
4651,-22.963075,-1.82034379
4652,12.4554567,-1.44050987
4653,12.4554567,-1.44050987
4654,35.0934629,1.07587496
4655,12.3715315,-0.137963691
4656,,
4657,10.9262523,-1.33127598
4658,-8.31008648,-1.60395626
4659,3.97261084,-1.80454878
4660,35.7798911,-1.02645977
4661,35.7798911,-1.02645977
4662,-0.743618564,-0.06144669
4663,11.7074132,-0.865892053
4664,,
4665,9.97332505,0.706316291
4666,1.17165867,-1.06230415
4667,3.0251968,-1.43611378
4668,1.6983337,2.07120678
4669,1.6983337,2.07120678
4670,24.6758121,1.30026208
4671,0.415754718,2.48749218
4672,,
4673,-8.25388558,-0.215191544
4674,-10.9569701,-0.0410970501
4675,-15.786857,-0.390649023
4676,12.1428196,0.0628754134
4677,12.1428196,0.0628754134
4678,1.06453957,-1.10005893
4679,0.942725997,1.62461396
4680,,
4681,1.64476732,0.170692854
4682,13.2294458,1.2769301
4683,39.2456241,-0.864096116
4684,-22.3731011,-0.0996813789
4685,-22.3731011,-0.0996813789
4686,12.5932023,0.788119608
4687,1.09776067,1.40615821
4688,,
4689,-30.9760861,1.820705
4690,-21.5316803,1.43826996
4691,-7.30953832,-0.360230024
4692,23.9319885,-0.300879795
4693,23.9319885,-0.300879795
4694,12.5940891,-0.284037981
4695,0.728897531,0.0200343842
4696,,
4697,1.85097486,-0.270987127
4698,2.73481583,-0.257251202
4699,-0.285887171,0.40662235
4700,12.5466568,-0.101229164
4701,12.5466568,-0.101229164
4702,-22.7980682,0.648739174
4703,11.0329785,1.36023494
4704,,
4705,9.82224495,-1.24577338
4706,22.1408598,-0.698592929
4707,25.7350676,-1.34267235
4708,-0.360857534,-0.728441594
4709,-0.360857534,-0.728441594
4710,0.557138034,0.641943251
4711,-23.2790085,1.52018937
4712,,
4713,-23.2425438,-1.42548796
4714,-10.6313631,-1.56053952
4715,8.61103072,-0.58811545
4716,10.1649554,1.20603966
4717,10.1649554,1.20603966
4718,-20.9101543,-1.12901721
4719,0.310155596,0.189405187
4720,,
4721,24.1614323,-1.76227237
4722,23.8317378,-1.01768923
4723,28.4818977,-0.250229655
4724,-0.255800324,-0.785183145
4725,-0.255800324,-0.785183145
4726,10.9898002,-1.41673151
4727,1.13679608,-1.41499643
4728,,
4729,24.1622127,-0.680451983
4730,-24.5692378,1.41758771
4731,8.56583371,0.795069503
4732,-32.9534842,0.338603136
4733,-32.9534842,0.338603136
4734,-12.8158705,-0.615946886
4735,-21.9346772,1.18993372
4736,,
4737,-45.9558476,-2.03776424
4738,-32.8354345,-2.23000455
4739,-29.0917431,-0.349422097
4740,10.4556243,-0.188751375
4741,10.4556243,-0.188751375
4742,24.5876851,-0.53968872
4743,-10.3189548,-1.33521688
4744,,
4745,-42.9348293,-1.2671211
4746,-24.1461978,-0.552622767
4747,-2.97499767,0.269400239
4748,-9.13890159,1.51160472
4749,-9.13890159,1.51160472
4750,-0.299819618,0.622876873
4751,-10.3749481,2.13763224
4752,,
4753,-7.74182022,-0.300452533
4754,-22.2129976,-0.319674242
4755,-4.28077439,0.812173641
4756,-11.5282571,1.82167362
4757,-11.5282571,1.82167362
4758,-12.4885136,-0.103330023
4759,0.172707299,-0.0199244899
4760,,
4761,9.16679733,0.0282775535
4762,12.6149347,-0.123671668
4763,13.6639668,-0.499826622
4764,-22.9363003,-0.850410402
4765,-22.9363003,-0.850410402
4766,10.2852997,-1.690841
4767,-33.171165,-0.0199341711
4768,,
4769,-41.3525852,-1.08489858
4770,-22.4086908,-1.83696643
4771,13.2459791,-0.987689065
4772,-10.1782361,-1.7105991
4773,-10.1782361,-1.7105991
4774,-9.74630635,-1.20392899
4775,1.43627265,1.42928278
4776,,
4777,16.8372611,-1.53239645
4778,10.7725347,-1.36622002
4779,31.5801422,0.684846229
4780,10.6890146,0.751637228
4781,10.6890146,0.751637228
4782,0.141759281,-0.518444552
4783,-32.0122383,1.02656735
4784,,
4785,50.6978846,0.528528853
4786,23.7976986,0.182990913
4787,-12.8131313,1.679557
4788,-10.3658155,1.14284925
4789,-10.3658155,1.14284925
4790,11.283115,-0.307298077
4791,22.2208215,-1.64979459
4792,,
4793,1.39034893,0.547966808
4794,0.220097493,0.196920532
4795,-11.535105,-0.106662279
4796,24.6219512,-0.63379864
4797,24.6219512,-0.63379864
4798,-10.2163374,-0.304757798
4799,11.1157075,0.0196815643
4800,,
4801,25.5726901,-1.46669107
4802,-1.30087587,-1.64060998
4803,-19.5323024,1.0283426
4804,1.05245428,0.307931641
4805,1.05245428,0.307931641
4806,-0.141645183,0.367468362
4807,-21.1885584,1.31497716
4808,,
4809,-24.9764515,-0.321322535
4810,-11.8927707,-0.0206006619
4811,14.3946521,0.36974252
4812,-2.03960654,0.56731038
4813,-2.03960654,0.56731038
4814,-43.3574645,0.396865699
4815,0.246772431,0.598055211
4816,,
4817,42.1211301,0.402432285
4818,35.326995,0.350890417
4819,6.24903705,0.640417557
4820,-10.8126108,1.21598443
4821,-10.8126108,1.21598443
4822,22.9311623,-1.0268317
4823,1.14609283,-1.40106185
4824,,
4825,0.0951416286,-0.236289023
4826,-11.6002138,-0.521791552
4827,-17.8689218,-1.67417242
4828,0.635078369,0.742282446
4829,0.635078369,0.742282446
4830,12.062695,-0.809432748
4831,14.3634564,0.823657298
4832,,
4833,10.3179962,-0.253541485
4834,37.1068609,-0.325415814
4835,-1.03891977,0.178085331
4836,-9.62034563,-1.02503393
4837,-9.62034563,-1.02503393
4838,-12.1533056,-0.0582593849
4839,-35.8220824,-0.870674573
4840,,
4841,9.66996406,-0.350381558
4842,-23.2792614,-0.816131019
4843,7.88886829,-0.444193549
4844,12.7669626,-1.33927295
4845,12.7669626,-1.33927295
4846,-10.1098168,-0.672803935
4847,-22.1924116,0.386178134
4848,,
4849,16.8415417,0.600897503
4850,12.148786,0.692220875
4851,22.811258,0.825497317
4852,-33.9209331,-0.513151114
4853,-33.9209331,-0.513151114
4854,0.17199446,-0.479219951
4855,22.7326228,-0.612454946
4856,,
4857,34.4896954,0.593602639
4858,12.2196624,-0.544181081
4859,-2.2786351,-2.33359857
4860,-10.6561757,-1.63179713
4861,-10.6561757,-1.63179713
4862,1.45776635,-0.082122087
4863,0.428834719,-0.329305831
4864,,
4865,-7.9010756,-1.98099797
4866,23.2389851,-2.47660228
4867,-21.3713896,-1.73355312
4868,11.1272341,-1.76128975
4869,11.1272341,-1.76128975
4870,-11.6770165,0.609099275
4871,-32.2885179,-0.831375303
4872,,
4873,-16.1573755,0.152586723
4874,11.6916482,0.779757948
4875,-12.8918809,-1.33432041
4876,-32.3548487,-0.122198271
4877,-32.3548487,-0.122198271
4878,25.9201494,1.24383464
4879,13.2524891,-0.851645786
4880,,
4881,-22.4758567,0.670905624
4882,-22.9122877,0.325674884
4883,-21.965329,-0.58159166
4884,-1.13799246,-0.32273683
4885,-1.13799246,-0.32273683
4886,1.27687946,0.83561106
4887,1.78606619,-1.22426039
4888,,
4889,-23.2208326,-0.125661544
4890,-9.21472758,0.675025863
4891,36.0129713,0.129991567
4892,11.9654711,-1.09048944
4893,11.9654711,-1.09048944
4894,0.250773488,0.68294817
4895,-10.8553538,-0.933577829
4896,,
4897,-9.18569548,0.46437539
4898,-12.3380297,0.910542338
4899,20.0025038,-0.754495698
4900,-44.7227874,-1.36728916
4901,-44.7227874,-1.36728916
4902,-23.477735,-1.86522092
4903,-44.6615979,1.18995094
4904,,
4905,0.901321896,-1.76916352
4906,0.545878713,-1.69882953
4907,4.18331651,0.202267542
4908,-21.5813619,0.31423319
4909,-21.5813619,0.31423319
4910,11.8891844,-0.286267184
4911,1.94070254,1.36905359
4912,,
4913,8.23687925,-1.01547461
4914,11.3167077,-0.415758802
4915,12.5907289,-0.338264722
4916,32.6165501,-0.824118491
4917,32.6165501,-0.824118491
4918,-21.7062452,2.23402133
4919,-68.5621584,0.368466154
4920,,
4921,-6.56308388,0.738777394
4922,-10.8139221,-0.225556532
4923,-28.8682517,-1.40175032
4924,-10.2787842,0.707841034
4925,-10.2787842,0.707841034
4926,-9.74798867,-0.653774467
4927,-11.0133796,0.0608241641
4928,,
4929,-35.4590236,-0.0420270461
4930,-20.0766979,0.360840226
4931,-22.4462187,-0.323583683
4932,12.7174418,1.74769676
4933,12.7174418,1.74769676
4934,1.583461,1.33393053
4935,-22.0821458,0.65354679
4936,,
4937,-24.8106118,0.923641318
4938,-24.5007028,0.392773504
4939,18.4238307,0.673380091
4940,-23.5758358,0.452569751
4941,-23.5758358,0.452569751
4942,10.6339635,-0.969979651
4943,25.9548346,0.0631899367
4944,,
4945,16.2449807,1.15399939
4946,24.6621201,1.67947798
4947,27.4159509,-0.995923683
4948,-34.9385237,-0.42990263
4949,-34.9385237,-0.42990263
4950,22.6472411,-1.57977362
4951,12.5632731,0.123732946
4952,,
4953,-6.88866199,-0.942885991
4954,0.0574717972,-0.588633159
4955,10.293392,0.515478302
4956,1.67663963,-0.568766353
4957,1.67663963,-0.568766353
4958,10.775798,0.342290458
4959,25.2996442,1.26854718
4960,,
4961,-22.7670018,-1.12383682
4962,12.4468637,-0.551697145
4963,2.97104692,-1.2528245
4964,1.68732162,-0.861315644
4965,1.68732162,-0.861315644
4966,-33.2916406,-0.988439177
4967,-37.0040822,1.87655759
4968,,
4969,1.07328515,0.417104199
4970,11.6944654,-0.655017233
4971,-4.46057552,-0.100908583
4972,-11.7714688,0.666907766
4973,-11.7714688,0.666907766
4974,-9.26805873,-0.79462587
4975,0.499314682,-0.14529169
4976,,
4977,1.58349698,0.716877627
4978,0.590314845,-1.68507214
4979,-15.7226194,0.211235369
4980,24.7161251,-0.779590956
4981,24.7161251,-0.779590956
4982,-21.0327767,1.37160775
4983,-10.5010271,1.23023511
4984,,
4985,-5.98726571,-0.70011724
4986,-34.8795688,-0.269938201
4987,-30.2235262,0.122808002
4988,-9.61738234,-0.720756434
4989,-9.61738234,-0.720756434
4990,0.699096717,0.818998622
4991,-11.4414093,-0.766136137
4992,,
4993,-31.8819675,-0.344819098
4994,-24.7067579,-0.0199740356
4995,-13.1176719,1.76204713
4996,-11.7407962,1.44808971
4997,-11.7407962,1.44808971
4998,12.7786576,1.02610667
4999,48.0592448,0.970714363
5000,,
5001,8.92759187,-0.730157568
5002,12.3596,-1.31781302
5003,18.4002475,-0.886050135
5004,-47.3710533,0.160511718
5005,-47.3710533,0.160511718
5006,-11.3926159,1.37045014
5007,24.1256804,-0.932051643
5008,,
5009,33.248149,0.389529713
5010,12.821357,-0.489001654
5011,25.8769988,0.957203545
5012,-11.4760909,-0.227334324
5013,-11.4760909,-0.227334324
5014,0.244209058,-0.678644845
5015,-11.7693625,-0.489205283
5016,,
5017,0.449750887,0.276348356
5018,0.833028213,1.07979757
5019,-7.87413428,1.36133483
5020,1.04371658,-1.03497172
5021,1.04371658,-1.03497172
5022,12.7036666,-0.451828063
5023,24.403356,-0.63637727
5024,,
5025,0.512257168,-0.917029398
5026,-11.4893904,-2.10935846
5027,-25.1996868,-0.442519983
5028,23.39284,0.940002338
5029,23.39284,0.940002338
5030,13.9091922,0.516796096
5031,1.69777198,0.775323679
5032,,
5033,-21.430549,0.783540532
5034,1.97603982,0.284042376
5035,2.33705596,-0.63243253
5036,21.7802732,0.837495605
5037,21.7802732,0.837495605
5038,-33.6397528,-0.24518875
5039,-10.3774996,0.185233055
5040,,
5041,-24.1608248,-0.457467162
5042,-33.7026116,0.203572382
5043,-7.14045434,-0.436149399
5044,23.7550241,0.142805277
5045,23.7550241,0.142805277
5046,33.3662096,0.237873297
5047,13.0685242,0.928861194
5048,,
5049,-9.00510057,0.62112917
5050,-23.163054,1.50091013
5051,-7.27305928,0.951968001
5052,-11.5847906,0.0977534748
5053,-11.5847906,0.0977534748
5054,23.3043284,-0.141680955
5055,-10.1086583,0.560714347
5056,,
5057,-31.4250018,0.406625615
5058,-10.3379691,-0.841766398
5059,-59.6208532,1.36949056
5060,-9.44601896,-0.518847355
5061,-9.44601896,-0.518847355
5062,0.560291034,-1.24462979
5063,46.6312468,-0.801908889
5064,,
5065,-6.76382745,1.78805938
5066,0.936184552,1.39811772
5067,16.8369044,0.981051672
5068,12.7669626,-1.12142658
5069,12.7669626,-1.12142658
5070,-1.33224741,-0.617504161
5071,11.3109467,0.238796956
5072,,
5073,-5.79271509,-1.44477453
5074,-33.0692164,-2.32302326
5075,-20.0478321,-0.251571697
5076,2.24736132,0.981414485
5077,2.24736132,0.981414485
5078,37.3078269,-2.15670099
5079,-0.20554684,-0.661636715
5080,,
5081,-5.79684962,-0.241866334
5082,-10.0346023,-0.432313558
5083,10.4959686,-1.2825425
5084,1.98683662,-0.528176831
5085,1.98683662,-0.528176831
5086,-20.2878484,0.22577457
5087,-10.5291577,-1.17856735
5088,,
5089,-7.82630281,-0.540818416
5090,0.201746095,0.668345965
5091,19.5310992,-0.450863144
5092,-9.7832371,0.0807774228
5093,-9.7832371,0.0807774228
5094,2.22686,0.953278593
5095,0.16802717,-1.92329089
5096,,
5097,1.90206064,0.528848625
5098,12.2664517,1.11838441
5099,2.11357965,1.61999669
5100,25.7863611,0.222246178
5101,25.7863611,0.222246178
5102,12.9543427,-0.52908151
5103,-0.234813015,0.570479256
5104,,
5105,-30.0874481,-0.842003516
5106,-22.6381587,0.549083366
5107,28.9897655,0.488852958
5108,-1.39702286,-0.353898832
5109,-1.39702286,-0.353898832
5110,-9.65289082,-1.51088194
5111,1.12725358,-1.78235885
5112,,
5113,-20.7425348,0.796579971
5114,-21.8806221,0.987559633
5115,-16.2333851,0.386167965
5116,-11.6185161,-0.646780925
5117,-11.6185161,-0.646780925
5118,13.3500555,-1.04990762
5119,1.94884515,0.404559601
5120,,
5121,-6.78861014,0.346429155
5122,-45.7786211,0.180121115
5123,-32.3826613,-0.792912156
5124,1.09854038,-1.70028326
5125,1.09854038,-1.70028326
5126,-0.140519154,-0.314253929
5127,11.5424814,-0.180331228
5128,,
5129,-0.748583995,0.277736601
5130,-0.229521724,0.594381021
5131,-1.22866316,-0.410382259
5132,12.167716,-0.0784077661
5133,12.167716,-0.0784077661
5134,-22.8762026,-0.341639177
5135,11.2925807,0.387205804
5136,,
5137,-14.962369,0.804357537
5138,12.2523198,0.0416473266
5139,-16.5863184,0.641639701
5140,1.25001276,1.14535463
5141,1.25001276,1.14535463
5142,-11.6240102,-1.72785243
5143,11.9426033,0.380686235
5144,,
5145,-13.7106425,-0.964390473
5146,1.98845795,-0.42556664
5147,-0.416485979,-0.987209754
5148,-33.1170216,1.28234069
5149,-33.1170216,1.28234069
5150,13.3108362,-0.833830535
5151,12.4857983,0.593245354
5152,,
5153,-18.3933639,-2.52835657
5154,-26.5867334,-1.16511295
5155,-43.4384728,1.05840353
5156,12.4631493,0.667313629
5157,12.4631493,0.667313629
5158,12.7126447,1.67492773
5159,-11.0530757,-0.686258177
5160,,
5161,2.89288893,0.322117095
5162,-8.44181357,-0.22324422
5163,-9.06899903,-0.448891586
5164,-11.739207,0.688033467
5165,-11.739207,0.688033467
5166,2.34095116,-0.585554029
5167,-32.7401741,1.25394477
5168,,
5169,18.9507236,0.670370754
5170,14.5695341,0.486536985
5171,-9.38626181,-0.379305131
5172,-20.8497174,-1.03099691
5173,-20.8497174,-1.03099691
5174,35.8172515,-0.595847421
5175,22.358566,0.285793203
5176,,
5177,1.28308827,0.436367158
5178,-21.2388537,0.330665453
5179,-1.04127071,0.80199513
5180,11.8878515,0.0197341289
5181,11.8878515,0.0197341289
5182,-11.7676873,-1.83491504
5183,11.6003073,-0.804195914
5184,,
5185,1.40690237,-0.269644982
5186,24.9162157,0
5187,-4.27609122,-1.5872453
5188,-11.8248447,0.539782791
5189,-11.8248447,0.539782791
5190,-20.8486508,0.789031793
5191,-9.8590961,-0.441216738
5192,,
5193,25.5919669,-0.183096953
5194,33.9017549,-0.145884203
5195,-22.9159913,0.395167913
5196,1.21454264,-0.529443396
5197,1.21454264,-0.529443396
5198,0.529967853,0.738344837
5199,0.285037159,0.384131363
5200,,
5201,-6.44139365,0.059268254
5202,-21.9333657,-0.0628303309
5203,-13.8195289,-0.285155887
5204,23.2022096,-0.143370183
5205,23.2022096,-0.143370183
5206,-23.2148802,0.264220032
5207,0.267304667,1.77824464
5208,,
5209,8.86147719,1.48129196
5210,24.0943528,0.852943283
5211,-23.0310364,-0.628586443
5212,12.6823909,-0.528165906
5213,12.6823909,-0.528165906
5214,0.407822633,-0.739631219
5215,-8.86880166,-0.356765635
5216,,
5217,-7.99180615,-0.71869984
5218,-23.4140469,-0.451098566
5219,2.66378663,-1.25289338
5220,11.336046,0.261541675
5221,11.336046,0.261541675
5222,1.38261767,0.563439143
5223,0.722347955,-0.103299952
5224,,
5225,16.7494591,2.03626715
5226,35.438279,1.42879407
5227,-11.1849114,1.35524068
5228,23.7243866,0.89947709
5229,23.7243866,0.89947709
5230,12.8053223,-1.40997847
5231,-0.411033433,0.60973059
5232,,
5233,-7.03079703,1.97002333
5234,-25.2203882,2.64416623
5235,19.7877771,1.83252893
5236,34.6943038,-1.35998085
5237,34.6943038,-1.35998085
5238,-23.5391118,-0.460596037
5239,12.9920282,0.414950016
5240,,
5241,1.9236812,0.0997895517
5242,12.1475121,-0.754961037
5243,-37.6013346,1.1395618
5244,-20.3393877,0.259130804
5245,-20.3393877,0.259130804
5246,10.3553195,-0.394860093
5247,-21.5362081,-0.5589486
5248,,
5249,-0.806782019,-0.230958559
5250,11.869011,-0.360980957
5251,-1.93231002,0.309470075
5252,-10.4938595,1.37119655
5253,-10.4938595,1.37119655
5254,-20.5711283,-0.440446093
5255,23.8526113,-0.769512369
5256,,
5257,-8.98932298,0.247021592
5258,-10.9918164,1.00189053
5259,6.96677839,1.0489197
5260,0.89780878,-1.05409711
5261,0.89780878,-1.05409711
5262,0.953531315,0.806482768
5263,-10.2569545,2.08615473
5264,,
5265,-23.6801628,0.597883585
5266,13.1277031,0.260952021
5267,7.03106463,0.305430752
5268,1.05688623,-1.13054522
5269,1.05688623,-1.13054522
5270,-24.7894293,0.809227249
5271,23.0582351,-0.700552541
5272,,
5273,-8.11865909,-0.226054454
5274,-10.1815191,-0.0205873527
5275,-8.51320234,0.618646431
5276,24.2183814,-1.21506207
5277,24.2183814,-1.21506207
5278,22.7438466,-1.36207758
5279,-22.8460683,-1.39925079
5280,,
5281,-31.2507736,-1.70526646
5282,-21.5890072,-0.982608401
5283,-11.3599779,0.417635034
5284,-0.294803613,-0.750879823
5285,-0.294803613,-0.750879823
5286,-10.1859123,0.403730338
5287,-0.3841112,-0.101201098
5288,,
5289,34.1230812,0.141033148
5290,12.35072,0.471397228
5291,-15.3544178,0.684947159
5292,2.5176851,0.101448049
5293,2.5176851,0.101448049
5294,-48.4321732,-1.65959239
5295,-12.5951572,-0.784011273
5296,,
5297,9.23205905,1.16979019
5298,1.17499908,0.776979177
5299,4.72705128,0.846536056
5300,11.9727464,-0.7664774
5301,11.9727464,-0.7664774
5302,11.1015246,0.695558581
5303,1.7119045,0.883481444
5304,,
5305,-15.4921332,-0.548700824
5306,24.1824701,0.0824713161
5307,6.06982778,0.786385671
5308,1.33940472,-0.729043359
5309,1.33940472,-0.729043359
5310,-9.92495351,0.982347142
5311,34.8903127,-0.602412043
5312,,
5313,-39.2789473,-0.449152902
5314,-33.0708792,-0.756072498
5315,6.75528206,0.443975274
5316,-45.3379414,0.957701183
5317,-45.3379414,0.957701183
5318,0.397475285,-0.209365745
5319,-9.7864024,0.358588912
5320,,
5321,33.0909905,0.651005041
5322,24.9494734,0.33232425
5323,4.57184617,1.21478024
5324,14.274249,-0.671510981
5325,14.274249,-0.671510981
5326,-22.8078146,-1.25955592
5327,-10.4717127,0.0206083352
5328,,
5329,-25.8143419,1.48436556
5330,-23.3715892,0.685193681
5331,21.1398921,0.783644607
5332,0.714647442,-0.0202991205
5333,0.714647442,-0.0202991205
5334,-33.3281744,-2.67796043
5335,0.921285443,-0.126508722
5336,,
5337,-5.78378753,-0.226564502
5338,0.904928674,-0.549590349
5339,-20.0510628,0.36150299
5340,25.4658193,0.257498982
5341,25.4658193,0.257498982
5342,-22.8172525,-0.061500125
5343,21.2944912,-2.04130494
5344,,
5345,-30.5303622,2.22527107
5346,-22.0563591,1.37818194
5347,-13.2055089,-0.206224448
5348,1.05208845,0.188748462
5349,1.05208845,0.188748462
5350,34.4541402,0.331727487
5351,-21.3950571,0.850087595
5352,,
5353,-29.8725245,-0.136834799
5354,-10.1332604,0.371742505
5355,-49.0282838,1.03059867
5356,0.351340631,-1.20790375
5357,0.351340631,-1.20790375
5358,24.2372306,0
5359,-0.365982081,0.375697983
5360,,
5361,-13.2316227,0.104073056
5362,-10.4825839,-0.90852178
5363,31.0418583,-2.26983285
5364,22.0247055,-0.499618732
5365,22.0247055,-0.499618732
5366,0.579777141,0.819591333
5367,-9.1466546,0.619133505
5368,,
5369,34.6561671,-0.330759794
5370,24.0533519,-1.00439203
5371,-9.11392886,-1.11746782
5372,-10.2619196,-0.019932583
5373,-10.2619196,-0.019932583
5374,13.8898526,-1.78112116
5375,23.7130921,-0.161425545
5376,,
5377,10.2059799,-0.272358288
5378,1.76486295,0.825230628
5379,5.92329523,-2.07040092
5380,-9.54130993,0.371037128
5381,-9.54130993,0.371037128
5382,11.0104674,0.164713257
5383,0.115135808,-0.200806862
5384,,
5385,16.9099672,0.379900836
5386,0.704691304,0.644229479
5387,9.2111888,-0.634357129
5388,34.3570868,1.75968941
5389,34.3570868,1.75968941
5390,0.373141551,-1.12204895
5391,-35.9931049,-0.16556968
5392,,
5393,16.3115783,-1.66465846
5394,44.0465535,-0.6453414
5395,-16.7895842,-0.199835531
5396,-23.0557263,-0.579665655
5397,-23.0557263,-0.579665655
5398,13.9257941,-0.394806554
5399,1.9344524,-0.0613772905
5400,,
5401,0.316988378,-0.394688047
5402,22.6127327,0.594485391
5403,-9.59768844,0.267964212
5404,0.550533831,-2.41721949
5405,0.550533831,-2.41721949
5406,2.08184348,-0.926214846
5407,1.80438524,0.77484108
5408,,
5409,-16.1216553,0.374190017
5410,-23.6988058,-0.950226026
5411,-26.7622382,-0.784452321
5412,1.19647421,0.974587524
5413,1.19647421,0.974587524
5414,-9.36763456,-0.0417233926
5415,33.3327437,-0.787737252
5416,,
5417,9.64283881,0.957552867
5418,1.40141688,0.686121003
5419,21.3833366,-0.0744832864
5420,-0.084781364,-0.0617968591
5421,-0.084781364,-0.0617968591
5422,1.41704287,-0.381940771
5423,11.4229657,-1.17848077
5424,,
5425,27.0005286,-2.06680927
5426,1.08895916,-2.14846089
5427,-20.631818,-0.232164405
5428,-23.4326337,-1.31549064
5429,-23.4326337,-1.31549064
5430,-21.3952204,-1.55320505
5431,-21.9843756,0.51487571
5432,,
5433,7.34350567,-0.614438657
5434,-0.144220894,-0.561543322
5435,-2.49778278,-1.12569057
5436,-23.8729178,0.24161127
5437,-23.8729178,0.24161127
5438,21.1722066,0.861837732
5439,-22.7382405,-0.332827216
5440,,
5441,-34.5857253,1.29629787
5442,-11.9705262,1.21546878
5443,-50.7669296,0.619225852
5444,-10.2133185,-0.921533708
5445,-10.2133185,-0.921533708
5446,0.257052416,-1.15836609
5447,25.2084183,0.922338762
5448,,
5449,16.7564517,0.942321332
5450,34.2693407,-0.388912194
5451,14.7069595,-0.501251856
5452,14.1505534,0.0596428239
5453,14.1505534,0.0596428239
5454,0.221445895,-1.46157784
5455,0.361091986,-1.21748023
5456,,
5457,-39.8500015,1.35275002
5458,-46.1220733,0.308530529
5459,-13.0594447,1.18612667
5460,-10.1183442,-1.54342769
5461,-10.1183442,-1.54342769
5462,-12.2350846,0.740768268
5463,-9.77123572,-0.0623008369
5464,,
5465,34.3945941,-1.66472333
5466,60.6437447,-0.178103279
5467,-12.3197057,0.891253314
5468,0.835798293,2.37273493
5469,0.835798293,2.37273493
5470,-34.5121279,0.91594798
5471,23.3015134,-1.65922142
5472,,
5473,0.885088244,1.22819606
5474,0.679453554,1.22229418
5475,30.4543395,0.653171121
5476,-21.4039402,-0.571113592
5477,-21.4039402,-0.571113592
5478,12.6023574,0.0203436247
5479,-33.9751324,0.0623784213
5480,,
5481,8.50997555,0.85735832
5482,11.9407635,0.6728975
5483,19.8316399,0.5104093
5484,0.834113577,1.53959644
5485,0.834113577,1.53959644
5486,-31.8035545,-1.68128766
5487,27.0897107,0.473088171
5488,,
5489,1.10118767,-0.431652185
5490,0.523969099,-0.953357758
5491,9.00962388,-0.809294867
5492,-22.6104734,-0.758364911
5493,-22.6104734,-0.758364911
5494,-10.8086019,2.21757592
5495,-36.146769,0.626250622
5496,,
5497,-6.29691978,-0.641277852
5498,10.9526574,-1.37071965
5499,7.62339454,2.10317865
5500,-0.144826136,-0.830095448
5501,-0.144826136,-0.830095448
5502,9.82142594,0.0205645158
5503,-11.1144174,-0.980740136
5504,,
5505,0.163715631,-0.364046936
5506,-11.2962324,-0.118164378
5507,-13.899461,-1.39134261
5508,48.1967097,-0.205563361
5509,48.1967097,-0.205563361
5510,-23.3226677,-0.163514095
5511,-34.0173812,0.261330209
5512,,
5513,0.489636225,1.36207391
5514,1.14564392,1.28396291
5515,19.6742016,-0.206536816
5516,13.2757922,-0.830099612
5517,13.2757922,-0.830099612
5518,22.9083898,0.200319763
5519,25.4555108,-0.582922125
5520,,
5521,-16.4499646,1.24403358
5522,0.340400279,2.17928933
5523,8.34581272,0.0144279609
5524,11.6949787,0.48525918
5525,11.6949787,0.48525918
5526,-10.1337165,0.681762215
5527,1.52800117,-0.693146541
5528,,
5529,-17.193163,1.03299459
5530,-24.9111759,0.0409056437
5531,-21.6507293,1.08284898
5532,-23.5526873,-0.18881466
5533,-23.5526873,-0.18881466
5534,12.6920937,0.93914672
5535,-21.2386575,0.0996149175
5536,,
5537,56.9291,2.8831834
5538,57.7791016,2.45414271
5539,-4.67504351,-1.05571043
5540,35.6426784,-0.707688522
5541,35.6426784,-0.707688522
5542,25.3483435,0.0206878057
5543,10.9977502,-1.00378986
5544,,
5545,-14.4863623,-0.48956269
5546,-11.3195369,0
5547,15.5964392,-0.229697204
5548,-9.57122968,0.537612847
5549,-9.57122968,0.537612847
5550,-10.876185,-0.388432816
5551,10.6489436,-1.35401654
5552,,
5553,-15.3744983,-1.61612514
5554,-9.95372192,-2.43642432
5555,-24.766702,-0.154298746
5556,-13.5924795,-0.161112161
5557,-13.5924795,-0.161112161
5558,25.1058286,0.209631219
5559,-12.5475798,-0.606919833
5560,,
5561,0.409451356,-1.81239759
5562,33.0538989,-1.44828072
5563,42.3964754,-2.19021086
5564,2.3500685,-0.290777942
5565,2.3500685,-0.290777942
5566,9.71720233,1.00167942
5567,0.922566829,-0.62116977
5568,,
5569,0.223110678,0.116388894
5570,44.0820617,1.31818157
5571,-26.2158655,0.145097022
5572,23.3021262,0.0202164047
5573,23.3021262,0.0202164047
5574,-10.0336714,-1.37196184
5575,1.28277369,0.100531373
5576,,
5577,-7.29102597,-1.50753567
5578,14.0003733,-1.43959179
5579,4.75260405,-1.93471489
5580,-22.3679529,-1.6992787
5581,-22.3679529,-1.6992787
5582,-23.0206775,0.272411019
5583,-11.8210523,0.800140388
5584,,
5585,-22.4386174,1.03103767
5586,-59.0095503,-0.381757837
5587,-42.014043,-1.0055959
5588,11.8692841,0.544064113
5589,11.8692841,0.544064113
5590,-33.8124037,1.11515049
5591,-33.0066785,-1.52426012
5592,,
5593,-38.4922971,-0.675276196
5594,-33.3216952,-1.45365697
5595,11.2067643,0.78766593
5596,13.2019033,1.89517875
5597,13.2019033,1.89517875
5598,12.21245,-1.36649127
5599,34.0910133,-0.339669345
5600,,
5601,-26.3132709,0.601323838
5602,-1.55032087,0.0991524032
5603,5.33085888,-0.296285845
5604,-56.8323601,-0.195354954
5605,-56.8323601,-0.195354954
5606,1.28881203,-0.404291031
5607,-21.3983046,2.12664987
5608,,
5609,-8.33713914,-0.561683318
5610,-24.5096227,-0.329244317
5611,29.3394641,1.10113186
5612,-21.2552078,-0.976494339
5613,-21.2552078,-0.976494339
5614,-23.1050552,0.0590176552
5615,-32.171143,-0.700551292
5616,,
5617,2.38563189,-0.267900421
5618,-9.7832371,-0.497640121
5619,-3.15012371,-0.192737509
5620,11.6935457,-1.45182393
5621,11.6935457,-1.45182393
5622,24.8023455,0.346913045
5623,12.5864219,1.45559887
5624,,
5625,-11.7565567,-2.32800747
5626,-29.7972332,-2.30033235
5627,-3.29176736,-1.22284557
5628,-9.49432823,1.67834976
5629,-9.49432823,1.67834976
5630,-9.72522013,-1.00127214
5631,1.80539602,1.17702475
5632,,
5633,-0.589914262,-0.663378501
5634,10.4462938,-0.305257738
5635,3.28608212,0.972145462
5636,37.2738093,-1.65461208
5637,37.2738093,-1.65461208
5638,-33.7208906,0.24612172
5639,-11.7722214,2.03747679
5640,,
5641,2.20806466,1.68642273
5642,-10.1518496,0.478563439
5643,11.5580603,0.541727039
5644,-10.6872907,-0.286869028
5645,-10.6872907,-0.286869028
5646,34.4557438,-0.635411035
5647,0.884030214,0.404705507
5648,,
5649,17.6365282,0.437817056
5650,11.7732501,0.325384444
5651,11.8353393,0.831069112
5652,-0.436780541,-0.119437128
5653,-0.436780541,-0.119437128
5654,11.8259657,1.53704121
5655,11.3950586,1.54014592
5656,,
5657,-1.58566752,0.196487272
5658,10.3210813,-0.384328271
5659,30.373678,-0.356559464
5660,-0.675663925,-3.10743738
5661,-0.675663925,-3.10743738
5662,23.3815131,-1.98233004
5663,24.9459935,1.18491528
5664,,
5665,25.3146926,1.01045339
5666,11.5854234,0.613019829
5667,-19.2198925,0.46716432
5668,12.1339439,-0.661383556
5669,12.1339439,-0.661383556
5670,-11.3751266,-0.613607172
5671,35.7354091,0.226348862
5672,,
5673,-16.2506028,1.53615723
5674,-22.4616952,0.473847481
5675,-1.5257925,0.0892184023
5676,-20.6881022,1.55863451
5677,-20.6881022,1.55863451
5678,25.7337402,0.353647097
5679,24.4743958,-0.245463459
5680,,
5681,8.18092825,-0.305282959
5682,-36.999057,-1.03136185
5683,-28.5870995,0.179779803
5684,13.1663238,-2.97526339
5685,13.1663238,-2.97526339
5686,13.1449643,0.163644194
5687,0.467307034,0
5688,,
5689,9.1020139,0.0696665719
5690,0.286912809,-0.297610937
5691,-26.9681228,0.0573952632
5692,12.0021924,1.30817081
5693,12.0021924,1.30817081
5694,-10.541438,3.11563959
5695,-25.0790919,0.76183368
5696,,
5697,28.9227811,-2.35462714
5698,38.5449487,-0.873558362
5699,27.049255,0.952194579
5700,3.86392149,0.63106594
5701,3.86392149,0.63106594
5702,-33.8479095,0.0959208828
5703,-19.1979939,0.90907702
5704,,
5705,9.97226776,1.48623891
5706,-22.9871041,0.926240013
5707,8.84795573,-1.18178368
5708,44.7866365,0.0986031077
5709,44.7866365,0.0986031077
5710,11.0330086,0.770956256
5711,10.2337569,-0.65837196
5712,,
5713,-30.9592288,-1.55642694
5714,-10.7786194,-1.95540002
5715,10.6138564,1.05781211
5716,10.1250397,-0.216703482
5717,10.1250397,-0.216703482
5718,0.113452117,1.61372858
5719,33.9119811,-1.26692224
5720,,
5721,-6.18359758,0.731360073
5722,12.8904454,0.655380736
5723,20.3193286,1.47263535
5724,2.06529753,0.60107597
5725,2.06529753,0.60107597
5726,1.53836927,-0.0986048377
5727,13.1274842,-0.083356277
5728,,
5729,0.680856857,0.167779113
5730,24.4757978,-0.504804462
5731,2.78053223,0.0306684191
5732,12.8955476,-0.292919027
5733,12.8955476,-0.292919027
5734,-22.2386637,-0.393638738
5735,-11.6962465,-1.24474262
5736,,
5737,8.69944211,0.986125944
5738,-22.1137087,-0.191548483
5739,-32.4305211,-0.423537535
5740,30.9263169,0.201799641
5741,30.9263169,0.201799641
5742,-22.1655433,0.532824053
5743,-10.4773909,0.411863126
5744,,
5745,1.65189737,1.29023549
5746,13.3225794,1.15891809
5747,-2.48026941,-1.44293373
5748,-32.3619703,-1.30424887
5749,-32.3619703,-1.30424887
5750,1.40514965,-0.333339135
5751,11.8429781,-0.0390292029
5752,,
5753,-32.1936679,0.863594695
5754,-36.2366245,1.72378795
5755,-42.6047233,2.02677042
5756,-34.7927855,-0.598284677
5757,-34.7927855,-0.598284677
5758,23.2003488,0.829638718
5759,3.78623751,1.74357735
5760,,
5761,1.29410234,-0.522545037
5762,-0.108092971,-0.246968099
5763,4.1901712,-0.157104121
5764,1.41450964,-2.97864994
5765,1.41450964,-2.97864994
5766,11.9562788,-0.514746718
5767,12.4084281,-0.622999177
5768,,
5769,8.32429256,-0.48298411
5770,-1.28141976,-1.20946268
5771,26.541298,0.844647216
5772,0.141759281,-0.724421756
5773,0.141759281,-0.724421756
5774,0.492729919,2.75101287
5775,-35.9786225,-0.90521439
5776,,
5777,16.3974139,1.45852139
5778,22.4740251,0.486212017
5779,0.405118515,1.62503581
5780,13.1521059,-1.16729572
5781,13.1521059,-1.16729572
5782,-11.1527426,-0.204262842
5783,-0.286912809,0.407075007
5784,,
5785,-16.0931242,-0.617797762
5786,10.7547072,0.906373693
5787,0.176562483,-0.147347977
5788,0.498323595,-1.37947804
5789,0.498323595,-1.37947804
5790,12.3661027,0.272283326
5791,-23.231638,-1.12536113
5792,,
5793,32.0735112,0.029522608
5794,34.8445334,-0.565343723
5795,-1.07463537,2.79123182
5796,-0.500691817,1.35368802
5797,-0.500691817,1.35368802
5798,13.7452499,0.513183781
5799,-23.664267,0.275639458
5800,,
5801,18.8332475,-0.116722558
5802,13.4826557,-0.285693262
5803,3.70064084,0.168238501
5804,1.12882312,-0.0795959046
5805,1.12882312,-0.0795959046
5806,-10.5597422,-0.934516594
5807,-10.724469,-0.099663709
5808,,
5809,2.44509701,0.454521669
5810,-9.98658619,0.733331773
5811,28.967843,0.784179673
5812,11.7136592,1.40346847
5813,11.7136592,1.40346847
5814,23.1789703,-0.255270695
5815,-33.6581256,1.5066048
5816,,
5817,33.0629788,1.69657972
5818,48.6181443,1.7264273
5819,-23.0637568,1.0103888
5820,-0.38960576,0.941891853
5821,-0.38960576,0.941891853
5822,0.11475518,-1.70319776
5823,-22.0568464,-1.18247001
5824,,
5825,-17.1311751,-0.659258256
5826,-11.1391311,-1.38610649
5827,-17.1854047,1.01352847
5828,-9.10750391,-0.845400695
5829,-9.10750391,-0.845400695
5830,-0.194586173,0.078806517
5831,10.4431447,0.479052297
5832,,
5833,0.601206638,1.28357432
5834,22.6643683,0.354581383
5835,8.97987453,0.661454483
5836,1.95306886,-0.204836623
5837,1.95306886,-0.204836623
5838,-23.5819369,-0.621490391
5839,11.0399912,0.470131328
5840,,
5841,1.72746315,0
5842,-0.112104081,0.882104046
5843,1.10326994,-0.0876716755
5844,0.600501472,1.67343896
5845,0.600501472,1.67343896
5846,-20.9188275,-0.368755684
5847,0.244029002,-0.275188803
5848,,
5849,-7.95191572,1.2269049
5850,-0.923590697,0.977625804
5851,1.4230113,1.19742918
5852,-32.779919,-0.476797687
5853,-32.779919,-0.476797687
5854,2.17879499,0.158159877
5855,-35.7501997,-1.65329978
5856,,
5857,-16.607819,-0.234653091
5858,-12.7907474,0.317664084
5859,16.8850645,0.921865765
5860,-22.0497934,-0.298748477
5861,-22.0497934,-0.298748477
5862,24.0583675,0.973217207
5863,24.299936,-1.02637157
5864,,
5865,25.2415244,1.45836298
5866,11.7621638,2.29272982
5867,24.2317757,2.24170873
5868,-21.3954295,2.7948811
5869,-21.3954295,2.7948811
5870,12.4862733,1.24804738
5871,-9.09949036,-0.495238075
5872,,
5873,-29.3057781,1.50163649
5874,-22.123001,1.65405493
5875,-15.5355089,-0.138235237
5876,-10.9767158,2.6262221
5877,-10.9767158,2.6262221
5878,-0.296880177,0.475644021
5879,2.62117858,-1.17870688
5880,,
5881,-14.4680638,0.669560582
5882,-22.2051391,0.663065026
5883,-7.57568397,-0.359337919
5884,-12.052342,1.56406008
5885,-12.052342,1.56406008
5886,-21.4676039,0.183954031
5887,-34.0211894,0.638607147
5888,,
5889,0.102212952,-0.158266432
5890,0.524674546,0.456334752
5891,12.9084002,-0.514887036
5892,22.7451528,-0.0792312739
5893,22.7451528,-0.0792312739
5894,11.2773262,-0.304406969
5895,-0.317053341,0.188395334
5896,,
5897,32.3475103,-0.675020037
5898,35.519154,-0.159008708
5899,30.2607378,-2.06172746
5900,25.223305,0.659841036
5901,25.223305,0.659841036
5902,12.1292076,-1.0606749
5903,12.5994634,-0.749853354
5904,,
5905,-4.92713493,0.22221249
5906,-19.6966158,0.487943514
5907,2.77428349,-1.36738289
5908,36.0140297,-2.1676497
5909,36.0140297,-2.1676497
5910,12.9602871,-0.448350443
5911,0.178589477,-0.336696331
5912,,
5913,-22.3413512,-0.296070961
5914,-10.5827497,-0.942657837
5915,-4.98725649,-0.117467967
5916,-25.2096366,2.15973995
5917,-25.2096366,2.15973995
5918,14.892096,0.0391629096
5919,-8.85010614,0.752951919
5920,,
5921,8.17297234,0.342316545
5922,22.5017066,-0.644124626
5923,-14.0950382,0.354498648
5924,12.3923169,-0.244245258
5925,12.3923169,-0.244245258
5926,-0.781691506,2.61010938
5927,-10.3121971,-0.206649097
5928,,
5929,0.925791336,-0.867520347
5930,13.0111717,-1.83561324
5931,-14.7491684,-0.164594628
5932,23.1072738,-0.202755465
5933,23.1072738,-0.202755465
5934,-44.5258335,-1.12890384
5935,-33.1480446,0.496657858
5936,,
5937,-14.5471287,0.75195773
5938,-19.8586127,0.675787677
5939,12.3265677,-0.114803086
5940,-34.3828678,1.09886207
5941,-34.3828678,1.09886207
5942,11.426162,1.06309543
5943,-0.815461453,-0.625390301
5944,,
5945,-38.6335246,-0.794957395
5946,-46.2656042,-0.278552496
5947,-29.2958985,0.479627622
5948,0.822899672,0.32245647
5949,0.822899672,0.32245647
5950,36.8292088,0.876123398
5951,-24.7856849,1.7027442
5952,,
5953,9.89196294,-0.458911872
5954,-0.0542448115,-0.7751356
5955,-11.356419,-1.41528211
5956,-34.5134541,-0.479146079
5957,-34.5134541,-0.479146079
5958,23.6860165,-1.73682438
5959,-9.69939425,-0.815015258
5960,,
5961,-40.9038759,0.236657788
5962,-21.8638459,-1.1648845
5963,6.29643146,0.450633361
5964,14.3508196,-1.55394746
5965,14.3508196,-1.55394746
5966,-11.1365339,-0.622514353
5967,-33.4277906,-1.39927647
5968,,
5969,18.1156492,-0.343970502
5970,49.3016193,-0.86575293
5971,-19.0825661,-0.0302269346
5972,-10.458038,-1.41463102
5973,-10.458038,-1.41463102
5974,0,0.43704408
5975,1.17390014,-1.17886609
5976,,
5977,23.8830054,1.1347792
5978,36.5945932,2.55777054
5979,23.1252179,1.40763896
5980,-20.7954741,-1.02065558
5981,-20.7954741,-1.02065558
5982,-11.9316555,0.232054858
5983,2.50018702,-0.0831473116
5984,,
5985,24.899064,0.559737127
5986,24.6737649,-0.551310527
5987,-3.17833827,-0.463509192
5988,-21.3811843,0.138038162
5989,-21.3811843,0.138038162
5990,12.2481204,-0.309913118
5991,-10.0504769,-0.538734717
5992,,
5993,-15.5418173,0.37743948
5994,12.1219289,-0.51189646
5995,18.5254486,0.468228962
5996,12.1918777,2.54224072
5997,12.1918777,2.54224072
5998,-21.7050213,0.628843792
5999,-33.6643171,-1.11248722
6000,,
6001,-1.41715225,1.78921985
6002,-12.7789834,2.09527428
6003,8.63251682,-0.685897011
6004,38.3823545,0.147186134
6005,38.3823545,0.147186134
6006,24.5689822,0.62870188
6007,45.4527783,0.604055794
6008,,
6009,-47.8014376,-1.15528521
6010,-11.5058377,-0.802668051
6011,-18.5163111,-0.865926033
6012,-33.3181738,1.96566278
6013,-33.3181738,1.96566278
6014,10.409662,0.302990443
6015,-0.692369302,-0.162585244
6016,,
6017,-24.176323,1.3337487
6018,-10.3122694,0.659003577
6019,-25.0374847,-0.0884080165
6020,-10.0439187,-2.10540418
6021,-10.0439187,-2.10540418
6022,-9.50054629,1.40052802
6023,-11.125772,0.942293055
6024,,
6025,16.930535,-0.481457826
6026,-10.9150794,-1.66834969
6027,-28.1668369,-1.33643505
6028,-23.3172914,-1.51466147
6029,-23.3172914,-1.51466147
6030,23.9531729,0.940418754
6031,2.27257592,-0.198415032
6032,,
6033,0.468063717,0.659872007
6034,-0.112548073,-0.43350101
6035,7.75433206,-0.75994849
6036,14.7961421,0.669651096
6037,14.7961421,0.669651096
6038,1.2521102,0.262288274
6039,-32.1230456,2.18189315
6040,,
6041,-26.2110998,-0.346712439
6042,-12.8006272,-1.30266804
6043,8.78416948,0.874363974
6044,36.5022755,-0.638750976
6045,36.5022755,-0.638750976
6046,26.2381626,-2.09376949
6047,22.1515569,-0.0579904448
6048,,
6049,-38.0498235,0.437890806
6050,-20.389388,0.142511251
6051,-18.0126907,-1.67188027
6052,-10.4053523,1.10534805
6053,-10.4053523,1.10534805
6054,25.9630747,-0.231175201
6055,12.6488608,1.24179926
6056,,
6057,10.9505031,-0.791014577
6058,26.8332665,-1.03921426
6059,-2.13909137,0.372250842
6060,12.9615561,2.30709986
6061,12.9615561,2.30709986
6062,1.16249168,-0.301878092
6063,-9.47988596,-1.19487691
6064,,
6065,-22.6977167,1.21564725
6066,-21.3649428,1.00603807
6067,-12.6083645,0.717633553
6068,10.6999279,-0.540891375
6069,10.6999279,-0.540891375
6070,24.8301803,0.336315652
6071,-0.675663925,0.910104829
6072,,
6073,-15.4364428,-0.22871349
6074,-31.4630585,0.14119182
6075,-17.41717,0.483875889
6076,24.5919677,0.712815235
6077,24.5919677,0.712815235
6078,12.5174732,0.449740994
6079,-21.7543872,2.55276205
6080,,
6081,9.00998285,-0.936859206
6082,12.2523198,-0.748415136
6083,-12.1284457,1.13955712
6084,-21.2605195,-0.248924629
6085,-21.2605195,-0.248924629
6086,-10.2216621,-0.187471146
6087,11.9332489,0.355070701
6088,,
6089,-24.8615578,-0.273501574
6090,-11.6026467,-0.0799822014
6091,-8.95415839,1.96261314
6092,26.1880569,-0.941998869
6093,26.1880569,-0.941998869
6094,-10.3556648,0.145275064
6095,24.4250097,-1.54621633
6096,,
6097,-8.96319018,-1.51055085
6098,-35.8778288,-1.57145154
6099,32.5361464,-1.05487003
6100,47.3111771,-1.20179563
6101,47.3111771,-1.20179563
6102,1.93771856,0.315996068
6103,12.0331594,1.14886638
6104,,
6105,8.79712847,0.869052121
6106,12.4285714,0.835638092
6107,-9.36549815,0.552223628
6108,-12.056828,0.188595514
6109,-12.056828,0.188595514
6110,0,-0.121135062
6111,12.3612038,-0.20241373
6112,,
6113,8.45156248,-0.0854513562
6114,13.2110392,0.216342258
6115,-8.50115943,-0.898937449
6116,46.6761029,0.579866602
6117,46.6761029,0.579866602
6118,11.9562788,-1.37450071
6119,13.3974726,-1.53971372
6120,,
6121,37.1703495,1.26026732
6122,38.5406539,1.5054612
6123,-18.1236106,-0.816138099
6124,2.15171375,-0.309701136
6125,2.15171375,-0.309701136
6126,22.7792013,0.586621168
6127,2.02009318,0.649346911
6128,,
6129,1.22901468,-0.112704329
6130,12.1009005,0.558729948
6131,-3.63001137,-0.232267051
6132,-9.85188961,-1.17374845
6133,-9.85188961,-1.17374845
6134,-23.3581629,-1.13453611
6135,2.00508299,0.678068387
6136,,
6137,-15.3349294,-0.666647736
6138,11.1539581,-0.853445325
6139,21.8837682,1.28105
6140,-12.1690541,-1.04967851
6141,-12.1690541,-1.04967851
6142,-10.4953978,0.722035084
6143,24.4036978,0.890158018
6144,,
6145,-13.7037029,0.78899624
6146,-32.4598995,0.0951671948
6147,31.9531642,0.556839101
6148,23.3785804,-0.0590663729
6149,23.3785804,-0.0590663729
6150,11.0437127,0.0196239604
6151,-0.90185224,1.04182938
6152,,
6153,-6.95248623,-0.501082448
6154,-22.7102741,-0.061965257
6155,-9.96228338,1.65298493
6156,-22.9692777,1.17663011
6157,-22.9692777,1.17663011
6158,-33.4295902,-0.9680121
6159,1.11848687,-0.0834042206
6160,,
6161,-6.9631089,-0.816672049
6162,13.3108362,-0.833830535
6163,13.1176719,1.9134467
6164,22.4981564,-2.96476157
6165,22.4981564,-2.96476157
6166,-33.1646868,-0.301229941
6167,24.9368712,0.330032977
6168,,
6169,-24.8568728,-0.568748073
6170,-0.809970253,-0.54215798
6171,-6.00213869,-0.753555728
6172,0.867224652,0.40802508
6173,0.867224652,0.40802508
6174,-10.6705454,0.695357818
6175,-21.0325468,-0.791871806
6176,,
6177,-23.6083822,1.31255817
6178,-23.7867707,0.715659013
6179,50.9709222,-0.466713625
6180,23.8109607,0.356217154
6181,23.8109607,0.356217154
6182,2.17973782,0.903641548
6183,35.9786225,0.508791199
6184,,
6185,-15.128515,0.398119854
6186,-11.6809111,0.480539374
6187,-3.73152615,0.601747337
6188,44.0555162,-0.775368174
6189,44.0555162,-0.775368174
6190,-22.1305138,-1.08931411
6191,0.789064942,-0.859177069
6192,,
6193,-6.8673572,-1.66633043
6194,-11.7676873,-1.83491504
6195,14.2341163,2.21732415
6196,2.07390548,-1.77785393
6197,2.07390548,-1.77785393
6198,-45.1655777,-0.0205892774
6199,0.484854012,0.600322666
6200,,
6201,10.6680643,-0.993235767
6202,25.25142,0.14910035
6203,-11.1810505,0.240201456
6204,-11.2026447,1.12767096
6205,-11.2026447,1.12767096
6206,25.1755009,0.575044172
6207,-11.4527588,-0.512769397
6208,,
6209,0.832056842,0.816110375
6210,-11.5424768,0.515081199
6211,-27.1966197,-0.882163645
6212,12.0662481,-0.288969042
6213,12.0662481,-0.288969042
6214,-10.9375753,-0.779196524
6215,12.21686,0.662206311
6216,,
6217,-8.36869716,0.385445173
6218,-23.4882986,-0.457671174
6219,-8.85324262,-0.0730168996
6220,-10.9575009,-0.0202973598
6221,-10.9575009,-0.0202973598
6222,2.03335539,-0.322004442
6223,20.0802661,0.333154894
6224,,
6225,0.695097033,0
6226,0.407822633,-0.739631219
6227,17.1015731,-0.0293762794
6228,-11.5327567,-0.984445366
6229,-11.5327567,-0.984445366
6230,-10.685245,-1.539251
6231,0.808962699,-0.422770973
6232,,
6233,7.74880217,1.95950819
6234,10.7698441,1.96666942
6235,12.0954809,-1.25950988
6236,1.19238731,-0.616799401
6237,1.19238731,-0.616799401
6238,21.6075201,1.68263024
6239,-0.522638877,-0.46789269
6240,,
6241,17.6798835,-0.973394735
6242,13.403493,0.0825952208
6243,-3.67822683,-1.77511672
6244,-21.5663206,0.664905738
6245,-21.5663206,0.664905738
6246,-10.327543,-2.55564984
6247,11.769059,0.50010655
6248,,
6249,-23.6431612,-0.790502836
6250,-22.2572553,-2.64142318
6251,33.4890313,-1.6949219
6252,-23.0931776,0.04028533
6253,-23.0931776,0.04028533
6254,26.4517609,1.51178929
6255,10.6482901,-0.412489761
6256,,
6257,16.1600497,-1.23499396
6258,10.3553195,-0.394860093
6259,12.5459408,0.74570873
6260,13.8078623,-1.12312885
6261,13.8078623,-1.12312885
6262,-1.07242307,-1.82067045
6263,-0.872186735,0.507785403
6264,,
6265,-14.6556116,1.28668801
6266,12.7669626,1.75919124
6267,-7.51413792,0.219733829
6268,11.6994964,-1.00680155
6269,11.6994964,-1.00680155
6270,12.884631,0.0820281209
6271,-32.8030337,0.0839638106
6272,,
6273,9.05829158,-0.413649517
6274,-10.5684697,-0.0399935855
6275,-47.0525629,-0.854511622
6276,1.10738326,1.64609552
6277,1.10738326,1.64609552
6278,24.2761984,0.26763331
6279,-12.1771192,0.765726556
6280,,
6281,0.842219291,-0.431447253
6282,-22.2020408,-0.322712808
6283,-18.3472794,1.0689167
6284,37.0430462,1.70540369
6285,37.0430462,1.70540369
6286,-11.5058377,-0.305176529
6287,-12.1582267,0.909383968
6288,,
6289,17.2479838,-0.371363046
6290,22.7438466,-1.36207758
6291,27.9314846,-1.05985997
6292,38.9292437,-1.22721434
6293,38.9292437,-1.22721434
6294,-11.776794,-0.0994051004
6295,-11.6935457,-0.675788545
6296,,
6297,-22.9230823,-0.628559533
6298,1.46470681,-0.66950601
6299,-1.97378318,-0.216208806
6300,-9.68378141,0.0793812874
6301,-9.68378141,0.0793812874
6302,1.02974054,-0.474384719
6303,12.0842616,-0.0403840062
6304,,
6305,-28.3245975,0.170660923
6306,-54.7405685,-0.0414273014
6307,27.174235,0.575575071
6308,11.5913893,-0.968716388
6309,11.5913893,-0.968716388
6310,-10.7724964,0.569763049
6311,9.51166903,0.584303427
6312,,
6313,-40.201407,-0.569634011
6314,-35.6313291,-1.21813958
6315,2.53192752,-1.47111498
6316,-31.8131119,-0.656029473
6317,-31.8131119,-0.656029473
6318,-0.705816617,-0.309028336
6319,0.350738319,1.01680636
6320,,
6321,-42.1490569,-0.448760666
6322,-9.92495351,0.982347142
6323,15.1062065,-0.179743104
6324,0.593957192,0.619754227
6325,0.593957192,0.619754227
6326,11.9603984,-0.921558892
6327,13.1805472,1.06424904
6328,,
6329,-7.91310566,0.799131221
6330,-22.4079046,0.902381616
6331,0.300200873,0.834336516
6332,-9.5631619,-0.413676916
6333,-9.5631619,-0.413676916
6334,13.559469,-1.1219058
6335,-33.2681228,-0.323420901
6336,,
6337,17.3544308,-0.691950009
6338,32.9124924,-0.381426083
6339,-23.1226899,-0.837102222
6340,11.0093647,-0.415750516
6341,11.0093647,-0.415750516
6342,22.8882643,-0.19855143
6343,-11.5244241,1.17770966
6344,,
6345,-23.0135484,0.702172803
6346,-21.5453705,-0.836888458
6347,-16.2260743,-0.207302278
6348,24.2843369,0.87855661
6349,24.2843369,0.87855661
6350,0.383440601,0.990387029
6351,10.4171522,0.849010933
6352,,
6353,-31.9310987,-0.953436072
6354,-22.8172525,-0.061500125
6355,-19.9826363,1.04477166
6356,1.23749539,-0.11935371
6357,1.23749539,-0.11935371
6358,-43.87575,0.762886456
6359,-0.876207398,1.07193965
6360,,
6361,-6.53990572,-0.478319793
6362,24.6470542,0.563519214
6363,39.8479511,0.939411236
6364,24.7470237,-0.944874294
6365,24.7470237,-0.944874294
6366,13.4097469,-1.88673517
6367,11.7364412,-0.751729177
6368,,
6369,10.6257567,-1.28939704
6370,36.0906834,-1.0990776
6371,11.459715,-0.690483145
6372,11.9780632,0.526868442
6373,11.9780632,0.526868442
6374,24.1573819,-0.675336477
6375,-9.19877855,0.394966626
6376,,
6377,0.906901898,1.29753697
6378,0.401386543,0.842367869
6379,-29.4900079,0.904649486
6380,-35.4158796,0.559276688
6381,-35.4158796,0.559276688
6382,-10.5854015,-1.77629968
6383,1.41027888,-2.00070692
6384,,
6385,26.8290972,-1.26810999
6386,13.8898526,-1.78112116
6387,1.25417495,-1.3642731
6388,0.750144982,0
6389,0.750144982,0
6390,-32.020003,-0.907554361
6391,34.8032331,2.2459333
6392,,
6393,9.1733661,-1.23304774
6394,-10.549216,-1.35391529
6395,-2.95706078,-0.360205552
6396,45.0667966,-0.589925955
6397,45.0667966,-0.589925955
6398,23.3248659,0.85505837
6399,-21.6158944,-0.750376541
6400,,
6401,-15.6871572,1.41825796
6402,-11.8875415,1.49082115
6403,-20.4157889,1.12934276
6404,-11.9426656,-0.0205589382
6405,-11.9426656,-0.0205589382
6406,24.7655035,0.303792996
6407,-10.7422255,0.954978265
6408,,
6409,-35.5822387,1.12170459
6410,-23.8816659,1.42692975
6411,-19.9258,1.21415305
6412,14.1299973,-0.768469331
6413,14.1299973,-0.768469331
6414,24.3474363,-0.0391742426
6415,-9.45280504,-1.01268192
6416,,
6417,1.74479468,-1.45367566
6418,2.08184348,-0.926214846
6419,22.1190391,1.01993819
6420,10.4179304,1.15142962
6421,10.4179304,1.15142962
6422,-22.1976568,1.18375719
6423,13.1887087,-0.0804629757
6424,,
6425,-22.0327508,0.950536445
6426,-21.3606907,0.72178206
6427,22.2983913,1.53599222
6428,0.882873734,-0.18442774
6429,0.882873734,-0.18442774
6430,-18.7861577,-0.143098133
6431,11.024076,-0.479982126
6432,,
6433,25.7048306,0.816521726
6434,12.6034168,0.425141526
6435,-4.51641377,-0.546571159
6436,13.849744,0.975010644
6437,13.849744,0.975010644
6438,12.7820464,1.16207957
6439,22.85685,0.061302736
6440,,
6441,8.7481121,1.66026484
6442,23.35668,1.45338766
6443,37.4705446,2.20644672
6444,13.2892192,1.27608915
6445,13.2892192,1.27608915
6446,-10.1723701,-0.753555612
6447,11.6238664,0.0206605209
6448,,
6449,16.0913917,0.354901167
6450,21.1722066,0.861837732
6451,-5.08910883,-0.0734111127
6452,2.22805524,0.638650496
6453,2.22805524,0.638650496
6454,-0.113452117,-0.33559551
6455,-23.6851047,2.28856152
6456,,
6457,25.1154763,1.51502112
6458,47.6551493,-0.158955206
6459,6.76637872,0.237538776
6460,-11.3760755,0.438155503
6461,-11.3760755,0.438155503
6462,1.67184364,-0.268135067
6463,12.5282271,0.47842892
6464,,
6465,-5.87577532,1.38053221
6466,-9.05912818,0.983598207
6467,-20.9727095,0.744884896
6468,-11.7170953,-0.0203214201
6469,-11.7170953,-0.0203214201
6470,2.14680597,0.664292309
6471,-9.70692999,-1.21908524
6472,,
6473,-0.449839252,0.593144282
6474,21.3641967,-0.757664146
6475,14.3432498,-0.918297899
6476,47.0502026,1.1091228
6477,47.0502026,1.1091228
6478,1.60563691,2.4996547
6479,25.4503079,1.20816198
6480,,
6481,-22.2083514,-0.418957918
6482,-34.5121279,0.91594798
6483,23.6533106,0.47701774
6484,12.9802298,0
6485,12.9802298,0
6486,25.2263877,-1.57530418
6487,-9.75476541,1.00328333
6488,,
6489,9.61209953,-1.91015134
6490,35.3664056,-2.30327277
6491,-13.176638,0.17778655
6492,10.7964915,-1.11622896
6493,10.7964915,-1.11622896
6494,-0.176256723,-0.410762772
6495,-43.1544917,0
6496,,
6497,-17.8152825,-0.906022397
6498,-22.5025795,0.529951324
6499,-9.24920206,-0.133708844
6500,1.49473081,-0.378727374
6501,1.49473081,-0.378727374
6502,-9.8409219,-0.0401124322
6503,0.855111477,1.21978714
6504,,
6505,-32.2440561,-1.00353085
6506,-23.4174578,-1.6020178
6507,6.90245236,-0.089112934
6508,0.587753814,0.592449291
6509,0.587753814,0.592449291
6510,-23.3769537,-0.827195677
6511,-0.750981717,0.10073366
6512,,
6513,-16.0757717,-1.19245591
6514,9.82142594,0.0205645158
6515,-22.3785954,-0.625608287
6516,1.02023921,0.9731414
6517,1.02023921,0.9731414
6518,13.7027262,-0.659936821
6519,-22.6444969,-1.06180527
6520,,
6521,-4.96979934,0.475281372
6522,1.85157805,0.662144388
6523,11.8960127,-0.245537059
6524,11.0958292,0.177141302
6525,11.0958292,0.177141302
6526,-11.0278458,0.788100804
6527,-0.296309493,1.52682589
6528,,
6529,-1.59489203,-0.491090068
6530,21.914099,-0.286898012
6531,-20.5466344,1.17934868
6532,23.0883536,-1.25930395
6533,23.0883536,-1.25930395
6534,34.9180049,0.427965201
6535,22.5594534,-0.0977353127
6536,,
6537,17.8890156,0.958973428
6538,-10.5476543,1.53829696
6539,-7.26095522,0.985412063
6540,35.5124361,-0.528453534
6541,35.5124361,-0.528453534
6542,26.5392119,0.677991093
6543,-22.0700509,0.287353246
6544,,
6545,24.2882397,0.803775529
6546,12.6920937,0.93914672
6547,-2.79122806,-0.144955429
6548,-22.4382444,0.283454618
6549,-22.4382444,0.283454618
6550,13.2740623,0.712808056
6551,-20.9660979,0.0414316232
6552,,
6553,-6.99665975,0.274682109
6554,-10.7448563,0.820772721
6555,13.1267993,0.731375861
6556,-10.0492222,1.21730174
6557,-10.0492222,1.21730174
6558,22.0772805,-0.665062746
6559,23.3963026,0.927821582
6560,,
6561,11.1919612,0.180023041
6562,13.5888334,0.40910148
6563,-5.0165216,-0.400398048
6564,-32.6755826,-0.141478318
6565,-32.6755826,-0.141478318
6566,0.785942493,-1.81744618
6567,-11.1883781,-1.06224132
6568,,
6569,-14.8615047,-2.176725
6570,-21.6648125,-2.09928983
6571,-18.8887391,0.882825828
6572,-21.5815309,-0.22850112
6573,-21.5815309,-0.22850112
6574,-42.1140851,0.101545532
6575,1.88766457,-0.488552912
6576,,
6577,-0.0401594243,0.427581789
6578,9.71720233,1.00167942
6579,8.41920698,-0.458617014
6580,-33.8180378,-0.0625444087
6581,-33.8180378,-0.0625444087
6582,-10.2959495,1.17285366
6583,1.60449945,-0.53517829
6584,,
6585,10.0073212,0.655294608
6586,12.1189315,1.4062166
6587,12.1529164,-0.618671912
6588,-0.640515507,1.41385405
6589,-0.640515507,1.41385405
6590,-10.9989182,-2.29476671
6591,35.466157,-1.04954132
6592,,
6593,1.42267028,-0.0142546193
6594,-10.9502977,-0.198097665
6595,-8.93274159,0.230911173
6596,-22.7064134,-1.56058053
6597,-22.7064134,-1.56058053
6598,-10.2557672,-0.156183906
6599,-21.5552331,0.0791845688
6600,,
6601,-13.845538,-1.6822763
6602,1.06733198,-1.45158126
6603,3.73775529,-0.0603376447
6604,10.1652907,-0.219951605
6605,10.1652907,-0.219951605
6606,24.5516766,-0.536028753
6607,-13.2631645,-0.995438495
6608,,
6609,-7.10803543,-0.760129976
6610,12.21245,-1.36649127
6611,-28.1469871,0.74696523
6612,-9.39873525,1.07289032
6613,-9.39873525,1.07289032
6614,10.2181858,1.14871458
6615,0.707895743,-0.696509441
6616,,
6617,41.6196444,0.735949653
6618,23.9756232,0.665652517
6619,2.57975709,2.25131343
6620,-14.629974,1.56081072
6621,-14.629974,1.56081072
6622,-9.75751449,2.72552968
6623,-10.5722397,-2.30083761
6624,,
6625,-6.80071105,0
6626,-10.4851549,-0.565451784
6627,13.6549292,0.0149270233
6628,-11.7186887,1.19030851
6629,-11.7186887,1.19030851
6630,-24.4453109,-0.327471136
6631,33.4138559,2.33156784
6632,,
6633,-12.9380619,1.20233664
6634,-20.520534,1.22780709
6635,-8.32006405,1.74685608
6636,-23.2781223,-0.869681413
6637,-23.2781223,-0.869681413
6638,-24.2191013,0.685704594
6639,-9.03246889,1.42492364
6640,,
6641,-22.7511456,-0.640163319
6642,-9.72522013,-1.00127214
6643,22.7197345,-0.442650195
6644,-11.982193,1.3747051
6645,-11.982193,1.3747051
6646,-33.9494861,0.20017567
6647,12.9297168,-0.0627503621
6648,,
6649,-14.9531869,0.618415473
6650,11.9625242,0.318225753
6651,2.95775549,0.153792566
6652,1.76335253,-1.32687272
6653,1.76335253,-1.32687272
6654,25.2983884,1.31574374
6655,-0.527097816,-0.0606973554
6656,,
6657,10.0157624,2.33628106
6658,25.2860029,2.04752702
6659,-0.770477118,-0.520250768
6660,-0.0576150603,-1.66973731
6661,-0.0576150603,-1.66973731
6662,24.3260039,-0.210881708
6663,-0.176256723,0.367608541
6664,,
6665,-6.55746776,-0.153476739
6666,-32.7824892,0.0200208949
6667,-1.98305676,-1.04012675
6668,-0.887509287,-1.08299603
6669,-0.887509287,-1.08299603
6670,23.6561507,1.59986709
6671,-21.7394143,1.09094801
6672,,
6673,40.6147047,-1.82851856
6674,23.3815131,-1.98233004
6675,52.3981064,0.889576284
6676,1.61741739,-0.989111776
6677,1.61741739,-0.989111776
6678,-21.8161716,1.62807451
6679,11.8982697,0.771491277
6680,,
6681,-7.9513488,-0.262244904
6682,-0.029438743,1.0115996
6683,8.9851937,-0.640879275
6684,22.4907936,0.29056189
6685,22.4907936,0.29056189
6686,32.357956,-0.732392165
6687,1.48771358,0.902159441
6688,,
6689,18.3733434,0.0144018818
6690,-8.99687963,-1.14585141
6691,5.94033387,0.712787642
6692,-0.516136469,-0.553583431
6693,-0.516136469,-0.553583431
6694,13.260859,-1.35305018
6695,25.3710267,0.791298041
6696,,
6697,2.27451528,0.0146481845
6698,-10.8083279,-0.413599315
6699,-21.8256966,-0.613418271
6700,-22.5174113,0.613996133
6701,-22.5174113,0.613996133
6702,24.4122648,0.427129291
6703,0.897016313,-0.662797797
6704,,
6705,12.0356056,2.52424983
6706,-10.541438,3.11563959
6707,-5.89044194,-0.353054671
6708,37.9984779,-2.35904868
6709,37.9984779,-2.35904868
6710,-11.6047157,0.203387414
6711,0.366857584,-0.314371529
6712,,
6713,-37.8426461,0.760269734
6714,-9.30959376,1.13657916
6715,-23.0667402,0.97644877
6716,-22.5870125,0.13728586
6717,-22.5870125,0.13728586
6718,-0.182862124,-1.47127739
6719,0.888386509,2.09401405
6720,,
6721,0.657038964,0.991899128
6722,-10.6423011,0.384576807
6723,-3.68108958,1.02061941
6724,11.4572098,0.30280966
6725,11.4572098,0.30280966
6726,1.21879956,-0.839589354
6727,13.7564835,0.996883106
6728,,
6729,16.0460996,0.509239857
6730,-10.0928753,-0.218024436
6731,35.9010454,-1.21615867
6732,-22.2166101,0.25866903
6733,-22.2166101,0.25866903
6734,1.84693463,0.294950496
6735,-12.0313346,-0.224445754
6736,,
6737,8.80756341,0.474067891
6738,1.53836927,-0.0986048377
6739,-14.4456524,-0.555652911
6740,23.9520726,0.235002526
6741,23.9520726,0.235002526
6742,0.493376698,-0.249081822
6743,-9.90085719,-0.0838912107
6744,,
6745,24.3284996,0.511279552
6746,32.2841088,0.103974176
6747,2.42369391,-0.19075165
6748,-21.5029541,1.33398444
6749,-21.5029541,1.33398444
6750,-10.5739547,0.577895311
6751,25.2456918,-0.939993439
6752,,
6753,18.5206521,-0.405334119
6754,22.0815469,-0.329552584
6755,20.0636132,-1.90191279
6756,12.9401157,-0.527137597
6757,12.9401157,-0.527137597
6758,-20.5827194,-1.39914068
6759,-24.1964439,-1.39346356
6760,,
6761,-16.8651274,-0.117659368
6762,-34.943342,-0.643289021
6763,-49.8719376,-2.09857054
6764,-46.4405656,0.680551487
6765,-46.4405656,0.680551487
6766,23.5192115,1.65708254
6767,25.0002568,-0.384147105
6768,,
6769,0.551460371,0.969425607
6770,23.2003488,0.829638718
6771,22.142992,1.05926875
6772,11.5342421,-0.516840224
6773,11.5342421,-0.516840224
6774,-11.6532046,-2.43832017
6775,12.1981499,-0.385295943
6776,,
6777,-7.12137469,0.423535597
6778,0.502365218,0.0618640006
6779,6.75881456,0.574706376
6780,2.16464638,0.239539853
6781,2.16464638,0.239539853
6782,1.74281532,-0.722722127
6783,25.2989947,1.25655448
6784,,
6785,-13.4123506,0.963646235
6786,1.39842724,0.139610683
6787,22.0943506,-0.682161131
6788,-33.7812958,-2.3735856
6789,-33.7812958,-2.3735856
6790,13.9433695,0.932074848
6791,12.1995528,1.59251761
6792,,
6793,-28.9832343,-0.856936065
6794,-31.8252906,-0.223984413
6795,10.7132445,-0.893802869
6796,-36.6911569,-0.650122295
6797,-36.6911569,-0.650122295
6798,0.928253599,-0.490959355
6799,45.0338977,0.685474737
6800,,
6801,8.37984771,2.21565856
6802,12.3661027,0.272283326
6803,1.53598091,1.08783839
6804,49.054349,-0.354000706
6805,49.054349,-0.354000706
6806,-33.7406482,1.08318732
6807,33.5782992,0.780426991
6808,,
6809,16.4920404,-1.18992098
6810,12.7038934,0.162088013
6811,-56.2237177,0.651549079
6812,23.376319,-0.746438128
6813,23.376319,-0.746438128
6814,-10.5785519,1.23780801
6815,11.5984138,-0.60931035
6816,,
6817,-0.101956986,-1.95509244
6818,12.1568132,-2.39933392
6819,29.8790415,-0.532549087
6820,25.2959132,0.591757674
6821,25.2959132,0.591757674
6822,-34.4643941,-0.424762971
6823,3.56536285,0.101466476
6824,,
6825,-15.3323262,0.354310149
6826,-11.6727902,0.792713333
6827,-15.0930752,0.374918647
6828,-9.98081216,1.14169612
6829,-9.98081216,1.14169612
6830,-12.4308792,-0.597241354
6831,-0.885182407,0.950221359
6832,,
6833,-7.3950493,-1.90079012
6834,0.11475518,-1.70319776
6835,-29.130562,0.498852233
6836,-12.8393836,1.08741093
6837,-12.8393836,1.08741093
6838,-1.370304,-0.229578722
6839,-42.3178695,-1.91760009
6840,,
6841,17.3635422,0.133470871
6842,24.0561286,0.971660059
6843,10.1411873,-1.24406232
6844,-9.85768721,0.512383942
6845,-9.85768721,0.512383942
6846,-45.2344937,2.17923722
6847,23.7987856,-0.437862378
6848,,
6849,-6.16637189,2.33016952
6850,1.37499894,0.975776482
6851,24.7174558,0.608753344
6852,-0.108172191,0.934149959
6853,-0.108172191,0.934149959
6854,23.9553663,1.10045307
6855,-22.6527709,0
6856,,
6857,-22.3612705,0.102782888
6858,-20.707699,-0.83071419
6859,-4.67582277,0.957109813
6860,35.8698659,-0.911874048
6861,35.8698659,-0.911874048
6862,-33.5114165,-0.678599347
6863,0.371940291,0.526690576
6864,,
6865,-14.9074027,-0.31593359
6866,2.17879499,0.158159877
6867,4.81753472,1.02471348
6868,13.3191235,0.789720541
6869,13.3191235,0.789720541
6870,1.11737159,0.0621114045
6871,35.4446721,0.744977192
6872,,
6873,21.6210559,0.737413545
6874,15.4557739,0.320741376
6875,23.0646918,0.707616965
6876,-10.2921575,-0.823951549
6877,-10.2921575,-0.823951549
6878,12.5419053,0.833892112
6879,14.1624476,0.562929354
6880,,
6881,25.7563578,0.115001741
6882,48.2659158,-0.178095588
6883,-4.70061328,-0.208185848
6884,-23.5127644,0.0617985678
6885,-23.5127644,0.0617985678
6886,0.484065168,-1.72823178
6887,-12.1922512,-0.498701069
6888,,
6889,23.5650476,0.709219456
6890,21.6680056,0.665741954
6891,-16.451284,-0.866068959
6892,-34.8930806,-0.673753578
6893,-34.8930806,-0.673753578
6894,23.3289786,-0.405715085
6895,22.3589894,0.358838845
6896,,
6897,-6.11830307,1.00774567
6898,-21.4676039,0.183954031
6899,-7.88955797,0.874427728
6900,-9.52339199,-1.44872253
6901,-9.52339199,-1.44872253
6902,1.00328965,-1.26965599
6903,-11.7136592,-0.682908296
6904,,
6905,-43.7068506,0.168629244
6906,-58.8015257,0.548088705
6907,-42.7407432,-0.426858435
6908,11.6892385,-0.734233064
6909,11.6892385,-0.734233064
6910,11.0548649,-0.535541741
6911,-11.1206777,0.225059509
6912,,
6913,-32.1763143,-1.74392191
6914,-22.1836546,-1.01792169
6915,6.93780549,-1.65913238
6916,-0.0555721081,0.164706257
6917,-0.0555721081,0.164706257
6918,0.271169057,0.274868491
6919,25.7383833,1.25403645
6920,,
6921,17.1170884,-1.08688187
6922,34.2728416,-0.71845708
6923,-5.4194358,-0.389842776
6924,0.471765939,-0.644823012
6925,0.471765939,-0.644823012
6926,-12.6332894,-1.42929594
6927,12.3495462,1.89752744
6928,,
6929,19.0783687,-0.697273161
6930,14.892096,0.0391629096
6931,4.2084648,0.778775718
6932,-22.3917083,1.43024048
6933,-22.3917083,1.43024048
6934,-0.603223203,1.42879292
6935,-0.147970966,-0.658473254
6936,,
6937,-32.5794106,-0.316644002
6938,-24.168143,0.126085728
6939,9.9833038,-1.16095946
6940,12.666229,1.12985864
6941,12.666229,1.12985864
6942,-11.6387234,0.0852019926
6943,-44.8041823,1.1276687
6944,,
6945,0.101158938,0.222943054
6946,-10.909401,0.805377851
6947,-25.0673264,0.277995766
6948,13.5333647,1.51475122
6949,13.5333647,1.51475122
6950,12.1881961,1.71954305
6951,-11.6026195,-1.02183205
6952,,
6953,-15.5318735,-0.889450354
6954,-10.2118641,-1.96469367
6955,34.5433627,-1.10389191
6956,0.143268096,0.885412307
6957,0.143268096,0.885412307
6958,-10.5554391,-0.432432719
6959,24.59482,1.14801561
6960,,
6961,-6.78593704,-0.187851065
6962,36.8292088,0.876123398
6963,2.37373699,0.0774998841
6964,24.9164312,0
6965,24.9164312,0
6966,-11.3455133,-0.431491858
6967,11.625663,0.415488261
6968,,
6969,18.7302079,-0.216227497
6970,36.1196581,0.291729189
6971,19.8354152,0.394721942
6972,1.17875381,-0.0624701412
6973,1.17875381,-0.0624701412
6974,-45.4791594,-0.529360773
6975,-12.6688236,1.09054578
6976,,
6977,-6.20947529,0.662298556
6978,-9.8450355,0.0206577806
6979,-31.7743343,1.81937858
6980,-10.4185267,-0.23976242
6981,-10.4185267,-0.23976242
6982,-10.9265707,0.940866566
6983,-34.5401689,-1.53133453
6984,,
6985,10.0418617,0.738703584
6986,-11.006497,0.997738024
6987,-27.7851433,0.206760694
6988,-23.0644768,1.71816082
6989,-23.0644768,1.71816082
6990,-21.7316706,-0.480570278
6991,-10.5134449,-1.45859709
6992,,
6993,-16.88126,-0.284017859
6994,-11.9316555,0.232054858
6995,6.76064953,0.7122673
6996,-21.3190332,0.282628845
6997,-21.3190332,0.282628845
6998,-27.2369519,-0.818878146
6999,-24.8447325,1.82363836
7000,,
7001,-25.1183178,-0.0144206349
7002,-12.2092838,1.36733838
7003,-8.49409761,0.18176245
7004,-36.0379547,-0.168238359
7005,-36.0379547,-0.168238359
7006,-11.4278549,0.126946256
7007,57.6029786,0.690275964
7008,,
7009,7.47377164,0.406401815
7010,-11.7864067,-0.242464144
7011,-13.5562365,-0.590635423
7012,22.0934554,-0.363861928
7013,22.0934554,-0.363861928
7014,12.8667223,0.273067449
7015,8.97671247,-1.17751244
7016,,
7017,0.951705117,-0.360867116
7018,-10.3831312,0.377566622
7019,-22.3775465,-1.0610956
7020,12.0702764,-0.82809735
7021,12.0702764,-0.82809735
7022,0.561470285,1.4757821
7023,12.4403422,-0.217964356
7024,,
7025,-8.22768904,0.654549522
7026,10.409662,0.302990443
7027,34.5308345,2.61639111
7028,12.4131052,-1.14366026
7029,12.4131052,-1.14366026
7030,-22.4934505,-0.3978027
7031,-12.01688,0.68856469
7032,,
7033,-13.1281829,-1.13938426
7034,-8.26000631,-0.599052574
7035,6.32695348,0.23896113
7036,21.6460349,-0.561731749
7037,21.6460349,-0.561731749
7038,-32.5693009,0.0201419789
7039,0.359747694,-0.463837925
7040,,
7041,-15.4577815,1.06837137
7042,1.16744102,0.715156676
7043,-41.0671741,2.64243451
7044,-0.241549324,0.300124137
7045,-0.241549324,0.300124137
7046,23.8283253,-0.423978563
7047,-12.2409862,-0.657107212
7048,,
7049,0.54578367,-1.63514159
7050,12.2967058,-2.59254863
7051,-15.3974284,0
7052,-0.227282143,0.864021974
7053,-0.227282143,0.864021974
7054,12.6921982,0.0198362292
7055,-12.332511,-0.204267968
7056,,
7057,37.1345981,-0.797385131
7058,26.2381626,-2.09376949
7059,1.46754573,-0.824355566
7060,0.211301567,-2.08313248
7061,0.211301567,-2.08313248
7062,0.971029598,0.080678531
7063,24.2820043,-0.251025534
7064,,
7065,-30.226287,-1.29471908
7066,-21.2917293,-1.59532245
7067,-17.6794686,1.07060989
7068,-23.6068934,0.224340441
7069,-23.6068934,0.224340441
7070,-21.7958133,-1.59602061
7071,-22.953319,1.48243664
7072,,
7073,27.0208165,-1.01479489
7074,1.08667454,-1.46855484
7075,20.2063314,-0.973863345
7076,-32.7912092,1.2318341
7077,-32.7912092,1.2318341
7078,25.3262159,-0.836932156
7079,12.622697,2.6820902
7080,,
7081,0.829186912,-1.95714618
7082,14.1018325,-0.865808621
7083,15.8872999,0.305604429
7084,-11.5399869,1.61596015
7085,-11.5399869,1.61596015
7086,32.8247443,-1.05801012
7087,-9.90282093,-1.27276552
7088,,
7089,9.39290982,0.0961911802
7090,12.5174732,0.449740994
7091,-5.47753954,0.444743466
7092,22.8387453,-0.450677063
7093,22.8387453,-0.450677063
7094,36.8249596,0.0790883062
7095,-10.3114578,-1.20265386
7096,,
7097,20.5055339,-1.07745821
7098,13.6470917,-1.26395614
7099,-0.67754408,-1.39074317
7100,23.1864892,-1.47632994
7101,23.1864892,-1.47632994
7102,36.1206114,-0.84316304
7103,12.5933493,-0.234988975
7104,,
7105,24.2560899,1.15858412
7106,12.0701703,0.147697963
7107,13.8100905,0.0589596952
7108,-36.8383955,-0.690558449
7109,-36.8383955,-0.690558449
7110,-12.4304975,-0.715186612
7111,25.1902822,0.534652086
7112,,
7113,8.19418687,0.557895438
7114,10.6689389,1.14433835
7115,-15.2244466,0.058551646
7116,-23.1635035,-0.380634921
7117,-23.1635035,-0.380634921
7118,0.584223729,0.704547907
7119,12.313776,-1.81483436
7120,,
7121,-7.19581934,0.0149545239
7122,0,-0.121135062
7123,-6.57274903,-1.00245131
7124,-44.8499629,-0.553986845
7125,-44.8499629,-0.553986845
7126,-10.6080902,-0.99690267
7127,-0.904891685,-1.99399407
7128,,
7129,-16.0546494,-2.09904661
7130,-12.6696071,-1.55360715
7131,-32.454609,-0.576039191
7132,1.87897339,-0.539748176
7133,1.87897339,-0.539748176
7134,-11.9373364,1.58188857
7135,24.9971701,0.244144642
7136,,
7137,-7.23811282,1.46056387
7138,-22.1584881,2.71767597
7139,-4.03325159,-0.828807985
7140,-12.7747433,-1.15154975
7141,-12.7747433,-1.15154975
7142,0.227466275,-1.33919508
7143,-10.0572237,0.567436496
7144,,
7145,-0.0605954861,-0.794395996
7146,-12.8410159,0.458190334
7147,-38.9376837,0.232050799
7148,11.3825854,-0.846088295
7149,11.3825854,-0.846088295
7150,0.347188364,0.0605879285
7151,24.1841472,0.166873732
7152,,
7153,8.39807338,0.938983747
7154,-10.4953978,0.722035084
7155,-11.5296407,-2.22488596
7156,-0.229711358,-0.288065715
7157,-0.229711358,-0.288065715
7158,0.146942429,-0.838918024
7159,-11.0227404,1.17516555
7160,,
7161,24.597446,-0.349013125
7162,34.5117358,0.265351552
7163,43.751824,0.80428598
7164,11.2731578,0.602216128
7165,11.2731578,0.602216128
7166,-22.9331,0.313456036
7167,26.8907048,0.268722498
7168,,
7169,0.27943759,0.848742298
7170,0.38808337,0.836429165
7171,-0.65854586,-0.0876107509
7172,0.862865009,0.838114609
7173,0.862865009,0.838114609
7174,-1.33169642,0.395753844
7175,-0.776960803,-0.0808846354
7176,,
7177,0.0292678397,-1.12191574
7178,0.302308634,-1.05473014
7179,0.056568344,0.24223282
7180,-0.2455232,-1.09984179
7181,-0.2455232,-1.09984179
7182,1.66223053,0.55816485
7183,0.312464143,0.0192391254
7184,,
7185,-0.944827366,-0.202120407
7186,-0.682681845,0.164413083
7187,0.469133848,0.269568172
7188,-0.644755439,-0.669202328
7189,-0.644755439,-0.669202328
7190,1.0988093,1.18294055
7191,-0.916828069,-0.90404988
7192,,
7193,-3.00909244,-1.08443818
7194,-1.18804339,-0.184885569
7195,-0.653945185,0.361497678
7196,-1.2573119,-0.145938225
7197,-1.2573119,-0.145938225
7198,0.710326388,-0.536121247
7199,0.620242859,-1.51429557
7200,,
7201,-0.813044286,-0.280725901
7202,-0.538802954,-0.712426016
7203,0.38391673,-2.47623155
7204,0.467897543,1.18143233
7205,0.467897543,1.18143233
7206,-0.372828073,-0.33160093
7207,0.906048247,0.128305427
7208,,
7209,-0.616680168,-0.0718269081
7210,-1.12219591,-0.30213337
7211,0.595299468,0.301311372
7212,0.348137152,-0.587825227
7213,0.348137152,-0.587825227
7214,-0.335674024,-0.99138969
7215,1.65177203,-0.633574333
7216,,
7217,1.83245429,-0.0294043228
7218,0.640263843,0.310205305
7219,-0.165006436,-0.0597815001
7220,0.494798352,0.893457159
7221,0.494798352,0.893457159
7222,0.85151104,-1.65108584
7223,0.198866058,-0.635759891
7224,,
7225,1.93920015,-0.821945345
7226,1.44802765,-1.16308914
7227,0.515290867,1.2115993
7228,-0.102727896,-0.418318572
7229,-0.102727896,-0.418318572
7230,0.782943039,-0.595454014
7231,0.533369418,0.859905665
7232,,
7233,-0.812239517,-0.0988480252
7234,-0.0599015062,0.285557391
7235,-1.38336369,-0.809562098
7236,1.94288255,0.173137032
7237,1.94288255,0.173137032
7238,-0.560495816,0.0599598899
7239,-1.81006933,1.51137904
7240,,
7241,-2.05506244,-0.125235171
7242,-0.505465002,-0.7926404
7243,-1.89995095,-0.906856028
7244,-0.735350112,-1.6624526
7245,-0.735350112,-1.6624526
7246,1.65161324,0.0200565093
7247,-2.29379159,-0.771362555
7248,,
7249,-1.80825353,0.469727916
7250,-0.7295634,-1.14537604
7251,1.24105272,1.86636784
7252,2.03631876,0.741449753
7253,2.03631876,0.741449753
7254,-1.04224888,1.75610053
7255,-1.62069523,-0.355162154
7256,,
7257,0.405720328,1.00723593
7258,0.739144274,0.687265927
7259,0.0449031029,0.637790496
7260,1.70851065,-1.786819
7261,1.70851065,-1.786819
7262,-0.550487417,0.903492135
7263,0.640453454,0.531725985
7264,,
7265,-0.205732761,-1.42533853
7266,-0.145452596,-1.46605777
7267,-0.224402648,-1.60276891
7268,2.40387358,0.540901129
7269,2.40387358,0.540901129
7270,0.287474987,0.474596337
7271,0.599214178,-0.517530548
7272,,
7273,-0.537380952,0.669487233
7274,-0.808785167,0.370880757
7275,-0.220696458,0.179081233
7276,-0.367837396,-0.915154028
7277,-0.367837396,-0.915154028
7278,0.8783549,0.740380494
7279,-0.949612757,-0.247012156
7280,,
7281,-0.168602544,-0.808225568
7282,0.527372902,-0.688940772
7283,-0.177624726,-1.28165422
7284,0.578624284,0.269558629
7285,0.578624284,0.269558629
7286,1.54971819,0.901495736
7287,-1.82912244,0.990044404
7288,,
7289,1.32867548,0.497785426
7290,3.77478036,0.951196566
7291,0.512736662,0.853890457
7292,0.51137872,0.402790229
7293,0.51137872,0.402790229
7294,-1.27304299,-0.042597751
7295,0.784809764,1.43576248
7296,,
7297,-0.56809621,1.82532991
7298,0.196447805,0.921874252
7299,-1.8032647,0.0883657616
7300,1.6445905,0.284028604
7301,1.6445905,0.284028604
7302,-0.684714435,0.515591734
7303,-1.71896541,0.748846243
7304,,
7305,0.580646377,-0.991863049
7306,0.206489376,0.612440233
7307,-1.64510498,0.892726372
7308,0.382160186,0
7309,0.382160186,0
7310,-0.664108881,-1.47310829
7311,-0.859446627,1.28083554
7312,,
7313,-0.752799563,-1.21889901
7314,-0.0852345646,0.118282981
7315,1.03693105,-1.39377774
7316,0.51581378,0.0200715703
7317,0.51581378,0.0200715703
7318,-0.645568462,0.57790538
7319,-0.54513819,-0.320269493
7320,,
7321,0.515995823,-0.273862206
7322,-0.702749098,-1.15916594
7323,0.23411294,1.0963017
7324,-0.142102942,0.569441665
7325,-0.142102942,0.569441665
7326,-1.02324723,1.24404378
7327,1.29412651,-1.29632358
7328,,
7329,0.966404719,-0.444348878
7330,0.459637272,-0.363461998
7331,-0.345839452,0.665328966
7332,0.892391646,0.604466835
7333,0.892391646,0.604466835
7334,0.553797518,0.890118756
7335,0.542873876,-1.2983572
7336,,
7337,-1.29251272,0.701789598
7338,-1.3263539,-0.020276309
7339,-2.15068053,0.732547166
7340,-0.344008154,-0.213938287
7341,-0.344008154,-0.213938287
7342,1.77531008,1.37228979
7343,-0.809497001,-0.95056967
7344,,
7345,-1.08008499,0.612031103
7346,0,0.316060055
7347,1.09525865,0.449138724
7348,0.482912182,0.138906765
7349,0.482912182,0.138906765
7350,-0.244607182,-0.0202153694
7351,-2.11220774,1.39498981
7352,,
7353,-1.20895782,0.553075451
7354,-0.88407555,0.240643057
7355,-1.55417496,-0.492424606
7356,-0.269138433,-1.02282629
7357,-0.269138433,-1.02282629
7358,1.52836856,-0.501690996
7359,0.145118809,-0.554666345
7360,,
7361,0.565885061,0.0136985399
7362,0.304873686,0.0608279243
7363,0.0881957697,0.435338214
7364,-0.951384511,0.286124503
7365,-0.951384511,0.286124503
7366,1.144614,-0.592733275
7367,0.696150239,0.29545049
7368,,
7369,0.160283756,0.308540117
7370,-1.17819884,0.917819501
7371,0.749512867,-0.196797042
7372,0.223161303,0.894152816
7373,0.223161303,0.894152816
7374,0.714170919,0.748813447
7375,-1.99615149,-0.443533568
7376,,
7377,-0.764699442,-0.144587596
7378,0.019516958,-0.222128491
7379,1.07179091,0.422252708
7380,0.264081724,0.164613773
7381,0.264081724,0.164613773
7382,-0.738451916,1.34169637
7383,-0.0782164555,0
7384,,
7385,-0.317107487,0.287718863
7386,-0.444112897,1.05969854
7387,-0.173303288,0.759669773
7388,-0.913522689,-0.266657308
7389,-0.913522689,-0.266657308
7390,-1.05829324,0.20714564
7391,1.09257197,1.68977733
7392,,
7393,1.97375846,-1.67721354
7394,2.0621377,-0.692641327
7395,3.19414958,0.470868389
7396,0.603555887,0.414186345
7397,0.603555887,0.414186345
7398,1.06561956,1.32057557
7399,0.680384125,-1.03808897
7400,,
7401,0.178230204,-0.533639085
7402,-0.22557127,0.0623287339
7403,0.0303682208,-0.607485182
7404,-0.62187343,-0.104652812
7405,-0.62187343,-0.104652812
7406,1.29108114,-0.082052772
7407,0.702576853,-0.745454762
7408,,
7409,-0.354998839,2.16068021
7410,-0.120299463,1.00126545
7411,0.0438922786,0.568053919
7412,1.18072104,-0.364386249
7413,1.18072104,-0.364386249
7414,0.540413256,1.72007202
7415,-0.103584016,0.321368285
7416,,
7417,-0.736595766,-0.959457933
7418,0.436055098,-0.649410582
7419,0.618570048,-0.30618057
7420,0.137442826,1.28982996
7421,0.137442826,1.28982996
7422,-0.492451681,0.470463489
7423,0.97551517,0.808766791
7424,,
7425,0.989592232,-0.665743242
7426,0.791910957,0.198175645
7427,0.961031273,-0.18057591
7428,-1.10539555,0.139243855
7429,-1.10539555,0.139243855
7430,-1.54976457,0.559267066
7431,0.309207979,1.52882433
7432,,
7433,0.444199651,0.0442838757
7434,-0.41122211,-0.0392528273
7435,0.362066958,-0.806761676
7436,1.81609235,1.85669331
7437,1.81609235,1.85669331
7438,-0.377003626,-0.340033985
7439,1.18407462,-0.101454539
7440,,
7441,0.810746402,-0.347928577
7442,0.449244387,0.815084664
7443,-0.830839275,1.06825021
7444,-1.00610132,2.05082924
7445,-1.00610132,2.05082924
7446,1.50839553,-0.310398335
7447,0.936960163,0.371858115
7448,,
7449,-0.13089866,-1.38529902
7450,-0.426093237,-1.5287652
7451,-1.57099758,-0.762479523
7452,-1.49661339,1.21760551
7453,-1.49661339,1.21760551
7454,0.99211,0
7455,-0.44536646,0.574854002
7456,,
7457,-1.43481101,-0.681295001
7458,-1.77424624,0.383331104
7459,-0.615757605,0.523784253
7460,-1.90236723,-0.503473827
7461,-1.90236723,-0.503473827
7462,-0.992098315,-0.708713366
7463,0.143384656,0.869098413
7464,,
7465,0.693378088,-0.0984108789
7466,2.0213621,-0.871461148
7467,0.58276205,0.295791665
7468,0.320017646,0.122150661
7469,0.320017646,0.122150661
7470,-0.0399727597,0.306182541
7471,-1.44476873,-0.244652026
7472,,
7473,-0.08746994,-1.18839333
7474,-0.89782096,-0.0212165497
7475,-1.87178662,-0.35020355
7476,0.811421782,-1.52290278
7477,0.811421782,-1.52290278
7478,0.388169425,-1.18995094
7479,1.97934861,1.36535594
7480,,
7481,-0.316302628,1.90542392
7482,-0.420766938,2.45855598
7483,0.619315944,0.236745492
7484,0.471304422,-1.91102571
7485,0.471304422,-1.91102571
7486,-0.436146148,1.75195161
7487,0.274047682,0.811847031
7488,,
7489,0.475308254,-2.19944208
7490,0.670572164,-1.89507721
7491,2.74159828,-1.50736002
7492,1.70754614,1.1712182
7493,1.70754614,1.1712182
7494,1.38165281,-0.0823408831
7495,1.30020489,-2.34180099
7496,,
7497,0.353405062,0.616333776
7498,0.187644673,0.459518621
7499,0.443371879,1.08922998
7500,0.468115646,-1.32396631
7501,0.468115646,-1.32396631
7502,0.627694332,1.35612005
7503,-0.020136738,-0.67070615
7504,,
7505,-0.30452293,1.82584091
7506,-0.226984704,1.15062555
7507,-0.13512328,-0.333521721
7508,-1.06519448,-0.52983493
7509,-1.06519448,-0.52983493
7510,0.0394717061,-1.44311592
7511,0.862439544,-0.963602345
7512,,
7513,0.125675054,0.277716078
7514,-1.33370837,0.315828198
7515,-0.388168573,0.0147190078
7516,0.4201013,-0.0402588112
7517,0.4201013,-0.0402588112
7518,-0.641214153,0.989095388
7519,1.41975343,0.526639209
7520,,
7521,2.55665678,1.7837724
7522,3.16363934,1.20657234
7523,2.34252341,1.91076187
7524,-1.31947281,-1.38741408
7525,-1.31947281,-1.38741408
7526,-0.0198784603,0.398402834
7527,-0.319635871,0.163988502
7528,,
7529,-1.47884823,-1.64766944
7530,-0.487180652,-1.77106073
7531,0.5180839,0.114971675
7532,-0.888261177,-1.25112193
7533,-0.888261177,-1.25112193
7534,0.127879354,0.119946983
7535,-0.325534633,0.59561192
7536,,
7537,0.798829845,0.371492786
7538,2.28905117,-0.760851601
7539,1.16626219,-0.339309678
7540,0.422528118,1.19560158
7541,0.422528118,1.19560158
7542,-1.27644498,1.15456234
7543,-1.21644867,0.0204881333
7544,,
7545,-1.54554329,-1.32796816
7546,-0.713395809,-1.76963014
7547,0.498041464,-0.274793831
7548,0.366003253,-0.378132148
7549,0.366003253,-0.378132148
7550,-0.079519551,-0.559409777
7551,-0.976462371,-0.253345364
7552,,
7553,-0.244604663,-0.350913423
7554,-1.03555463,-1.82845004
7555,-1.62551757,-1.30929479
7556,-0.0201689439,-1.60998775
7557,-0.0201689439,-1.60998775
7558,-0.975502378,-0.186988225
7559,-0.198288098,0.645121149
7560,,
7561,-0.251808857,0.37098387
7562,-0.213593116,0.746976274
7563,-0.179769691,1.11912323
7564,2.13520002,0.353762109
7565,2.13520002,0.353762109
7566,0.0623477577,-0.756242792
7567,0.0428053834,-0.311618724
7568,,
7569,1.1215947,-2.13053486
7570,1.21663314,-1.54851894
7571,0.298398277,-0.606536146
7572,1.54195283,-0.606221151
7573,1.54195283,-0.606221151
7574,-0.140956306,1.69955794
7575,-1.01630086,0.139466157
7576,,
7577,-0.608809917,-1.43859758
7578,-0.32351202,-1.26871756
7579,0.537294718,-1.83400087
7580,1.11012522,-0.444788012
7581,1.11012522,-0.444788012
7582,-0.890881964,0.481328806
7583,1.43101133,0.886264075
7584,,
7585,1.36535966,-0.340244553
7586,2.23129467,-0.0405117095
7587,1.32826453,0.0886852998
7588,0.823404459,-0.955940173
7589,0.823404459,-0.955940173
7590,-1.13121629,0.26293233
7591,0.407950616,-0.457486487
7592,,
7593,-2.30081285,1.11209891
7594,-2.33072459,-0.579275284
7595,-0.531100174,-0.327925955
7596,1.2983201,-2.27333153
7597,1.2983201,-2.27333153
7598,0.138950105,-0.574118656
7599,-0.267329071,0.488552912
7600,,
7601,-1.56454617,-0.652935097
7602,-1.81337812,-0.658171208
7603,-1.2430242,-1.36316259
7604,0.499322932,-1.31317214
7605,0.499322932,-1.31317214
7606,0.144715328,-0.445059378
7607,0.0404455094,0.775186255
7608,,
7609,-1.60931209,-0.342771863
7610,-1.52742084,-0.309140115
7611,1.22962683,0.233082156
7612,1.95556631,0.225416901
7613,1.95556631,0.225416901
7614,1.82489201,-2.22344185
7615,-0.411017044,0.159015793
7616,,
7617,1.11284713,1.70980764
7618,2.36110249,0.548486503
7619,1.7671309,-0.60631113
7620,-1.78476876,0.398947925
7621,-1.78476876,0.398947925
7622,0.507347494,-0.0410867466
7623,-0.860706544,1.31827839
7624,,
7625,-2.00648596,-0.443950826
7626,-2.05339875,-0.180339575
7627,0.444568565,-0.387517784
7628,1.48314163,-0.100831973
7629,1.48314163,-0.100831973
7630,-0.101471084,0.449663762
7631,1.73644129,-1.05703061
7632,,
7633,0.207055754,-0.429638699
7634,0.167314578,-0.343393307
7635,1.3186305,-1.00788024
7636,-1.0353362,0.46051156
7637,-1.0353362,0.46051156
7638,-0.230078102,1.77128516
7639,-2.02423282,-0.405455373
7640,,
7641,-1.82575901,1.04430702
7642,-1.85813514,1.29348593
7643,-0.0693461649,0.656396837
7644,-1.44026812,-0.985249387
7645,-1.44026812,-0.985249387
7646,1.10058864,1.05595804
7647,1.40318624,-0.660818331
7648,,
7649,0.218206316,0.474168455
7650,-1.19974199,1.2517392
7651,-1.41117817,1.07183583
7652,1.16371837,-1.00715541
7653,1.16371837,-1.00715541
7654,-1.76443532,0.121156971
7655,0.494446126,1.64658046
7656,,
7657,1.05150465,1.07861747
7658,1.1864794,1.22456713
7659,-0.442165452,0.435814729
7660,1.44352744,-0.8885488
7661,1.44352744,-0.8885488
7662,-0.90015929,1.9319928
7663,0.120014439,0.231026418
7664,,
7665,0.990605925,0.777684916
7666,1.20858325,1.10649553
7667,0.579255688,-0.0882590726
7668,-0.831454852,0.376088979
7669,-0.831454852,0.376088979
7670,-0.401026494,-1.44812757
7671,0.75581401,1.74893776
7672,,
7673,-1.1109467,-0.729888308
7674,-2.38348329,-1.26295852
7675,-0.470172776,0.902456468
7676,-0.418625726,1.18358286
7677,-0.418625726,1.18358286
7678,-1.55828578,0.670712388
7679,-0.103386255,-1.06791151
7680,,
7681,0.746100801,-1.02245986
7682,0.404861551,-0.328747875
7683,-0.363784485,1.02551249
7684,1.76880587,1.36582513
7685,1.76880587,1.36582513
7686,0.714857531,-0.823026375
7687,-0.688371074,0.101559181
7688,,
7689,0.809656225,-0.855415524
7690,0.566083166,0.0609820617
7691,-1.68586555,-1.54162055
7692,0.983639236,0.682748849
7693,0.983639236,0.682748849
7694,-1.79194885,0.413872664
7695,-0.914426051,0.594625228
7696,,
7697,-1.15829847,-0.544460814
7698,-0.369220731,-1.01399619
7699,2.40517131,0.231879169
7700,-0.958235972,-0.720505072
7701,-0.958235972,-0.720505072
7702,-0.414825841,-0.939098565
7703,0.754072124,1.97151779
7704,,
7705,1.2420772,-1.16533045
7706,-0.939776231,-0.529125305
7707,-1.11575973,-1.97865453
7708,-0.726927959,-0.92223549
7709,-0.726927959,-0.92223549
7710,0.802476819,0.163222972
7711,-1.39917126,-1.145299
7712,,
7713,0.312474435,-0.614434226
7714,1.17007493,-1.24063572
7715,-0.239985141,-0.301159441
7716,0.0201388257,0.375422168
7717,0.0201388257,0.375422168
7718,-0.555515502,-1.74691027
7719,-1.09009035,0.268117916
7720,,
7721,-0.823043279,0.228803615
7722,-0.340744988,0.0591315563
7723,-0.546818452,0.121313162
7724,1.98723289,0.655229553
7725,1.98723289,0.655229553
7726,-0.437956872,1.62596017
7727,1.59273896,0.078899522
7728,,
7729,-3.02243574,-0.182177425
7730,-2.478821,0.591312542
7731,-1.33733121,-0.271316535
7732,1.851846,0.38846944
7733,1.851846,0.38846944
7734,0.685101896,-0.0205015965
7735,-0.479768709,1.30929785
7736,,
7737,-1.46225826,0.365581535
7738,-1.60548857,0.55792002
7739,-0.680477109,0.500455098
7740,-0.504974776,0.347021375
7741,-0.504974776,0.347021375
7742,-0.732170401,0.327415111
7743,-0.320909487,-1.64385416
7744,,
7745,0.0137082913,-0.617401744
7746,-1.49943908,-0.0975574121
7747,-0.430495395,-0.732869757
7748,1.39164129,0.182821649
7749,1.39164129,0.182821649
7750,-0.778343972,1.95431267
7751,0.989137446,-2.57627324
7752,,
7753,0.229398832,1.47051571
7754,0.687292564,1.65216172
7755,-0.717322364,1.24152934
7756,0.242511046,0.0598863089
7757,0.242511046,0.0598863089
7758,-0.332865844,1.98750228
7759,-0.466927029,0.0788365099
7760,,
7761,-0.222471319,0.163906263
7762,-0.28547971,-0.35332691
7763,0.603394246,-0.971121344
7764,0.552394158,0.406849073
7765,0.552394158,0.406849073
7766,-0.239270706,-0.74309241
7767,-0.355954928,-0.471967087
7768,,
7769,-1.93859614,0.811141498
7770,-2.33508156,0.775319635
7771,-0.103993236,0.41417577
7772,-1.50720575,0.79613613
7773,-1.50720575,0.79613613
7774,1.10960418,0.835383185
7775,0.590531363,-0.502921906
7776,,
7777,-1.43200851,0.689350281
7778,-1.72239853,1.16634889
7779,-0.40273332,0.844969071
7780,-0.926246178,-1.22126477
7781,-0.926246178,-1.22126477
7782,1.54943013,-0.511256141
7783,-1.2227446,-0.180648875
7784,,
7785,-0.239306018,1.66123107
7786,-0.721014833,1.73751359
7787,-0.237628185,1.19294589
7788,0.206773064,0.268033348
7789,0.206773064,0.268033348
7790,0.0199741155,0.88597171
7791,1.11869051,0.456088913
7792,,
7793,-0.450557964,-0.553139996
7794,-1.01361755,-0.362361685
7795,0.782258544,0.139728319
7796,0.655408275,0.343841636
7797,0.655408275,0.343841636
7798,-0.560991822,-0.673455243
7799,-0.344014509,-1.48663772
7800,,
7801,0.475075928,0.573163104
7802,0.825864724,-0.0607790967
7803,-0.406485954,-1.44015003
7804,-1.10253868,0.600231111
7805,-1.10253868,0.600231111
7806,-0.941090318,-1.16474223
7807,1.11647699,1.9820979
7808,,
7809,0.70201193,1.02197276
7810,0.614911555,1.21310273
7811,-0.543250452,1.06716786
7812,0.100417284,0.477085215
7813,0.100417284,0.477085215
7814,0.886052041,-0.593862299
7815,-0.862053365,-1.19411656
7816,,
7817,0.411179064,0.100394243
7818,-0.673458544,0.330684923
7819,-1.168846,-0.102430705
7820,0.770588316,-1.01593674
7821,0.770588316,-1.01593674
7822,0.483030199,0.250967333
7823,0.555968381,2.08007507
7824,,
7825,0.0589539171,-0.801022878
7826,1.06532409,0.0405684849
7827,0.564676691,-0.119402752
7828,-0.699485331,-0.388921996
7829,-0.699485331,-0.388921996
7830,-0.936387247,-0.481018571
7831,0.374459022,0.101079746
7832,,
7833,-0.860973344,-0.700096295
7834,-2.39376746,-0.428279579
7835,-1.20770681,1.11861256
7836,0.969471463,-0.506703102
7837,0.969471463,-0.506703102
7838,-2.14725547,-0.940429624
7839,0.671985853,-0.214609517
7840,,
7841,-1.23543092,-1.43878435
7842,-1.71130276,-1.17804071
7843,-1.69744856,0.472212029
7844,-0.142424283,-0.428285404
7845,-0.142424283,-0.428285404
7846,1.30197567,0.901916897
7847,-1.28956861,0.347321112
7848,,
7849,0.0139499809,-0.0712561159
7850,0.287115673,0.441016282
7851,0.0602145286,-0.961753056
7852,-0.350317089,0.263340329
7853,-0.350317089,0.263340329
7854,-0.801758082,1.36795806
7855,-1.23474467,-1.12440607
7856,,
7857,-0.89502325,1.18673617
7858,-1.20421212,1.97126746
7859,-1.37742387,0.292832936
7860,-0.0410763206,-0.257172467
7861,-0.0410763206,-0.257172467
7862,-0.91571375,0.144190524
7863,1.35746965,0.862374257
7864,,
7865,-0.49810972,-0.227427251
7866,-0.215566249,-0.917521088
7867,-0.29634127,-0.425083192
7868,1.39707914,-1.12638744
7869,1.39707914,-1.12638744
7870,0.102657543,-0.542371775
7871,0.245604383,0.338486052
7872,,
7873,0.341927049,2.03364589
7874,1.29357525,0.556907785
7875,0.327691561,0.116118483
7876,0.307477308,0.862872791
7877,0.307477308,0.862872791
7878,-0.0409097185,0.182871584
7879,-1.2719071,0.46926629
7880,,
7881,0.657829611,-1.55801455
7882,-0.505561354,-1.36928058
7883,-0.182377168,-1.59389449
7884,-0.0410386794,-0.482002233
7885,-0.0410386794,-0.482002233
7886,-0.103625266,0.098373255
7887,2.15048849,-0.976975959
7888,,
7889,-0.173927648,-1.71721086
7890,1.00322231,-1.94802518
7891,0.597359043,-3.21303924
7892,1.10046648,-1.16149956
7893,1.10046648,-1.16149956
7894,-0.0614658226,0.526400576
7895,-0.394539547,-0.606784413
7896,,
7897,-0.206157529,-1.19274702
7898,0.18042929,0.181148187
7899,0.481653656,0.446492033
7900,-1.19398865,-1.16579578
7901,-1.19398865,-1.16579578
7902,0.80714502,-3.05901691
7903,0.0771146549,-1.76315617
7904,,
7905,1.71503514,0.586411309
7906,0.416770499,0.328589723
7907,1.2107045,-0.723226686
7908,0.517518892,-0.452546713
7909,0.517518892,-0.452546713
7910,0.0993755719,3.24910162
7911,-1.14982665,-1.91931584
7912,,
7913,-1.23619508,-0.883413208
7914,-1.14987972,-0.413366774
7915,0.2706669,-0.453808697
7916,0.780821826,0.739688979
7917,0.780821826,0.739688979
7918,-1.06491754,0.362455464
7919,0.483990264,2.56093071
7920,,
7921,-0.702783942,-0.619899957
7922,-0.306031739,-1.44784654
7923,1.28565424,0.867689255
7924,0.0423110043,-0.3229658
7925,0.0423110043,-0.3229658
7926,0.66870653,0.409120159
7927,0.21370664,-0.226252842
7928,,
7929,-0.934091495,1.421732
7930,-1.84425499,1.22566838
7931,-1.7417015,0.102948459
7932,-0.0992855743,1.29091573
7933,-0.0992855743,1.29091573
7934,2.87579379,-1.29320694
7935,1.99401369,0.598547095
7936,,
7937,0.430524002,1.47075275
7938,-0.685880279,-0.0203547331
7939,-3.58597531,0.551162712
7940,-1.20931025,-0.205421566
7941,-1.20931025,-0.205421566
7942,0.687666094,0.566675821
7943,-2.34484321,-0.234187672
7944,,
7945,1.64074913,-1.45481137
7946,1.42630902,-0.196185363
7947,1.28860107,-0.428427701
7948,-0.553053775,0.921374672
7949,-0.553053775,0.921374672
7950,0.739298744,-0.362506047
7951,1.25215483,-1.49190601
7952,,
7953,0.0286489034,-1.27598071
7954,0.996942402,-1.27804501
7955,0.176339122,0.623036316
7956,-0.68131472,-2.24942367
7957,-0.68131472,-2.24942367
7958,-1.11823055,-0.0404399141
7959,-1.01651952,-0.524672106
7960,,
7961,1.62139656,1.34957587
7962,0.207920524,-0.961023264
7963,0.817948206,0.455270916
7964,0.434135753,0.40774658
7965,0.434135753,0.40774658
7966,-0.138538914,0.685436334
7967,-2.43873574,-0.622309558
7968,,
7969,-0.0880439503,0.676006275
7970,1.1558711,0.662967229
7971,0.446040244,-2.04557052
7972,1.23039717,0.80647373
7973,1.23039717,0.80647373
7974,-1.57808931,0.491374393
7975,0.105118278,-0.237541342
7976,,
7977,0.49856345,1.04195716
7978,0.474613548,-0.513525403
7979,0.950257386,2.4184153
7980,-0.742019585,1.84449328
7981,-0.742019585,1.84449328
7982,0.911407097,-0.601678497
7983,-0.97347616,0.168264658
7984,,
7985,1.48953751,-0.354535454
7986,1.25566271,0
7987,0.595486373,0.490334117
7988,1.07427376,0.82585996
7989,1.07427376,0.82585996
7990,0.810233358,0.783614534
7991,-1.73617331,1.41502586
7992,,
7993,-1.15811503,-0.624797207
7994,-0.385571813,-0.438733275
7995,0.029165845,0.746648772
7996,0.138237702,-0.144993606
7997,0.138237702,-0.144993606
7998,-0.721626106,0.83613211
7999,1.2990471,0.358679184
8000,,
8001,-1.14699541,-0.297002192
8002,-1.22464068,0.523283778
8003,-2.36055449,0.190560076
8004,-1.08908133,-0.858996904
8005,-1.08908133,-0.858996904
8006,-0.020476676,0.935198235
8007,0.547264142,-0.90498882
8008,,
8009,-1.36847901,-0.505798373
8010,-0.779798725,0.543792515
8011,1.4151566,-0.577993143
8012,-0.882853293,0.641886281
8013,-0.882853293,0.641886281
8014,-0.540940345,0.0594108087
8015,0.769564933,-0.0401935563
8016,,
8017,0.211381769,-0.0142244442
8018,0.161309702,-0.3635285
8019,1.55202554,0.357699205
8020,0,0.940403978
8021,0,0.940403978
8022,0.212820254,-0.911070066
8023,-0.516069357,-1.02113377
8024,,
8025,0.792829199,2.25566228
8026,0.967919389,1.72378279
8027,0.373276522,0.130383316
8028,-0.0824743916,-1.04409755
8029,-0.0824743916,-1.04409755
8030,0.581718802,0.951273888
8031,-0.0420841328,-0.299707646
8032,,
8033,-0.597077499,1.76928991
8034,-1.57547297,2.57797589
8035,-0.156370589,2.3795545
8036,0.518030296,-0.439380239
8037,0.518030296,-0.439380239
8038,0.418093274,-1.71014264
8039,0.782002058,-0.623090254
8040,,
8041,0.613022935,0
8042,-0.477958363,0.147182872
8043,-1.29927789,-0.756764585
8044,1.33882244,1.17961173
8045,1.33882244,1.17961173
8046,-1.72502644,-0.424322889
8047,-0.94649806,0.193222877
8048,,
8049,0.572323514,0.780670062
8050,0.529872502,-0.202166221
8051,0.771159268,-0.319794244
8052,1.05007215,0.458561849
8053,1.05007215,0.458561849
8054,-1.87518389,-1.13682984
8055,1.53953932,-2.43392326
8056,,
8057,0.0875501867,-1.10813462
8058,0.602841716,-0.526859767
8059,-0.130854407,0.470358116
8060,0.855859419,-0.784165277
8061,0.855859419,-0.784165277
8062,-0.777360334,-0.181762671
8063,0.850636567,-0.604213005
8064,,
8065,1.44722733,-0.0980289761
8066,1.27421778,0.762574964
8067,0.60678969,-0.0450284268
8068,-0.764974682,1.37932876
8069,-0.764974682,1.37932876
8070,-0.163149457,1.64451813
8071,1.40513352,-0.851736195
8072,,
8073,0.755033307,2.06014933
8074,0.0602782851,2.03028694
8075,0.5524737,1.39470008
8076,0.0977482311,2.33958487
8077,0.0977482311,2.33958487
8078,0.0625294251,0.224132591
8079,-1.51764359,0.0195162873
8080,,
8081,1.35544803,0.661910559
8082,1.44111084,0.155473391
8083,0.211920366,-0.160970484
8084,-1.1366187,-0.540212607
8085,-1.1366187,-0.540212607
8086,0.240714152,-0.0610496207
8087,-1.21485017,1.3842397
8088,,
8089,-0.212355311,0.339825089
8090,-0.285528812,-1.36586338
8091,-0.76602409,-1.19057272
8092,0.0620897964,1.03226959
8093,0.0620897964,1.03226959
8094,-1.39215682,0.218480952
8095,0.377082518,0.290193703
8096,,
8097,0.936435681,0.796348613
8098,-1.22057638,-0.0616947243
8099,-1.41554161,0.495001905
8100,1.17964333,0.327923136
8101,1.17964333,0.327923136
8102,0.515931591,0.186584943
8103,-0.497445994,1.42785513
8104,,
8105,-0.845023988,0.590395095
8106,-1.52630487,0.598321326
8107,-0.162221731,0.792513176
8108,0.180543899,-0.720777196
8109,0.180543899,-0.720777196
8110,-0.392089595,0.629035872
8111,1.61556376,1.50411282
8112,,
8113,0.886906904,1.41323615
8114,1.05107349,0.372290823
8115,1.34394342,0.294652987
8116,0.17958469,0.310478315
8117,0.17958469,0.310478315
8118,0.96538284,-0.165978395
8119,0.0401587344,-1.13843124
8120,,
8121,0.710170864,0.6892778
8122,0.178033746,0.680692652
8123,0.876804498,0.421145936
8124,0.930153419,-0.493105905
8125,0.930153419,-0.493105905
8126,-0.935558483,0.17453911
8127,1.11415483,-0.385707986
8128,,
8129,-1.41382045,0.0746567992
8130,0.41019146,0.324819306
8131,0.13234939,0.778485684
8132,0.852056508,0.522253563
8133,0.852056508,0.522253563
8134,0.405087937,0.452019241
8135,-0.0980766466,-1.47074402
8136,,
8137,-0.465874916,0.0717934972
8138,-0.607332871,-0.814987324
8139,0.982507625,-1.3884458
8140,0.644021782,0.803337089
8141,0.644021782,0.803337089
8142,-0.206684494,-0.594427335
8143,-0.492148496,0.313179305
8144,,
8145,2.4971258,-0.464343846
8146,2.44614603,0.581105587
8147,1.19525603,-0.114882804
8148,0.911432148,-0.692105844
8149,0.911432148,-0.692105844
8150,-1.77208578,0.323143051
8151,0.397365997,-0.719707847
8152,,
8153,1.10192475,1.77289513
8154,1.85707892,2.89556738
8155,2.01975918,0.849508136
8156,-0.282237053,1.04553388
8157,-0.282237053,1.04553388
8158,0.740215484,-0.690255496
8159,-0.119871245,-1.41358996
8160,,
8161,-0.174806131,0.565431534
8162,-0.803268037,1.50233636
8163,0.889650901,0.848345459
8164,0.461257778,0.181791663
8165,0.461257778,0.181791663
8166,0.709645308,0.324738812
8167,-0.78092474,1.15987464
8168,,
8169,-0.414736543,0.154286573
8170,-1.23516088,0.179498733
8171,0.387519294,0.203953937
8172,0.279561733,0.42732517
8173,0.279561733,0.42732517
8174,0.493449801,-1.29400565
8175,0.406496355,-0.0415850059
8176,,
8177,-1.34454835,-0.105354634
8178,-0.159523342,-1.57847312
8179,0.997238897,-0.192181423
8180,-0.230539629,-0.716466857
8181,-0.230539629,-0.716466857
8182,0.0209009797,0.343983444
8183,0.607432709,-0.318610091
8184,,
8185,-1.00180263,-0.128954587
8186,-0.429731206,-2.11413348
8187,0.472965189,0.876169559
8188,-1.21361284,2.10130932
8189,-1.21361284,2.10130932
8190,0,-0.34092835
8191,0.822090151,0.505051215
8192,,
8193,-1.07653718,-0.474737232
8194,-0.632673332,-0.439425488
8195,1.29882364,1.85147129
8196,2.04766262,1.38107219
8197,2.04766262,1.38107219
8198,1.09405669,-0.547804209
8199,1.36679805,-0.403930466
8200,,
8201,-0.875559337,-0.180369084
8202,-0.44360394,-0.18062772
8203,-0.196775796,-0.209174954
8204,0.295649145,0.429904495
8205,0.295649145,0.429904495
8206,-0.583488859,-1.49130241
8207,0.137357383,0.553050553
8208,,
8209,1.3480031,-1.55505319
8210,0.956447882,-0.455049748
8211,0.315379603,0.483458005
8212,0.566945171,-0.100137476
8213,0.566945171,-0.100137476
8214,1.92836511,0.0203237341
8215,-0.554344253,-1.00106642
8216,,
8217,-0.243200024,0.814691441
8218,0.480599419,0.833607998
8219,1.32940931,1.69642865
8220,-1.13883612,-0.543968009
8221,-1.13883612,-0.543968009
8222,-0.233233689,0.120807844
8223,0.32073361,1.14209088
8224,,
8225,0.354837971,-0.501422835
8226,0.105641504,-0.311401943
8227,-0.0300218924,0.942780454
8228,-0.274774035,0.514676163
8229,-0.274774035,0.514676163
8230,-0.242399914,2.33581768
8231,1.55682873,0.0407439405
8232,,
8233,0.512508996,-0.629263789
8234,0.201561148,-1.98040468
8235,-0.679878571,0.493781667
8236,-1.05872128,1.65428201
8237,-1.05872128,1.65428201
8238,-1.01554292,-0.0979884312
8239,-1.61445114,-1.12413679
8240,,
8241,1.15518317,-1.91370144
8242,0.915289734,-1.3451049
8243,1.80834632,-0.0157577934
8244,-0.0804303551,0.48842358
8245,-0.0804303551,0.48842358
8246,-0.476080041,0.0987194114
8247,1.22469971,0.0602885342
8248,,
8249,0.931584138,-1.96118732
8250,0.854174893,-1.54414987
8251,-0.156004013,-0.868732173
8252,-0.981047226,-0.603357905
8253,-0.981047226,-0.603357905
8254,0.845062787,1.96250702
8255,0.316500558,1.40260485
8256,,
8257,-0.690045074,1.2617843
8258,0.205491122,0.760493341
8259,0.211326905,-2.09273864
8260,-0.240031284,-0.020364759
8261,-0.240031284,-0.020364759
8262,1.4810604,-0.746010622
8263,-0.326160572,0.160666112
8264,,
8265,-0.904030146,-0.678636123
8266,0.432298497,0.259324556
8267,-0.931470424,0.808009101
8268,-0.445134719,-0.769303855
8269,-0.445134719,-0.769303855
8270,0.307952458,1.48375766
8271,1.33324998,-1.46359067
8272,,
8273,-0.405489734,1.06345111
8274,-0.536075417,2.10250659
8275,-0.3590093,1.95047029
8276,-0.496473011,-1.00028196
8277,-0.496473011,-1.00028196
8278,0.686083837,0.449184304
8279,-0.188739724,-0.384762536
8280,,
8281,-0.535590565,-0.948662666
8282,-0.729730875,-0.441272345
8283,0.0319205099,0.678462434
8284,-2.56316023,-0.602833351
8285,-2.56316023,-0.602833351
8286,0.795408738,-0.100452019
8287,0.345765595,-1.2581159
8288,,
8289,0.855754831,-0.372808518
8290,1.44647778,0.697668053
8291,-1.04756447,-0.327134569
8292,-0.846005006,-0.696177801
8293,-0.846005006,-0.696177801
8294,-0.893652876,1.01291771
8295,-1.21821767,-0.359690947
8296,,
8297,0.533198397,0.802492523
8298,0.204764286,1.55185909
8299,-0.17744695,-0.311874148
8300,-0.14322119,0
8301,-0.14322119,0
8302,0.662162613,1.09212186
8303,-1.97907315,-0.538074312
8304,,
8305,-0.423747225,1.6789596
8306,-0.451340621,1.38395301
8307,-1.28853047,-1.23772604
8308,0.498124143,-0.0605465976
8309,0.498124143,-0.0605465976
8310,-2.60104323,-0.181318374
8311,-0.83447474,-0.637951628
8312,,
8313,0.272314199,-0.64161971
8314,0.770632051,-0.871574037
8315,-1.61447123,-0.197067743
8316,0.0419713853,-0.781966041
8317,0.0419713853,-0.781966041
8318,0.0201459942,-0.821849699
8319,-0.258284448,1.20680337
8320,,
8321,-1.37792808,1.21635924
8322,1.1682656,1.85693708
8323,0.371680107,1.24084128
8324,-0.619348345,0.719666758
8325,-0.619348345,0.719666758
8326,0.188308498,1.84821421
8327,-0.642694057,-0.689937825
8328,,
8329,-1.14636831,-0.976743657
8330,-0.778383259,-0.442848272
8331,2.24559511,1.32825697
8332,-0.504480281,-0.12191685
8333,-0.504480281,-0.12191685
8334,1.23769685,0.801516885
8335,0.819735525,-0.349299237
8336,,
8337,-0.485921916,-0.297865638
8338,0.407148177,0.323240548
8339,0.566979129,0.219285347
8340,1.16189803,0.839601967
8341,1.16189803,0.839601967
8342,0.694290407,1.13209759
8343,-0.389474539,-1.1486629
8344,,
8345,-1.11148311,-1.24616753
8346,-1.10493678,-1.84510415
8347,-0.216181226,-0.170752652
8348,0.292878863,0.20635887
8349,0.292878863,0.20635887
8350,0.3247482,-0.856293687
8351,0.26759295,1.34826017
8352,,
8353,0.421290397,-0.214687607
8354,0.661388883,1.24750927
8355,-0.581277485,0.240731405
8356,0.0828029756,-0.33964628
8357,0.0828029756,-0.33964628
8358,-0.0399708389,-2.62324541
8359,-0.656093161,2.58112311
8360,,
8361,0.336268338,0.568665028
8362,0.915305617,-0.793483992
8363,-1.04169507,0.0149478898
8364,0.355468471,0.844305706
8365,0.355468471,0.844305706
8366,0.875708647,-1.13065859
8367,-0.142972403,-1.2914047
8368,,
8369,1.02936419,-1.32441259
8370,0.944182121,-0.828652671
8371,0.239259978,-1.85528526
8372,0.912150418,-1.01779158
8373,0.912150418,-1.01779158
8374,0.444374395,-0.101095279
8375,-0.438828335,-0.12062561
8376,,
8377,0.0978697825,0.416496558
8378,0.119377391,-1.15808827
8379,0.0758729324,-1.12584523
8380,-1.78171645,0.280721375
8381,-1.78171645,0.280721375
8382,-0.612056774,0.393207518
8383,-0.475749114,0.91986262
8384,,
8385,-0.34266468,-0.429137224
8386,0.197586071,0.521110273
8387,0.347369509,2.73128283
8388,0.462781176,2.26814529
8389,0.462781176,2.26814529
8390,0.441122476,2.39170794
8391,-1.29181561,1.61413804
8392,,
8393,0.372385765,1.14181842
8394,1.41811984,1.80190867
8395,-0.0944217698,-1.0061339
8396,-1.49015751,0.100942327
8397,-1.49015751,0.100942327
8398,0.826692426,-2.40066731
8399,-0.387807731,1.03423031
8400,,
8401,1.1595417,0.494357742
8402,1.78311491,-0.497418681
8403,0.37158162,-1.13022195
8404,-0.282767515,1.08620281
8405,-0.282767515,1.08620281
8406,0.1607962,-0.296545558
8407,-2.10754058,-1.14589513
8408,,
8409,0.452603187,-0.64923521
8410,0.164886252,-0.0627359176
8411,-0.739602902,0.496818537
8412,-1.12777791,2.54612631
8413,-1.12777791,2.54612631
8414,0.155393393,-0.753447256
8415,0.358010006,-1.28188788
8416,,
8417,-0.0586640001,-0.761007947
8418,-0.14671059,0.330862076
8419,-0.16000471,0.191582144
8420,0.915427622,0.51040411
8421,0.915427622,0.51040411
8422,1.08544407,-1.62078071
8423,-1.34233372,0.366927968
8424,,
8425,-0.199600505,-0.936637084
8426,-0.934058249,-0.768331775
8427,0.151685168,-0.844030637
8428,0.174822444,0.179101361
8429,0.174822444,0.179101361
8430,-1.17111784,-0.542867217
8431,1.23243338,-0.940301153
8432,,
8433,0.357675348,-0.784416018
8434,0.985014581,-1.11035536
8435,0.654075238,-1.32494686
8436,-1.41988115,-0.116566321
8437,-1.41988115,-0.116566321
8438,2.03137599,0.100374677
8439,-0.361270771,-2.19020937
8440,,
8441,-0.686348937,0.141663064
8442,-1.23001718,-0.17869355
8443,0.560227438,-1.6363768
8444,0.16508551,-1.45458246
8445,0.16508551,-1.45458246
8446,0.460734296,-0.700111679
8447,0.101812155,-0.0790573285
8448,,
8449,1.53979221,0.430749075
8450,0.731971072,-0.0585038657
8451,1.41983852,-0.379928143
8452,0.329419164,0.51444561
8453,0.329419164,0.51444561
8454,-0.609019843,0.822560727
8455,1.1366916,-1.55602143
8456,,
8457,0.58924078,1.64042157
8458,0.309978539,0.581179579
8459,-2.39924225,-0.351097739
8460,-0.512669542,-2.59629791
8461,-0.512669542,-2.59629791
8462,1.23586197,0.452021704
8463,-0.166896483,-0.3073317
8464,,
8465,1.57096009,-0.450412527
8466,1.50712525,-1.36548221
8467,0.140507137,0.292689565
8468,-1.06793015,-0.605704134
8469,-1.06793015,-0.605704134
8470,1.13005739,-1.62055653
8471,1.36991019,-1.32314677
8472,,
8473,-0.148282926,0.332568111
8474,0.193585498,2.02796213
8475,-0.670070299,-0.0973404286
8476,0.584450269,0.361399396
8477,0.584450269,0.361399396
8478,-0.557550882,1.50829194
8479,0.742003531,-0.0767409181
8480,,
8481,-0.838796176,0.131493265
8482,-1.89001243,-0.16436559
8483,0.382195743,-0.286420068
8484,0.556306342,0.602125589
8485,0.556306342,0.602125589
8486,1.11914092,-0.0413874885
8487,-0.438714078,0.906219504
8488,,
8489,-1.04727956,0.957843944
8490,0.241748856,0.554857446
8491,0.443600806,-1.05949171
8492,-0.240688667,1.58882023
8493,-0.240688667,1.58882023
8494,-0.635861708,1.04665894
8495,3.18379815,-1.74022859
8496,,
8497,0.204674604,1.63545978
8498,-0.0615642236,1.48077184
8499,-1.24010324,0.857674048
8500,-0.0197953159,1.00175059
8501,-0.0197953159,1.00175059
8502,-1.58455416,0.928821315
8503,-0.306662626,-0.0390113347
8504,,
8505,0.763702121,0.102658154
8506,1.57557172,-0.41254606
8507,1.79182847,0.289089318
8508,1.05303337,-0.588966992
8509,1.05303337,-0.588966992
8510,-0.759203952,-0.789920849
8511,-1.04296496,-0.347215063
8512,,
8513,-0.688920694,-1.07045816
8514,-0.118490096,-0.727998276
8515,-0.257087575,1.19073715
8516,0.180675148,-0.159782619
8517,0.180675148,-0.159782619
8518,-0.0611576232,1.02732997
8519,0.0217209875,2.02460928
8520,,
8521,-1.60397415,1.15047392
8522,-2.28384973,0.563826648
8523,0.379604405,-0.395039188
8524,-0.472886638,0
8525,-0.472886638,0
8526,-0.183624024,-0.571963471
8527,1.42614362,0.204705139
8528,,
8529,-0.59044769,0.44922003
8530,-0.65962156,1.20510367
8531,0.43858328,-0.442733298
8532,0.803996466,0.885336984
8533,0.803996466,0.885336984
8534,1.00383795,1.03263507
8535,-1.57709201,1.55653265
8536,,
8537,0.873729773,-0.438562126
8538,1.5880868,-0.735119815
8539,1.95602806,2.49690351
8540,-0.52147003,0.145840076
8541,-0.52147003,0.145840076
8542,0.337260032,-1.74430096
8543,-1.99662367,-0.938826913
8544,,
8545,-0.37777212,0.474325838
8546,-0.418791134,0.312167486
8547,-2.67105429,-1.11691889
8548,-1.57714329,-0.218805696
8549,-1.57714329,-0.218805696
8550,1.1763223,1.43574871
8551,1.43530103,0.624303596
8552,,
8553,-0.938946771,-0.787309973
8554,-1.05925109,-1.98764589
8555,-1.53991399,-1.16495681
8556,0.230560443,0.45051741
8557,0.230560443,0.45051741
8558,-0.613362108,-1.05366781
8559,-0.446290153,0.920197067
8560,,
8561,-1.14934556,-0.983875611
8562,-1.39089796,-0.86959656
8563,0.243040509,0.568787593
8564,0.263345746,-1.43309584
8565,0.263345746,-1.43309584
8566,0.874375627,-0.177225292
8567,-0.727393656,-0.243393592
8568,,
8569,-0.729378627,-0.486891614
8570,-0.121353445,-1.1945046
8571,-0.192356398,-0.0155377074
8572,0.528941648,-1.7015393
8573,0.528941648,-1.7015393
8574,-2.45579039,-1.40236951
8575,0.868960114,1.23546888
8576,,
8577,-0.641579556,0.171529232
8578,-0.79318991,0.198930742
8579,2.51134664,-0.466989149
8580,0.184841,-0.156974791
8581,0.184841,-0.156974791
8582,1.08092442,1.18324064
8583,-0.125281872,0.3120056
8584,,
8585,0.517408043,0
8586,0.0409819797,0.45709143
8587,1.46217957,0.306687371
8588,0.597985533,-1.8007732
8589,0.597985533,-1.8007732
8590,0.51612358,0.95960848
8591,0.463230661,-1.13472541
8592,,
8593,2.68579518,-1.10162089
8594,1.71400752,0.163283118
8595,0.348329862,-1.6289457
8596,0.233810818,-1.59730035
8597,0.233810818,-1.59730035
8598,-0.882656836,-0.140106015
8599,-1.24822831,-1.3690825
8600,,
8601,-0.227684591,1.06597609
8602,-0.818137423,0.559375112
8603,1.43619836,0.158991052
8604,1.15009199,-0.0395254526
8605,1.15009199,-0.0395254526
8606,-0.398908146,-1.51172221
8607,1.76557973,-0.859185989
8608,,
8609,1.07648712,-0.537373677
8610,-0.04005026,-1.15268292
8611,-1.39232903,1.35950612
8612,-1.15818261,-0.21937247
8613,-1.15818261,-0.21937247
8614,-1.19243813,0.54350085
8615,-0.485977626,1.33521847
8616,,
8617,-0.322561071,-0.146847973
8618,0.0611729168,0.0630087373
8619,-0.142275085,-0.409265419
8620,-0.835319858,-1.33653462
8621,-0.835319858,-1.33653462
8622,-1.0365258,-0.0803332995
8623,-1.40216411,0.0811452543
8624,,
8625,-1.14056077,-0.536978735
8626,-1.17857415,0
8627,1.3943713,-0.120139076
8628,-0.226357029,0.503825568
8629,-0.226357029,0.503825568
8630,-0.387666087,1.68761535
8631,-0.494204357,0.539634687
8632,,
8633,-0.573172412,-0.116399515
8634,-1.99417973,0.646439438
8635,-0.447017205,2.66281852
8636,-0.807217514,1.53233732
8637,-0.807217514,1.53233732
8638,-1.56621755,-0.443846297
8639,1.45464216,-0.678915474
8640,,
8641,-0.129629336,-0.164693728
8642,-0.348388442,-1.41543147
8643,-0.305856536,-1.36692068
8644,0.14581438,-1.53675925
8645,0.14581438,-1.53675925
8646,0.223313388,0.120263603
8647,0.466154375,0.3288152
8648,,
8649,-1.41451038,-1.17797256
8650,-0.137092252,-0.284749465
8651,0.241564152,0.771621497
8652,-1.44512916,-0.267081792
8653,-1.44512916,-0.267081792
8654,0.917925394,-0.425862774
8655,-1.70964666,0
8656,,
8657,-2.07007036,1.31361105
8658,-0.641436239,1.62816033
8659,0.361642473,-1.78804804
8660,0.771028359,-1.07174613
8661,0.771028359,-1.07174613
8662,1.73666858,-1.40091458
8663,1.71757481,0.868097596
8664,,
8665,-0.0143461621,-0.563885279
8666,0.386130099,-2.00091227
8667,1.40553372,0.853862271
8668,0.305129051,0.615366264
8669,0.305129051,0.615366264
8670,0.35157167,-0.317201446
8671,-0.780830588,-1.11002322
8672,,
8673,0.407098825,-1.04712167
8674,0.0412897574,-1.3730553
8675,-1.27834139,-0.118028957
8676,-0.948506035,-0.0595929028
8677,-0.948506035,-0.0595929028
8678,-1.47738468,0.537285352
8679,1.19039126,-0.758747484
8680,,
8681,-0.304134524,0.619982148
8682,-1.06052163,0.24647877
8683,0.425189489,0.375936734
8684,0.993801324,0.367922123
8685,0.993801324,0.367922123
8686,-0.507935629,-0.139634071
8687,-1.30879618,0.746433452
8688,,
8689,0.178078842,-1.92792396
8690,-0.359806624,-1.46938767
8691,1.33432987,0.871362348
8692,-0.627561508,0.360121924
8693,-0.627561508,0.360121924
8694,0.0624396134,0.610335917
8695,-0.77512047,-0.33476279
8696,,
8697,0.632351582,0.218279057
8698,0.368776119,0.334609983
8699,0.154317071,-0.572447218
8700,-0.266147569,-0.16450488
8701,-0.266147569,-0.16450488
8702,0.10063216,-0.614784043
8703,-0.897472193,-0.0804674641
8704,,
8705,0.629749352,-0.0139966289
8706,0.0402834867,0.359085362
8707,-1.267338,-1.48282048
8708,0.648219997,-0.865731172
8709,0.648219997,-0.865731172
8710,-1.50843505,-0.902991983
8711,0.668818534,1.51896498
8712,,
8713,-0.528500086,1.14004286
8714,0.394999034,1.52221909
8715,-1.73318952,2.62443485
8716,1.33507544,1.99247576
8717,1.33507544,1.99247576
8718,1.50423899,-0.143664412
8719,0.145493537,1.71161093
8720,,
8721,0.12632993,0.0430631942
8722,0.930133274,-0.772495426
8723,-0.789820709,0.537629539
8724,0.924067362,0.291988595
8725,0.924067362,0.291988595
8726,-0.448710119,0.524704238
8727,-1.73233747,-0.141214572
8728,,
8729,1.35823209,-0.402767344
8730,1.02136529,-0.629228549
8731,-1.23814471,1.07698816
8732,-0.823307409,-0.390244643
8733,-0.823307409,-0.390244643
8734,0.963334709,0.0602943932
8735,-0.475408364,0.570930862
8736,,
8737,-0.960864595,0.759357041
8738,-1.13970617,-0.1936539
8739,1.18012477,-1.47375399
8740,1.25738577,-0.0985426154
8741,1.25738577,-0.0985426154
8742,-1.09950071,-1.11538365
8743,0.597916723,2.01584101
8744,,
8745,-0.934139297,-0.305728918
8746,-0.495433694,-1.10140235
8747,-0.0863058557,-0.3107207
8748,1.01053407,1.54422097
8749,1.01053407,1.54422097
8750,-0.737876774,0.335139521
8751,0.143161123,-0.262043501
8752,,
8753,-0.94099538,0.71859236
8754,-0.914127153,0.245374958
8755,0.644287167,0.744834483
8756,0.609745795,1.36652556
8757,0.609745795,1.36652556
8758,-0.121088683,1.08155704
8759,1.85693005,-0.358548971
8760,,
8761,0.703607671,0.556874084
8762,0,0.245228325
8763,0.543951537,-1.82118185
8764,0.608109053,1.15086785
8765,0.608109053,1.15086785
8766,0.436375312,0.731436008
8767,-0.414075363,-0.0206441841
8768,,
8769,0.245349846,0.0871876208
8770,-0.119707897,-0.665313376
8771,-1.64941459,-0.635830268
8772,0.79172457,-1.2231824
8773,0.79172457,-1.2231824
8774,-0.421355508,1.64581361
8775,-0.483204867,0.518478083
8776,,
8777,-0.437094152,1.41537965
8778,0.338067775,2.33316552
8779,0.485158054,0.759604569
8780,0.347590302,1.11599763
8781,0.347590302,1.11599763
8782,0.369898113,0.123676013
8783,-0.0413296867,0.469259436
8784,,
8785,-0.682206713,0.303838348
8786,-0.765488993,-0.061707807
8787,1.00724567,-0.173898351
8788,-0.850874531,0.426131931
8789,-0.850874531,0.426131931
8790,0.184445211,-0.533181918
8791,0.302274787,-0.595842708
8792,,
8793,-0.806597173,-1.65306198
8794,-0.969500516,-0.436924575
8795,-0.604574285,1.69248468
8796,0.884681515,-1.14041643
8797,0.884681515,-1.14041643
8798,-0.0212046874,-2.16451598
8799,0.504643596,0.243648961
8800,,
8801,-0.671425741,-0.672075654
8802,-1.06801934,-1.27473829
8803,-0.796518624,0
8804,1.47637249,-0.397638719
8805,1.47637249,-0.397638719
8806,2.39605015,0.231268921
8807,0.124390029,-2.84850963
8808,,
8809,-1.54880126,-1.16264851
8810,-1.1736273,-1.38544411
8811,0.158621197,-2.07864662
8812,-1.59898391,-1.57686126
8813,-1.59898391,-1.57686126
8814,0.183385027,1.11716226
8815,-0.060005685,1.63187201
8816,,
8817,0,-1.4279012
8818,0.576324171,0.282452625
8819,-0.871077679,0.485835554
8820,-0.239865857,0.733330159
8821,-0.239865857,0.733330159
8822,0.982359017,-2.18036105
8823,-0.0970692529,1.39494621
8824,,
8825,-1.45978527,0.992320465
8826,-1.54210334,0.430785912
8827,1.44380777,0.014341872
8828,-0.54156834,-1.13974849
8829,-0.54156834,-1.13974849
8830,-0.0823443813,-0.359757358
8831,-0.812791613,-0.750991579
8832,,
8833,1.90131575,1.37015149
8834,1.44262007,1.06666691
8835,-0.0546652137,-1.3121496
8836,-0.309704445,-0.417563809
8837,-0.309704445,-0.417563809
8838,0.97764761,-1.35082684
8839,1.18243829,-1.56167922
8840,,
8841,-1.54581474,-1.11945378
8842,-2.27415314,-0.616659918
8843,-1.69580145,-1.35612321
8844,-0.793917035,1.67006239
8845,-0.793917035,1.67006239
8846,1.00278824,-0.662162613
8847,1.21215839,0.122272654
8848,,
8849,-0.95261136,1.3720255
8850,-1.11223042,1.79048507
8851,-0.575475212,0.595915949
8852,0.256943739,-0.497963658
8853,0.256943739,-0.497963658
8854,1.17558935,-0.809733375
8855,1.49412549,0.922258717
8856,,
8857,-1.10923359,0.257605357
8858,-0.0397927794,1.78598223
8859,-0.246982386,1.54475279
8860,-0.521278242,-0.0807526657
8861,-0.521278242,-0.0807526657
8862,-1.28137042,0.606814511
8863,0.673395445,1.23920141
8864,,
8865,-1.38737444,0.510168394
8866,-1.45536532,0.439966148
8867,-0.714209248,-0.941673132
8868,-2.00867959,0.503416085
8869,-2.00867959,0.503416085
8870,-1.18711331,0.314713364
8871,-1.30132156,-0.874913188
8872,,
8873,-0.454847771,0.0142211705
8874,-0.21444796,0.324384013
8875,-0.553555099,1.23788195
8876,0.352173532,0.203468434
8877,0.352173532,0.203468434
8878,-0.454169381,-0.0834765647
8879,0.949148025,1.20236591
8880,,
8881,-0.402309241,-1.70389904
8882,-0.546342343,-0.612824413
8883,-1.63695376,-1.19765717
8884,0.420617147,0.143159922
8885,0.420617147,0.143159922
8886,0.348443461,-0.849210351
8887,0.398593915,0.0600815192
8888,,
8889,-2.07973597,0.0682478535
8890,-1.45601679,-0.894623455
8891,0.564821942,0.101652179
8892,-0.783388204,0.41839241
8893,-0.783388204,0.41839241
8894,0.41251087,0.142443497
8895,-0.753117076,-0.427529312
8896,,
8897,-0.742791419,-0.228946228
8898,0.0594117431,-0.620908296
8899,0.255635145,1.68758965
8900,0.293028034,-0.393057595
8901,0.293028034,-0.393057595
8902,0.0595494568,-1.36662933
8903,-1.26185328,0.0625415473
8904,,
8905,0.484208022,0.655163035
8906,-0.552661615,2.40888788
8907,1.60448772,2.66036089
8908,1.67330434,0.357067796
8909,1.67330434,0.357067796
8910,0.14328675,0.512431962
8911,0.119070521,-0.749141991
8912,,
8913,-0.312968166,0.118724865
8914,-0.345098591,1.92744212
8915,1.21283402,-0.0562979468
8916,-1.03479273,-0.42353055
8917,-1.03479273,-0.42353055
8918,0.466453291,-0.0204060759
8919,0.699283594,-1.68545836
8920,,
8921,0.561199413,-0.554066012
8922,0.0390709908,-0.941081433
8923,-0.191752758,-0.425580391
8924,-1.18488185,-0.277152524
8925,-1.18488185,-0.277152524
8926,-0.142823454,0.186199838
8927,0.768423724,-0.46047667
8928,,
8929,1.79889068,0.402282244
8930,0.780669003,1.32078797
8931,-0.539974806,-0.60398655
8932,-0.641810952,-1.101147
8933,-0.641810952,-1.101147
8934,-0.460641651,1.19520667
8935,1.37112882,0.183706455
8936,,
8937,0.526007902,0.71019283
8938,0.487477263,1.22433065
8939,-1.79417623,1.03392336
8940,0.180549726,-0.780577352
8941,0.180549726,-0.780577352
8942,-1.92149347,-0.687743564
8943,-0.952895295,-0.0193835167
8944,,
8945,-1.18151935,-0.184796177
8946,-0.764535792,0.569319516
8947,-0.611196276,-1.75907271
8948,0.743856345,-0.995752529
8949,0.743856345,-0.995752529
8950,0.980081063,-0.100785962
8951,-1.14136232,0.887989116
8952,,
8953,0.917514837,-1.28273805
8954,0.625594971,-0.79925585
8955,-0.899528298,-1.53801257
8956,1.18856144,1.59516458
8957,1.18856144,1.59516458
8958,0.393595552,0.191554137
8959,-1.23631993,2.3809466
8960,,
8961,-1.18486281,-2.18542067
8962,-2.44895864,-1.08757237
8963,0.0890587908,0.460518752
8964,-0.200984668,-0.722506313
8965,-0.200984668,-0.722506313
8966,0.0410748008,0.0405950759
8967,0.156017075,0.355897378
8968,,
8969,1.15714951,1.32035147
8970,1.80196798,0.382752087
8971,0.134701594,-1.3714348
8972,-0.385763771,-1.44979274
8973,-0.385763771,-1.44979274
8974,0.0814109442,1.21077633
8975,0.796240192,1.30420079
8976,,
8977,-0.658088383,-0.431839706
8978,-1.3419582,0.774105884
8979,-0.149193811,-0.152926495
8980,0.94389423,0.249806598
8981,0.94389423,0.249806598
8982,0.679968686,-0.402254099
8983,1.05243957,-0.290883632
8984,,
8985,1.46815222,0.260039359
8986,1.57273914,-0.158528033
8987,-0.345126792,0.0864957512
8988,-0.139596766,-0.169581229
8989,-0.139596766,-0.169581229
8990,-1.51226905,0.393695695
8991,0.309183613,-0.516129962
8992,,
8993,0.367184532,0.113805624
8994,0.924075534,1.05442772
8995,1.05535387,-1.2924813
8996,1.26510834,0.701200626
8997,1.26510834,0.701200626
8998,-0.47300985,-1.24240115
8999,-0.253973222,-1.01917536
9000,,
9001,-0.0580704035,-0.847011667
9002,0.538884742,-0.499098434
9003,-0.0573455424,-1.90684193
9004,1.08257552,1.98792911
9005,1.08257552,1.98792911
9006,0.352742336,-1.34404301
9007,0.200644708,-1.4988254
9008,,
9009,0.763033206,-0.368119061
9010,1.20351644,-0.534937096
9011,-0.426175136,-0.297064793
9012,0.735373408,0.706447651
9013,0.735373408,0.706447651
9014,0.420139227,-1.56983858
9015,-0.264820602,-0.89015651
9016,,
9017,0.36045576,0.163763996
9018,-1.21378635,0.275239981
9019,0.513409231,-0.266386785
9020,1.40250641,0.182029701
9021,1.40250641,0.182029701
9022,2.94879194,-1.57102374
9023,-0.281071381,0.0607165443
9024,,
9025,-0.0981097343,0.339561069
9026,0.312102285,-0.243864488
9027,-1.20534545,-2.16011772
9028,2.52345044,0.918001757
9029,2.52345044,0.918001757
9030,0.202713697,-0.184459968
9031,1.52153551,1.83585901
9032,,
9033,0.879499538,-0.816827554
9034,0.277594857,-0.262965224
9035,-0.101569864,-0.0697110873
9036,0.163309037,-0.789183839
9037,0.163309037,-0.789183839
9038,-1.05999416,-0.167818686
9039,-1.07393419,0.747864501
9040,,
9041,0.337262327,2.1916011
9042,-0.0411074919,2.28612358
9043,0.287137418,0.362742623
9044,1.40498226,0.282360176
9045,1.40498226,0.282360176
9046,0.481523008,-0.0201202233
9047,0.574318236,0.100149558
9048,,
9049,-0.131557752,1.01711123
9050,-1.20774839,0.199779013
9051,1.05422595,1.39264766
9052,-1.45058167,-0.32838672
9053,-1.45058167,-0.32838672
9054,-0.65491752,0.259852206
9055,0.410251313,-1.58198314
9056,,
9057,0.0140628633,-0.797914664
9058,-0.272146452,-0.319714583
9059,-1.18483453,0.158170448
9060,2.27449002,-0.868348863
9061,2.27449002,-0.868348863
9062,0.175995036,-0.613637258
9063,0.139846498,-0.0399590005
9064,,
9065,-0.2319442,0.0287292699
9066,0.125821975,0.528620973
9067,-0.337041906,-1.8485931
9068,-0.0586067385,-0.263305129
9069,-0.0586067385,-0.263305129
9070,0.832156622,0.204650768
9071,1.57749482,-0.54435729
9072,,
9073,0.683619587,0.926825884
9074,0.245011668,0.388632341
9075,-1.15112156,-0.863118822
9076,-0.240715852,1.15622066
9077,-0.240715852,1.15622066
9078,-0.608191204,3.71571384
9079,-0.219984673,0.870379485
9080,,
9081,0.780408453,-0.425131728
9082,-0.589897685,-0.279328459
9083,0.719670481,-0.246687633
9084,-0.72981892,1.1672153
9085,-0.72981892,1.1672153
9086,2.64690986,0.695865206
9087,-0.335400346,-1.09849068
9088,,
9089,0.101370968,0.497459302
9090,-0.295161003,0.671378613
9091,-0.312011466,0.552559183
9092,-0.975395948,-1.98547985
9093,-0.975395948,-1.98547985
9094,0.399011595,-0.563512638
9095,0.181131268,0.454548236
9096,,
9097,0.998415137,1.75396597
9098,1.23699761,1.53520244
9099,2.05514012,0.273099081
9100,0.315090919,1.15625488
9101,0.315090919,1.15625488
9102,-0.0822368417,-0.203806424
9103,0.225426391,0.384229779
9104,,
9105,0.886793097,-0.56331853
9106,1.4573397,-0.914580811
9107,-0.883893572,1.06409251
9108,0.397591454,-1.0540045
9109,0.397591454,-1.0540045
9110,0.101951674,-0.229774967
9111,-1.74200455,-0.44185146
9112,,
9113,0,0.831242921
9114,0.204732448,1.54408063
9115,0.769470138,1.38308629
9116,-0.707734586,0.598348794
9117,-0.707734586,0.598348794
9118,1.25571311,-1.28222789
9119,0.532060721,0.813390292
9120,,
9121,-0.0854478812,-0.746357207
9122,0.585563602,-0.617586139
9123,0.467885171,0.0878326104
9124,-0.798348188,-0.868950757
9125,-0.798348188,-0.868950757
9126,-1.93078008,-0.407977418
9127,-0.39560242,1.22024352
9128,,
9129,-1.29308936,1.39670057
9130,-0.408650054,0.904169893
9131,-2.48015388,0.486785139
9132,0.228890088,1.06580854
9133,0.228890088,1.06580854
9134,0.437203824,0.165465089
9135,0.157860783,0.270454232
9136,,
9137,-1.13982755,-0.734147184
9138,-0.597168993,-0.827804882
9139,1.646361,0.243975635
9140,0.298790915,0.553223678
9141,0.298790915,0.553223678
9142,0.319763374,-0.162715836
9143,-1.55194171,0.255452449
9144,,
9145,-0.087633981,-0.446712919
9146,-0.186410329,-0.977268229
9147,-0.406658474,-0.545125903
9148,-0.69627467,0.883344031
9149,-0.69627467,0.883344031
9150,-0.168552516,-0.0623396604
9151,-0.855773196,-0.0204178843
9152,,
9153,0.258312809,0.66366934
9154,1.39487763,0.615402731
9155,0.231379435,1.42203216
9156,-0.254387235,-2.45171748
9157,-0.254387235,-2.45171748
9158,0.54672174,-0.157339596
9159,-0.239326038,-1.17095184
9160,,
9161,-0.0417988856,-0.875694259
9162,-0.0384570475,0.703812323
9163,0.97341665,0.506903031
9164,0.728038613,0.164762278
9165,0.728038613,0.164762278
9166,-0.965616114,-1.57334295
9167,-1.24042865,0.304570485
9168,,
9169,-1.53989471,1.90825934
9170,-1.5395769,0.931003738
9171,-0.210737906,-1.7794211
9172,-0.512424344,-0.405588664
9173,-0.512424344,-0.405588664
9174,0.216920917,0.36205879
9175,1.02197593,-0.83836688
9176,,
9177,-0.822400601,1.16021817
9178,-2.62299777,0.197942176
9179,-1.8542463,0.36365203
9180,0.616931223,-1.19171357
9181,0.616931223,-1.19171357
9182,-1.24369606,-1.48320881
9183,1.28575704,-0.271277072
9184,,
9185,0.866376685,0.299499872
9186,1.1649619,0.900183735
9187,-0.309180429,1.64289116
9188,-0.740025595,1.07866198
9189,-0.740025595,1.07866198
9190,0.573141885,-1.0926931
9191,-0.703122604,0.568554044
9192,,
9193,-1.34597664,1.88470041
9194,-0.321290329,1.24362704
9195,-1.03675373,1.57362366
9196,0.694581809,1.1599907
9197,0.694581809,1.1599907
9198,-0.834674074,-1.32426576
9199,-0.179814872,-0.160298376
9200,,
9201,0.461733656,1.16789223
9202,0.476019728,1.676366
9203,0.206552703,1.47554631
9204,1.38460718,-0.318921782
9205,1.38460718,-0.318921782
9206,-0.357641428,0.216267632
9207,-0.0417256228,0.0411148059
9208,,
9209,0.573057643,0.463221368
9210,1.31348364,0.0780586292
9211,0.893320368,-0.181909738
9212,-0.176611894,-0.145224907
9213,-0.176611894,-0.145224907
9214,-1.07391078,0.243085756
9215,0.299282731,-2.19053019
9216,,
9217,0.583590616,0.328959068
9218,0.579829248,0.390763077
9219,0.256426556,0.292421742
9220,1.14912061,0.777267033
9221,1.14912061,0.777267033
9222,0.81291439,-1.73164539
9223,-1.02462826,1.07809833
9224,,
9225,-2.46793361,2.01039165
9226,-0.442534249,1.31305901
9227,-0.090565157,0.0576184159
9228,-0.167042861,0
9229,-0.167042861,0
9230,0.16367183,0.728763516
9231,0.560074676,1.03742541
9232,,
9233,-1.18427525,1.22106085
9234,-1.66761289,-0.155295916
9235,0.581125034,-2.60338583
9236,1.01959271,0.345128534
9237,1.01959271,0.345128534
9238,-1.82527684,1.46841368
9239,0.70124013,1.64800254
9240,,
9241,-0.266460833,-1.89885929
9242,-0.594278969,-2.25075422
9243,-1.02342381,0.198877928
9244,0.787361412,-0.361068316
9245,0.787361412,-0.361068316
9246,0.806789066,-0.822580195
9247,0.624785169,-0.687596917
9248,,
9249,-0.899337666,0.290640784
9250,-0.700904557,-0.40666986
9251,0.568960828,2.53259099
9252,-0.85207175,-0.499477762
9253,-0.85207175,-0.499477762
9254,-1.13402821,-0.449658112
9255,-0.385484292,-0.670906904
9256,,
9257,0.150252801,0.125195929
9258,-0.0798543536,-0.757578857
9259,2.1148596,1.28457487
9260,-0.710999551,0.0204585388
9261,-0.710999551,0.0204585388
9262,-0.836831492,-0.734224598
9263,0.122976096,-1.06582263
9264,,
9265,2.3475845,0.969018316
9266,2.19334009,-0.198194374
9267,-0.516441523,-0.118026961
9268,0.79536806,1.22311743
9269,0.79536806,1.22311743
9270,-0.0202597406,-2.14909115
9271,-0.372142071,1.36479144
9272,,
9273,0.504966872,1.39913123
9274,0.0804899992,0.0416111646
9275,1.75248957,-0.541015867
9276,1.20180019,-0.468504395
9277,1.20180019,-0.468504395
9278,-0.464218068,-0.216027091
9279,0.0419262438,-0.261105
9280,,
9281,-1.04432549,-0.210686217
9282,-1.65239766,-0.179008996
9283,-0.476000643,0.604416561
9284,-1.04095977,0.469066667
9285,-1.04095977,0.469066667
9286,-0.206857312,0.162129386
9287,-1.35117235,0.487069121
9288,,
9289,0.984445567,-0.204145574
9290,1.60586102,0.158720594
9291,1.05176692,-1.23905253
9292,0.148743908,0.589484716
9293,0.148743908,0.589484716
9294,-0.85425991,-0.682251328
9295,0.477869546,-0.90696709
9296,,
9297,-0.713802124,1.52023553
9298,-0.95262537,1.10163071
9299,2.100327,1.04970168
9300,1.65485671,1.45085462
9301,1.65485671,1.45085462
9302,-1.23572838,-0.645397153
9303,1.03586189,1.79765593
9304,,
9305,0.621142747,0.982737428
9306,1.03982346,1.65939731
9307,-2.20836859,1.68804019
9308,-1.51343012,-1.25668315
9309,-1.51343012,-1.25668315
9310,0.463823294,-0.314899985
9311,1.13420891,-0.121370494
9312,,
9313,-1.34014739,-0.159661017
9314,-0.170137789,-0.313625024
9315,0.997014078,0.601874955
9316,-0.0419884437,-0.87845378
9317,-0.0419884437,-0.87845378
9318,-0.870316929,2.02708464
9319,3.17156168,0.408169869
9320,,
9321,1.09807435,-0.146917864
9322,1.61041568,-0.142502369
9323,1.11599623,0.884601614
9324,-1.07955891,-0.125577514
9325,-1.07955891,-0.125577514
9326,-0.943699267,-0.545007292
9327,-2.17399787,0.56830759
9328,,
9329,-0.441544703,-1.59327237
9330,-0.640163672,-1.38057202
9331,-1.61912622,-0.981598842
9332,1.10018366,-1.24892238
9333,1.10018366,-1.24892238
9334,-1.12288437,-1.05320893
9335,-0.397809011,-0.0395186449
9336,,
9337,-0.822626422,-1.57336101
9338,-0.578894049,-0.72267322
9339,-1.14607343,-0.41499585
9340,-0.212101975,2.03810456
9341,-0.212101975,2.03810456
9342,-0.704312597,-0.68141142
9343,0.244348791,0.681081713
9344,,
9345,-0.922209541,-0.936139471
9346,-1.05991093,0.806943292
9347,-0.865018326,0.136832754
9348,0.362327461,0.0401014372
9349,0.362327461,0.0401014372
9350,0.123409137,-1.33516307
9351,0.266773234,-0.745209973
9352,,
9353,-0.336467436,1.8519621
9354,-1.44170674,0.144191138
9355,-2.20550212,-0.800705836
9356,1.00691832,1.49898938
9357,1.00691832,1.49898938
9358,-0.883473958,0.839024859
9359,0.68796371,-0.272133168
9360,,
9361,1.20019132,0.100148789
9362,-0.767595912,0.368766808
9363,-0.958350002,-1.46389229
9364,-0.937879102,-1.61670122
9365,-0.937879102,-1.61670122
9366,-1.62905088,-1.73262969
9367,0.775013238,0.495713311
9368,,
9369,1.9051033,-0.902815534
9370,1.84978231,-0.858999176
9371,2.21343963,0.663234349
9372,1.2502353,-0.743210183
9373,1.2502353,-0.743210183
9374,-0.710451704,-0.748228577
9375,-0.55977292,1.60936138
9376,,
9377,-1.66089202,-1.55870812
9378,-0.926546928,-1.08549855
9379,-0.630696284,-1.10166692
9380,1.23364603,0.118912995
9381,1.23364603,0.118912995
9382,-1.25654101,-1.7011344
9383,0.562292381,-0.893994928
9384,,
9385,0.689578799,-0.0424141734
9386,1.95402852,-1.30401193
9387,0.968793867,0.76811979
9388,-0.134283538,-0.320266598
9389,-0.134283538,-0.320266598
9390,0.247285414,-0.818288936
9391,-0.100138281,0.202520232
9392,,
9393,0.869711506,0.377057304
9394,0.0203117101,-1.25164035
9395,0.357874337,-1.31534486
9396,-0.80405036,0.48215579
9397,-0.80405036,0.48215579
9398,-0.84801631,-1.23978354
9399,0.841917979,-0.10307745
9400,,
9401,-0.787569875,-0.488042763
9402,-0.433107748,-0.74739496
9403,0,-1.07564377
9404,-0.34217922,-0.997713763
9405,-0.34217922,-0.997713763
9406,-1.36616932,-1.91109101
9407,-0.694499553,-1.75096687
9408,,
9409,1.12001409,-2.17434827
9410,1.46307335,-2.57200913
9411,1.39942318,-1.52798216
9412,0.199899624,1.33909476
9413,0.199899624,1.33909476
9414,0.15939251,1.43564495
9415,0.854397655,1.08751984
9416,,
9417,0.481721612,-0.442949635
9418,0.706142007,-0.696432027
9419,0.0896651227,-1.00932099
9420,-0.680994055,0.278911364
9421,-0.680994055,0.278911364
9422,-0.432673731,-0.485131352
9423,-1.59123251,1.15353716
9424,,
9425,0.67969936,-1.81902373
9426,0.870776582,-2.36322424
9427,-1.02241479,-1.3058917
9428,-0.0851202426,0.515453571
9429,-0.0851202426,0.515453571
9430,-0.690211083,-0.669434464
9431,-2.50807147,0.06436496
9432,,
9433,1.20569891,1.98878502
9434,1.99070381,1.37596978
9435,0.854804807,-0.0888899585
9436,1.04825236,0.0618185574
9437,1.04825236,0.0618185574
9438,-1.52522088,0.836778395
9439,-0.670104381,0.84725359
9440,,
9441,-0.10244335,0.411261956
9442,-0.282112942,0.223562927
9443,-0.609165461,0.873176603
9444,1.1612138,0.360381357
9445,1.1612138,0.360381357
9446,1.18227259,-1.40703574
9447,-0.735296249,0.209143451
9448,,
9449,0.809149752,-0.840321634
9450,1.32479387,-0.426162718
9451,-1.70470908,-0.465412401
9452,-2.80498951,0.543954284
9453,-2.80498951,0.543954284
9454,-0.429586957,-2.08906284
9455,-0.342193814,1.76804518
9456,,
9457,-0.328972562,0.875620092
9458,0.595611372,0.666189418
9459,0.282719307,0.972325239
9460,0.0996418828,0.792721307
9461,0.0996418828,0.792721307
9462,1.49092111,1.4186222
9463,0.0788144913,0.222418274
9464,,
9465,0.0573683606,0.342677534
9466,-0.0401565027,0.45577146
9467,0.408214363,-1.08164844
9468,-0.298509379,-0.861587727
9469,-0.298509379,-0.861587727
9470,-0.143211575,-0.508251223
9471,0.020253491,0.157626375
9472,,
9473,0.193235288,0.306750342
9474,0.745964208,-1.38346125
9475,0.413718644,0.510609833
9476,-0.719828993,0.0806661128
9477,-0.719828993,0.0806661128
9478,-0.0209419243,-0.823657298
9479,0.0197586748,-0.243518914
9480,,
9481,-0.367150817,2.88690123
9482,-0.30791538,1.93763651
9483,0.454085838,0.30549004
9484,-1.25210474,-0.453776026
9485,-1.25210474,-0.453776026
9486,-0.942570655,0.889002448
9487,1.38049692,2.45980343
9488,,
9489,1.04687658,0.898615216
9490,-0.0406490463,0.973995721
9491,1.26701577,-1.00905046
9492,-0.143475208,-0.793314143
9493,-0.143475208,-0.793314143
9494,2.77652387,-2.42698717
9495,-0.150766977,-1.24991913
9496,,
9497,0.0417298717,0.449091001
9498,-0.665320154,0.773518011
9499,-0.913081601,0.767614272
9500,-0.297640903,1.96303971
9501,-0.297640903,1.96303971
9502,-0.562138219,3.14791121
9503,1.1385062,0.979274281
9504,,
9505,-0.688761793,-1.10134857
9506,0.611269854,-0.802558588
9507,-0.0801195223,-2.16683708
9508,1.01812525,1.78804349
9509,1.01812525,1.78804349
9510,-1.99962591,-0.853999381
9511,-0.327255443,-0.399802145
9512,,
9513,1.367319,0.157506004
9514,1.4580048,0.871561639
9515,0.0620462694,0.64450567
9516,0.040770581,1.81678426
9517,0.040770581,1.81678426
9518,1.86309996,0.382999136
9519,0.0395750689,2.46647207
9520,,
9521,0.779547196,-0.0149026095
9522,-0.0207401518,0.187733051
9523,-0.634990733,1.02554463
9524,-0.99571294,1.47690837
9525,-0.99571294,1.47690837
9526,-0.859607557,0.122408673
9527,-0.453671514,-1.08633831
9528,,
9529,-1.3231816,-0.38212125
9530,-0.763293669,-0.901458425
9531,0.845881361,0.10723288
9532,1.66978541,0.894911897
9533,1.66978541,0.894911897
9534,-0.0823369482,-0.0410421443
9535,-1.53318231,0.534248083
9536,,
9537,-0.49221846,0.949141574
9538,-0.0408082125,0.641995054
9539,1.95182903,0.303820593
9540,0.144305049,0.183589168
9541,0.144305049,0.183589168
9542,0.476439327,-1.11062688
9543,-0.0418224553,-1.60583217
9544,,
9545,-0.241101852,0.541099421
9546,-1.93543834,-0.0787216336
9547,-1.10592415,1.70469162
9548,-0.434508243,1.2689693
9549,-0.434508243,1.2689693
9550,-0.572344279,0.485888257
9551,0.375281783,-0.874979061
9552,,
9553,-0.332331143,1.46660949
9554,0.0393321917,1.10417275
9555,0.767545532,0
9556,-0.874482431,2.20661563
9557,-0.874482431,2.20661563
9558,-0.101690913,-1.35336415
9559,0,-0.240681872
9560,,
9561,-1.49949375,0.566001681
9562,-1.98606702,-0.249265727
9563,-0.0925816233,-0.780022444
9564,-1.89502988,0.337560884
9565,-1.89502988,0.337560884
9566,1.87416853,1.22094052
9567,1.82748373,1.20873522
9568,,
9569,0.236586324,-0.319979508
9570,-0.50822387,-0.144191444
9571,0.146844356,1.44367716
9572,0.599475856,-0.603849668
9573,0.599475856,-0.603849668
9574,-1.37786345,-0.0195805046
9575,-0.358638856,-0.735960028
9576,,
9577,-0.961851034,-0.880994074
9578,-0.394573673,-0.55876258
9579,-0.822314174,-1.32644805
9580,1.54204778,2.45394421
9581,1.54204778,2.45394421
9582,-1.97487101,-0.4411367
9583,0.504785893,-0.34451342
9584,,
9585,1.18665145,-0.790703732
9586,0.69895847,-0.849410859
9587,-0.850861273,-1.41544979
9588,0.403545743,0.352948818
9589,0.403545743,0.352948818
9590,-2.78088666,0.412898456
9591,1.3916486,0.641962158
9592,,
9593,-0.243447144,1.03134726
9594,-0.647036963,1.1628126
9595,-0.187119919,1.7424697
9596,0.475508501,0.06323777
9597,0.475508501,0.06323777
9598,-1.10979213,-0.483848748
9599,-1.08362904,0.615378268
9600,,
9601,-0.312639777,-0.584889841
9602,-0.0412116041,-0.117034004
9603,-1.12212811,0.0154853262
9604,-0.655532304,0.0830024511
9605,-0.655532304,0.0830024511
9606,2.3780164,-2.30886644
9607,-0.800924709,1.43396041
9608,,
9609,0.128332231,-1.09531906
9610,1.33290177,-1.70696911
9611,0.782034269,0.390676279
9612,0.632336312,2.07575712
9613,0.632336312,2.07575712
9614,-1.2921076,0.271214921
9615,-0.140528238,-0.412272256
9616,,
9617,0.199771249,0.205043987
9618,1.08550112,0.0600032785
9619,0.311994134,2.01501032
9620,-1.19479071,-0.901903596
9621,-1.19479071,-0.901903596
9622,0.184538475,0.503322296
9623,-0.100147343,-0.301295105
9624,,
9625,-0.0284875074,0.399579611
9626,-1.12672169,0.792440252
9627,-0.639959224,0.433936348
9628,0.656513575,-0.540340507
9629,0.656513575,-0.540340507
9630,0.785666929,0.884084916
9631,-2.03480038,-0.0612026447
9632,,
9633,-0.828548968,1.32829455
9634,-0.382871266,1.25621555
9635,-1.84946622,0.588414281
9636,-0.869741417,-0.323273618
9637,-0.869741417,-0.323273618
9638,-1.39056495,1.26566466
9639,-0.626573779,-0.424869283
9640,,
9641,-1.64763694,1.99598712
9642,-0.0412918746,1.55729783
9643,0.285338408,-1.50044789
9644,-0.99831533,-0.246013845
9645,-0.99831533,-0.246013845
9646,-0.921315256,0.265284524
9647,-0.825250738,0.341969554
9648,,
9649,-0.0862463032,1.93295179
9650,-0.517764161,1.5362138
9651,0.334812007,-0.541046209
9652,-0.373269784,0.594302188
9653,-0.373269784,0.594302188
9654,1.97683267,-0.117852612
9655,-1.44533614,1.38188875
9656,,
9657,-0.654209821,-1.29013003
9658,-0.470061437,-0.612260556
9659,-0.36032352,0.768538802
9660,-1.1908689,-1.93989577
9661,-1.1908689,-1.93989577
9662,-1.93957467,-0.143256064
9663,-0.059666471,0.482091425
9664,,
9665,0.0998096849,-0.676359885
9666,-0.193222877,-1.38042642
9667,2.14353025,0.295369683
9668,1.02709388,0.217934763
9669,1.02709388,0.217934763
9670,0.323952128,0.490990253
9671,-0.80661687,0.726767689
9672,,
9673,1.87962843,0.547765342
9674,0.598076042,0.368410443
9675,-1.27741355,0.141585076
9676,-0.5147806,0.777892598
9677,-0.5147806,0.777892598
9678,0.204492847,-1.37755685
9679,0.761328547,-0.329033473
9680,,
9681,-0.977448955,0.194957697
9682,1.05442728,0.273694662
9683,-0.298049678,-1.07003567
9684,0.804798305,0.404102358
9685,0.804798305,0.404102358
9686,1.6636886,-1.0657962
9687,0.629700764,-0.326853019
9688,,
9689,-0.164610886,2.25118856
9690,0.493087113,2.05200073
9691,-0.0781018019,-0.499004696
9692,-0.142126725,-0.471499965
9693,-0.142126725,-0.471499965
9694,0.391177984,-0.215263546
9695,-1.24554259,0.92557981
9696,,
9697,-1.68895381,-0.944609297
9698,-2.70377234,-0.529173884
9699,-0.425030021,0.326743319
9700,-1.27535216,0.831303816
9701,-1.27535216,0.831303816
9702,0.426629737,-0.0798683158
9703,-0.0204926612,0.261701541
9704,,
9705,-0.357401162,-0.747320537
9706,-0.33632093,0.101537345
9707,-0.531333561,-1.32827602
9708,-0.900885047,0.0204169457
9709,-0.900885047,0.0204169457
9710,0.468227907,0.164262742
9711,0.535993321,-2.16045884
9712,,
9713,-0.750438201,-0.536349916
9714,-2.51428728,0.328860632
9715,-1.96907757,-1.76016569
9716,0.0610763773,0.927871013
9717,0.0610763773,0.927871013
9718,1.15723078,-0.0834110375
9719,1.03554393,-0.469893488
9720,,
9721,-0.0286536191,0.843320817
9722,-0.282045496,2.2319089
9723,-0.240432846,-0.496912467
9724,0.780157354,-0.596811167
9725,0.780157354,-0.596811167
9726,0.225345286,0.270080078
9727,0.964434917,0.214314491
9728,,
9729,-0.0578804244,0.687568165
9730,-0.257983455,0.518452927
9731,1.50459035,-0.449072257
9732,0.125517998,-0.528989937
9733,0.125517998,-0.528989937
9734,-0.304501273,0.122124277
9735,-0.514233906,-0.0975760339
9736,,
9737,-0.140036198,-0.928028464
9738,-0.949233609,-1.19016315
9739,-0.550015585,-2.21615243
9740,2.15193919,0.415061082
9741,2.15193919,0.415061082
9742,-0.918310048,-0.736327834
9743,-0.319451354,-0.734975877
9744,,
9745,0.429809593,1.76022455
9746,-0.142748707,0.818860975
9747,1.13555133,-0.234539709
9748,1.71404866,-1.01518233
9749,1.71404866,-1.01518233
9750,0.682179715,-0.807538489
9751,1.37908896,0.180801563
9752,,
9753,0,0.922584901
9754,0.0599378111,1.10566443
9755,-1.04954826,-0.159283674
9756,-0.783680205,-1.02784098
9757,-0.783680205,-1.02784098
9758,-0.244635461,1.03403586
9759,-0.0210303194,0.520660336
9760,,
9761,-0.651041886,-0.361031876
9762,-1.3273242,-1.16477397
9763,0.170243834,-1.12186348
9764,1.65430028,-1.56686368
9765,1.65430028,-1.56686368
9766,0.0608974872,0
9767,1.33172306,0.423946515
9768,,
9769,-0.542294376,0.749986222
9770,0.208360987,1.16187426
9771,2.09967541,0.159601533
9772,-0.0407473313,-0.238415824
9773,-0.0407473313,-0.238415824
9774,0.457132157,1.43624182
9775,1.6520441,-0.54765111
9776,,
9777,0.150476595,0.0557437957
9778,1.08992492,0.389610784
9779,1.20015951,0.375602978
9780,0,1.24743082
9781,0,1.24743082
9782,-0.122836501,-1.33770056
9783,1.43468504,-0.883850849
9784,,
9785,-1.65706079,-1.53221698
9786,-1.17648636,-1.38861667
9787,-0.841277921,0.198016998
9788,1.15831524,-1.16685161
9789,1.15831524,-1.16685161
9790,-2.1568723,-0.340213062
9791,-0.68496206,-1.47388783
9792,,
9793,-0.826938283,-0.119051721
9794,-0.978383899,0.124551267
9795,-0.430609372,-0.529903933
9796,-0.447636128,-0.216925145
9797,-0.447636128,-0.216925145
9798,0.680737438,-0.446120862
9799,-0.304179741,0.315603854
9800,,
9801,-1.08070879,-1.09183383
9802,0.295904985,-0.52336614
9803,0.335358494,0.423261903
9804,-0.178194598,-0.407001062
9805,-0.178194598,-0.407001062
9806,0.0806555906,0.460881681
9807,0.247135798,-0.85240385
9808,,
9809,0.539228709,-1.52954142
9810,-0.257876575,-1.43265235
9811,-0.810470104,0.937973099
9812,-0.493577937,-0.382874383
9813,-0.493577937,-0.382874383
9814,-0.842730732,0.288084191
9815,-0.926047308,0.147529826
9816,,
9817,3.18502513,1.44496179
9818,2.93789342,1.22182912
9819,2.81829867,-0.274240018
9820,-0.711039264,1.07943635
9821,-0.711039264,1.07943635
9822,-0.34756117,-0.598122533
9823,-1.00897956,-0.145744658
9824,,
9825,-0.350582974,1.06645074
9826,-0.514423773,1.76217774
9827,-0.317536546,1.1592716
9828,0.823705198,0.0808787508
9829,0.823705198,0.0808787508
9830,0.884834334,-1.68540717
9831,1.01216886,1.11929194
9832,,
9833,-0.0706615509,0.975750544
9834,0.827833324,0.164114544
9835,0.881644183,-1.76996314
9836,-1.60293504,0.857050899
9837,-1.60293504,0.857050899
9838,-1.49434577,1.5817583
9839,0.498156652,-0.340907733
9840,,
9841,0.358109101,0.057944285
9842,-0.326240428,0.688432225
9843,0.725757625,-0.299918149
9844,-0.878347212,1.68310737
9845,-0.878347212,1.68310737
9846,-0.722348645,-0.192711526
9847,-0.279712723,1.10738197
9848,,
9849,0.446713562,-0.483460129
9850,0.531202178,-0.177294226
9851,0.605950789,0.0147688591
9852,0.431312914,0.361527989
9853,0.431312914,0.361527989
9854,1.00358073,-0.50309387
9855,0.465188851,-1.33095095
9856,,
9857,-0.300980775,-0.665322243
9858,-0.871419772,-1.38614201
9859,-0.295635047,-1.0694583
9860,0.0386817656,-0.375741434
9861,0.0386817656,-0.375741434
9862,-0.317909852,-0.77588773
9863,0.628595375,-0.0407111361
9864,,
9865,-0.626064314,-0.127906539
9866,0.10064851,0.199592029
9867,0.212215372,1.44284917
9868,1.96495514,0.991590001
9869,1.96495514,0.991590001
9870,-0.144551291,-0.580739589
9871,-0.0772731727,0.871595742
9872,,
9873,-1.48353742,-0.605473578
9874,-1.27039531,0.123055282
9875,-0.830198897,0.0437248284
9876,0.286994689,0.970384452
9877,0.286994689,0.970384452
9878,-0.122184554,-0.0190455128
9879,0.578314883,0.937122236
9880,,
9881,0.642035672,-0.519679822
9882,-0.769659181,-1.0477536
9883,-0.854559261,1.27258383
9884,1.07690383,0.36249094
9885,1.07690383,0.36249094
9886,0.409531584,1.3926202
9887,-0.101400145,0.138927881
9888,,
9889,-0.862840047,-0.680970668
9890,-2.53735663,-0.662163025
9891,-0.939468721,0.487402194
9892,-0.858779956,0.0982579788
9893,-0.858779956,0.0982579788
9894,0.898935875,0.106176462
9895,0.953389911,-0.205643741
9896,,
9897,-0.323192215,1.77825933
9898,-0.119613068,1.23568542
9899,-1.4490072,0.192865051
9900,0.970076402,0.440088247
9901,0.970076402,0.440088247
9902,-0.0199964421,-0.282647322
9903,0.667410764,0.234531401
9904,,
9905,1.69614171,-1.33546968
9906,2.11863021,-1.11860005
9907,0.887383648,-0.75601464
9908,0.446532925,-1.42311167
9909,0.446532925,-1.42311167
9910,0.0801652424,0.857802581
9911,0.440683978,1.23879663
9912,,
9913,0.0144842165,0.62657832
9914,0.0207957817,0.0401772921
9915,-1.13445536,0.816640255
9916,-0.16989242,-1.30472848
9917,-0.16989242,-1.30472848
9918,1.79830675,0.0848828152
9919,-0.602099568,-0.893446181
9920,,
9921,-3.34121886,0.51386614
9922,-1.96361242,1.31961832
9923,-0.370761821,-0.13226082
9924,-2.12751731,0.221029772
9925,-2.12751731,0.221029772
9926,1.56394347,0.924197373
9927,1.99058306,0.162576325
9928,,
9929,-1.4112145,1.18749941
9930,-1.1943103,0.746111956
9931,-0.859572268,1.01980006
9932,-0.842229757,0.337663357
9933,-0.842229757,0.337663357
9934,-0.16336279,-0.207008551
9935,-0.325834958,-1.66738783
9936,,
9937,0.0284608916,-0.191103202
9938,1.2938002,-0.181465371
9939,0.175484169,-0.817949955
9940,-0.556433342,-1.01660407
9941,-0.556433342,-1.01660407
9942,1.10982121,-1.92581283
9943,1.42595737,0.329145128
9944,,
9945,0.127305418,-0.621117072
9946,0.701868798,0.0399442571
9947,0.186565366,-0.571780617
9948,0.99403771,-0.831980451
9949,0.99403771,-0.831980451
9950,1.17026828,-2.86449922
9951,0.726622283,1.03626888
9952,,
9953,-0.0439176851,-0.281782689
9954,0.354770166,-1.38511759
9955,0.0569211477,-0.904664446
9956,-0.408942408,-1.35558818
9957,-0.408942408,-1.35558818
9958,0.812370552,-1.24510321
9959,0.169833114,-0.202895994
9960,,
9961,-1.20112853,1.11732734
9962,-0.309133583,0.181853039
9963,-0.655488102,-1.27145651
9964,0.64174069,-1.08738673
9965,0.64174069,-1.08738673
9966,1.15593616,1.39697341
9967,0.355488728,0.0783246149
9968,,
9969,1.06308737,0.0698104001
9970,0.940023454,-0.42302285
9971,0.0867793422,-0.383240105
9972,0.513210728,-0.763432641
9973,0.513210728,-0.763432641
9974,-0.785045995,0.0398760671
9975,-1.1535878,0.495934479
9976,,
9977,-0.917006016,-0.564121476
9978,-1.19620932,-0.0392810514
9979,0.424782732,0.67605041
9980,-0.0207050917,-0.262741682
9981,-0.0207050917,-0.262741682
9982,-3.08174141,1.35793251
9983,-0.0205561511,-0.0991905371
9984,,
9985,0.0144303854,0.29597661
9986,-0.828075113,1.06950895
9987,0.117513696,0.226063792
9988,-0.16277272,-0.291654408
9989,-0.16277272,-0.291654408
9990,0.413331374,0.780102065
9991,-0.803090894,1.27595768
9992,,
9993,0.855469086,-0.234570729
9994,1.54376614,-0.471382643
9995,-0.303790359,-1.31919184
9996,0.532903755,0.711562032
9997,0.532903755,0.711562032
9998,1.70579128,-1.1481042
9999,-1.42015474,-0.866487395
10000,,
10001,1.49518823,0.33460538
10002,1.95807754,0.994840575
10003,0.851294256,1.00731863
10004,-0.630449683,0.102463953
10005,-0.630449683,0.102463953
10006,0.882864934,0.763986726
10007,1.31022818,-0.552457051
10008,,
10009,-0.464641372,-0.349636809
10010,0.345825836,-1.42808449
10011,1.06291711,1.04471304
10012,0.892702745,-4.12606829
10013,0.892702745,-4.12606829
10014,-0.944418524,-0.441894349
10015,-1.119011,-1.76797899
10016,,
10017,0.127708357,1.90981078
10018,0.178718272,2.28356664
10019,-0.655272804,-0.63018969
10020,2.6123486,-0.847745404
10021,2.6123486,-0.847745404
10022,-0.0194520704,1.17088734
10023,1.508047,1.41702271
10024,,
10025,-0.94273162,-1.19405249
10026,-0.841367066,0.816193362
10027,-1.30832833,-0.963752441
10028,-1.11171779,-0.270798134
10029,-1.11171779,-0.270798134
10030,-0.4755724,0.121018413
10031,0.205650498,-1.09292641
10032,,
10033,1.53056722,1.41423689
10034,1.10082105,1.23051886
10035,-0.534579683,1.47375652
10036,-0.667249352,-0.30369498
10037,-0.667249352,-0.30369498
10038,-0.0597324766,0.122364388
10039,-1.6765541,0.835422391
10040,,
10041,-0.953046459,0.552623614
10042,-0.453206036,0.884279801
10043,1.14636701,-0.570533274
10044,0.0209586096,-0.348095445
10045,0.0209586096,-0.348095445
10046,0.434933117,-0.517524989
10047,-1.00467983,0.455445715
10048,,
10049,0.502418462,1.05955178
10050,0.0623201047,0.466144777
10051,-0.174958989,0.602996399
10052,-0.718488042,-2.19140188
10053,-0.718488042,-2.19140188
10054,-0.810532451,0.886365592
10055,0.271531449,1.30960547
10056,,
10057,0.786944479,0.967950378
10058,0.770876735,0.591719391
10059,1.1101569,0.544694463
10060,-0.0606391525,1.19523931
10061,-0.0606391525,1.19523931
10062,0.551782372,-0.0805938559
10063,-0.35852045,1.08770669
10064,,
10065,-0.652157733,-0.335577623
10066,-0.344618432,0.236910501
10067,0.418223343,0.350223533
10068,-0.709387264,1.9605889
10069,-0.709387264,1.9605889
10070,-0.765522717,0.643142473
10071,-0.628267862,1.21631601
10072,,
10073,0.644057038,1.73925062
10074,-0.672962387,0.854716234
10075,0,0.961519406
10076,0.485272927,-0.221096901
10077,0.485272927,-0.221096901
10078,-1.04561496,-0.690490701
10079,-0.558017963,0.122851988
10080,,
10081,-0.178435816,-0.952272185
10082,0.247473015,-0.29277114
10083,-1.24966087,-1.97946443
10084,0.181091196,0.819870557
10085,0.181091196,0.819870557
10086,1.05144666,0.75079923
10087,-1.13530779,0.644753471
10088,,
10089,-1.5282144,-1.86781988
10090,-0.836787104,-1.61967934
10091,-0.0655896543,-0.602848588
10092,0.859933191,-0.248685514
10093,0.859933191,-0.248685514
10094,-0.498183011,0.356797648
10095,0.365930457,1.15079778
10096,,
10097,-0.279990334,1.88420131
10098,0.503068877,1.2385591
10099,0.840035057,1.21825946
10100,0.200236207,0.145661755
10101,0.200236207,0.145661755
10102,0.821525544,1.27748496
10103,0.105061266,0.683633773
10104,,
10105,0.826070511,0.708254754
10106,0.364141359,0.5896936
10107,-1.35666293,0.370851382
10108,-0.435805006,-0.770445365
10109,-0.435805006,-0.770445365
10110,0.402416102,-0.136074966
10111,-1.98946122,0.689582855
10112,,
10113,0.0865780423,0.39298382
10114,0.35198202,1.82057412
10115,-2.09166538,1.61755241
10116,0.875133835,-0.263256954
10117,0.875133835,-0.263256954
10118,0.941517195,0.177512933
10119,0.712526766,-1.59968662
10120,,
10121,-1.9006413,-2.0735858
10122,-1.01284899,-0.99228438
10123,0.133060526,-1.73144595
10124,1.31373028,0.542400301
10125,1.31373028,0.542400301
10126,-0.508409241,1.79546956
10127,-1.16994129,0.327912089
10128,,
10129,0.60560654,1.17223213
10130,0.37628129,0.376650711
10131,-1.20801271,-1.43335976
10132,-1.16373474,0.890703645
10133,-1.16373474,0.890703645
10134,0.202386092,-0.0834129465
10135,0.436375312,1.60132719
10136,,
10137,0.454086395,0.147831419
10138,0.852191763,-0.859952154
10139,-0.321509326,0.178089954
10140,-1.16486284,1.42146925
10141,-1.16486284,1.42146925
10142,-0.021060315,-0.442397886
10143,-2.80168948,0
10144,,
10145,-0.691832458,-0.903642489
10146,0.420984715,0.410322716
10147,-1.34817398,0.270683536
10148,0.469496566,1.41352111
10149,0.469496566,1.41352111
10150,-1.35890202,-0.449085575
10151,0.883155782,1.32189511
10152,,
10153,1.18303858,0.0294859012
10154,-0.381242328,1.03774016
10155,0.206932014,0.582607149
10156,1.67305378,0.885372022
10157,1.67305378,0.885372022
10158,0.382481429,-0.151067615
10159,1.13516522,-1.85645853
10160,,
10161,1.30040746,0.922908117
10162,1.27591212,1.79694598
10163,-0.188955191,1.40449426
10164,0.73355194,-0.292554624
10165,0.73355194,-0.292554624
10166,0.968346472,1.56149458
10167,1.48580775,0.794146362
10168,,
10169,-1.10397698,-0.254378718
10170,-0.326544077,-0.163310402
10171,-0.435483008,0.964842686
10172,0.141321568,-0.747872159
10173,0.141321568,-0.747872159
10174,0.932738874,-1.30542733
10175,-0.361476828,-0.459661197
10176,,
10177,0.243571363,0.113937458
10178,0.558973817,0.380584393
10179,0.314807615,0.367758196
10180,0.423007567,0.294518634
10181,0.423007567,0.294518634
10182,-0.0408371981,-0.142170799
10183,0.199118642,0.251053069
10184,,
10185,-0.607519067,1.74103369
10186,1.15185219,1.72157472
10187,0.890802704,1.32680187
10188,-0.547388153,-1.08031195
10189,-0.547388153,-1.08031195
10190,-0.701512354,0.8412381
10191,0.359091093,0.754035495
10192,,
10193,-1.01560536,-0.664011752
10194,0.223405713,-0.96221495
10195,1.32243528,2.49802452
10196,-0.123669561,0.219952927
10197,-0.123669561,0.219952927
10198,-0.345722584,-0.429759114
10199,1.25773195,0.187996467
10200,,
10201,1.88601055,0.518936398
10202,1.34591708,1.10172268
10203,0.0824718047,1.17018717
10204,-0.446212663,0.636330391
10205,-0.446212663,0.636330391
10206,-1.47668556,-1.78126866
10207,1.2101914,-0.712324969
10208,,
10209,-0.351936346,0.767390761
10210,0.120548459,0.499238086
10211,-1.05132634,0.0638626729
10212,0.100379341,1.63011084
10213,0.100379341,1.63011084
10214,0.805690473,1.05720991
10215,1.39697731,-0.850985281
10216,,
10217,-0.776625851,1.71355932
10218,-1.92771095,1.48808221
10219,-1.81911409,0.303221802
10220,0.764051275,-1.7565135
10221,0.764051275,-1.7565135
10222,-0.223007232,2.17659633
10223,-1.14866056,-1.74460326
10224,,
10225,0.237201509,0.0284470347
10226,0.940403978,0.372552609
10227,0.906109269,-0.267087973
10228,-2.02063313,-0.408245777
10229,-2.02063313,-0.408245777
10230,-1.15386239,-1.85368599
10231,-1.03268859,1.06209245
10232,,
10233,0.153192684,-0.755946145
10234,0.525683701,0.473369343
10235,-3.1994621,0.178855315
10236,-0.103768351,1.06354557
10237,-0.103768351,1.06354557
10238,0.68809364,-0.204377426
10239,1.64157084,-1.33466856
10240,,
10241,0.271866461,-0.753169949
10242,0.990119162,-0.181715123
10243,-1.30615132,-0.0149820927
10244,-0.726762114,0.966048629
10245,-0.726762114,0.966048629
10246,-0.665711153,1.27458954
10247,0.785293465,0.374765603
10248,,
10249,-1.4964325,1.36808774
10250,-0.518629199,1.19478184
10251,-0.520402182,-0.843136303
10252,-1.69428791,-0.28320479
10253,-1.69428791,-0.28320479
10254,0.474536526,0.405523465
10255,-0.492397128,0.223316156
10256,,
10257,-0.257919726,0.694683448
10258,0.247462464,0.368255823
10259,0.852341766,-0.455092509
10260,-2.09391194,1.3371675
10261,-2.09391194,1.3371675
10262,-1.83170243,-1.97632393
10263,-0.511421627,0.581733906
10264,,
10265,-0.587285882,1.19510872
10266,-0.0407780565,-0.489444798
10267,-2.45552056,0.82195918
10268,0.221377267,2.23976375
10269,0.221377267,2.23976375
10270,-1.80607756,0.678537703
10271,-0.0596513336,0.337606081
10272,,
10273,0.343566059,-0.493823855
10274,0.423652359,-0.861435103
10275,-0.15647785,0.875382184
10276,-0.297449276,-0.54826993
10277,-0.297449276,-0.54826993
10278,1.98365026,0.842659422
10279,-0.126210949,-0.100019906
10280,,
10281,-0.140215833,0.900608989
10282,0.510218994,1.10615685
10283,-0.0461045346,-0.719106495
10284,1.47577475,0.122383781
10285,1.47577475,0.122383781
10286,-1.32728049,-0.105753967
10287,-0.547327264,0.136484046
10288,,
10289,0.46384694,-0.704083562
10290,-0.438172927,-0.872265929
10291,0.717794417,-0.377497438
10292,-1.38531051,-0.696418885
10293,-1.38531051,-0.696418885
10294,-0.253961076,-0.834023963
10295,0.71627216,-0.330975972
10296,,
10297,-1.0470074,0.472588638
10298,-0.488674731,0.06101303
10299,0.139858831,-1.13546982
10300,-0.483083636,-1.57891996
10301,-0.483083636,-1.57891996
10302,1.3234554,1.4398678
10303,-0.424921379,0.688659406
10304,,
10305,1.39239819,0.376627156
10306,1.31197449,0.103198436
10307,2.40959954,-0.351494907
10308,0.144959629,-0.351173257
10309,0.144959629,-0.351173257
10310,1.48045283,-0.412287847
10311,0.651285525,1.34092995
10312,,
10313,-2.12762738,1.74327263
10314,-0.331583897,0.735187104
10315,-0.591818173,0.336615468
10316,-1.84123856,-0.334446984
10317,-1.84123856,-0.334446984
10318,-0.924803712,0.122617086
10319,1.54715084,0.0604238477
10320,,
10321,2.80772416,-0.730475453
10322,1.64056405,-0.237160609
10323,-1.17368813,-2.01458409
10324,-0.385149083,1.01280419
10325,-0.385149083,1.01280419
10326,-0.470047073,1.03122968
10327,0.140636525,-0.335221161
10328,,
10329,0.0432413559,0.272862385
10330,-0.765426718,0.66293236
10331,0.938826769,-0.251123756
10332,-1.79539276,1.53892915
10333,-1.79539276,1.53892915
10334,1.27537741,-2.01188274
10335,0.0823513789,0.533788278
10336,,
10337,0.180528719,1.71780718
10338,-1.29328609,0.733652721
10339,0.338703631,-0.881117444
10340,-1.77607941,-0.731442999
10341,-1.77607941,-0.731442999
10342,-1.65845128,-2.12998129
10343,-0.83123446,-1.032984
10344,,
10345,-0.960040424,-0.180862424
10346,-1.08324496,1.23974151
10347,-0.784041566,0.548909967
10348,-0.884525091,0.459890515
10349,-0.884525091,0.459890515
10350,-0.0595177272,0.492798641
10351,0.847866079,-2.23745528
10352,,
10353,-1.88786137,-0.465030916
10354,-1.83682234,-1.52632923
10355,0.186128931,-1.41176759
10356,-0.534442123,-0.803861987
10357,-0.534442123,-0.803861987
10358,-1.42185773,0.974393506
10359,0.41689756,-1.53617702
10360,,
10361,-1.87990199,-0.503788489
10362,-2.07561541,-1.26992964
10363,-0.816709265,-1.26447046
10364,0.801027741,0.388258788
10365,0.801027741,0.388258788
10366,-1.58468158,-0.615926063
10367,-1.00395213,-0.804512496
10368,,
10369,0.997380484,-0.0706677768
10370,0.475754215,-0.785772219
10371,-1.42213922,-0.80004291
10372,-1.77645736,0.770004665
10373,-1.77645736,0.770004665
10374,-0.303788624,1.05807388
10375,0.73756286,0.0636179337
10376,,
10377,0.458629461,0.53253698
10378,0.307062384,0.62836878
10379,-1.03172332,-0.272272768
10380,1.35216847,0.0964615865
10381,1.35216847,0.0964615865
10382,0.682312495,-0.673520009
10383,-1.91000951,0.511852126
10384,,
10385,0.457918775,2.06351293
10386,0.743812278,2.41879261
10387,0.540908105,0.554577863
10388,0.70818086,-1.49195763
10389,0.70818086,-1.49195763
10390,-0.0624660682,1.27929915
10391,0.141017082,1.14381622
10392,,
10393,1.11465656,1.58092845
10394,0.665035667,2.74721098
10395,0.0150428753,2.19112602
10396,1.43261151,-0.200740939
10397,1.43261151,-0.200740939
10398,0.0821561155,-0.788695233
10399,0.875581186,-0.142818983
10400,,
10401,-1.42610736,-1.08585839
10402,-0.224030978,-1.31847372
10403,-1.36176976,-1.79333103
10404,0.770285955,-0.565379553
10405,0.770285955,-0.565379553
10406,0.100800128,-2.89669863
10407,0.0206724668,1.15483345
10408,,
10409,-0.628616994,0.429528394
10410,-0.266242677,0.140423599
10411,-0.589272317,0.263914983
10412,0.39905459,-0.965797664
10413,0.39905459,-0.965797664
10414,-0.225609317,1.15424715
10415,1.32107892,-0.041223538
10416,,
10417,0.747173944,-1.29320675
10418,0.440280368,-1.09863836
10419,-0.408429586,-0.853314863
10420,-1.01723416,0.382067223
10421,-1.01723416,0.382067223
10422,-0.0406367212,-1.08490916
10423,-1.05553784,2.04654962
10424,,
10425,-0.713820365,-0.151576364
10426,-0.0778117868,-0.499527738
10427,-1.06099356,-2.82924277
10428,-0.645342474,0.226160778
10429,-0.645342474,0.226160778
10430,0.961665437,-1.27965626
10431,0.803490768,-1.12059235
10432,,
10433,1.91449626,-0.656780151
10434,1.48558719,0.342997258
10435,-0.279611962,1.23541161
10436,-0.251343716,-1.18543036
10437,-0.251343716,-1.18543036
10438,-1.13644537,0.179002607
10439,-0.381068298,-0.959067551
10440,,
10441,0.305921535,1.46458558
10442,1.5047411,1.74551203
10443,0.854996853,-0.900424959
10444,-0.545898013,-0.88880375
10445,-0.545898013,-0.88880375
10446,0.231274558,-0.352626682
10447,0.158916372,-0.886633265
10448,,
10449,0.837537628,-0.438580919
10450,0.457963842,0.228151016
10451,0.493576037,0.324795518
10452,0.0579134827,-0.650185076
10453,0.0579134827,-0.650185076
10454,-0.0395814007,0.298765214
10455,-0.88677594,-1.22504922
10456,,
10457,0.982445392,-1.78301616
10458,1.85621383,-1.9645424
10459,0.2173762,-0.841562219
10460,-1.3381296,-0.582877666
10461,-1.3381296,-0.582877666
10462,1.34225257,0.528092178
10463,-1.5023027,0.464107202
10464,,
10465,-0.1931241,-0.476969034
10466,0.224539491,-0.510183845
10467,0.0139857012,0.478932983
10468,-1.09757873,1.33873791
10469,-1.09757873,1.33873791
10470,0.0407707933,0.838539762
10471,-1.51755726,-0.947397689
10472,,
10473,0,-0.0283343943
10474,-0.245987935,-0.547930281
10475,-1.10556234,-0.654658532
10476,-2.117411,0.0418463098
10477,-2.117411,0.0418463098
10478,0.143408183,1.65606751
10479,1.27311382,1.08300352
10480,,
10481,-1.81947797,-1.02766301
10482,-1.70000554,-0.793719214
10483,-0.458640872,-0.950890531
10484,-0.478891953,-0.573479226
10485,-0.478891953,-0.573479226
10486,-0.0433381987,-1.18699683
10487,0.88894788,-0.0988146471
10488,,
10489,-1.04434158,-0.442754455
10490,-0.904003093,1.28589416
10491,-1.10226858,0.0298668504
10492,-0.451079554,-0.333716896
10493,-0.451079554,-0.333716896
10494,0.45489305,0.436641379
10495,0.0796914187,0.120917853
10496,,
10497,0.79307292,0.467685389
10498,0.104106268,0.205737745
10499,0.724404702,1.08425921
10500,0.903186011,-0.298451915
10501,0.903186011,-0.298451915
10502,-1.56827818,0.166984483
10503,0.572637588,0.6370885
10504,,
10505,0.848939224,0.0429572867
10506,0.725124959,0.435463386
10507,0.31113861,-0.922258755
10508,1.14236179,-1.06593829
10509,1.14236179,-1.06593829
10510,-0.542717672,-0.396337431
10511,-0.342677854,-1.60484416
10512,,
10513,-1.2442252,0.963095237
10514,0.471471995,0.265056677
10515,0.736038666,-1.29497626
10516,-0.461712321,0.434168423
10517,-0.461712321,0.434168423
10518,2.58669545,0.390177819
10519,0.199982158,0.535379711
10520,,
10521,-0.203950466,1.10644014
10522,-0.345690337,0.0399565621
10523,1.43328694,-0.205889481
10524,2.38687926,0.91834433
10525,2.38687926,0.91834433
10526,-0.124842704,-0.355513664
10527,-0.651337749,-2.10515482
10528,,
10529,0.921657942,0.260713771
10530,0.3724822,0.273950418
10531,-0.464417162,2.03839819
10532,-0.1657725,0.242637993
10533,-0.1657725,0.242637993
10534,0.100263544,-2.30596359
10535,-0.436541114,-1.19283484
10536,,
10537,-0.490221831,2.0177821
10538,-0.341434644,1.2680949
10539,-1.49720044,0.530743095
10540,-0.461302504,2.01980259
10541,-0.461302504,2.01980259
10542,-0.539233192,-0.135175656
10543,0.0203933951,-0.897241456
10544,,
10545,0.126189058,-1.48376729
10546,-0.165097316,-1.00281982
10547,-0.180348525,-0.753579267
10548,1.82018412,0.0409706421
10549,1.82018412,0.0409706421
10550,-0.178209306,-1.56657709
10551,0.914316295,-0.468845812
10552,,
10553,-0.0150655346,0.435195678
10554,-0.520718077,0.899773168
10555,-0.887397074,0.989298988
10556,-1.54241089,-0.48441902
10557,-1.54241089,-0.48441902
10558,-0.630042229,1.51508702
10559,-1.03105776,0.594855936
10560,,
10561,-0.820198405,0.0857388474
10562,0.458496893,1.07437946
10563,-1.33113342,1.82722687
10564,0.312335771,0.87547439
10565,0.312335771,0.87547439
10566,-0.821692494,-1.38917503
10567,-0.435540796,-0.240480235
10568,,
10569,-0.248790993,0.695186827
10570,-0.310267169,0.559731842
10571,-2.10453401,-0.66280252
10572,0.955281048,-1.22713443
10573,0.955281048,-1.22713443
10574,0.0407229365,1.47786807
10575,-0.178200551,-0.240066193
10576,,
10577,1.5737342,0.72072548
10578,-0.676914601,-0.206797884
10579,0.188380853,0.0155157549
10580,-0.281755317,-0.53996671
10581,-0.281755317,-0.53996671
10582,-0.990920566,-0.80701835
10583,-1.438054,0.918497748
10584,,
10585,-0.231056437,0.442104886
10586,-0.0204722017,1.81148472
10587,0.29240093,1.08428534
10588,0.687202564,0.238918631
10589,0.687202564,0.238918631
10590,-1.36986275,0.360735239
10591,-1.74748383,0.782165292
10592,,
10593,0,-1.37612792
10594,-0.281271486,-1.07399608
10595,0.99219899,-0.615576744
10596,0.46390179,0.495741815
10597,0.46390179,0.495741815
10598,-3.07575346,2.37452498
10599,-0.874672439,0.0405053372
10600,,
10601,1.2077374,-0.576418016
10602,0.80077868,-0.1868153
10603,0.879227953,-0.420162963
10604,-0.688489675,1.08866726
10605,-0.688489675,1.08866726
10606,0.0990589169,-1.11550405
10607,0.85207175,0.621768086
10608,,
10609,-0.473155445,-0.21103083
10610,-0.348168625,-0.318907832
10611,0.738149917,-0.191067392
10612,-0.103938135,-1.20592122
10613,-0.103938135,-1.20592122
10614,-1.1608274,-0.240635296
10615,1.62918501,-0.287893609
10616,,
10617,-2.79415696,1.10390028
10618,-1.95990569,0.562277713
10619,-1.64758875,-0.62240842
10620,-0.590549748,1.26439914
10621,-0.590549748,1.26439914
10622,-1.22838596,0.124101611
10623,0.790423494,-2.59904295
10624,,
10625,0.776573701,0.924936183
10626,1.33751236,0.919114071
10627,0.0976190082,1.64630173
10628,-0.681510219,-0.21169279
10629,-0.681510219,-0.21169279
10630,1.0062741,-0.452846483
10631,1.33302792,-0.0595111526
10632,,
10633,0.594560811,0.289422019
10634,0.428158974,0.303939885
10635,-0.685080702,0.278675668
10636,-1.09705636,0.228826032
10637,-1.09705636,0.228826032
10638,0.225108639,0.103663439
10639,-1.14003257,-1.63186285
10640,,
10641,1.1859432,-0.186780104
10642,1.08289051,-0.997777855
10643,0.135713388,-1.71614753
10644,0.433436208,-0.121347474
10645,0.433436208,-0.121347474
10646,-1.17104045,0.601082195
10647,-0.97936111,0.988381037
10648,,
10649,-1.10295582,-2.12950022
10650,0.427852988,-0.92868032
10651,-0.890563225,2.03800408
10652,-0.0579095886,1.69837326
10653,-0.0579095886,1.69837326
10654,0.258424477,0.83013202
10655,0.651343812,1.14935087
10656,,
10657,-0.342543669,0.496486657
10658,-1.46809742,1.02290339
10659,1.26835084,-0.5914649
10660,0.350721939,0.162662045
10661,0.350721939,0.162662045
10662,0.0623666639,-0.123413455
10663,-0.2038234,0.500936207
10664,,
10665,-0.244650448,0.721868107
10666,0.101879087,2.51415932
10667,-0.424767463,0.838893611
10668,1.18694558,0.957020069
10669,1.18694558,0.957020069
10670,-1.2210843,-2.08245994
10671,2.12649347,-1.28862843
10672,,
10673,-0.93752192,-0.592890696
10674,-0.855609402,-0.24828816
10675,0.357039649,-0.702385933
10676,-0.787847662,0.610758528
10677,-0.787847662,0.610758528
10678,0.0820748471,2.38385271
10679,-0.450266812,-1.77760084
10680,,
10681,-0.0566681615,0.242136487
10682,0.220439438,0.542448584
10683,0.808185512,-1.57039798
10684,0.806176128,0.020824512
10685,0.806176128,0.020824512
10686,-1.1860784,1.10669088
10687,0.173821245,-0.531585691
10688,,
10689,-0.404848662,-0.0283151865
10690,-1.92165871,0.0197828855
10691,-0.48005595,1.36255468
10692,-1.78217621,0.823475069
10693,-1.78217621,0.823475069
10694,-1.29950692,-0.343784056
10695,1.6720899,0.622903833
10696,,
10697,-0.710830029,0.672849496
10698,-0.275649754,0.0205199785
10699,-0.415562489,-0.820317938
10700,-0.435124263,0.755774455
10701,-0.435124263,0.755774455
10702,-1.06117077,1.92169415
10703,-1.11161137,2.81185433
10704,,
10705,0.551299211,0.84463625
10706,-0.384970715,0.317595065
10707,-0.464243528,-0.549369617
10708,-0.341579714,0.348636601
10709,-0.341579714,0.348636601
10710,-0.908775005,0.188621256
10711,-0.282965762,-0.393350133
10712,,
10713,0.175693343,0.373960366
10714,-0.59300362,0.909578312
10715,0.610284024,1.67672504
10716,-0.206256755,-1.27536723
10717,-0.206256755,-1.27536723
10718,-0.584947306,1.65342638
10719,-0.184152737,0.385715157
10720,,
10721,-0.014585492,0.874417181
10722,2.23582718,1.43227538
10723,-0.486518009,-0.290598885
10724,-0.519733298,1.38502749
10725,-0.519733298,1.38502749
10726,-0.105314453,0.260035065
10727,1.60723637,-0.428109605
10728,,
10729,-1.60461656,-0.043979855
10730,-1.60392678,-1.59766685
10731,-1.44032189,1.55695305
10732,1.40674418,1.42005677
10733,1.40674418,1.42005677
10734,-0.74843842,-0.694591724
10735,-1.34050149,-0.574932356
10736,,
10737,2.44399809,-0.809218253
10738,0.572769094,0.241222389
10739,-0.11891241,-0.874234887
10740,-0.612551284,0.669662591
10741,-0.612551284,0.669662591
10742,-0.241396761,-0.0616913242
10743,1.0658292,-0.605201296
10744,,
10745,0.977838913,-0.611952959
10746,1.71827828,0.358584988
10747,0.27117106,1.36141793
10748,-0.343767627,0.146507502
10749,-0.343767627,0.146507502
10750,-0.465551818,0.81300163
10751,0.0212164061,-1.97176518
10752,,
10753,-1.05113579,0.510823513
10754,-0.0586926939,0.797743915
10755,0.0432416711,-1.17583599
10756,0.448567969,-0.34158317
10757,0.448567969,-0.34158317
10758,0.98861293,-0.306960526
10759,-0.679102801,-1.34138917
10760,,
10761,1.48067618,-1.61786172
10762,0.823768481,-2.11032211
10763,2.48205946,-1.25938893
10764,-1.14722677,0.388484093
10765,-1.14722677,0.388484093
10766,0.600507021,-0.350353632
10767,1.1568293,0.456149611
10768,,
10769,0.058309877,0.668984741
10770,0.457685571,1.43865103
10771,1.53529227,1.03534859
10772,0.563487753,0.891914994
10773,0.563487753,0.891914994
10774,-0.992600246,0.433823019
10775,3.31294535,2.41952145
10776,,
10777,1.79012939,-0.255798123
10778,1.2783449,0.0202396377
10779,-1.57734032,1.81877417
10780,1.60648662,-0.756891556
10781,1.60648662,-0.756891556
10782,-0.283729054,-0.424816931
10783,-0.386370199,-0.492532243
10784,,
10785,0.836443606,0.541367983
10786,0.457889531,0
10787,1.61299115,-1.63492363
10788,0.715487425,-0.912464296
10789,0.715487425,-0.912464296
10790,-1.61589461,1.278399
10791,2.34205604,-1.07613245
10792,,
10793,-0.043561674,-0.147760216
10794,0.232298022,-0.667679162
10795,1.47159037,-0.697593636
10796,-1.824669,1.20453688
10797,-1.824669,1.20453688
10798,0.710713072,1.77364961
10799,0.519658362,-1.21586577
10800,,
10801,-0.493635979,0.522131638
10802,-0.259778339,0.530143457
10803,-0.642977686,-0.250668876
10804,1.59018553,-0.751843681
10805,1.59018553,-0.751843681
10806,0.934076742,-0.803427523
10807,0.428406895,1.98532222
10808,,
10809,-3.64589488,-1.64717612
10810,-3.99611402,-1.96569746
10811,-0.720098377,-0.496351638
10812,0.61957076,-0.595284208
10813,0.61957076,-0.595284208
10814,1.46729144,0.935206954
10815,-0.123363104,-0.120527975
10816,,
10817,-0.169598546,0.876457832
10818,0.763617911,0.841244548
10819,0.398787226,2.27812346
10820,0.710794808,0.364248601
10821,0.710794808,0.364248601
10822,1.96704188,-0.512649473
10823,-0.202126472,0.604044132
10824,,
10825,0.0415726404,-1.82913386
10826,0.55816485,-2.83492502
10827,0.0588277703,-1.11796332
10828,0.33171799,-0.211461113
10829,0.33171799,-0.211461113
10830,0.120440671,0.314725571
10831,0.266350217,-0.0398805174
10832,,
10833,1.60684599,-2.25413796
10834,1.50123211,-2.00211085
10835,0.980580792,-1.1749489
10836,-1.0126428,1.95372681
10837,-1.0126428,1.95372681
10838,0.679209719,1.31146609
10839,-0.978187985,-0.745796372
10840,,
10841,0.0881255504,-0.650952762
10842,0.338732813,-1.05665244
10843,-1.2111408,-1.75866996
10844,0.78760332,0.0609164889
10845,0.78760332,0.0609164889
10846,0.140218687,0.883513219
10847,-1.94323167,-0.477261261
10848,,
10849,0.0296997799,0.0410388766
10850,-0.71619602,0.672665284
10851,0,-0.648500149
10852,0.539873193,-0.609271417
10853,0.539873193,-0.609271417
10854,-0.177329068,-0.71835543
10855,1.04793452,-0.873224777
10856,,
10857,0.847884075,0.990719525
10858,0.0402259401,-0.385024596
10859,0.959625518,-0.452510917
10860,-1.65063358,-0.351852001
10861,-1.65063358,-0.351852001
10862,-0.591577436,-1.38041869
10863,0.60450128,-1.38542519
10864,,
10865,-1.14177978,0.99307681
10866,-0.960799795,0.832450005
10867,0.357261013,0.801043804
10868,-2.09139736,-0.842831948
10869,-2.09139736,-0.842831948
10870,0.409885075,0.436900875
10871,-0.694394916,-0.420156504
10872,,
10873,1.19133014,-0.171308572
10874,0.0821324994,0.281621843
10875,0.263338202,-0.323163363
10876,-1.08248034,0.62697191
10877,-1.08248034,0.62697191
10878,-1.09792207,-0.569767167
10879,-0.396914419,-0.810230934
10880,,
10881,0.210371697,0.701419948
10882,0.638152349,1.05939824
10883,-0.0886967137,0.622808864
10884,-0.206702199,1.03401159
10885,-0.206702199,1.03401159
10886,-1.2484031,1.66411445
10887,0.148228162,-0.989939351
10888,,
10889,0.256816248,0.767556128
10890,-0.751523194,1.03984559
10891,-1.23005318,0.893957139
10892,-0.281598997,-0.630439802
10893,-0.281598997,-0.630439802
10894,-0.625526202,0.184552477
10895,-0.31961125,0.762708506
10896,,
10897,0.800210598,-0.104294932
10898,-0.284601965,-0.308996125
10899,-0.618888782,0.237911784
10900,-0.788092004,-0.569611742
10901,-0.788092004,-0.569611742
10902,-1.75601012,0.226892712
10903,0.948543996,1.18777642
10904,,
10905,0.7611105,-1.64831364
10906,0.643131936,-0.928376898
10907,-0.0923349459,0.132400636
10908,0.732491436,-0.962635293
10909,0.732491436,-0.962635293
10910,-1.96879528,-0.0602288212
10911,1.38640336,0.301319481
10912,,
10913,1.15323563,1.00090707
10914,0.10268228,0.524297815
10915,0.19368283,-0.439610698
10916,-2.06885122,-0.51740275
10917,-2.06885122,-0.51740275
10918,0.963407599,0.0394681231
10919,0.12117914,0.751270758
10920,,
10921,-0.645729168,-0.358762166
10922,0.494126646,0.0389118355
10923,1.97528383,-0.688688469
10924,0.429217983,-1.04136537
10925,0.429217983,-1.04136537
10926,-0.552059813,0.69934291
10927,0.6704176,0
10928,,
10929,-0.626613891,1.02364141
10930,-0.454721465,0.414817727
10931,-0.244145038,-0.281169601
10932,-0.4507221,-0.574235583
10933,-0.4507221,-0.574235583
10934,0.75044926,1.31475801
10935,1.37023446,1.15574701
10936,,
10937,-0.642241052,0.257394041
10938,-0.0624156296,0.935059557
10939,0.133805398,0.103064846
10940,0.660366709,0.855808438
10941,0.660366709,0.855808438
10942,-1.80423831,0.406435858
10943,1.64996742,0.294168106
10944,,
10945,-0.476924254,-0.370990117
10946,-0.190179391,-1.38870563
10947,-1.05309766,0.861258362
10948,-0.798399095,0.489285193
10949,-0.798399095,0.489285193
10950,-0.779247676,-0.0793314229
10951,-0.62990577,1.72213506
10952,,
10953,0.409298126,-0.301377
10954,0.0816180432,0.671037603
10955,1.51664702,0.701676686
10956,0.304143382,0.394786234
10957,0.304143382,0.394786234
10958,-0.733901033,-0.605849877
10959,0.599991417,0.321628874
10960,,
10961,-0.148378646,-0.732762961
10962,0.268017929,-0.301605733
10963,-0.229702076,-0.685992669
10964,-0.681674683,0.19951555
10965,-0.681674683,0.19951555
10966,0.471572806,0.565312547
10967,-0.781987721,-1.93322838
10968,,
10969,-0.196937735,-1.07470503
10970,0.0197368646,-1.9541593
10971,-0.766843143,0.0443728974
10972,0.0781475879,-1.05638316
10973,0.0781475879,-1.05638316
10974,-1.22416196,1.38050487
10975,0.0598413831,0.308323982
10976,,
10977,1.07626826,-1.23311022
10978,0.803409084,-0.0402525983
10979,0.94642937,-1.25962477
10980,0.431929917,-1.13385195
10981,0.431929917,-1.13385195
10982,0.760464849,0.834554335
10983,-1.05467543,-0.367157468
10984,,
10985,0.11444076,-1.6780373
10986,0.437428869,-2.62518818
10987,0.419188254,0.162173826
10988,0.221895034,-0.0835817302
10989,0.221895034,-0.0835817302
10990,-1.21462929,0.386831523
10991,1.2661847,0.163336334
10992,,
10993,1.14174231,1.57702022
10994,1.26154284,0.959448055
10995,0.0744615064,-0.647202605
10996,-0.605709432,-0.835698998
10997,-0.605709432,-0.835698998
10998,-0.774011483,-1.3908817
10999,-0.569154415,0.423126138
11000,,
11001,0.863152764,-0.89131797
11002,1.23022499,0.101037117
11003,0.279385676,1.28894515
11004,-0.804581942,0.87766463
11005,-0.804581942,0.87766463
11006,-0.258219569,-0.316515458
11007,1.52967365,-0.911043122
11008,,
11009,-1.02672683,1.59232938
11010,0.208045892,0.631872452
11011,0.769077596,0.99406944
11012,-0.187624642,-1.0070759
11013,-0.187624642,-1.0070759
11014,1.4277654,0.39568207
11015,-0.26435527,-1.43533025
11016,,
11017,0.718394863,0.658126627
11018,0.0201052155,0.156784886
11019,0.135196623,-0.647040587
11020,0.122313399,-1.83360257
11021,0.122313399,-1.83360257
11022,0.811805699,0.742298788
11023,-1.12802013,2.38812657
11024,,
11025,0.589460874,-0.207916501
11026,0.326119817,-1.6151438
11027,-2.24659589,-1.84067449
11028,-0.583504236,0.582828847
11029,-0.583504236,0.582828847
11030,0.51098449,0.182291915
11031,-0.617717373,0.606556343
11032,,
11033,-0.367805792,1.52761101
11034,-1.19010116,0.588437542
11035,-0.484319438,1.51748814
11036,0.0582006635,0.833392166
11037,0.0582006635,0.833392166
11038,1.86098535,1.25006549
11039,0.502302779,0.592351402
11040,,
11041,-0.230332965,-0.486376304
11042,-1.17070917,1.16712356
11043,1.83079778,0.409730387
11044,1.39277935,0.816956111
11045,1.39277935,0.816956111
11046,0.47917214,0.325967799
11047,-1.04197614,0.451333665
11048,,
11049,-0.38039536,-0.289960184
11050,-1.08886732,0.999358012
11051,1.80919586,0.9669055
11052,0.8946774,2.04773338
11053,0.8946774,2.04773338
11054,-0.599822846,-1.1410238
11055,-0.638977174,0.097150962
11056,,
11057,0.550266908,1.47055583
11058,-0.290581654,1.19459315
11059,1.89721037,-1.38768799
11060,0.133735772,-0.846143375
11061,0.133735772,-0.846143375
11062,-0.573359281,-1.31135433
11063,-0.560329835,-0.543069738
11064,,
11065,-0.465756245,1.96973693
11066,-0.89396347,0.703835119
11067,-0.196327615,0.656497895
11068,0.181884309,1.72409444
11069,0.181884309,1.72409444
11070,-0.96086951,-1.28799922
11071,1.16315847,0.610836432
11072,,
11073,-0.558753878,0.337722631
11074,-1.0134789,-0.891700608
11075,1.35510465,1.10564183
11076,-0.764626315,1.30353377
11077,-0.764626315,1.30353377
11078,-2.51661643,-0.0605802499
11079,0.929906932,0.0833388635
11080,,
11081,-1.73427047,-0.285291281
11082,-1.55718722,0.485310299
11083,-0.258450789,1.22455716
11084,0.47961454,0.143397624
11085,0.47961454,0.143397624
11086,-0.811013504,-0.144490461
11087,-0.603464974,1.14088462
11088,,
11089,-0.573956186,0.176070988
11090,0.302392992,-0.418124844
11091,-0.158196075,-0.788722248
11092,-1.52191693,-2.40199365
11093,-1.52191693,-2.40199365
11094,-0.0207940239,0.943222583
11095,0.924000973,1.71124687
11096,,
11097,0.566583802,-0.288733786
11098,0.541544718,-0.288464346
11099,-0.102616898,0.57101736
11100,1.02827594,-0.594260267
11101,1.02827594,-0.594260267
11102,0.300834294,-0.753228375
11103,-1.14345737,0.578723398
11104,,
11105,-1.0100175,0.252170897
11106,-0.435090139,-0.0198485645
11107,0.870553924,0.133732074
11108,-0.971578886,0.164280102
11109,-0.971578886,0.164280102
11110,-0.882795182,-1.68948144
11111,-0.204103045,-2.00690494
11112,,
11113,0.236798121,-1.5467249
11114,-0.166874642,-1.48500352
11115,-1.47054062,0.388828241
11116,-0.594438591,0.839208665
11117,-0.594438591,0.839208665
11118,0.0781732422,-1.03902861
11119,0.613492042,0.346433596
11120,,
11121,1.61626017,0.184306049
11122,2.61712209,-0.607534121
11123,1.12824636,0.332653236
11124,0.926391508,0.202548342
11125,0.926391508,0.202548342
11126,-0.987714496,0.721313962
11127,0.100316129,-1.27623754
11128,,
11129,1.18615982,0.274685539
11130,1.1123794,-0.019907661
11131,0.961124137,0.987407697
11132,0.0203146511,-0.244703015
11133,0.0203146511,-0.244703015
11134,1.25869691,-1.56723388
11135,-1.56382587,0.532610467
11136,,
11137,0.230448259,0.873859189
11138,-0.360303541,0.0426338298
11139,-1.40130068,-2.33770931
11140,-0.627229172,-0.399646066
11141,-0.627229172,-0.399646066
11142,-1.16574057,-0.545685324
11143,0.221366032,-0.427605259
11144,,
11145,-1.51028351,1.31052835
11146,-0.386504815,1.54529
11147,-0.0299442049,1.68661231
11148,-0.785206712,-0.61691553
11149,-0.785206712,-0.61691553
11150,-0.578330341,-0.432192109
11151,0.476022326,-0.978111787
11152,,
11153,2.22416228,-0.141892553
11154,1.23527229,-0.0619016163
11155,-0.0291819007,0.120831327
11156,-0.400164914,-1.27326634
11157,-0.400164914,-1.27326634
11158,-1.86608363,-1.11325166
11159,-0.14328013,0.525937594
11160,,
11161,0.668909161,0.288524524
11162,0.27459296,-0.076520994
11163,-1.51167121,0.543164826
11164,0.64053384,-0.422159916
11165,0.64053384,-0.422159916
11166,1.18293467,0.819364879
11167,0.966974206,-1.23219388
11168,,
11169,-1.37891933,0.930544664
11170,-0.722506313,0.122398459
11171,-0.218778114,-2.13073162
11172,0.649146356,-1.10756514
11173,0.649146356,-1.10756514
11174,0.512113906,1.10901056
11175,-1.59449617,-1.01431191
11176,,
11177,-0.536079914,0.947041812
11178,0.436392525,0.510237104
11179,1.3732819,-0.957731238
11180,1.22532287,3.0794918
11181,1.22532287,3.0794918
11182,-0.811882467,1.31510282
11183,1.22740542,-0.31956428
11184,,
11185,-0.794261162,-0.0853805515
11186,-0.653716501,0.879226637
11187,-0.629281353,-0.386160317
11188,-0.557432503,-0.227242879
11189,-0.557432503,-0.227242879
11190,0.571447362,-0.83993264
11191,0.908023609,1.126498
11192,,
11193,-1.58681865,1.11709797
11194,-0.222766874,0.606842513
11195,-0.516839075,0.444272647
11196,-0.573827431,0.340955845
11197,-0.573827431,0.340955845
11198,0.902009909,0.603858345
11199,0.520910686,-0.428442647
11200,,
11201,-0.426919225,0.274481181
11202,1.02410127,0.143123619
11203,-1.18328083,-1.78157923
11204,-0.726658952,0.434982689
11205,-0.726658952,0.434982689
11206,1.29596165,2.08287122
11207,-0.692417279,-0.348718949
11208,,
11209,0.371503066,1.21602506
11210,0.0423862387,0.282973085
11211,0.291877882,0.0477357844
11212,-1.03257142,0.276099332
11213,-1.03257142,0.276099332
11214,-0.641585501,1.01251876
11215,-0.0403460947,0.183793608
11216,,
11217,-0.75553484,-0.102101057
11218,-0.222839725,0.257785069
11219,0.196666734,2.2158151
11220,0.752174412,0.18544541
11221,0.752174412,0.18544541
11222,0.543483189,0.325844103
11223,-0.415040922,1.67621804
11224,,
11225,0.927900272,0.611326918
11226,-0.504193784,-0.5030893
11227,0.487044974,-1.95318138
11228,-0.563918359,1.76300247
11229,-0.563918359,1.76300247
11230,-0.505901614,-1.36340879
11231,-0.938925966,0.532161268
11232,,
11233,0.210003471,0.98188312
11234,-0.239989174,1.82787984
11235,-0.0291772928,-0.633001895
11236,0.7951982,-0.479384764
11237,0.7951982,-0.479384764
11238,0.295677641,-0.484266751
11239,0.204321606,-2.24005947
11240,,
11241,0.0295615562,-0.271664405
11242,1.79029189,-0.596696118
11243,0.37033541,-1.73175828
11244,0.499108229,-0.354970928
11245,0.499108229,-0.354970928
11246,-0.445644845,0.241901459
11247,-0.0202192216,-0.625172928
11248,,
11249,0.558518781,-0.157097264
11250,0.285907891,0.625956254
11251,0.189572385,0.760612831
11252,-0.397136006,1.02879772
11253,-0.397136006,1.02879772
11254,0.650119604,0.508886294
11255,2.00426249,0.790286707
11256,,
11257,-0.152166818,-0.192169635
11258,-0.602500355,0.5092831
11259,-0.965948601,0.0450847704
11260,1.5032435,-1.91858465
11261,1.5032435,-1.91858465
11262,-0.200478706,2.25203981
11263,0.746991535,1.81566331
11264,,
11265,-1.01506564,-2.32607022
11266,-0.77057478,-2.84489428
11267,-0.210248136,-0.967160712
11268,1.74309849,-1.50006746
11269,1.74309849,-1.50006746
11270,-0.103884145,-0.540129159
11271,-0.162218746,-0.284923515
11272,,
11273,-1.21403654,-1.36661525
11274,-0.0414605295,-0.693192294
11275,-0.546057159,0.24832999
11276,0.222008271,-0.161792485
11277,0.222008271,-0.161792485
11278,0.422510971,0.479432978
11279,-1.86463163,0.510896769
11280,,
11281,-1.64527216,-0.887150296
11282,-0.552750608,0.640803516
11283,1.6206589,-0.978150021
11284,-0.961365783,0.040189285
11285,-0.961365783,0.040189285
11286,0.17853874,-0.694540146
11287,-1.08538314,-0.367061063
11288,,
11289,0.809484082,1.21703182
11290,1.50089069,0.404874088
11291,1.63310118,2.04831366
11292,0.20286753,0.58115033
11293,0.20286753,0.58115033
11294,0.285028572,-0.42546068
11295,0.645512497,-0.327752038
11296,,
11297,-0.745149868,-0.280741876
11298,-0.195447699,-0.0834703694
11299,-0.23212069,-1.5856435
11300,0.616301854,-0.0590436611
11301,0.616301854,-0.0590436611
11302,-0.322815844,1.06609064
11303,-1.83361465,-0.794890155
11304,,
11305,1.81531063,-0.0557047653
11306,0.0413507138,0.197866025
11307,-0.886318062,-0.190738029
11308,-0.0587349673,-0.0607371241
11309,-0.0587349673,-0.0607371241
11310,-0.723341132,-0.753806417
11311,1.17401571,0.615859675
11312,,
11313,-0.401756684,-0.502725961
11314,0.0800927123,0.184233948
11315,0.396380824,0.708676925
11316,0.635783079,0.439272665
11317,0.635783079,0.439272665
11318,-0.83551632,1.76709759
11319,-1.31290488,0.233094498
11320,,
11321,2.09214474,-0.0999459545
11322,2.52379167,0.0201165498
11323,-0.627344565,0.0351141797
11324,-2.1637935,-0.510340475
11325,-2.1637935,-0.510340475
11326,0.736080759,0.631486887
11327,2.02660083,1.08802053
11328,,
11329,1.40736029,-0.262244904
11330,1.22453395,0.179281171
11331,0.173912998,0.0147491024
11332,0.697154533,0.140589599
11333,0.697154533,0.140589599
11334,0.467065029,-1.40943203
11335,-1.43995328,0.891266775
11336,,
11337,0.478604074,-0.145847494
11338,1.22428153,0.59106109
11339,0.353618789,-0.82368479
11340,0.187123504,-1.13066734
11341,0.187123504,-1.13066734
11342,1.26912387,0.173314455
11343,0.700552541,-1.07259147
11344,,
11345,0.362176896,-0.523794484
11346,0.758764566,-0.122702524
11347,-0.290276436,-1.21031061
11348,0.745189574,-1.42066941
11349,0.745189574,-1.42066941
11350,0.703850304,3.10808942
11351,-0.0839852376,2.19757574
11352,,
11353,-1.3623278,-0.455913518
11354,-0.968051936,-1.07681239
11355,-0.552104415,-0.763308778
11356,0.0800544314,0.250286853
11357,0.0800544314,0.250286853
11358,0.524517955,0.973368073
11359,0.136768419,0.253715806
11360,,
11361,-0.178507052,-0.375610333
11362,-0.83468968,-1.14050672
11363,0.467957081,0.218018382
11364,-1.24032635,1.27705021
11365,-1.24032635,1.27705021
11366,-0.425793715,-2.27520145
11367,0.877540951,-0.255288952
11368,,
11369,-2.13777799,-0.101158832
11370,-1.55737259,1.18176954
11371,1.28332933,-0.128177523
11372,-0.505729323,0.505077047
11373,-0.505729323,0.505077047
11374,-0.0797416479,0.0201892491
11375,1.20023651,0.244660947
11376,,
11377,-0.712442765,-0.507314603
11378,-1.13701734,-1.09539205
11379,-0.300768905,-0.594688844
11380,1.00047633,0.0421484934
11381,1.00047633,0.0421484934
11382,2.23528427,-2.07333404
11383,0.834138724,0.249775403
11384,,
11385,-0.318912693,-0.603035307
11386,-0.638403269,-0.870502849
11387,0.66713018,-3.25871594
11388,1.42062377,0.447581021
11389,1.42062377,0.447581021
11390,-0.942179214,1.21283335
11391,-0.156905008,0.821800045
11392,,
11393,-0.380774891,-2.52695327
11394,-0.0406625199,-2.26708425
11395,1.32516606,-0.510557011
11396,-0.945857803,-1.25678739
11397,-0.945857803,-1.25678739
11398,-1.54077638,1.31325423
11399,-1.82693877,1.54422206
11400,,
11401,0.249066556,-1.75621366
11402,0.575921517,-0.683638622
11403,0.64404782,-1.36330171
11404,0.873551681,0.597489529
11405,0.873551681,0.597489529
11406,0.103439472,-0.0609962128
11407,-1.31788767,0.352513955
11408,,
11409,0.67209377,-0.733436815
11410,-0.444351223,-1.31818014
11411,1.03065533,-0.550111408
11412,0.0422695379,-0.163217523
11413,0.0422695379,-0.163217523
11414,0.618987991,0.862534347
11415,1.4598248,0.658825029
11416,,
11417,-1.11650692,1.81495316
11418,-1.07312395,0.393600527
11419,-0.680564528,1.80855868
11420,-1.98131635,1.11312975
11421,-1.98131635,1.11312975
11422,0.957361153,1.31710265
11423,-0.529437785,-0.54867948
11424,,
11425,0.221162512,-0.348040972
11426,-1.45832382,0
11427,0.618989692,0.685239781
11428,0.71974432,-1.4040754
11429,0.71974432,-1.4040754
11430,-0.428174826,-1.51783542
11431,0.739901397,0.880070832
11432,,
11433,1.4275004,0.131592569
11434,1.13126989,0.853072835
11435,0.0725389564,0.367773959
11436,0.326935095,0.183992564
11437,0.326935095,0.183992564
11438,-2.66923008,0.664835873
11439,0.30763415,-0.176184254
11440,,
11441,1.85810619,-0.111341362
11442,0.455445715,1.40489358
11443,0.13593124,0.423390432
11444,-1.33482553,0.412648366
11445,-1.33482553,0.412648366
11446,-0.265851707,-1.78969056
11447,-0.736870422,-0.990376722
11448,,
11449,-0.780093609,-1.11109607
11450,-0.0188657028,-0.467092715
11451,1.66805111,-0.352612539
11452,-1.49207529,-1.118711
11453,-1.49207529,-1.118711
11454,0.59887455,-0.824915763
11455,-0.020779572,-0.715233321
11456,,
11457,0.771415945,-0.177277632
11458,0.0409142236,0.0807960055
11459,1.8545683,-0.692137703
11460,2.39035701,-2.01770524
11461,2.39035701,-2.01770524
11462,-0.0602965908,-0.35341033
11463,-0.350623212,-1.8365987
11464,,
11465,0.927229994,1.43337634
11466,1.04020845,-0.16585766
11467,-0.618008871,-0.0304419262
11468,1.92756171,0.662535976
11469,1.92756171,0.662535976
11470,-0.504571924,-0.499453197
11471,-1.44338336,-0.519064186
11472,,
11473,-1.13431029,1.92060958
11474,-0.143839143,2.68993958
11475,-0.0634608343,-0.43704893
11476,0.857495799,0
11477,0.857495799,0
11478,-1.76711558,1.35400212
11479,0.395824076,0.182009176
11480,,
11481,0.875731348,-1.83772125
11482,-0.523764683,-1.93015539
11483,-0.341491177,-0.648428365
11484,-0.593578854,0.199826992
11485,-0.593578854,0.199826992
11486,-1.03399651,-1.96476204
11487,-1.89859394,0.499732619
11488,,
11489,-0.615720936,1.49162053
11490,-1.21967632,2.28785962
11491,-1.62208997,2.3684401
11492,-0.853289925,-1.34875406
11493,-0.853289925,-1.34875406
11494,1.46746063,-1.24689877
11495,-0.383566739,-0.901054331
11496,,
11497,-2.0436508,-0.254649084
11498,-1.63769533,-0.718069745
11499,-0.515760877,-0.489185837
11500,1.23694719,-0.142362261
11501,1.23694719,-0.142362261
11502,0.596391569,0.614032877
11503,0.178358344,1.1829334
11504,,
11505,-1.02537514,-0.612820895
11506,-0.704264124,0.323527932
11507,0.712790211,-0.228401794
11508,0.673489073,-0.144090042
11509,0.673489073,-0.144090042
11510,-0.898526335,-1.02674619
11511,-0.828626483,-1.10911342
11512,,
11513,0.931649552,1.04275202
11514,-0.143824836,1.38339713
11515,-0.0153282353,2.3770104
11516,-0.46577092,-0.368176656
11517,-0.46577092,-0.368176656
11518,-0.178730991,0.857402077
11519,-0.276478783,-1.00891727
11520,,
11521,0.14647897,1.93672972
11522,1.15099138,1.42238679
11523,-0.470602876,-0.366128473
11524,-1.12947755,-1.1637805
11525,-1.12947755,-1.1637805
11526,-0.460525923,0.398815548
11527,0.0194024541,0.343258616
11528,,
11529,0.621477122,-1.53204202
11530,0.468319753,-1.20247864
11531,0.144974364,0.850585467
11532,1.13624599,2.54901808
11533,1.13624599,2.54901808
11534,0.52764283,0.249610667
11535,0.967400923,-2.50497161
11536,,
11537,0.337136373,-1.3979404
11538,-0.444952141,-1.44373859
11539,-0.313668962,0.460812765
11540,-0.22159692,-0.994525448
11541,-0.22159692,-0.994525448
11542,2.35501359,0
11543,-0.344193302,-0.710495632
11544,,
11545,1.59998576,1.21981019
11546,0.63987813,1.2072691
11547,2.05551389,-0.226174545
11548,-0.259592389,0.880825139
11549,-0.259592389,0.880825139
11550,1.8208658,-0.22450667
11551,0.437200362,0.0418757253
11552,,
11553,-0.418932689,0.134152311
11554,-0.0843333226,1.37884798
11555,0.46291005,-0.415264571
11556,-0.518050913,-1.37049022
11557,-0.518050913,-1.37049022
11558,0.254713535,0.214547763
11559,1.18672464,-0.551211981
11560,,
11561,-0.102638571,-0.940884618
11562,-0.409017845,-0.395852478
11563,-1.21120586,0.378338775
11564,0.31898788,0.0399340382
11565,0.31898788,0.0399340382
11566,-1.22006142,-0.274798915
11567,0.415887914,-0.694626601
11568,,
11569,0.0286341817,0.641472377
11570,-1.6635738,0.39541225
11571,-1.69798543,1.3214043
11572,-0.656947592,0.533906381
11573,-0.656947592,0.533906381
11574,0.834613392,-1.06177159
11575,1.00384766,1.25400746
11576,,
11577,0.369382248,0.758777946
11578,0.162740304,1.20984986
11579,-0.44713897,-0.655163035
11580,-1.41191748,0.343543651
11581,-1.41191748,0.343543651
11582,0.554906554,0.122466558
11583,-1.499703,0.676807973
11584,,
11585,0.664723621,-1.07894846
11586,1.12540021,-1.2140736
11587,-0.480815094,-0.265150334
11588,0.464213023,-0.0205605064
11589,0.464213023,-0.0205605064
11590,-0.142206088,0.900122902
11591,-0.299759238,1.02103558
11592,,
11593,-0.99866558,-0.377334266
11594,-0.895923486,0.297074095
11595,0.214370193,-0.922802529
11596,-0.814286569,1.59128917
11597,-0.814286569,1.59128917
11598,-2.33178253,-1.6934206
11599,1.48738327,-1.12320899
11600,,
11601,-0.899122379,-0.603379576
11602,-0.265875116,0.127084777
11603,-1.67340821,0.718173905
11604,1.26886179,1.38274847
11605,1.26886179,1.38274847
11606,-0.445606352,-0.806930036
11607,2.19203961,-1.02240415
11608,,
11609,0.30279546,-0.772506181
11610,0.624077805,-0.798804675
11611,0.201385292,0.41061849
11612,1.16042465,-1.66975144
11613,1.16042465,-1.66975144
11614,-0.0816010153,-0.56054592
11615,-0.467640538,1.82313192
11616,,
11617,-0.295625922,1.81143844
11618,-0.0798224674,1.42832321
11619,-0.291363397,0.213686106
11620,2.09927341,0.375328808
11621,2.09927341,0.375328808
11622,-0.660482544,0.0799902173
11623,1.446602,-1.04578962
11624,,
11625,-0.412729778,0.630360426
11626,0.469479896,0.703569932
11627,0.165903063,0.125246931
11628,-0.35913229,0.504339815
11629,-0.35913229,0.504339815
11630,-0.0615254032,-0.843548251
11631,0.789111661,-0.123579591
11632,,
11633,0.94268044,-0.0288960434
11634,0.14886255,0.529889532
11635,-2.26828228,-1.66574815
11636,0.765517712,1.05849367
11637,0.765517712,1.05849367
11638,-1.31547135,-0.972535527
11639,1.43736714,-0.310552352
11640,,
11641,-0.409052192,1.13091104
11642,-1.47393387,1.04517847
11643,1.33529354,0.455848039
11644,-0.708087666,0.391484202
11645,-0.708087666,0.391484202
11646,0.101752114,1.74512739
11647,-1.22975405,0.801450577
11648,,
11649,-0.395476604,-0.38201724
11650,0.644901341,-0.888790335
11651,1.21470345,-0.653391527
11652,-0.890484177,0.834671812
11653,-0.890484177,0.834671812
11654,1.37445738,-1.5524941
11655,-0.216870616,0.760787508
11656,,
11657,-0.42712674,0.779747942
11658,-0.312525482,0.355300854
11659,0.91019114,-0.608768313
11660,-0.863059059,-0.594936994
11661,-0.863059059,-0.594936994
11662,-0.184383113,-1.13916688
11663,0.727896824,-1.20707073
11664,,
11665,1.80668575,-1.87016682
11666,0.976489426,-0.204276513
11667,-0.0352588462,1.25880299
11668,0.852619659,-1.28821786
11669,0.852619659,-1.28821786
11670,1.08173651,0.466943428
11671,0.220736464,0.0816854929
11672,,
11673,-1.01664011,-1.05897802
11674,0.160078173,-2.59608054
11675,0.0527603453,0.943036014
11676,1.39389288,-0.0407739784
11677,1.39389288,-0.0407739784
11678,0.73840253,0.83227249
11679,0.100730996,-0.374871622
11680,,
11681,1.52062483,-1.91071067
11682,1.1695597,-1.07165584
11683,0.0343521742,0.923988884
11684,-0.121765615,-1.21394648
11685,-0.121765615,-1.21394648
11686,-0.325440108,-0.391147236
11687,-0.492098711,-0.125226056
11688,,
11689,-0.84378231,-0.197843677
11690,-1.52870813,0.497471194
11691,0.380276896,1.18621923
11692,-0.0195806175,-2.08781385
11693,-0.0195806175,-2.08781385
11694,-0.960310045,0.473323116
11695,-0.655965062,0.523820093
11696,,
11697,-0.475424748,0.56180001
11698,-0.487937096,1.18697396
11699,-0.245765843,-0.259887456
11700,1.99589147,-0.845366153
11701,1.99589147,-0.845366153
11702,-0.394844664,1.07736785
11703,1.95369432,-0.564707439
11704,,
11705,-1.20108656,0.211092212
11706,-0.48717864,1.88922854
11707,-0.640342621,0.41680432
11708,0,-1.05518449
11709,0,-1.05518449
11710,0,0.392317369
11711,1.42667913,0.0814672077
11712,,
11713,-0.525331321,-0.188422858
11714,-0.502635479,-0.717406257
11715,0.0753447331,1.11635818
11716,-0.614709643,0.912522902
11717,-0.614709643,0.912522902
11718,-0.184569984,0.182620809
11719,1.20543947,-2.01551208
11720,,
11721,-0.93621642,-1.78724745
11722,-0.933299854,-0.907040405
11723,-1.13133413,-2.05406531
11724,1.72771875,-0.041177308
11725,1.72771875,-0.041177308
11726,-0.855558681,0.705655528
11727,0.259935513,-0.29741676
11728,,
11729,0.937227615,-0.646859781
11730,1.1243312,-1.58044097
11731,-1.31901099,-1.43576951
11732,3.24068185,0.260406133
11733,3.24068185,0.260406133
11734,1.49540538,-1.31304721
11735,-2.44974558,0.526643018
11736,,
11737,1.81257201,-0.102160667
11738,2.03368103,0.0626364532
11739,0.830064953,-2.10228051
11740,-0.17404078,1.23576813
11741,-0.17404078,1.23576813
11742,-0.262173284,-0.0599688964
11743,-0.476393219,2.13452269
11744,,
11745,0.502372802,-0.0142771765
11746,1.33772249,1.03268859
11747,0.788525324,0.456818875
11748,-1.98992558,-1.56792376
11749,-1.98992558,-1.56792376
11750,-0.70230502,0.389813777
11751,-0.964093158,0
11752,,
11753,-0.207159503,-0.100247373
11754,-1.43431608,-0.208649966
11755,-1.01029951,1.10689121
11756,-0.356015843,-0.704468031
11757,-0.356015843,-0.704468031
11758,0.156705258,-0.643738895
11759,0.458275124,-0.121945119
11760,,
11761,-0.35303227,0.321747161
11762,0.680941032,-0.394673508
11763,0.246125843,0.62599707
11764,-1.37519665,-1.35575509
11765,-1.37519665,-1.35575509
11766,0.460063883,-1.03149318
11767,0.019904577,2.49448785
11768,,
11769,-0.32715064,-1.07573357
11770,-1.23840238,-1.26846497
11771,-0.20634736,-2.19350331
11772,0.211101816,-0.898709517
11773,0.211101816,-0.898709517
11774,0.957216365,-2.41443427
11775,-0.808123979,1.43208672
11776,,
11777,0.0419039735,-1.25778351
11778,-0.422768396,-0.576917642
11779,1.10219603,0.668020427
11780,-1.05214431,-0.913004184
11781,-1.05214431,-0.913004184
11782,-1.00869369,1.07424305
11783,1.76811295,1.04883248
11784,,
11785,0.609453433,0.287671119
11786,0.171542849,0.652315708
11787,0.637401885,0.696389914
11788,0.873994866,0.410464333
11789,0.873994866,0.410464333
11790,-0.0827035541,-0.96494135
11791,-2.14812855,-1.69892344
11792,,
11793,1.30657947,-1.27508769
11794,0.382732624,0.0394790678
11795,1.01522424,-0.835979368
11796,0.396624663,0.132843852
11797,0.396624663,0.132843852
11798,0.832157528,-0.620204383
11799,0.357723196,1.67422778
11800,,
11801,1.07949151,0.823658979
11802,0.195807962,1.89297746
11803,2.12420685,2.39536753
11804,0.853810377,1.14479407
11805,0.853810377,1.14479407
11806,1.26875619,0.267762471
11807,-0.721764056,0.0202026686
11808,,
11809,0.908117651,0.231144042
11810,0.604544556,-0.508153802
11811,-0.72966853,1.56158205
11812,-0.453687137,0.420782964
11813,-0.453687137,0.420782964
11814,0.932749906,0.789996615
11815,-0.871434237,-1.07242307
11816,,
11817,-0.539139173,0.458606796
11818,-1.22218596,0.484053419
11819,-0.265094548,0.830580302
11820,0.61252213,-1.2497735
11821,0.61252213,-1.2497735
11822,-0.163000178,-0.257701275
11823,2.05304539,-0.552605511
11824,,
11825,0.526325015,-1.99300246
11826,0.936925869,-2.5963776
11827,1.28371364,-2.23010521
11828,1.39367623,1.71925234
11829,1.39367623,1.71925234
11830,-0.305566682,1.25506806
11831,0.28425624,0.306476477
11832,,
11833,-0.407797699,0.812681349
11834,0.221106752,0.0609331143
11835,0.493996821,-0.506624293
11836,-0.968298082,-1.45500862
11837,-0.968298082,-1.45500862
11838,0.0808240277,-0.72621415
11839,-1.21173194,-1.12281535
11840,,
11841,-2.56215748,-0.462911021
11842,-1.61752143,-1.02998225
11843,-0.306912868,0.184501541
11844,0.808320586,-1.76505302
11845,0.808320586,-1.76505302
11846,-1.53278637,0.136406348
11847,-0.889631444,-0.602171134
11848,,
11849,1.43559329,0.657762122
11850,1.25442748,0.280438925
11851,0.254953878,-1.98878714
11852,0.496362146,-0.250035345
11853,0.496362146,-0.250035345
11854,-0.0627938934,-0.82821646
11855,0.263750778,-0.668822044
11856,,
11857,-1.12699286,0.707307239
11858,0.42556664,-0.479589685
11859,0.396375012,-2.38778463
11860,-0.617660718,-1.01635138
11861,-0.617660718,-1.01635138
11862,0.626247202,-0.709583331
11863,-2.51071257,0.465780495
11864,,
11865,-0.375942719,-0.236353111
11866,0.277857715,-0.406072791
11867,0.150766751,-2.10499008
11868,-0.118929856,-0.851667106
11869,-0.118929856,-0.851667106
11870,-0.666548984,0.83326373
11871,-1.5994668,-0.0841341015
11872,,
11873,1.73044574,-0.873502611
11874,0.562684973,-0.277136464
11875,0.669834766,0.407468177
11876,1.96356471,-1.39950089
11877,1.96356471,-1.39950089
11878,-0.448532452,-1.39617956
11879,2.14484565,0.312582876
11880,,
11881,-0.586008248,-1.51379627
11882,-1.26144749,-1.2059335
11883,-0.83037535,-0.503813667
11884,0.395012832,-0.160384903
11885,0.395012832,-0.160384903
11886,-0.56614638,-1.26607203
11887,0.239482461,0.552968375
11888,,
11889,-1.35823998,0.0144639403
11890,-1.24332339,-1.49454922
11891,-1.01621927,1.0684575
11892,0.919737255,0.838858171
11893,0.919737255,0.838858171
11894,-0.350052678,0.69043722
11895,0.955948103,0.971708874
11896,,
11897,0.314387841,0.0566233191
11898,-1.13100993,1.39904519
11899,-0.446997307,0.0616892852
11900,1.97945015,-2.13479667
11901,1.97945015,-2.13479667
11902,-0.756106642,-1.69998841
11903,1.96854629,1.05137431
11904,,
11905,0.764023538,-0.588034215
11906,1.04401211,-0.290193703
11907,0.224526104,-0.0464998184
11908,-1.8207531,-0.981445983
11909,-1.8207531,-0.981445983
11910,0.935624753,-1.89672019
11911,1.96576185,0.580332004
11912,,
11913,-0.567552591,-0.829374131
11914,-0.495647601,-0.142802298
11915,1.63075605,-0.061326828
11916,1.59324184,1.27587144
11917,1.59324184,1.27587144
11918,-1.45131727,-0.501896703
11919,1.25927102,-1.58052156
11920,,
11921,0.956017351,0.751856225
11922,0.935179923,0.285788427
11923,-0.698735608,0.24798955
11924,0.812332953,-0.411957813
11925,0.812332953,-0.411957813
11926,-0.060048329,1.2650947
11927,0,-0.619811979
11928,,
11929,-0.291997767,0.989612735
11930,-0.446537074,0.950646336
11931,-1.0834679,0.874129675
11932,-1.13610519,0.239310531
11933,-1.13610519,0.239310531
11934,-1.1198686,-0.0796280735
11935,-1.27887629,0.164569073
11936,,
11937,0.693841622,-0.687521507
11938,-0.813582554,-1.29477057
11939,-1.46700146,-0.015071194
11940,0.550243684,-1.34015115
11941,0.550243684,-1.34015115
11942,2.1568723,0.388485721
11943,0.404921856,0.476475198
11944,,
11945,-0.255893468,0.818929632
11946,-1.01432196,2.07755785
11947,-0.286512899,0.489851912
11948,-1.48237221,-1.99067213
11949,-1.48237221,-1.99067213
11950,0.307174674,1.08785172
11951,1.03863977,0.372491596
11952,,
11953,0.901641886,-0.0299700787
11954,0.810184943,-0.0408833611
11955,-0.474706701,0.149807149
11956,0.270588756,0.887573347
11957,0.270588756,0.887573347
11958,1.17276712,1.45403936
11959,-1.07693267,0.599214178
11960,,
11961,0.349033396,-1.9373627
11962,-0.497432691,-1.97619053
11963,-1.85426786,0.0442254189
11964,2.30981435,1.9406006
11965,2.30981435,1.9406006
11966,-1.28602845,-0.634947524
11967,0.224976913,0.334119678
11968,,
11969,0.969150528,0.207585446
11970,0.952484876,0.374319121
11971,-0.528559846,1.56381119
11972,1.597425,2.5331655
11973,1.597425,2.5331655
11974,-0.23165471,0.062384235
11975,-1.51258135,-0.81624491
11976,,
11977,0.196045763,-2.08748936
11978,-0.477347811,-1.61905657
11979,0.0459671689,0.638357065
11980,0.238106261,1.10473771
11981,0.238106261,1.10473771
11982,-0.332110172,1.69331711
11983,-0.746411422,-0.750260542
11984,,
11985,-1.41744333,0.31663876
11986,-1.19695299,0.472624329
11987,-0.260215138,-0.604817134
11988,-0.928409335,-0.926094679
11989,-0.928409335,-0.926094679
11990,-1.09231092,0.524207925
11991,0.761394048,-0.216262185
11992,,
11993,-1.29419532,-0.451686174
11994,-0.996924473,-0.0210519856
11995,-0.490337915,2.08606271
11996,-0.235423798,1.8088835
11997,-0.235423798,1.8088835
11998,0.0606880167,-0.0201707125
11999,1.22253059,1.3916486
12000,,
12001,-0.7499899,1.36678095
12002,-1.40588617,1.40667649
12003,-1.0391256,1.35268679
12004,0.642813251,0.620194265
12005,0.642813251,0.620194265
12006,-0.999386785,-0.426219389
12007,0.818083713,0.166458203
12008,,
12009,0.888527215,1.29380259
12010,0.693282581,0.989825463
12011,-0.465830708,-0.143244149
12012,0.276181993,0.0800066575
12013,0.276181993,0.0800066575
12014,-0.415138569,-1.47636941
12015,0.156462302,-0.827386657
12016,,
12017,-1.85005057,1.06977162
12018,-1.50462309,0.261858506
12019,-1.4085181,0.981816014
12020,-0.0196063318,-1.04909477
12021,-0.0196063318,-1.04909477
12022,0.88124194,-1.78308372
12023,-0.604882413,-1.05954967
12024,,
12025,0.029969657,-0.287683053
12026,0.252847059,-0.923348055
12027,-0.659462009,-1.90736685
12028,-0.227291506,-0.0611493439
12029,-0.227291506,-0.0611493439
12030,0.930119557,-0.857473648
12031,0.317044522,0.064173494
12032,,
12033,0.779169853,-0.957239812
12034,1.05485182,-1.24765343
12035,0.757470121,-0.298623609
12036,0.33417337,-0.244168961
12037,0.33417337,-0.244168961
12038,-1.24438109,0.831921832
12039,-0.0800484048,0.0201057043
12040,,
12041,-0.146677239,-0.845687542
12042,-0.690724928,-1.07107236
12043,-0.727741814,0.701437712
12044,-0.940388963,0.858986606
12045,-0.940388963,0.858986606
12046,-0.579733007,0.664903032
12047,-0.893484852,-1.17155529
12048,,
12049,0.464723061,-0.805540983
12050,0.270622198,-0.020847137
12051,1.23029952,-0.705274938
12052,-0.324101342,0.474038133
12053,-0.324101342,0.474038133
12054,-1.11772901,-0.568951774
12055,-0.21989212,-0.542134523
12056,,
12057,-0.299563754,-0.848011412
12058,0.315463882,-0.435438581
12059,0.620308191,-0.172109075
12060,0.56439995,-0.785385099
12061,0.56439995,-0.785385099
12062,0.399565221,0.873549874
12063,1.03479202,-1.08464476
12064,,
12065,0.146337392,-0.777326923
12066,1.00465994,0.47036288
12067,-0.811654779,0.666192293
12068,-0.507094819,-1.89220722
12069,-0.507094819,-1.89220722
12070,-0.460191777,0.703152751
12071,0.799659366,-2.40083241
12072,,
12073,-0.905181977,-0.711044084
12074,-0.494131371,-0.547699447
12075,0.762564998,-0.134388847
12076,-0.908236908,-0.302148117
12077,-0.908236908,-0.302148117
12078,1.33718566,0.643443178
12079,2.05393356,-0.205783158
12080,,
12081,-1.63886683,-1.81155137
12082,-1.18162827,-2.2324641
12083,-0.206401758,-1.14525163
12084,1.74112184,-0.463430589
12085,1.74112184,-0.463430589
12086,-1.04813951,1.25952665
12087,0.201571,-1.6520131
12088,,
12089,-0.498290823,-0.940161936
12090,-2.19734049,-0.573414121
12091,-0.6745411,1.35466628
12092,0.63503372,0.585049705
12093,0.63503372,0.585049705
12094,0.698096739,1.5844323
12095,-0.647395618,0.490176491
12096,,
12097,-1.95678941,1.21958091
12098,-2.01125151,1.32960704
12099,-1.03507888,-0.671474344
12100,-0.164690862,2.87722667
12101,-0.164690862,2.87722667
12102,-0.860024461,0.556649063
12103,-0.931305912,0.445240717
12104,,
12105,0.47637927,-0.494676419
12106,-0.380267086,-0.579536846
12107,0.315130314,1.47369804
12108,-0.165886076,-0.906790263
12109,-0.165886076,-0.906790263
12110,1.72044629,1.01256269
12111,0.819944517,-0.984096846
12112,,
12113,0.292272702,0.22183817
12114,-0.39779426,0.891606087
12115,-0.480208385,1.45740813
12116,-0.805174782,-0.0405548956
12117,-0.805174782,-0.0405548956
12118,0.337753245,0.595000264
12119,1.08294247,0.707459676
12120,,
12121,-0.227510649,-1.52602072
12122,0.120284921,-0.88321326
12123,-0.0577636263,-0.511913228
12124,0.6858997,-2.17610395
12125,0.6858997,-2.17610395
12126,0.226505155,-0.433301143
12127,0.57804055,-0.0211990025
12128,,
12129,0.808560618,0.789442143
12130,1.71285559,1.16292303
12131,1.18243359,0.394264286
12132,1.09262948,1.64753768
12133,1.09262948,1.64753768
12134,0.793587415,-0.65756324
12135,0.601992437,-1.8999581
12136,,
12137,-0.638388456,-0.535197427
12138,0.650466904,-0.306217078
12139,-1.11297203,-1.92126778
12140,-1.43351318,-1.29233032
12141,-1.43351318,-1.29233032
12142,0.961098403,2.75670155
12143,1.44068395,-0.787188827
12144,,
12145,1.12187846,0.248136156
12146,0.745863886,-0.475407746
12147,-0.533717174,1.43855428
12148,0.551132027,-1.38657795
12149,0.551132027,-1.38657795
12150,-0.56678056,0.158519765
12151,1.25977616,1.00531679
12152,,
12153,0.141232747,0.221336475
12154,-0.814542526,0.338879021
12155,-0.447180942,-0.682457252
12156,0.377234415,-0.394295898
12157,0.377234415,-0.394295898
12158,-0.476758886,1.20297711
12159,-0.827962321,-0.823825403
12160,,
12161,-0.584975865,1.21240355
12162,-0.380114528,0.885964169
12163,0.963847918,0.568295102
12164,-0.229506574,-0.408689637
12165,-0.229506574,-0.408689637
12166,1.20833138,-0.701628472
12167,1.28898435,1.75878595
12168,,
12169,0.126418606,-1.07513164
12170,-0.0803268037,-0.642903652
12171,-0.509534926,-0.459174495
12172,1.74054673,-0.785499917
12173,1.74054673,-0.785499917
12174,0.392357698,-0.870615635
12175,1.75217045,0.927543073
12176,,
12177,-0.781533188,-2.14599015
12178,-1.71001326,-2.24437431
12179,-1.16406367,-0.596342827
12180,-0.749146609,0
12181,-0.749146609,0
12182,1.45061266,0.408301591
12183,-1.49259032,-0.601631766
12184,,
12185,2.38705893,1.07728613
12186,1.01993561,0.294219244
12187,-0.120408885,-0.43494682
12188,0.22201235,0.386346976
12189,0.22201235,0.386346976
12190,-0.0603008645,-0.105029891
12191,-0.233797515,-1.05365071
12192,,
12193,0.859365416,0.0280419368
12194,1.09938275,-0.158240503
12195,-2.50243855,-1.44367012
12196,0.0423633071,0.140993565
12197,0.0423633071,0.140993565
12198,-1.12544645,-0.303015852
12199,-0.441614456,0.573539528
12200,,
12201,-0.30860457,-0.386138204
12202,0.248878468,-0.4764998
12203,0.151834173,-0.334124769
12204,0.735664792,0.247413685
12205,0.735664792,0.247413685
12206,-1.16198274,-0.144341951
12207,-0.804848537,-1.52151693
12208,,
12209,0.673849983,-0.070684057
12210,0.451984953,0.141927144
12211,-1.33088827,-0.0157463127
12212,1.77230283,-0.525936111
12213,1.77230283,-0.525936111
12214,-1.39839226,0.537741938
12215,0.281107732,-1.92387273
12216,,
12217,-1.2638109,1.9372768
12218,-2.12899158,1.64257547
12219,-0.87713435,2.17161525
12220,-0.877468721,-1.13111551
12221,-0.877468721,-1.13111551
12222,-0.336932923,-0.275624731
12223,0.119426691,0.463273464
12224,,
12225,-0.248957827,1.03889429
12226,-0.22397138,-0.204953902
12227,1.49408089,1.16236699
12228,0.348541092,-0.497324457
12229,0.348541092,-0.497324457
12230,-0.53131401,0.140828704
12231,-1.05936775,-0.186048216
12232,,
12233,0.881854553,-0.520140192
12234,0.683689195,-0.42089558
12235,0.346716027,-2.10466969
12236,1.15688092,-0.12153013
12237,1.15688092,-0.12153013
12238,0.554096727,0.0409612946
12239,-1.14989752,0.47467636
12240,,
12241,-0.466967721,-0.673045749
12242,-0.343909343,-1.33702462
12243,2.07143909,0.362446942
12244,0.342537654,-0.143574107
12245,0.342537654,-0.143574107
12246,0.233444438,0.325548143
12247,0.598905857,0.598265595
12248,,
12249,-0.451500581,-0.101789241
12250,-1.17120706,0.731889237
12251,-1.13894463,-0.197404101
12252,-1.82725408,-0.971489143
12253,-1.82725408,-0.971489143
12254,-0.101692389,1.19176986
12255,-0.308778803,-1.58532429
12256,,
12257,0.569964565,0.0428800135
12258,0.942347565,-0.847852697
12259,-0.534425639,-0.120064925
12260,-2.09236842,1.84071982
12261,-2.09236842,1.84071982
12262,-1.83554771,-0.493650112
12263,0.12620647,0.0410624316
12264,,
12265,0.196254884,-1.84005835
12266,-0.512894467,-0.734224598
12267,-1.92362992,0.347415987
12268,0.0209074817,-0.832725743
12269,0.0209074817,-0.832725743
12270,-0.508808101,-2.07265508
12271,0.405948245,0.914089339
12272,,
12273,0.790665864,1.16932393
12274,-0.200900075,-0.163390114
12275,1.30298135,-1.43181575
12276,-1.05711344,1.34752841
12277,-1.05711344,1.34752841
12278,1.51785128,-1.02309062
12279,-0.0206368231,-0.910133705
12280,,
12281,-1.70927211,-1.66627321
12282,-1.69607424,-1.75527683
12283,-0.705693233,0.587281973
12284,-1.24845936,0.757085823
12285,-1.24845936,0.757085823
12286,2.02278727,0.451746409
12287,0.0613284137,2.23887767
12288,,
12289,-0.85428831,-0.644417586
12290,-1.42490537,0.737904744
12291,-0.38023479,0.482275599
12292,2.2285183,1.63682088
12293,2.2285183,1.63682088
12294,-0.822386329,-1.61665877
12295,0,2.17094794
12296,,
12297,0.109648438,-1.27098691
12298,0.25509179,-0.447462054
12299,0.324165988,0.477910558
12300,-0.124693558,-1.83257353
12301,-0.124693558,-1.83257353
12302,-0.0208743482,-1.92366271
12303,0.219141919,-0.698330673
12304,,
12305,0.568074459,-0.766143071
12306,0.0816010153,-1.44072831
12307,-0.620301529,-1.78261835
12308,-1.28404581,0.144351796
12309,-1.28404581,0.144351796
12310,1.52047033,-0.739958831
12311,1.3002835,-0.302929114
12312,,
12313,-1.67698149,0.325479671
12314,-2.53426763,-0.593758314
12315,-0.490024254,0.394904461
12316,-0.66263887,0.0188372932
12317,-0.66263887,0.0188372932
12318,-0.0395987023,-0.826390334
12319,1.30193479,-1.25538802
12320,,
12321,1.05639553,0.517868151
12322,0.459821407,-0.565296037
12323,0.597690038,-1.89475184
12324,1.70297063,-0.949726167
12325,1.70297063,-0.949726167
12326,0.0814532367,-0.20464325
12327,-0.541060106,0.437632601
12328,,
12329,0.560186146,0.111289507
12330,-0.561326806,-0.327047367
12331,-2.12433711,-0.371935734
12332,-0.975552911,0.403052535
12333,-0.975552911,0.403052535
12334,-0.758796269,-0.587825227
12335,-0.624290069,0.0614208634
12336,,
12337,0.162472373,-0.675841187
12338,-0.362822997,0.544812603
12339,-0.720388031,0.536413062
12340,-2.15867024,-0.382829969
12341,-2.15867024,-0.382829969
12342,0.698995383,-0.526484613
12343,-1.38355201,-0.32222465
12344,,
12345,0.0281786755,-1.82064124
12346,0.656413869,-0.832523628
12347,-0.559727729,0.268941678
12348,-0.127945648,2.19779394
12349,-0.127945648,2.19779394
12350,-0.0606457354,0.856678281
12351,0.216491322,-0.722259008
12352,,
12353,-1.90511943,-0.0560272575
12354,0.0417461662,-1.19433045
12355,0.660039055,-0.748647129
12356,-1.40094541,0.16281462
12357,-1.40094541,0.16281462
12358,-1.20425446,-0.397597361
12359,0.930975223,0.270577533
12360,,
12361,-0.696186247,-2.10648505
12362,-0.59741767,-2.19591382
12363,0.115566641,0.490305803
12364,-0.873248244,0.310205305
12365,-0.873248244,0.310205305
12366,0.25731788,-0.692879609
12367,-0.351873913,-0.650516623
12368,,
12369,-1.30309611,-1.60300243
12370,-0.690786214,-1.01261688
12371,0.708613797,-1.01435914
12372,-0.427479581,0.808704649
12373,-0.427479581,0.808704649
12374,-0.533386334,0.160490993
12375,0.734738113,-0.188486849
12376,,
12377,0.834757675,0.157702232
12378,2.60128069,-0.242380829
12379,1.17711854,0.615984288
12380,0.6640954,-0.10029367
12381,0.6640954,-0.10029367
12382,-0.465551818,0.994071916
12383,0.228641118,-1.09243108
12384,,
12385,0.627964804,0.681478908
12386,1.23784781,0.28320479
12387,1.23250448,-0.257503332
12388,0.994890556,-1.27892605
12389,0.994890556,-1.27892605
12390,0.752540845,0.288390709
12391,1.69290804,0.972912527
12392,,
12393,1.12490686,-0.2843935
12394,1.02898118,-0.945697909
12395,0.736484028,-1.04589902
12396,-1.19100267,-1.7126586
12397,-1.19100267,-1.7126586
12398,-0.706667036,0.181241694
12399,1.22924079,1.14561465
12400,,
12401,-1.1618206,-1.43354157
12402,-1.50740561,-0.610473525
12403,1.04588941,1.35286481
12404,0.48725921,0.14645863
12405,0.48725921,0.14645863
12406,-0.809498004,-1.45668948
12407,-1.35102019,0.0649461449
12408,,
12409,0.285853218,1.21977747
12410,-0.564499531,-0.144764958
12411,1.33359905,0.544663416
12412,-0.637229118,-1.02288983
12413,-0.637229118,-1.02288983
12414,0.635037272,0.922201664
12415,-0.0961934856,1.24141334
12416,,
12417,-1.19329869,-1.16744466
12418,-0.469649917,-0.551853535
12419,-0.0156093679,-0.787431449
12420,0.663162083,-0.255438725
12421,0.663162083,-0.255438725
12422,0.0605433837,0.347240477
12423,-0.0991162654,1.48233196
12424,,
12425,0.305191158,1.21442294
12426,-0.122249243,0.0210486192
12427,0.0450327495,-0.424955502
12428,-0.590841629,-0.0203081827
12429,-0.590841629,-0.0203081827
12430,-0.963988327,0
12431,0.756329904,1.24287785
12432,,
12433,-0.380219367,0.305924055
12434,0.257022104,0.9916291
12435,0.684008888,0.165049072
12436,-0.372150045,-0.457956268
12437,-0.372150045,-0.457956268
12438,-2.9467222,1.15007376
12439,0.201520729,-0.398489204
12440,,
12441,-0.576280365,-1.12550691
12442,-1.39734651,-0.347502201
12443,0.194239265,2.29229953
12444,0.717184715,-2.27167446
12445,0.717184715,-2.27167446
12446,-1.48184953,-0.450706928
12447,1.07514745,-1.83628536
12448,,
12449,1.18760834,0.102339029
12450,0.83407672,-0.643986953
12451,1.11764464,-0.299035424
12452,1.33724526,-0.918498906
12453,1.33724526,-0.918498906
12454,-1.35041679,0.391242829
12455,-1.70866687,1.23642049
12456,,
12457,-0.411437024,-0.142012059
12458,0.143522666,-0.812712644
12459,-0.960052111,-0.596961392
12460,-0.0407202287,-0.405772787
12461,-0.0407202287,-0.405772787
12462,-1.14706241,2.07662875
12463,0.224077573,-0.0205112355
12464,,
12465,1.52155172,0.682950426
12466,0.8169779,0.768396058
12467,-0.0524052019,-0.140904945
12468,1.64963021,-0.0409968665
12469,1.64963021,-0.0409968665
12470,-0.443163866,-1.23179803
12471,-0.906631339,0.882839948
12472,,
12473,-0.936999033,-1.1316922
12474,-1.22541689,-0.18357615
12475,-1.39867421,-2.45964865
12476,0.487363893,0.159663421
12477,0.487363893,0.159663421
12478,0.0398244012,-1.39802843
12479,-1.05070913,0.771622814
12480,,
12481,-0.955843956,0.918321842
12482,0.342461153,1.07720251
12483,1.46773743,0.84122462
12484,-0.659340762,-0.621106403
12485,-0.659340762,-0.621106403
12486,0.257587648,0.999803815
12487,0.763718983,1.7711451
12488,,
12489,-0.236947365,0.958873598
12490,-1.6745041,0.631409918
12491,-0.663874633,1.70360591
12492,0.783268073,0.161638793
12493,0.783268073,0.161638793
12494,-0.842771552,-0.844085188
12495,0.910641597,-2.02819542
12496,,
12497,-0.63987991,1.5465306
12498,-0.639819374,0.946288737
12499,0.779247481,0.3788608
12500,-0.411931971,-1.37972685
12501,-0.411931971,-1.37972685
12502,0.202770508,-0.963874884
12503,-0.218994712,0.753917614
12504,,
12505,-0.371702444,-1.10408147
12506,-0.973658698,-0.290954156
12507,-0.566987702,0.800013051
12508,0.304423308,-0.0199483213
12509,0.304423308,-0.0199483213
12510,0.923058154,-0.826968855
12511,-0.466185131,1.02147537
12512,,
12513,-0.167501634,-2.07121464
12514,-0.903481603,-2.04843346
12515,0.0895456648,0.756463609
12516,1.33098765,0.477099821
12517,1.33098765,0.477099821
12518,1.26429852,1.09952957
12519,-0.461326397,0.54632104
12520,,
12521,1.59867322,-1.38241686
12522,1.13468709,-0.974739849
12523,-1.03647952,-0.609916178
12524,-2.28587025,0.059641406
12525,-2.28587025,0.059641406
12526,-1.10588054,-0.950048411
12527,1.25738396,-0.179181052
12528,,
12529,-0.330180485,-0.616225184
12530,-0.339345583,-0.137667008
12531,0.0144610593,-0.803425654
12532,-0.674086407,-1.23098968
12533,-0.674086407,-1.23098968
12534,2.33160267,-0.842020742
12535,-0.387753483,0.966507656
12536,,
12537,-1.14191997,0.405308451
12538,-1.26029986,2.05743265
12539,-0.0754091343,0.825199732
12540,-1.54269725,-0.865073059
12541,-1.54269725,-0.865073059
12542,2.51479649,0.343769741
12543,-0.317093517,-0.733025362
12544,,
12545,-1.0113606,1.41941807
12546,0.598202472,2.77824808
12547,-1.30618691,0.727816476
12548,-0.420971995,0.293641551
12549,-0.420971995,0.293641551
12550,1.0502116,-0.569314687
12551,0.409318294,-2.11023967
12552,,
12553,1.39879283,-1.97722342
12554,1.17735204,-1.46742505
12555,1.683491,0.0777905535
12556,1.80857263,-0.332798344
12557,1.80857263,-0.332798344
12558,-1.33512963,-0.956176146
12559,0.760595312,-1.09264712
12560,,
12561,-0.0301981298,0.879721079
12562,1.08228131,-0.0810430059
12563,1.39789078,-0.386247024
12564,-0.0405617931,2.2826605
12565,-0.0405617931,2.2826605
12566,-0.30152081,0.608270782
12567,-0.292919027,0.242316418
12568,,
12569,0.37925882,0.351842914
12570,0.608189089,0.15604028
12571,1.39357341,0.187781947
12572,-1.38876046,-2.36510681
12573,-1.38876046,-2.36510681
12574,1.23931708,-0.121643128
12575,-0.228365325,0.728502436
12576,,
12577,-1.05230074,-0.591657997
12578,-1.26649045,-0.263570835
12579,-1.2923283,0.0593734124
12580,1.13919158,-1.31675534
12581,1.13919158,-1.31675534
12582,-0.334584644,0.53262605
12583,-1.71622655,-0.552217216
12584,,
12585,1.23599918,-1.58983129
12586,0.383312335,-2.32936838
12587,0.868557854,0.533179033
12588,-1.40464752,1.25003012
12589,-1.40464752,1.25003012
12590,1.08203708,0.826061389
12591,0.855943321,-1.0698306
12592,,
12593,-0.9121248,1.36786594
12594,-1.04143833,1.49239154
12595,0.419890779,1.13267868
12596,-0.162355494,0.060027357
12597,-0.162355494,0.060027357
12598,-2.03137161,0.319802249
12599,-0.274744064,-0.901398592
12600,,
12601,-2.90622734,-0.32887227
12602,-1.40433637,-1.40941729
12603,-2.23362935,0.225572987
12604,-0.830086509,1.43283816
12605,-0.830086509,1.43283816
12606,0.144087288,1.37590005
12607,-1.08383334,-1.40661654
12608,,
12609,0.0705611725,-1.24973513
12610,-0.0951117699,-0.529007134
12611,-0.134854008,-0.192219118
12612,-0.627440672,0.331849763
12613,-0.627440672,0.331849763
12614,-0.577821707,-0.298016245
12615,1.14325183,-0.0820212053
12616,,
12617,-0.706836269,0.684220159
12618,-0.379524893,0.0404465458
12619,0.157447327,1.97568454
12620,0.15767302,-0.218451148
12621,0.15767302,-0.218451148
12622,-0.125111375,0.953041121
12623,-0.161894913,0.694941334
12624,,
12625,0.188158731,0.950421864
12626,1.98871352,-0.562249066
12627,1.76692242,-1.46009102
12628,-0.212032418,-0.621898519
12629,-0.212032418,-0.621898519
12630,-1.61187056,2.28994011
12631,1.78867985,-0.211917992
12632,,
12633,-0.104735689,1.0450348
12634,-2.08387433,2.00853734
12635,-0.679720378,-0.375073012
12636,0,-0.577485665
12637,0,-0.577485665
12638,-3.04803479,0.143832141
12639,-1.37539968,0.407819549
12640,,
12641,1.36926518,0
12642,1.79937061,0.671675013
12643,1.53828401,0.300245206
12644,-0.707242495,1.04571726
12645,-0.707242495,1.04571726
12646,1.11993499,-0.362445261
12647,0.385962403,-0.576533152
12648,,
12649,1.24942924,0.181964753
12650,2.1481737,-0.279574306
12651,-1.65618397,-1.02997692
12652,-0.0586824493,-0.159917778
12653,-0.0586824493,-0.159917778
12654,-1.20866602,0.754567009
12655,0.377285182,-0.285990409
12656,,
12657,-0.231507484,0.071734437
12658,-0.640904007,-0.124270279
12659,0.776771417,-0.619232599
12660,-0.116194961,2.31074339
12661,-0.116194961,2.31074339
12662,-0.429070269,-1.37070742
12663,0.374062316,-0.118782453
12664,,
12665,-0.682808821,0.295111036
12666,-0.985162929,-0.18261101
12667,1.63629899,1.31881733
12668,0.338487397,0.334805743
12669,0.338487397,0.334805743
12670,-2.17357411,0.0573767749
12671,0.789540437,-0.540074993
12672,,
12673,-0.129965748,0.617297184
12674,-0.23921994,-0.873796537
12675,0,0.455520668
12676,0.648695857,0.184508537
12677,0.648695857,0.184508537
12678,-1.03266266,-0.267838234
12679,0.964635587,-1.86030301
12680,,
12681,0.111861237,-0.141814932
12682,0.7955076,1.90824093
12683,0.522828091,1.39131796
12684,0.820052193,-0.803772686
12685,0.820052193,-0.803772686
12686,1.44297018,-0.450264303
12687,-0.721173526,-1.46392435
12688,,
12689,-0.337078198,-1.51275611
12690,-0.282145103,-1.40358424
12691,-1.67894444,0.579087942
12692,-0.306573361,0.898361029
12693,-0.306573361,0.898361029
12694,0.899664999,1.0594909
12695,-1.26232709,1.34946046
12696,,
12697,0.676728159,0.790697468
12698,0.949055025,-0.140877587
12699,0.595929532,-1.15771176
12700,1.39209238,-1.01840693
12701,1.39209238,-1.01840693
12702,-1.36851089,0.261555472
12703,-0.041232671,2.5286189
12704,,
12705,0.0282597759,0.177782943
12706,-0.450608349,0.665660085
12707,-0.236872383,2.32564954
12708,-1.41569559,1.51399263
12709,-1.41569559,1.51399263
12710,0.979325259,-0.363402215
12711,0.515030791,0.553663265
12712,,
12713,-1.11754451,-0.0872867163
12714,-2.42820433,-0.701169591
12715,-3.08175246,-1.24414686
12716,2.42373147,0
12717,2.42373147,0
12718,-0.212205197,0.956301781
12719,0.163878777,-1.19259087
12720,,
12721,-1.00830371,0.715963057
12722,0.249809854,1.05434391
12723,-0.173086564,0.104036534
12724,1.07644899,1.20018049
12725,1.07644899,1.20018049
12726,0.608736545,-0.649346698
12727,-0.402319367,0
12728,,
12729,-0.658248911,-0.402255131
12730,0.83714473,-0.256419904
12731,0.935278971,-0.81571308
12732,0.294153154,-0.0413800281
12733,0.294153154,-0.0413800281
12734,0.497000886,0.96833823
12735,-1.23518874,-1.65682188
12736,,
12737,1.46719054,-0.274019199
12738,1.32032199,-1.20857102
12739,0.442777936,1.5259547
12740,1.70350751,0.459110028
12741,1.70350751,0.459110028
12742,0.839845095,0.0817327475
12743,-0.612905898,0.334079068
12744,,
12745,0.442008336,1.41137982
12746,1.33664234,1.22429409
12747,0.342224255,1.1451527
12748,-0.999065812,0.163165955
12749,-0.999065812,0.163165955
12750,-1.74019627,-0.701149627
12751,0.546946791,-1.05873611
12752,,
12753,0.86147812,-1.54364042
12754,-0.485969636,-0.923791019
12755,-1.2169388,-0.739740867
12756,-0.317036619,-0.455168013
12757,-0.317036619,-0.455168013
12758,-1.13714158,1.38798621
12759,0.992727289,-0.366536899
12760,,
12761,-0.520300299,-0.271877064
12762,-0.560680868,-0.0804244062
12763,-0.210332646,-1.94628772
12764,-0.97873166,-1.42473521
12765,-0.97873166,-1.42473521
12766,-0.254981332,0.700369766
12767,1.34728422,-1.35664363
12768,,
12769,0.846347376,-0.31213574
12770,0.646321794,0.818228691
12771,0.770163434,-0.074569351
12772,-0.823788226,0.263686587
12773,-0.823788226,0.263686587
12774,2.27718898,-0.493867
12775,-0.65627653,1.00791751
12776,,
12777,-0.506902777,0.0439310423
12778,0.222483027,0.264009104
12779,-0.135308854,-1.17593504
12780,0,-1.34965892
12781,0,-1.34965892
12782,-0.40493184,-1.18948012
12783,-0.146494958,-0.380910571
12784,,
12785,0.403065646,2.34643166
12786,0.204559104,1.60449552
12787,-0.960685089,0.115721686
12788,1.78931396,0.386342972
12789,1.78931396,0.386342972
12790,2.29135761,-0.308641163
12791,0.205865545,-0.361838713
12792,,
12793,0.470197032,0.978240826
12794,-1.05125173,-0.330396772
12795,-0.737536951,-1.14272558
12796,-1.14722114,0.213466071
12797,-1.14722114,0.213466071
12798,0.29489898,0.572566992
12799,-2.76734241,1.96581375
12800,,
12801,-1.04911078,1.36186905
12802,-1.33095288,0.470050688
12803,-0.0279805872,-0.172042299
12804,-1.43607098,2.09346915
12805,-1.43607098,2.09346915
12806,0.591731739,0.403465473
12807,1.38168963,2.17786074
12808,,
12809,-0.46935451,-0.86272577
12810,1.21256125,-0.6310059
12811,-0.158062041,-0.847161069
12812,0.114557065,0.276419348
12813,0.114557065,0.276419348
12814,0.56820904,-0.643643755
12815,-0.738986376,-0.341266318
12816,,
12817,-1.31708074,1.57831886
12818,-0.69302265,0.370956549
12819,0.298746324,-0.482936334
12820,0.163310402,1.23843045
12821,0.163310402,1.23843045
12822,-0.318627824,-0.332021629
12823,0.64581261,0.649953678
12824,,
12825,0.0894657923,0.632424422
12826,0.166897029,0.873374163
12827,-1.2665188,-1.13140509
12828,-1.11923569,-0.877296476
12829,-1.11923569,-0.877296476
12830,-2.02623056,0.639424616
12831,-1.02535976,0.936602542
12832,,
12833,0.104927907,1.11037132
12834,0.122829662,1.12549135
12835,-0.0719298836,0.250154956
12836,1.03077395,-2.37409992
12837,1.03077395,-2.37409992
12838,0.373318506,0.945715665
12839,1.35172272,1.27989186
12840,,
12841,-0.345709237,-1.21702556
12842,-0.470381616,-0.934022427
12843,-1.1414482,0.607903244
12844,-0.430748958,-0.417757364
12845,-0.430748958,-0.417757364
12846,-0.250920983,0.179993233
12847,1.58711472,-0.240630688
12848,,
12849,-1.26610395,-0.976979004
12850,-1.45706302,-1.20530713
12851,0.328874774,1.08525046
12852,-0.760602453,-1.19780607
12853,-0.760602453,-1.19780607
12854,-0.497168375,-2.24821055
12855,1.5309083,-1.28815434
12856,,
12857,1.58092658,0.47947255
12858,0.887558865,0.399112337
12859,0.333245721,0.927195813
12860,-2.41190978,0.46789269
12861,-2.41190978,0.46789269
12862,-0.991010896,-0.120543581
12863,1.66843596,0.802939166
12864,,
12865,1.0234569,0.826287938
12866,1.4272303,0.461418818
12867,0.640969638,-1.09825592
12868,0.397733299,-0.585616929
12869,0.397733299,-0.585616929
12870,1.70482862,-1.42799173
12871,-0.063517647,-1.2380418
12872,,
12873,-0.589868939,0.84918677
12874,0.418972415,1.1416392
12875,0.742376342,-0.301661904
12876,1.43096866,-0.346535322
12877,1.43096866,-0.346535322
12878,-0.0821317183,-0.570066277
12879,0.675690547,0.160968237
12880,,
12881,-0.172676823,0.569484382
12882,-0.836884962,0.446909648
12883,-0.688196771,2.08582732
12884,-1.14596333,2.36539379
12885,-1.14596333,2.36539379
12886,-1.66967011,0.356642832
12887,0.345361214,1.93335839
12888,,
12889,-0.161862705,1.17001737
12890,-0.777822845,0.726944054
12891,0.688450659,0.227620111
12892,0.487747655,2.04340758
12893,0.487747655,2.04340758
12894,-0.268736888,0.807852354
12895,-0.847613861,0.505483647
12896,,
12897,1.33476433,1.37558544
12898,1.0112248,-0.120616203
12899,-0.864939437,-0.0471348958
12900,1.20085943,-0.889724538
12901,1.20085943,-0.889724538
12902,-0.426775443,1.6214156
12903,-1.59958841,-0.907872786
12904,,
12905,-0.974390272,-0.293931626
12906,-1.50224369,0.97312258
12907,-0.952390274,-0.0168391837
12908,0.549009146,-0.232278601
12909,0.549009146,-0.232278601
12910,-1.20648296,-1.25263423
12911,-0.120154282,-0.225402193
12912,,
12913,0.868088256,-0.833645243
12914,0.805240828,-0.986831186
12915,0.111876561,-0.0797137649
12916,-0.975250679,-0.40319579
12917,-0.975250679,-0.40319579
12918,0.998377438,-0.668574681
12919,-1.31743349,-0.455176055
12920,,
12921,-0.562666993,-1.5400629
12922,1.05900206,-1.61789997
12923,0.681530025,1.2291748
12924,0.776991389,-0.082036422
12925,0.776991389,-0.082036422
12926,-0.447439205,-0.28487236
12927,1.41482881,-1.60418062
12928,,
12929,0.545298547,-2.72234451
12930,-0.471372161,-1.88504317
12931,0.913234772,-0.3177728
12932,0.749061956,0.0197377896
12933,0.749061956,0.0197377896
12934,-0.0402800875,-0.179028168
12935,-0.814661954,0.275506997
12936,,
12937,1.19668782,-0.208912014
12938,0.480257934,0.206623667
12939,-0.730733102,-0.473341747
12940,-1.19221194,0.921122653
12941,-1.19221194,0.921122653
12942,2.15783941,-0.40938749
12943,-0.905152942,1.50205912
12944,,
12945,-0.791566092,-1.32534195
12946,-1.79601105,-0.238058111
12947,-1.33853966,-0.178595822
12948,0.874825982,1.32000664
12949,0.874825982,1.32000664
12950,3.55096862,-1.00697417
12951,-1.71447573,-0.578391727
12952,,
12953,1.23830691,0.439846528
12954,0.530641281,-1.17131812
12955,0.151521429,-0.398573666
12956,-0.589301667,0.864044474
12957,-0.589301667,0.864044474
12958,1.30980885,-1.73476846
12959,0.285466918,-0.142531981
12960,,
12961,1.64039098,-0.761680604
12962,0.722520725,-0.855041878
12963,0.0299756125,1.4444758
12964,-1.02898118,1.20006015
12965,-1.02898118,1.20006015
12966,0.931325899,0.351642157
12967,-0.101620143,-0.0404092435
12968,,
12969,0.15599104,0.419471865
12970,-0.182396592,0.241338024
12971,-1.73020687,-1.74976384
12972,0.200740939,-0.499597729
12973,0.200740939,-0.499597729
12974,1.20302284,-0.18114414
12975,-0.0412415023,-0.323156266
12976,,
12977,-1.25140247,0.482541585
12978,-0.160880111,0.770196541
12979,1.48880525,0.0460904591
12980,-0.542499076,2.24323981
12981,-0.542499076,2.24323981
12982,2.73811348,0.861339036
12983,-0.125654791,0.0601635839
12984,,
12985,-0.184640644,0.172676823
12986,1.30880223,0.537843431
12987,-0.0472202207,-1.66784482
12988,0,0.875835768
12989,0,0.875835768
12990,0.529253563,-1.17274683
12991,-0.227768734,-0.43282572
12992,,
12993,0.591415671,-2.20317511
12994,0.715569395,-0.46729111
12995,1.16423529,-0.347419166
12996,0.554583472,-0.375558055
12997,0.554583472,-0.375558055
12998,-2.02705384,1.78061092
12999,-0.18796687,0.815207027
13000,,
13001,0.334398325,0.102374023
13002,-0.139024261,-0.326349263
13003,-1.36567987,0.806685884
13004,0.576561005,-0.222610875
13005,0.576561005,-0.222610875
13006,-1.14834036,0.865084211
13007,-0.57287785,0.451637128
13008,,
13009,-1.89781042,-1.67234383
13010,-1.77094473,-1.78445924
13011,-0.915603127,-2.05799445
13012,-0.541455849,-0.257785578
13013,-0.541455849,-0.257785578
13014,0.836257583,0.85975507
13015,-0.233752595,0.0618686164
13016,,
13017,-0.798175539,-1.06005304
13018,-1.1452237,-0.763370866
13019,0.17746887,0.181912614
13020,-1.44494601,-1.20862187
13021,-1.44494601,-1.20862187
13022,-1.37904694,0.91544562
13023,-0.545398413,1.59732157
13024,,
13025,-0.215877904,-0.24937504
13026,-0.182767599,0.61253237
13027,-0.909063188,1.698097
13028,1.43300252,-1.14076246
13029,1.43300252,-1.14076246
13030,-0.0595271233,0.458914839
13031,-1.54393411,1.21728805
13032,,
13033,-0.650865029,-0.0435893239
13034,0.0626837255,0.323275271
13035,-1.45453589,-0.609344431
13036,1.54931274,-0.0597461316
13037,1.54931274,-0.0597461316
13038,0.798439351,-0.72898787
13039,1.60409951,1.11866225
13040,,
13041,1.68594054,-0.0144150013
13042,1.20411098,0.45113422
13043,1.4635488,-1.04017774
13044,-0.21626009,-0.316011275
13045,-0.21626009,-0.316011275
13046,-0.102214451,-0.495173568
13047,-1.32147524,0.186757631
13048,,
13049,-1.20197449,1.83524185
13050,-0.0628787361,1.51543579
13051,0.73902662,-0.121150726
13052,-2.36633072,-1.05789004
13053,-2.36633072,-1.05789004
13054,-1.30068845,0.72452876
13055,-0.0396341927,-0.693670132
13056,,
13057,-2.39142117,-1.56371707
13058,-1.09127701,-2.05621982
13059,-0.37966789,-0.412295006
13060,-1.00389107,-0.400438213
13061,-1.00389107,-0.400438213
13062,-0.210579626,-0.248701576
13063,2.16346139,-0.395197819
13064,,
13065,1.10680693,-0.2333336
13066,1.21962591,-0.203352842
13067,-0.573740447,-1.08394887
13068,-0.313782489,1.09116569
13069,-0.313782489,1.09116569
13070,0.368070537,0.657462359
13071,2.18047046,-1.15732413
13072,,
13073,0.913143388,1.2568061
13074,1.55301178,-0.0589768253
13075,0.620218203,2.45287238
13076,0.450090451,-0.41518737
13077,0.450090451,-0.41518737
13078,0.751330234,-0.611749887
13079,0.0199131999,-0.908462975
13080,,
13081,-0.839167037,0.403751579
13082,-1.40157045,0.722435333
13083,0.31063627,0.376470319
13084,1.94785412,0.715562687
13085,1.94785412,0.715562687
13086,0.0611238903,-0.429979472
13087,0.865203798,1.88892502
13088,,
13089,1.11232292,1.35847888
13090,1.49644916,0.57836751
13091,0.795278788,0.372919522
13092,0.346516967,0.943718333
13093,0.346516967,0.943718333
13094,-0.739776652,0.818878146
13095,1.86359776,0.244672418
13096,,
13097,-0.0437374512,0
13098,-0.854096524,-0.88009762
13099,0.671431997,-0.662697281
13100,0.221613601,1.4776335
13101,0.221613601,1.4776335
13102,-0.0203862566,-0.549812476
13103,0.727315774,-0.099799751
13104,,
13105,-0.0430068196,1.78706792
13106,0.142385879,1.39861461
13107,-0.178546269,0.611262558
13108,-0.410083556,-0.696654661
13109,-0.410083556,-0.696654661
13110,0.584650014,0.554880883
13111,-1.10321003,1.43438896
13112,,
13113,0.0142892997,-0.292440544
13114,-0.392924114,-0.248012895
13115,0.641299361,1.24576815
13116,-0.309966181,1.01287903
13117,-0.309966181,1.01287903
13118,-0.323601225,-1.75763115
13119,-0.2040019,-0.553941218
13120,,
13121,1.15907864,0.260610338
13122,0.573529316,-0.379661558
13123,-1.74131077,-1.9751206
13124,1.35164457,-0.34902606
13125,1.35164457,-0.34902606
13126,-0.610305604,0.266256112
13127,0.0784562106,1.2056558
13128,,
13129,0,0.911847162
13130,-0.438026193,0.082010144
13131,-0.240612796,0.815505201
13132,-0.291252875,-0.0397936874
13133,-0.291252875,-0.0397936874
13134,2.11142145,0.601633064
13135,-0.189936804,2.21347294
13136,,
13137,-1.74254962,-1.25403556
13138,-0.750467915,-0.885971808
13139,-1.19490383,0.0878114375
13140,-0.600815729,-1.1559914
13141,-0.600815729,-1.1559914
13142,0.121187688,2.14596146
13143,-0.790638308,-0.020900522
13144,,
13145,1.00859539,1.99132523
13146,0.648264043,1.71563835
13147,-1.62730365,-0.105188153
13148,-0.465642674,0.0807381522
13149,-0.465642674,0.0807381522
13150,0.44759944,-0.717247672
13151,-1.77946771,0.385228438
13152,,
13153,0.881618062,-0.942641784
13154,0.803435535,-1.34906274
13155,0.75775338,-0.287512526
13156,-0.633676502,-1.57873245
13157,-0.633676502,-1.57873245
13158,-1.76768465,-1.35709273
13159,-0.711556135,0.286344009
13160,,
13161,0.0869928214,1.77158453
13162,-0.27806213,0.0416348852
13163,0.24780367,0.883181169
13164,0.574795712,-0.701214734
13165,0.574795712,-0.701214734
13166,-0.221378615,-0.593231666
13167,0.562382594,-0.47080921
13168,,
13169,-1.92398242,-0.871957387
13170,-1.36397396,-1.13457874
13171,-1.22936902,-0.873113928
13172,-0.886179165,-0.308772901
13173,-0.886179165,-0.308772901
13174,0.84304809,-0.745171393
13175,-0.394520693,0.179299004
13176,,
13177,-1.50902643,1.39161345
13178,-0.279228121,1.83389979
13179,1.7337116,-1.43161247
13180,-0.783528918,-1.58930676
13181,-0.783528918,-1.58930676
13182,0.0607714702,0.216068031
13183,-2.2005328,0.13826879
13184,,
13185,1.91663424,-1.30332641
13186,2.06329241,-0.695616955
13187,0.93673327,0.119321438
13188,-0.892069863,-0.0191118951
13189,-0.892069863,-0.0191118951
13190,0.211846076,2.36598479
13191,0.730677415,-0.725267226
13192,,
13193,-0.856573191,0.100882315
13194,-0.716074354,1.28365779
13195,-1.42731885,0.95916633
13196,-1.52280393,-0.854189061
13197,-1.52280393,-0.854189061
13198,-0.793964863,-1.61670968
13199,0.361892381,-0.905403615
13200,,
13201,-0.0724331943,-0.971115788
13202,0.34579039,-0.493132247
13203,-0.809841952,-0.464747628
13204,-0.87592867,1.54677834
13205,-0.87592867,1.54677834
13206,0.303693108,-0.65636632
13207,-0.161233487,-1.575172
13208,,
13209,-0.58661249,1.13406402
13210,-0.581887561,0.338069267
13211,-0.0152175749,-1.19759193
13212,-0.433148141,-1.19866809
13213,-0.433148141,-1.19866809
13214,-0.65266382,0.501341975
13215,-1.10003262,-1.00506931
13216,,
13217,-0.179501685,-0.80116575
13218,-0.858542697,-1.62164361
13219,-1.48917906,0.905783987
13220,-0.0598927693,1.78976175
13221,-0.0598927693,1.78976175
13222,0.0403241795,0.617504161
13223,0.374725413,0.265506853
13224,,
13225,-0.418439248,1.35573305
13226,-0.720239142,2.23898633
13227,-0.116861304,0.0146505641
13228,2.11394076,0.277763231
13229,2.11394076,0.277763231
13230,0.541283509,-0.946282206
13231,0.18566127,-1.1751305
13232,,
13233,-1.16220642,1.09830092
13234,-1.2956657,2.15036809
13235,1.20661253,0.599765889
13236,1.24181926,-1.25868873
13237,1.24181926,-1.25868873
13238,-3.11571287,1.03000871
13239,-0.529663949,2.79607598
13240,,
13241,1.18992044,1.5880393
13242,1.50233099,0.528515853
13243,-0.442086858,-2.44146602
13244,1.34758081,0.161567396
13245,1.34758081,0.161567396
13246,0.590573367,-0.729608952
13247,0.150231016,0.391939577
13248,,
13249,-1.25091056,0.34024541
13250,-0.498161816,-0.61382361
13251,-1.10365341,1.43373167
13252,-0.487134875,-0.18203754
13253,-0.487134875,-0.18203754
13254,-0.0589408693,0.86027818
13255,0.335189258,-0.867731413
13256,,
13257,-0.432317012,-0.394239847
13258,0.179020357,0.243852625
13259,1.74338986,-0.580139751
13260,2.45224986,0.785666929
13261,2.45224986,0.785666929
13262,0.27646392,0.589797514
13263,0.970428001,1.366548
13264,,
13265,-1.92950912,-1.26377926
13266,-0.481624085,-1.13426359
13267,0.310104342,-1.3767107
13268,1.20205052,-0.103594045
13269,1.20205052,-0.103594045
13270,1.86695905,1.71614887
13271,0.449094224,-0.306972125
13272,,
13273,0.163607195,-0.36461345
13274,1.0005585,-0.550317817
13275,1.32739488,0.831283517
13276,1.51237218,1.41306885
13277,1.51237218,1.41306885
13278,0.779080875,-0.491899204
13279,-0.869835018,-0.0412230113
13280,,
13281,0.691873248,1.90160992
13282,2.04857727,0.475601237
13283,0.822294204,0.0908795528
13284,-1.49356107,-0.403258233
13285,-1.49356107,-0.403258233
13286,0.37871139,-0.236531868
13287,0.11876379,-0.50089891
13288,,
13289,-0.375971989,0.986225161
13290,0.277247579,-0.460556467
13291,0.0735646879,-1.01156197
13292,-0.571145156,-0.274047682
13293,-0.571145156,-0.274047682
13294,0.269730494,-2.26959895
13295,-1.71076756,1.12818933
13296,,
13297,0.299319988,0.280754183
13298,-0.333973706,-1.37002864
13299,-0.999719845,-0.793090459
13300,1.20854269,-1.16922179
13301,1.20854269,-1.16922179
13302,0.534231689,-1.2138469
13303,0.0621228847,1.06032798
13304,,
13305,-0.0877468345,0.425055045
13306,-0.887689233,0.478303175
13307,0.694728884,0.0297373582
13308,1.29986187,0.885982677
13309,1.29986187,0.885982677
13310,0.191601565,-0.454839974
13311,-0.359896105,1.32888629
13312,,
13313,-0.0274484478,0.380186561
13314,-1.20116096,1.11520389
13315,-1.34973767,-0.108936254
13316,-1.43765848,0.581608079
13317,-1.43765848,0.581608079
13318,-0.28396856,2.93560385
13319,-0.330957737,-0.058949082
13320,,
13321,0.702642109,-0.316510778
13322,-0.5165155,-1.68523081
13323,0.567560234,-0.500196989
13324,-0.75951285,0.0208050744
13325,-0.75951285,0.0208050744
13326,0.207912414,-1.13137085
13327,0.562297287,1.01893884
13328,,
13329,-0.0424026617,-1.9288232
13330,-0.0395987023,-0.826390334
13331,-1.16680621,1.02946458
13332,0.834034678,0.752286654
13333,0.834034678,0.752286654
13334,1.94213582,0.395587292
13335,-0.199915042,2.36044799
13336,,
13337,-0.692574482,0.903373915
13338,-0.77170745,1.55021963
13339,0.576169165,0.734070639
13340,0.219098336,-0.566012084
13341,0.219098336,-0.566012084
13342,1.22151117,-0.858586552
13343,1.66687377,0.0599125225
13344,,
13345,0.691600988,2.03013571
13346,1.36196076,1.52231384
13347,1.65823615,-0.205226888
13348,-2.36884958,0.0614781131
13349,-2.36884958,0.0614781131
13350,-1.33479588,-0.853717588
13351,0.763247362,-0.0823345875
13352,,
13353,-0.0138768214,-0.878112489
13354,-0.885802082,-1.26115496
13355,0.0634694432,0.467532337
13356,-0.344957536,0.116940262
13357,-0.344957536,0.116940262
13358,0.587930443,0.203082142
13359,1.02609909,-0.10176479
13360,,
13361,-0.587094882,0.213219232
13362,-0.0606457354,0.856678281
13363,-0.965712552,-1.59928742
13364,-0.0830287086,-1.17289573
13365,-0.0830287086,-1.17289573
13366,-0.650337611,-0.876804498
13367,0.0397867797,-1.34669075
13368,,
13369,0.774669247,-0.843224763
13370,0.442085715,-0.922127555
13371,-0.0995809063,-0.9956812
13372,-1.1759611,-1.18631342
13373,-1.1759611,-1.18631342
13374,1.36667375,-1.3747196
13375,0.211228543,1.2883983
13376,,
13377,0.543949769,-0.118636295
13378,0.904504654,0.536469838
13379,0.838674926,0.452020127
13380,-2.18622908,-0.873141591
13381,-2.18622908,-0.873141591
13382,0.787391978,-0.755840415
13383,-1.24084618,0.499522739
13384,,
13385,0.0278544406,-0.810116806
13386,-0.0390190374,-1.41800424
13387,0.623807437,0.381204431
13388,2.86468056,-0.442673882
13389,2.86468056,-0.442673882
13390,-0.985869175,-0.0208950324
13391,0.918762558,-0.119471185
13392,,
13393,-0.143455369,0.198385473
13394,-0.465551818,0.994071916
13395,0.45908716,0.317966473
13396,0.258629075,-0.446444891
13397,0.258629075,-0.446444891
13398,-0.244043392,-0.624438043
13399,1.10022487,-1.04761248
13400,,
13401,-0.274047303,-1.16088035
13402,0.275139784,-1.17166339
13403,0.0611599802,-1.61161949
13404,1.57021323,-0.0400946507
13405,1.57021323,-0.0400946507
13406,0.530387238,-0.322502434
13407,-1.94399841,1.20297433
13408,,
13409,0.0723795361,-0.754916442
13410,-0.496267037,0
13411,-0.474964921,-0.725175311
13412,0.373244512,1.24308526
13413,0.373244512,1.24308526
13414,2.22029882,0.390632948
13415,0.325186346,2.1388689
13416,,
13417,-0.698635851,0.17159207
13418,-0.951196867,-0.537707702
13419,-0.433202214,-1.74989857
13420,1.27471628,-0.658966613
13421,1.27471628,-0.658966613
13422,1.51738278,-0.576378317
13423,-1.14230487,1.34971645
13424,,
13425,-0.0579412377,0.794834701
13426,0.635037272,0.922201664
13427,-1.76133538,-0.0911101379
13428,-0.534467004,-0.575782365
13429,-0.534467004,-0.575782365
13430,0,-0.164922251
13431,0.260676284,0.649146854
13432,,
13433,-0.501922438,1.13910314
13434,-0.082265344,0.0406857934
13435,-0.517877652,-0.691776546
13436,0.907325038,0.0209353901
13437,0.907325038,0.0209353901
13438,-0.878130522,-1.49112673
13439,0.399501285,-0.573128042
13440,,
13441,0.530057734,-1.88987556
13442,-1.09066132,-2.03441434
13443,-0.346813616,-0.106892547
13444,0.990782329,-0.424106828
13445,0.990782329,-0.424106828
13446,-1.39247848,0.260510946
13447,-1.18640299,1.35565187
13448,,
13449,-0.133656655,1.12265456
13450,-1.17598966,0.122038142
13451,-1.07952469,-0.0150865751
13452,-0.872453015,-0.396046429
13453,-0.872453015,-0.396046429
13454,-1.43314164,0.0406066918
13455,-0.645911153,0.796949864
13456,,
13457,-1.77023645,-0.318228128
13458,-1.48184953,-0.450706928
13459,-0.133099427,1.18574682
13460,-1.05778016,1.36063596
13461,-1.05778016,1.36063596
13462,0.486399674,1.73770868
13463,-0.669740957,-0.610011245
13464,,
13465,-1.00538053,-0.0141475013
13466,-1.59828038,0.218189054
13467,-0.893228568,0.49452637
13468,-0.257752558,-1.55006549
13469,-0.257752558,-1.55006549
13470,0.0616218754,0.784201922
13471,-0.551735262,-1.47065576
13472,,
13473,-0.426136993,1.36894755
13474,0.765300869,0.932958887
13475,-0.319712985,-1.17194179
13476,-0.0393410016,-0.855178113
13477,-0.0393410016,-0.855178113
13478,-1.09747329,0.852333328
13479,0.304406969,1.30411405
13480,,
13481,1.83659402,-1.28044382
13482,1.23565935,-1.19642798
13483,-0.0142686213,-1.47926596
13484,-0.224685954,0.202303037
13485,-0.224685954,0.202303037
13486,-1.42131252,0.690804963
13487,2.27497274,-0.857820517
13488,,
13489,-0.750740046,0.52066766
13490,0.0398244012,-1.39802843
13491,0.315008379,0.646728003
13492,0.413738843,-1.50768147
13493,0.413738843,-1.50768147
13494,0.3686284,0.735504488
13495,-1.37598037,-0.365928941
13496,,
13497,0.372444938,0.164419175
13498,-0.645347321,-0.588093359
13499,-1.88695169,-0.515366839
13500,-0.455706196,-0.667546275
13501,-0.455706196,-0.667546275
13502,1.03767501,-0.314115426
13503,-0.412557059,-0.534086573
13504,,
13505,0.975215291,-0.129947276
13506,-1.28373202,-0.686507879
13507,0.0802091785,-1.04338512
13508,-1.75558272,0.826384299
13509,-1.75558272,0.826384299
13510,-0.295053935,-1.35900851
13511,0.914636276,-0.654852215
13512,,
13513,-0.0142782707,0.115340104
13514,0.691079579,-0.10165551
13515,-0.0784060869,-1.61035311
13516,0.524071792,-1.06035733
13517,0.524071792,-1.06035733
13518,0.989053574,-0.38775915
13519,-2.53761642,-0.534005717
13520,,
13521,0.041987042,-1.1672003
13522,0.923058154,-0.826968855
13523,0.71456702,-0.0307799779
13524,-1.53290906,0.422510971
13525,-1.53290906,0.422510971
13526,-0.583282013,-0.428093553
13527,0.22080511,-1.25516209
13528,,
13529,1.15301934,1.32003861
13530,0.291491502,1.05091324
13531,-0.54051557,1.06296446
13532,-1.33618378,1.30160928
13533,-1.33618378,1.30160928
13534,-0.500307301,-0.418655953
13535,0.468088875,-1.2770083
13536,,
13537,-1.29960416,-0.344534467
13538,-1.88306184,-0.304399428
13539,-0.93584595,-0.0294824484
13540,-0.0850195645,1.54964402
13541,-0.0850195645,1.54964402
13542,1.09119924,-1.5404119
13543,1.20921129,-0.0820585704
13544,,
13545,-0.542696565,-2.38514372
13546,0.397445109,-3.49238824
13547,-0.222141635,-2.71406593
13548,-0.586401488,0.23980463
13549,-0.586401488,0.23980463
13550,-0.391018504,0.290336303
13551,0.699658145,0.265556274
13552,,
13553,0.951148141,-0.427147356
13554,2.51479649,0.343769741
13555,1.30438829,-0.13101123
13556,-0.696747182,0.301481122
13557,-0.696747182,0.301481122
13558,-0.855225212,-0.665656888
13559,0.0594240106,2.12667042
13560,,
13561,2.38453749,0.909214563
13562,3.32144789,0.488050867
13563,-0.471967848,-0.0147061892
13564,0.856082144,-1.42218482
13565,0.856082144,-1.42218482
13566,-0.0404551719,-1.67508351
13567,0.572805139,-0.784640943
13568,,
13569,-1.0769573,-1.06541225
13570,-0.981507119,-1.6526507
13571,-0.587733072,-1.92524439
13572,-0.908191327,-1.52784474
13573,-0.908191327,-1.52784474
13574,0.57621627,-0.102892616
13575,-0.880565548,-1.81320075
13576,,
13577,-0.702071638,0.233915713
13578,-1.77029958,0.241023533
13579,0.269557064,0.0574481723
13580,1.60277004,1.6302715
13581,1.60277004,1.6302715
13582,0.73311729,-0.059892889
13583,0.875325649,0.629182129
13584,,
13585,-0.072690192,-0.763042746
13586,1.23931708,-0.121643128
13587,0.741775593,1.39065991
13588,0.839981714,0.177311817
13589,0.839981714,0.177311817
13590,-1.86688602,-0.608712475
13591,1.05991946,-1.31917856
13592,,
13593,-0.0415126658,1.77147823
13594,-0.0795648791,1.58596151
13595,-0.11767921,0.449015524
13596,1.9439494,0.445712613
13597,1.9439494,0.445712613
13598,0.328688867,0.19871544
13599,0.863053124,-1.26516944
13600,,
13601,1.35681106,0.084817661
13602,1.15987057,-0.25543218
13603,0.440739287,-0.632626323
13604,0.0828951712,0.267533864
13605,0.0828951712,0.267533864
13606,1.67458102,0.140281902
13607,1.7672138,-0.535283963
13608,,
13609,0.213251848,0.519983791
13610,1.08300367,0.215259827
13611,-0.694748118,-0.629157764
13612,-0.40541407,-1.11596076
13613,-0.40541407,-1.11596076
13614,1.17769505,1.5191399
13615,-1.11254665,0.353576981
13616,,
13617,0.853166231,1.53431871
13618,0.144087288,1.37590005
13619,0.0734421479,0.673578365
13620,-1.15551408,0.623171056
13621,-1.15551408,0.623171056
13622,-0.342412248,-2.07989976
13623,-0.788983679,-0.171958263
13624,,
13625,0.658382934,-1.18472445
13626,1.26401639,-1.04367635
13627,0.602273716,-0.843743386
13628,1.66744892,0.800422189
13629,1.66744892,0.800422189
13630,-1.04064457,0.0838949102
13631,-0.520511867,0.584172739
13632,,
13633,1.09654965,1.61022596
13634,0.262034429,0.0595346434
13635,1.68064315,0.307990068
13636,0.946531205,1.54141299
13637,0.946531205,1.54141299
13638,1.03126906,-0.145876581
13639,0.371642753,-0.307413862
13640,,
13641,-1.68433524,-1.29347157
13642,0.256677491,-0.116142027
13643,-1.78882646,-0.885052797
13644,-3.03465167,-0.654821288
13645,-3.03465167,-0.654821288
13646,0.329166076,0.625700761
13647,-0.317790004,2.08538341
13648,,
13649,-2.33460247,0.768430718
13650,-3.04803479,0.143832141
13651,-1.57833295,1.15366701
13652,-0.019932583,-1.45419768
13653,-0.019932583,-1.45419768
13654,-0.079999198,1.24376895
13655,-0.887283831,1.86694173
13656,,
13657,-3.04673341,0.634133271
13658,-0.324640959,-0.861049364
13659,-1.52037402,1.0045738
13660,0.809432748,0.67236548
13661,0.809432748,0.67236548
13662,-0.676152504,0.826237934
13663,-0.186106028,0.136912849
13664,,
13665,-0.234959422,0.789559008
13666,-0.197499517,0.664696116
13667,0.218904497,0.32823023
13668,-0.16372938,0.886264075
13669,-0.16372938,0.886264075
13670,0.139055607,-1.39112738
13671,-0.348510987,-0.179825667
13672,,
13673,0.62215044,-0.354999915
13674,-2.1694998,-0.0607939829
13675,-2.20165242,-0.774358344
13676,-0.314693835,0.88873904
13677,-0.314693835,0.88873904
13678,1.45112606,-0.398657983
13679,0.300723966,0.722111556
13680,,
13681,-2.47009975,0.567395861
13682,-2.17357411,0.0573767749
13683,-1.06846068,-0.14179778
13684,-0.51368948,0.53569385
13685,-0.51368948,0.53569385
13686,0.536521865,-1.1154635
13687,-0.439580231,0.183048198
13688,,
13689,0.407093648,-0.25997559
13690,1.87719768,-1.62175969
13691,-1.4396495,1.00006387
13692,-0.584887811,-0.0617155297
13693,-0.584887811,-0.0617155297
13694,0.714182843,0.626895187
13695,-0.271736032,0.0801713762
13696,,
13697,0.360693002,-1.28036549
13698,-0.158293907,-1.12880093
13699,2.04584555,0.801103247
13700,1.76936522,1.97621108
13701,1.76936522,1.97621108
13702,0.426497406,1.71897203
13703,1.09370026,1.3666025
13704,,
13705,0,-0.202487998
13706,-0.519709815,-1.03709036
13707,1.99307088,0.957319081
13708,-0.671455237,0.608153798
13709,-0.671455237,0.608153798
13710,-0.397278713,1.35672349
13711,0.210327325,-0.0200509307
13712,,
13713,0.0286049091,-0.130473938
13714,-1.36851089,0.261555472
13715,-1.07838024,1.29648084
13716,-0.831620067,1.91736133
13717,-0.831620067,1.91736133
13718,-0.521769391,-1.24691298
13719,-1.94488933,-0.477013371
13720,,
13721,-1.26182317,2.4912698
13722,-1.03697215,0.708471698
13723,-0.107826841,-0.0315916358
13724,1.03075794,-0.872640516
13725,1.03075794,-0.872640516
13726,0.350696607,0.150428415
13727,0.121919877,2.02933741
13728,,
13729,0.287231995,0.390788749
13730,-0.192878648,1.71237083
13731,1.50783588,0.165474444
13732,0.722760821,1.45359988
13733,0.722760821,1.45359988
13734,0.318349184,0.75817195
13735,-0.933055387,0.256511632
13736,,
13737,-0.534677094,1.36296587
13738,0.338386545,-0.186999959
13739,-1.35603533,0.770458527
13740,-0.484536287,1.43147393
13741,-0.484536287,1.43147393
13742,0.642999278,-0.797927679
13743,0.808439668,0.847026129
13744,,
13745,0.194640462,1.35964769
13746,0.497000886,0.96833823
13747,-1.61231683,0.273307191
13748,0.278282322,0.727554341
13749,0.278282322,0.727554341
13750,-1.46518617,-2.32808901
13751,1.2400405,-0.363983097
13752,,
13753,-0.6694457,-1.52485059
13754,-0.673022727,-2.05441084
13755,0.668577885,-2.04430449
13756,-0.10456055,0.178259411
13757,-0.10456055,0.178259411
13758,0.554383534,-0.700406488
13759,-0.632205791,1.74162692
13760,,
13761,0.997047372,1.86970185
13762,0.617279058,1.44979966
13763,1.01075828,0.142988849
13764,-0.274323767,-0.393167005
13765,-0.274323767,-0.393167005
13766,1.95703922,0.227492669
13767,1.50471964,0.15704315
13768,,
13769,0.634084084,-0.755707214
13770,-0.417162696,-1.36294934
13771,0.0605142817,0.37302428
13772,-0.0199554476,-2.11378533
13773,-0.0199554476,-2.11378533
13774,-1.26713731,-2.42550525
13775,-0.444011328,-0.851376485
13776,,
13777,-1.45487217,0.0146215532
13778,-0.254981332,0.700369766
13779,-1.89803124,0.442698279
13780,-1.83386649,0.827607046
13781,-1.83386649,0.827607046
13782,0,0.795820349
13783,0.0210517518,-0.0407880869
13784,,
13785,-0.168977082,-0.667901655
13786,0.340141371,-0.941081433
13787,-0.268312467,0.0899848121
13788,-1.12281276,1.41337935
13789,-1.12281276,1.41337935
13790,-0.338764194,0.975203556
13791,-0.216956867,-0.738915202
13792,,
13793,1.08807896,-0.158395671
13794,0.102298704,-0.900528479
13795,-1.78816625,1.16387081
13796,-1.54091205,-1.13998047
13797,-1.54091205,-1.13998047
13798,1.33453221,-0.515970156
13799,-0.164086856,1.75284324
13800,,
13801,-0.118266171,0.914795538
13802,-0.783955694,2.82470664
13803,0.403258549,0.655376995
13804,-1.4491671,-1.18339304
13805,-1.4491671,-1.18339304
13806,-0.851524795,-2.41689933
13807,-1.87527486,-1.09066868
13808,,
13809,-0.0698896639,-0.423810469
13810,0.29489898,0.572566992
13811,-0.404651196,-0.524454093
13812,0.452978782,-0.553257717
13813,0.452978782,-0.553257717
13814,0.50818069,0.184271108
13815,1.11931736,-0.596102076
13816,,
13817,-0.954400655,0.682527451
13818,0,0.325672517
13819,0.694711937,1.05590697
13820,-1.05904967,-0.558313335
13821,-1.05904967,-0.558313335
13822,0.228771453,0.695010482
13823,0.668071305,0.945839916
13824,,
13825,0.539745139,0.0280300624
13826,0.428310408,-0.266364229
13827,1.121336,-0.0605193156
13828,0.963479633,-0.805960407
13829,0.963479633,-0.805960407
13830,1.26803731,-1.1080139
13831,1.23236385,-0.22431098
13832,,
13833,-0.014674059,0.188105802
13834,-0.421955681,1.6764281
13835,-1.27376369,0.0162991055
13836,1.34366429,0.20166446
13837,1.34366429,0.20166446
13838,-1.29877552,-0.631748995
13839,0.204216721,1.08385696
13840,,
13841,-1.00431139,0
13842,-2.02623056,0.639424616
13843,0.182038473,-1.19859278
13844,1.40744956,-1.16133632
13845,1.40744956,-1.16133632
13846,-1.70015487,1.76257205
13847,-0.9729121,1.02310953
13848,,
13849,0.723850199,1.23635979
13850,0.885142923,1.109029
13851,-1.58375434,0.0443092904
13852,-1.06670741,1.02837022
13853,-1.06670741,1.02837022
13854,-0.522816911,-0.889061575
13855,-1.27207557,-0.159144278
13856,,
13857,-0.581517876,-0.0417028222
13858,-1.33649805,0
13859,-0.205291356,0.661564339
13860,-0.841384468,0.211176761
13861,-0.841384468,0.211176761
13862,1.24525248,0.457780921
13863,1.04733511,1.11904097
13864,,
13865,-0.7238868,0.324340673
13866,-0.906380441,0
13867,-1.44235482,0.966242788
13868,1.39220258,0.963031441
13869,1.39220258,0.963031441
13870,-0.302274172,-0.860274728
13871,0,-1.74732096
13872,,
13873,-0.893641892,0.0434621112
13874,-0.991010896,-0.120543581
13875,0.873293514,0.471646823
13876,0,-0.369967045
13877,0,-0.369967045
13878,-0.859227535,0
13879,-2.2923322,-0.938706433
13880,,
13881,-0.537136555,0.977633794
13882,-0.603330382,0.891818835
13883,-0.437291939,-0.175964683
13884,-0.280920449,-0.562347308
13885,-0.280920449,-0.562347308
13886,1.98290055,-1.07865994
13887,-0.222562907,-0.16897641
13888,,
13889,1.03419476,0.230863455
13890,0.242251316,0
13891,0.450002249,-1.72009813
13892,0.700234471,-1.15633927
13893,0.700234471,-1.15633927
13894,0.82181494,-0.405323048
13895,-0.0403143232,1.07074425
13896,,
13897,0.399464825,-0.160777827
13898,0.449641635,-0.383827146
13899,-1.46755763,-2.4815244
13900,-1.14455974,-0.328820249
13901,-1.14455974,-0.328820249
13902,0.359579205,-0.0198213791
13903,-1.05889479,-0.769078902
13904,,
13905,-0.251815061,0.161704986
13906,-0.268736888,0.807852354
13907,0.586663088,0.029655233
13908,-0.0209579174,1.36874815
13909,-0.0209579174,1.36874815
13910,-1.44354993,-0.592252323
13911,-0.0804923681,-0.398409933
13912,,
13913,-1.01713078,0.143035692
13914,-1.6084248,-0.470896254
13915,0.507933484,-0.584814658
13916,0.315004282,1.37360373
13917,0.315004282,1.37360373
13918,-0.041427346,-0.0411424864
13919,0.220529131,-0.0403889591
13920,,
13921,0.307842072,-0.446660073
13922,0.355991583,0.0196338168
13923,-0.613716402,-0.0150119339
13924,-0.258601885,0.101108747
13925,-0.258601885,0.101108747
13926,-2.60419641,-0.189830885
13927,-0.893468151,0.906931357
13928,,
13929,-1.53198216,-1.25498919
13930,-1.54920789,-0.937292574
13931,-0.889450428,-0.361313644
13932,0.44607673,-1.18437408
13933,0.44607673,-1.18437408
13934,-0.202372173,1.53227145
13935,-0.370810139,-0.623801609
13936,,
13937,-1.11214866,-1.08435767
13938,-0.447439205,-0.28487236
13939,-1.38865992,-0.154496962
13940,0.731221187,-1.01120899
13941,0.731221187,-1.01120899
13942,0.359264217,0.538018873
13943,0.0204273629,-0.692695985
13944,,
13945,-0.831165671,-0.70536565
13946,0.748454834,-2.11989715
13947,1.31494355,-1.58616826
13948,-1.86470393,-1.26091362
13949,-1.86470393,-1.26091362
13950,-0.589545771,-0.598234212
13951,0.961978676,-0.225416901
13952,,
13953,-0.0596906792,-0.890148527
13954,0.0204939123,-0.101844969
13955,-0.0432371686,0.862030443
13956,0.16038668,-0.127750703
13957,0.16038668,-0.127750703
13958,-0.355124632,0.0588838172
13959,0.470559227,1.39808583
13960,,
13961,0.359264633,0.507865934
13962,0.61792238,1.26747745
13963,0,0.761426704
13964,1.00713409,-1.84129669
13965,1.00713409,-1.84129669
13966,-0.0414541007,0.472436376
13967,0.355646576,0.940208945
13968,,
13969,2.38199951,-1.50645951
13970,1.30980885,-1.73476846
13971,0.867774296,-1.90266066
13972,0.955458856,-0.58270306
13973,0.955458856,-0.58270306
13974,-0.678398261,1.6540906
13975,-0.453416918,-0.143429911
13976,,
13977,-0.7320365,0
13978,-1.14823033,-1.28845011
13979,0.718871853,-1.0711202
13980,-0.606713248,1.38241338
13981,-0.606713248,1.38241338
13982,-0.428093553,0.508569516
13983,-0.0197929446,0.553372651
13984,,
13985,-0.708502432,-0.503677349
13986,-0.486527906,-0.472785753
13987,0.0868208188,0.337438064
13988,-1.42913925,-0.488610257
13989,-1.42913925,-0.488610257
13990,0.589030723,-1.01956368
13991,0.157074252,0.125182331
13992,,
13993,-0.744659351,0
13994,-0.0410207192,0.509963529
13995,-0.698829473,1.25966594
13996,-0.102073639,-0.326664477
13997,-0.102073639,-0.326664477
13998,-0.164313447,0.453122265
13999,-1.80303066,0.460000127
14000,,
14001,1.24578891,-0.944373517
14002,0.529253563,-1.17274683
14003,1.0082963,-1.48046375
14004,0.911088684,0.202870878
14005,0.911088684,0.202870878
14006,0.493755292,-1.24423056
14007,0.288605333,1.04703393
14008,,
14009,-1.6554562,-0.321712872
14010,0.850313222,-1.69792023
14011,1.33968454,-0.36226642
14012,-0.390090657,1.20092822
14013,-0.390090657,1.20092822
14014,-0.4628337,0.331122298
14015,-1.27174957,-0.345883239
14016,,
14017,-0.73328498,0.815217771
14018,-1.54599981,1.22666174
14019,0.10103759,0.343389043
14020,-0.204359242,-0.182175818
14021,-0.204359242,-0.182175818
14022,-0.041104141,-0.476346031
14023,0.800811755,0.475126922
14024,,
14025,-0.475268524,-0.315627859
14026,-0.101200059,0.259673368
14027,-0.40632459,-1.187707
14028,1.15223772,-0.519479479
14029,1.15223772,-0.519479479
14030,1.34829027,1.09982585
14031,-1.12583789,-2.1457796
14032,,
14033,-1.81227931,1.27386205
14034,-1.37904694,0.91544562
14035,-1.21947158,-2.07981442
14036,-0.346388298,-0.245756142
14037,-0.346388298,-0.245756142
14038,0.376532799,1.62448083
14039,0.328126318,-0.360895481
14040,,
14041,-3.05271634,-1.32853915
14042,-2.13775759,-0.877011384
14043,-1.78285806,-0.402686169
14044,0.236156929,0.737195859
14045,0.236156929,0.737195859
14046,-1.19615017,0.321428415
14047,1.75261592,-0.137914558
14048,,
14049,-0.968094694,-1.53319817
14050,-1.35867534,-1.99012685
14051,-0.717738655,1.29366239
14052,-0.681446406,1.26330924
14053,-0.681446406,1.26330924
14054,0.416908003,0.039505156
14055,-0.246865392,-0.875673714
14056,,
14057,-1.27336804,-0.162953316
14058,-2.33391203,-1.29087214
14059,-1.04970151,-0.0769093914
14060,0.116995967,-0.61823397
14061,0.116995967,-0.61823397
14062,-1.08104959,3.04912202
14063,-0.198388412,0.740307691
14064,,
14065,-0.377337302,0
14066,-1.30068845,0.72452876
14067,-1.9973968,0.591082049
14068,0.91782907,0.497817135
14069,0.91782907,0.497817135
14070,0.726022728,1.16240008
14071,2.16429196,-1.0968193
14072,,
14073,-0.177617843,-0.0287546055
14074,-0.445467131,-0.604897819
14075,-1.0332667,0.974625615
14076,0.802890832,-0.102645615
14077,0.802890832,-0.102645615
14078,-0.180275367,0.552859795
14079,-0.827109004,-0.391716842
14080,,
14081,-0.165373703,-0.181218459
14082,-0.461381544,0.439993496
14083,0.267376794,0.68102342
14084,-0.361886729,0.99155088
14085,-0.361886729,0.99155088
14086,0.444367125,-0.945233252
14087,-0.970547993,-0.649248366
14088,,
14089,0.784725549,1.27866885
14090,0.568834059,0.89043567
14091,2.5530287,2.6142335
14092,-0.901972027,0.9810751
14093,-0.901972027,0.9810751
14094,-0.122537589,0.734900647
14095,-1.6018325,0.453308684
14096,,
14097,0.308291032,0.167105523
14098,0.0611238903,-0.429979472
14099,-1.36004778,-0.30936906
14100,0.662107443,0.238569759
14101,0.662107443,0.238569759
14102,-0.181443188,0.645995592
14103,0.474351341,-0.495701121
14104,,
14105,1.01864873,0.532052134
14106,1.07305169,0.286633297
14107,0.642813452,-0.487726704
14108,-0.253440429,-0.719081578
14109,-0.253440429,-0.719081578
14110,-0.484932257,0.745874317
14111,1.48367252,0.126988292
14112,,
14113,0.617648733,-0.138518247
14114,0.907915078,-0.283110441
14115,-1.76876329,-1.58625992
14116,0.516004301,0.76919034
14117,0.516004301,0.76919034
14118,-0.276513561,0.206198722
14119,2.30033336,-2.28890976
14120,,
14121,0.802662877,0.175061796
14122,1.73890284,2.22558226
14123,1.43686904,1.79701278
14124,-0.472674354,0.614294618
14125,-0.472674354,0.614294618
14126,1.29009046,0.477070054
14127,1.343499,1.05947385
14128,,
14129,-0.245875383,-1.65067784
14130,-0.323601225,-1.75763115
14131,-0.571785101,-0.67078621
14132,0.0627766629,-0.162513763
14133,0.0627766629,-0.162513763
14134,0.370822366,-0.492239289
14135,-1.13973095,0.496318646
14136,,
14137,0.937893876,-1.06606643
14138,-0.240002647,-0.38870816
14139,-0.293959009,0.0132841792
14140,-1.41439143,0.0807589354
14141,-1.41439143,0.0807589354
14142,0.627951193,-0.785452374
14143,1.09651251,0.316594959
14144,,
14145,0.540275373,0.100041072
14146,-0.857466482,-1.13207593
14147,1.41077824,0.906400567
14148,-2.15826071,0.146885663
14149,-2.15826071,0.146885663
14150,0.356178417,0.0823254964
14151,-0.161638793,-0.209868046
14152,,
14153,-0.69385497,-0.841409019
14154,-1.11658328,-1.07995994
14155,-1.42397404,-0.974920315
14156,0.509081936,-0.45293066
14157,0.509081936,-0.45293066
14158,1.00502934,0.2209931
14159,-2.22128163,1.07451436
14160,,
14161,1.7785024,-0.0863321839
14162,0.44759944,-0.717247672
14163,-0.119316117,0.0144708769
14164,-1.04402746,1.03040382
14165,-1.04402746,1.03040382
14166,1.15186086,-0.948348462
14167,1.39424658,-0.162221588
14168,,
14169,-0.13278609,-0.0547575648
14170,-0.653328271,-0.446571657
14171,0.693186703,0.928857712
14172,-1.714264,-0.626777637
14173,-1.714264,-0.626777637
14174,0.226453182,1.31325553
14175,-1.2138469,0.345593649
14176,,
14177,1.18901785,1.20441539
14178,0.879424142,1.06152537
14179,1.86737702,1.9357248
14180,1.20278942,-0.368022331
14181,1.20278942,-0.368022331
14182,-0.618111577,1.01955705
14183,0.365999317,-1.70241978
14184,,
14185,0.562799715,-0.346393422
14186,1.46103224,-0.809510295
14187,0.660468828,0.372109616
14188,0.298521232,0.0411235182
14189,0.298521232,0.0411235182
14190,-0.984705806,-0.820886377
14191,0.518485996,-0.764253346
14192,,
14193,-0.110445926,-0.253906376
14194,0.0607714702,0.216068031
14195,-2.14214116,1.55318557
14196,-0.198705214,1.18136909
14197,-0.198705214,1.18136909
14198,1.19635401,2.10651645
14199,-0.906450817,-0.404350667
14200,,
14201,-0.288599197,1.78864426
14202,-1.45315305,1.98869866
14203,1.83462286,0.570154846
14204,0.811035488,0.102747029
14205,0.811035488,0.102747029
14206,0.90999555,3.12786704
14207,-1.31718246,-0.812692549
14208,,
14209,-1.33563822,0.496939404
14210,-0.0210980142,0.410429673
14211,0.364566774,-1.43738563
14212,0.602390755,0.285460672
14213,0.602390755,0.285460672
14214,0.758186323,0.163668911
14215,-1.70328659,0.852106909
14216,,
14217,-0.471634267,-0.332538142
14218,-1.26449396,-0.611395723
14219,-1.53293955,0.783161254
14220,0.997317467,-0.888824689
14221,0.997317467,-0.888824689
14222,0.686927461,0.456644584
14223,-0.0200086773,-0.698409995
14224,,
14225,-1.02623512,-0.787830612
14226,-0.65266382,0.501341975
14227,0.696869874,-1.29132283
14228,1.35989222,-0.3358357
14229,1.35989222,-0.3358357
14230,0.973393103,0.263813504
14231,0.6164414,0.366574997
14232,,
14233,-1.90886577,2.02734405
14234,-0.455965161,1.06806367
14235,-1.50381941,0.061358755
14236,-1.03471097,-1.01179937
14237,-1.03471097,-1.01179937
14238,-0.326678128,-0.765633062
14239,-0.224153583,-0.621213408
14240,,
14241,1.08650883,-0.0451528063
14242,0.795397129,-0.28667723
14243,0.0761234927,-1.35269416
14244,-0.659488839,0.818876509
14245,-0.659488839,0.818876509
14246,1.44442836,-0.625897315
14247,0.0833456643,0.775950344
14248,,
14249,-0.698320829,0.53399282
14250,-0.770583792,2.17816901
14251,1.07147869,0.87038124
14252,0.0204745676,0.977147433
14253,0.0204745676,0.977147433
14254,0.649179095,0.843789579
14255,1.28472644,-0.772326274
14256,,
14257,0.799469992,-1.16031502
14258,0.590573367,-0.729608952
14259,-1.03311251,1.75257637
14260,-0.431390535,-0.0848698852
14261,-0.431390535,-0.0848698852
14262,0.391813689,-0.812032417
14263,0.311169377,1.12107644
14264,,
14265,1.32581599,-0.494159694
14266,0.39186381,-0.472441372
14267,0.84414522,0.526332308
14268,-1.79633973,0.398297781
14269,-1.79633973,0.398297781
14270,0.0412284989,0.224693943
14271,-0.285967979,0.403284528
14272,,
14273,-1.05231141,0.890965242
14274,-1.36179169,-0.663841966
14275,-0.57408996,-2.00029117
14276,-1.88218658,0.197247651
14277,-1.88218658,0.197247651
14278,0.948549649,0.527258958
14279,0.740816224,0.583745945
14280,,
14281,-0.715110085,-0.387937542
14282,-0.56595072,0.263957814
14283,-1.43473469,1.01008559
14284,0.840832394,-0.226539824
14285,0.840832394,-0.226539824
14286,-0.0414891384,-0.0406999372
14287,0.533525915,1.01884016
14288,,
14289,0.743413019,0.073718026
14290,0.779080875,-0.491899204
14291,1.81305456,-2.29454178
14292,-0.123173372,0.390680253
14293,-0.123173372,0.390680253
14294,-1.29847332,-0.426723325
14295,-0.441596618,-0.673982971
14296,,
14297,-0.5990409,-0.595271167
14298,0.515837996,-1.1106235
14299,-1.02647714,0.213329019
14300,-0.164750894,-0.235243461
14301,-0.164750894,-0.235243461
14302,-0.0593971489,0.76151608
14303,-0.543301154,-1.00819959
14304,,
14305,-0.0578687339,0.391198619
14306,0.739179762,0.081143162
14307,1.68546693,-0.261754379
14308,-1.34090125,-1.27249937
14309,-1.34090125,-1.27249937
14310,-0.820032878,1.04633562
14311,-0.46517843,0.206721015
14312,,
14313,0.149857815,0.61243411
14314,-0.702971925,0.120202013
14315,1.97268881,0.759777695
14316,-0.390452761,-0.286944224
14317,-0.390452761,-0.286944224
14318,-1.07396857,1.26174995
14319,1.49275678,-0.919105397
14320,,
14321,0.33108945,-2.03057653
14322,0.191601565,-0.454839974
14323,-0.511671573,0.549942033
14324,0.0799415178,-1.49288059
14325,0.0799415178,-1.49288059
14326,0.649175317,2.23738456
14327,0.164832384,1.33429844
14328,,
14329,-0.0578780857,0.433327799
14330,1.30731058,0.700680641
14331,-0.19755646,0
14332,-0.644281665,0.667929987
14333,-0.644281665,0.667929987
14334,-0.954524051,-0.822544132
14335,0.700817218,-0.96878149
14336,,
14337,,
14338,1.41059585,-1.52156251
14339,-18.9712042,-0.732449538
14340,-0.59026909,0.75999465
14341,0.389937206,-0.101845604
14342,1.11931911,1.35191373
14343,15.5634633,-0.147020738
14344,3.78754756,0.878498807
14345,0.103450126,-0.568562808
14346,1.05137683,0.451662131
14347,-4.65400533,1.04479501
14348,-0.961695628,0.4130446
14349,1.71122848,1.99606591
14350,0.574584136,-1.47564519
14351,1.11880612,-0.320082799
14352,-1.56572862,-0.100743704
14353,-7.06808911,0.717647626
14354,1.70693803,-0.0999261471
14355,-0.0426186403,0.51713515
14356,-20.269343,0.209646408
14357,-1.76643949,-0.390692352
14358,0.504252387,1.04358298
14359,-0.0214031463,1.05728573
14360,0.176846219,-0.120256217
14361,,
14362,0.194693033,0.923170319
14363,0.887065849,-0.938366251
14364,-3.57892415,-0.0285069958
14365,0.738689305,-1.54289739
14366,-0.812149586,-0.159004457
14367,-13.1395293,0.232436243
14368,-10.434157,0.269479526
14369,0.926546573,-0.776844901
14370,0.7325729,-0.0415319386
14371,6.44844842,2.18219334
14372,0.832778007,0.189276445
14373,-1.81266166,1.77841034
14374,-1.2509562,1.42671312
14375,-1.37630789,-2.86594982
14376,0.479900903,0.605989871
14377,3.68852831,-0.67360248
14378,0.258645496,-0.144986746
14379,0.370007131,0.518531746
14380,7.20414715,-0.409965229
14381,-1.50890057,-1.61222335
14382,-0.423030594,0
14383,0.900462763,-0.770985685
14384,-1.37367089,-0.239545834
14385,,
14386,10.6499222,-0.100477229
14387,14.0902191,-0.809982501
14388,-0.775909546,0
14389,-0.554452653,0.605970041
14390,1.55369465,0.946565385
14391,-0.940812595,-0.286370507
14392,-0.908929328,0.559762729
14393,-1.52498708,0.236421391
14394,-0.731206066,-0.628305919
14395,-7.46774162,-0.438634493
14396,0.713329585,0.790914862
14397,-1.18854835,-0.942236574
14398,0.994882964,0.902661231
14399,-0.847503136,-0.611068224
14400,0.558604562,1.26087044
14401,-3.5654009,0.948267482
14402,-0.995917644,-0.367120719
14403,0.533552381,-0.200998709
14404,21.6372196,1.39580542
14405,1.6635869,2.02653788
14406,0.117132335,0.657123843
14407,-0.872179705,0.0207256333
14408,-1.78616577,-2.7293088
14409,,
14410,2.17099404,0.990308327
14411,-12.6708377,-0.129861134
14412,1.99098554,0.997326043
14413,0,0.967515138
14414,-1.01582291,1.98656764
14415,27.403685,-0.497739512
14416,5.46625264,0.248306303
14417,0.451983376,-0.514183747
14418,0.259234084,1.27498489
14419,-5.89162769,-0.830087013
14420,5.71305462,1.03883381
14421,-0.850950081,-1.18657574
14422,-1.30020662,-1.29678559
14423,1.22386206,-0.428243538
14424,-1.00479433,1.75869751
14425,7.23200236,2.75474447
14426,0.3648437,-0.684621365
14427,1.16790988,0.401227077
14428,7.42602562,1.09430264
14429,2.83430046,1.03548615
14430,2.15486354,1.14703563
14431,-0.799675151,1.44347833
14432,0.769244057,0.0195160264
14433,,
14434,9.74612459,-0.0298387715
14435,18.8256744,-0.0857398567
14436,2.60672526,0.173671807
14437,-0.0208301727,0.469865712
14438,-0.5912744,0.996745573
14439,-12.6658256,0.172848057
14440,-2.37461552,-1.79179873
14441,-1.11759752,2.10851231
14442,0.0195328146,-0.303877978
14443,-4.63106696,-0.143316468
14444,3.36907771,0.243446372
14445,0.695677451,-1.50953049
14446,2.31034502,-0.402943042
14447,-0.205981097,-0.422100923
14448,-1.1850802,-0.603592307
14449,5.6041932,0.626150082
14450,0.541815801,-0.189789836
14451,-0.388519103,-0.403854506
14452,6.30520653,-1.20730318
14453,2.93188091,-0.81476894
14454,-0.241571267,-0.577971246
14455,-0.941993222,0.578853583
14456,0.342332896,0.0618060616
14457,,
14458,15.18003,-0.266956929
14459,0.26445989,-1.22110417
14460,-2.85862307,0.853725283
14461,0.41831358,-0.361197601
14462,0.0974008527,1.00750538
14463,0.811828406,0.597102905
14464,-1.01398096,0.161451597
14465,-2.49516524,0.451018731
14466,0.287324123,-0.677151433
14467,0.806768881,1.48275794
14468,0.99527685,1.33571362
14469,-0.524938185,0.185809962
14470,0.943942408,-0.120296918
14471,-1.71366,-0.301088147
14472,0.655766885,-1.10522715
14473,0.519261226,1.56382988
14474,-0.167394423,0.423768218
14475,-0.0811887266,1.03682485
14476,1.07213958,0
14477,-1.92788053,0.44823731
14478,-0.0800947244,0.824140878
14479,-0.357307856,0.35699426
14480,-0.69198225,-0.707607506
14481,,
14482,18.6056665,0.379225458
14483,27.218956,1.3945142
14484,-0.508898201,0.0284974061
14485,0.188580157,1.21188432
14486,0.403308777,0.153973079
14487,-20.9904871,-1.25911962
14488,0.071893721,-1.54863418
14489,-1.97449322,0.874917443
14490,1.41867427,0.265318309
14491,19.5486153,0.342734103
14492,0.300067615,-0.459907953
14493,0.476564399,-0.224314253
14494,-0.467846108,0.0978722452
14495,0.237542508,-0.826143762
14496,-0.633809264,-1.15922113
14497,2.18568473,0.310672131
14498,0.280852722,0.100227995
14499,0.725940814,-1.1407121
14500,13.6936244,-1.89005909
14501,0.314156389,-1.11170439
14502,-0.286039774,-0.675137826
14503,0.704498075,-0.807396217
14504,-0.532781435,2.93035231
14505,,
14506,-4.54386979,0.0200529666
14507,-7.2386906,-1.49763693
14508,2.8587049,-0.778964563
14509,-0.288282811,-0.222659333
14510,-1.4273108,0.241071067
14511,1.19347627,-0.0715604049
14512,3.17323392,0.0286961657
14513,0.911403141,0.370614672
14514,2.06716239,0.898844185
14515,-19.9303782,0.538457182
14516,-4.69820641,-0.916864195
14517,0.877708619,-0.283921722
14518,-0.46759331,0.875011222
14519,0.156282618,0.797239319
14520,-0.884364608,-1.07319011
14521,-1.88330988,0.828052761
14522,0.957892687,-0.661862137
14523,-0.833337428,0.769556808
14524,-6.87425709,-0.206069741
14525,1.36067093,-2.00724578
14526,-0.470811718,-0.285676566
14527,-0.145371133,0.850924655
14528,0.189316528,-0.96622128
14529,,
14530,0.0344704338,0.82119311
14531,-0.149048449,-1.86122101
14532,2.48016227,-0.384641301
14533,-0.633662954,0.140065801
14534,1.47480352,-1.38188613
14535,11.7511002,-0.287253781
14536,1.68064806,0.204508266
14537,1.02409481,-0.909410373
14538,-0.635777244,0.980081063
14539,20.2323462,0.908909294
14540,-1.55195663,-0.405555924
14541,1.01204898,0.0204032654
14542,0.183287403,1.60810843
14543,1.31367344,-1.12348639
14544,-0.610915783,2.47262165
14545,-12.4919209,1.34830456
14546,0.329238727,1.02800082
14547,0.32351202,0.56466782
14548,-6.52383074,1.32997657
14549,-1.04191436,-1.4390632
14550,1.25620933,0.32857583
14551,0.752905695,0.214345081
14552,-0.156841513,-1.26247612
14553,,
14554,13.5997681,0.657496679
14555,11.8336616,-0.539438965
14556,2.10647399,0.667503754
14557,0.417974519,-0.41801106
14558,0.643382864,0.61188462
14559,1.65828902,-0.551455649
14560,1.23896074,-0.876095271
14561,-1.45658956,0.0993594408
14562,0.656161929,-0.723751597
14563,-15.7841263,-0.795101572
14564,-3.57724259,1.63278406
14565,1.24060856,-0.162470919
14566,-0.934255109,1.38246123
14567,1.30529985,0.488790787
14568,-0.854088925,0.10328338
14569,-2.20333904,-0.0696898369
14570,0.539122175,-1.23284714
14571,0.353387364,-2.01038955
14572,-13.882745,0.627968834
14573,1.12769705,-0.902055051
14574,0.134133929,-1.24817428
14575,-0.445498261,-2.11775114
14576,-0.500450985,1.41344565
14577,,
14578,-9.28173887,-1.1872761
14579,-17.6571029,0.0422066267
14580,-0.360371279,0.940859689
14581,0.0623314313,-0.862563523
14582,0.56026322,-0.304341636
14583,-19.5676853,-0.461553601
14584,1.71147888,-0.90459152
14585,-2.00761003,0.837285883
14586,-1.16621133,0.440724112
14587,-4.12922416,1.18617363
14588,0.749388748,0.724582079
14589,0.179546352,0.919451099
14590,-0.558989409,-1.37893892
14591,1.06734604,0.0404388782
14592,0.623424603,-1.23860015
14593,5.25097434,0.858578315
14594,-1.87224181,0.658905533
14595,1.27637814,0.183070596
14596,13.7093447,-0.408429586
14597,2.48078661,-0.206901554
14598,-0.082239194,0.437250136
14599,1.73594472,-0.0396732997
14600,0.472785753,1.37399753
14601,,
14602,-0.388222097,-0.362959162
14603,1.78259554,0
14604,3.17189953,0.961972601
14605,-0.142318598,1.51171236
14606,-0.0793030492,-1.11835428
14607,6.17070234,-1.05569619
14608,-1.13413733,-0.54046431
14609,0,-0.80652169
14610,-0.894588413,0.220300675
14611,-6.69619781,-1.18882643
14612,-2.03899868,1.03764419
14613,1.23730109,1.61896077
14614,-0.522173837,0.4484862
14615,0.31565596,0.931003738
14616,-0.336016695,0.807266157
14617,-7.79206303,-0.573436519
14618,-0.478891953,-0.0863244016
14619,-0.538885296,-0.862143488
14620,-0.15216727,0.800976877
14621,-2.26992108,-0.771450629
14622,-0.637854343,1.32990282
14623,0.20145943,0.630012849
14624,-0.731909435,1.05286888
14625,,
14626,-3.93621491,-0.0602331261
14627,-12.0780967,1.14934429
14628,-9.8496596,2.78295377
14629,-0.567687371,-0.5943842
14630,0.320436541,-0.100828479
14631,-10.0802181,2.40090943
14632,-8.76275515,-0.326626101
14633,0.766330099,0.932134267
14634,-0.242261214,0.890332751
14635,-20.7258893,-0.725565138
14636,-1.20503789,0.637143388
14637,0.882303286,-2.39669606
14638,1.22313389,-2.70542284
14639,-0.0210159743,-2.26079716
14640,-0.510928857,-0.120875043
14641,0.558655484,0.297512381
14642,-0.183138978,-1.18694867
14643,0.572631892,0.141849123
14644,-21.6283178,0.262632622
14645,-4.69245374,-0.789557316
14646,-0.296938488,-0.261406469
14647,-0.257732244,1.51662537
14648,-0.0416943422,1.6839013
14649,,
14650,9.037561,1.74499545
14651,6.2789308,0.118059425
14652,1.57161997,-0.410837248
14653,-0.180506036,-1.15432331
14654,-0.216802619,-1.05031386
14655,8.99603691,0.198490987
14656,2.00484972,-1.32153748
14657,-1.52859648,-0.717563435
14658,0.299673466,1.77047995
14659,12.7324841,1.84445429
14660,-2.14976692,-1.85280439
14661,0.311211673,2.28667067
14662,-0.0418096275,-0.922444596
14663,-1.03418896,0.204836623
14664,0.312369304,0.423108058
14665,-3.44744757,-0.687483887
14666,-1.01826917,-1.06970461
14667,-0.0205449271,1.24825233
14668,6.5712327,-0.0286843282
14669,2.41769267,-0.471846396
14670,0.551512042,0.692497184
14671,-0.119147811,-0.430653309
14672,0,-0.695969094
14673,,
14674,12.2502129,0.948037461
14675,7.40391429,-0.323605544
14676,4.058266,-3.32194718
14677,-1.23361924,0.726586013
14678,0.299465642,3.12191399
14679,-3.93902856,-0.30911384
14680,-4.06445764,-0.533126883
14681,0.531016759,-1.59258865
14682,-0.530794841,-1.23952966
14683,0.629536703,-0.330152179
14684,3.838373,0.667637046
14685,-0.43689042,-0.983857453
14686,0.150129493,-0.021183452
14687,-0.149033936,1.44939669
14688,0.356455568,-1.29541334
14689,4.59877011,0.174143093
14690,1.17300022,0.159438677
14691,-0.282186469,-0.0834561619
14692,7.09023568,0.405377916
14693,3.10933689,0.17952952
14694,-0.704315627,0.228565398
14695,0.162218746,0.556705999
14696,0.559267066,0.743784474
14697,,
14698,-13.653872,0.344068125
14699,-18.9206278,-0.599330874
14700,2.10351944,-0.457611545
14701,-0.453557448,-1.64848141
14702,-0.163295394,0.487948173
14703,0.761687152,-1.73718353
14704,0.216056982,-0.72915066
14705,0.409189449,-0.867641171
14706,-0.512233512,-2.17945187
14707,-12.8336022,0.70754279
14708,0.0581014399,0.590387358
14709,-0.384217965,0.164212778
14710,-0.161309044,1.11391
14711,0.127560259,-2.30981919
14712,-0.511062621,0.843526098
14713,-3.80356118,-0.013485844
14714,-0.120078031,-1.62489837
14715,0.821335395,0.549099055
14716,12.6455018,1.55680121
14717,2.21190742,0.0850709518
14718,0.558241514,-0.33387419
14719,0.289241877,0.526989945
14720,2.36298297,-0.494168647
14721,,
14722,9.29185307,1.62042177
14723,1.78603374,-0.527827208
14724,0.771510656,-1.04986187
14725,0.57781162,-1.37277084
14726,0.864891634,0.185065735
14727,0.361854294,-0.534661424
14728,-0.573282404,1.31774085
14729,0.880022414,-0.407814558
14730,-0.550293672,-0.303348005
14731,0,2.07586742
14732,-0.258548458,0.58904615
14733,-0.765390138,1.24021319
14734,0.204444856,-0.614478484
14735,-0.252038411,-0.0205991721
14736,0.698829583,1.64865892
14737,-4.02201415,-0.817091812
14738,-1.51501365,0.10314801
14739,2.19132899,-1.69925488
14740,14.489523,2.09756868
14741,0.633148579,0.713988998
14742,-0.622267711,-1.71156291
14743,1.49848986,-0.484727907
14744,-2.28323715,0.161385531
14745,,
14746,-10.7275183,1.907498
14747,-8.57567125,0.352243389
14748,-3.56772405,-1.0678326
14749,-0.81973734,1.64857932
14750,-1.57013431,0.695606009
14751,19.7173314,-1.00661198
14752,2.90473844,0.980140187
14753,0.84674817,1.6200346
14754,0.268491426,-0.48733166
14755,-21.5432529,-2.25722598
14756,-12.5287874,-1.29237672
14757,-0.59417712,0.526245437
14758,0.275721171,1.09872498
14759,-0.30450945,0.686796948
14760,0.51697387,-0.561184602
14761,-14.0049636,-0.872152655
14762,-0.650250873,0.317606669
14763,0.184842563,0.0587928323
14764,26.9221947,-0.748070722
14765,-2.15981366,-0.189771532
14766,-0.512791892,-0.543094075
14767,0.187321687,0.14670736
14768,0.0819256036,-0.430785912
14769,,
14770,-5.31269255,-0.36349218
14771,-13.5577812,-1.0900238
14772,0.541748638,0.545099576
14773,1.68833787,1.44495539
14774,-0.0788736841,0.520250406
14775,-7.37490469,-1.01605969
14776,-0.177167966,-0.434950587
14777,1.1489075,-0.418051746
14778,0.0627271182,-0.578933366
14779,12.404346,-0.134961737
14780,-1.879364,-1.65570257
14781,0.988438157,0.793330597
14782,-0.635406266,-1.83505843
14783,-0.667883236,1.99332071
14784,-0.120827489,-0.116238125
14785,-11.304167,-0.53825255
14786,-0.265465228,0
14787,-0.672401971,-0.162577166
14788,-6.13646443,-1.36096977
14789,-5.282592,-2.22441313
14790,0.365529342,0.302162252
14791,0.392139822,-0.226165091
14792,-0.664594342,2.09068444
14793,,
14794,-0.483928582,-1.36599978
14795,6.02641138,-0.980741917
14796,-4.31086182,0.564027797
14797,1.00107542,0.819950283
14798,0.685304761,-0.232514347
14799,2.46425169,0.517354565
14800,-2.81430246,-0.226297425
14801,-1.60511718,0.122621193
14802,-0.884779641,0.237231218
14803,-4.76888681,-0.348474702
14804,0.968212723,-1.57341194
14805,0.543020544,1.37219695
14806,-0.0592798526,-1.91114201
14807,-0.691634816,-0.43208204
14808,-0.743987947,-1.17335727
14809,6.05931719,-1.2491543
14810,-1.39855802,1.47709619
14811,1.39469695,1.63472363
14812,32.1785872,-0.870416847
14813,0.859435826,-0.145055074
14814,0.695635199,0.16159796
14815,-1.15067186,-1.03149741
14816,-0.279824726,1.02996682
14817,,
14818,0.023369357,0.823507271
14819,0.715678085,-0.0283891562
14820,-4.72004202,-2.42143587
14821,-0.760143005,0.365629497
14822,-0.427027469,0.916616157
14823,-0.697928336,-1.09351236
14824,0.894287819,1.20411003
14825,0.516270446,-1.74965736
14826,-2.15571719,-1.14393771
14827,-7.84564229,0.369311532
14828,-0.883816181,1.26576758
14829,-1.9926867,0.364419593
14830,-0.57754724,0.756206373
14831,0.209839093,-1.91559082
14832,-1.70911657,-1.55117985
14833,5.13267257,1.02324394
14834,0.0408600891,-0.90995075
14835,0.205672299,-0.213914764
14836,-7.84389972,0.0144270577
14837,1.78998035,0.198926711
14838,0.535766818,0.182169832
14839,-0.950639752,0.249838348
14840,0.635256053,0.826047942
14841,,
14842,5.73401866,1.0230866
14843,0.759850958,-0.144135564
14844,1.64152483,-0.908058071
14845,0.227632775,0.694453141
14846,-0.0807960055,1.01261939
14847,1.9821559,-0.0590264906
14848,6.09877832,0.116313642
14849,-0.735710984,0.93512729
14850,1.14711886,-0.0835040045
14851,-11.1501219,0.313711096
14852,-5.04495068,-0.441851102
14853,-0.664935869,-0.639650036
14854,-0.26218344,-1.07728187
14855,0.161106921,-1.79927949
14856,-1.32243513,0.0410832704
14857,-6.52225323,0.456166282
14858,-0.839827945,1.57222658
14859,-0.509092959,-1.7105964
14860,13.4616814,-0.379180452
14861,0.170098522,0.206020977
14862,0.470639218,-0.577081476
14863,-1.67656008,-1.69654311
14864,-0.947847597,0.372290463
14865,,
14866,-9.19600092,-0.826646864
14867,-19.7379354,1.355569
14868,1.54363498,0.673288973
14869,-0.141181456,-0.832323792
14870,0.500968471,-0.656742933
14871,15.6846605,-0.634781979
14872,2.05805231,-1.26164952
14873,0.080980378,2.20816244
14874,-1.80101344,1.6514244
14875,2.40408697,1.19477151
14876,3.12843251,-1.32454262
14877,-0.715826747,0.0592696454
14878,-0.40941625,-0.339416094
14879,-0.695395943,-0.265499637
14880,1.65640822,-0.484738363
14881,9.14298239,0.536513615
14882,-0.230190192,0.541508281
14883,-0.736438637,0.202738755
14884,1.63763328,-0.35576864
14885,4.38601921,-0.611643167
14886,-0.431837385,0.908240787
14887,-1.19166692,-1.01218885
14888,1.68996533,0.191172248
14889,,
14890,-10.064673,-0.0608101794
14891,-18.742623,-0.538852254
14892,-0.752325507,-0.533539326
14893,0.044074489,-1.85709887
14894,-1.54168521,0.171841135
14895,-1.83722144,-1.19365015
14896,-0.845338806,-0.79964588
14897,-0.847737029,1.03087826
14898,1.66676625,0.809672874
14899,-1.76062521,-0.215080631
14900,0.537673932,-2.102165
14901,0.0822360576,1.93628145
14902,0.300059115,-1.8509243
14903,1.94662496,0.504268064
14904,-0.637983323,1.13406457
14905,-5.86123428,-0.318115419
14906,1.21351103,1.43088966
14907,1.17613461,-1.05889497
14908,24.0007433,0.254731769
14909,1.52638114,0.828026489
14910,0.367301508,0.66263234
14911,-0.231935825,2.05054793
14912,1.14934747,-1.04496076
14913,,
14914,-3.67422647,-0.502843028
14915,-6.30679828,1.00650129
14916,1.20991941,0.975597072
14917,-1.41676042,-1.99220128
14918,0.144800041,-0.863131409
14919,8.29763997,-0.629944468
14920,1.98619374,0.558035287
14921,1.43678827,-1.49800159
14922,-1.61027652,0.448345663
14923,-24.2815774,0.435991245
14924,-1.72062685,0.31184002
14925,0.633243211,-0.756005055
14926,0.681455325,-1.33446558
14927,1.39785204,1.54495845
14928,-0.340485608,1.73334785
14929,-1.17489026,1.70616703
14930,-0.180937041,1.59390366
14931,0.760679101,-1.09499121
14932,7.79091381,1.94179085
14933,1.56965216,0.606322652
14934,-0.122249116,1.08453239
14935,-0.522748851,-0.974020366
14936,2.36182608,0.450314891
14937,,
14938,-1.46311726,0.438418644
14939,6.35238132,1.25640405
14940,-0.764354204,0.37709706
14941,1.06711715,-0.591842913
14942,-0.924622529,1.95632759
14943,7.27064788,0.368940434
14944,-0.060881378,-1.15047759
14945,0.179339681,-1.31361855
14946,-0.642757367,-0.741953377
14947,-13.4355684,-1.38458766
14948,-0.508874475,1.91890265
14949,0.2469259,0.409494148
14950,0.75896213,-0.841232822
14951,2.18208873,-1.20812625
14952,-0.341209116,-0.100618473
14953,2.89858357,-0.345023629
14954,0,1.25385882
14955,0.299165152,2.35945394
14956,-7.22507415,0.457299598
14957,-1.82294457,1.29038409
14958,-1.7791371,0.0196070119
14959,-0.648856264,1.51319932
14960,0.387976288,-0.0588523445
14961,,
14962,-9.21291229,-0.599931148
14963,-19.1844068,-0.157379414
14964,-7.43946942,-0.205730423
14965,-1.32229264,0.26467255
14966,1.93253677,-1.33423516
14967,-13.4570341,0.690459378
14968,-1.2379393,-0.858039047
14969,0.816841269,2.07204405
14970,0.910155972,1.6425321
14971,-7.75629088,-1.00585405
14972,-3.36225846,0.45791825
14973,-0.647754533,0.0846759747
14974,-1.02093384,-1.27383184
14975,0.378371105,-0.373613271
14976,0.930476586,-0.141608277
14977,-6.02565113,0.893209734
14978,-0.225668805,-1.18882043
14979,1.15944589,0.723060991
14980,-5.76308391,1.04872607
14981,-0.704745956,0.486714833
14982,2.23503204,-0.236190581
14983,2.60763389,-0.669516716
14984,-1.39946136,0.799062419
14985,,
14986,5.00967625,-1.02921729
14987,5.8777553,-0.640528237
14988,-5.25436524,0.237546469
14989,-0.33601651,-0.0797167992
14990,0.381518578,-0.21568004
14991,-6.76040614,-1.49887784
14992,-1.70224459,-0.907573874
14993,1.42947969,-1.67949683
14994,1.9529686,-0.623638651
14995,-6.31707635,-0.864164818
14996,-2.92615007,0.788908736
14997,1.86271851,-0.101452236
14998,-0.513146779,1.11291931
14999,1.31411514,-0.242858074
15000,0.783738065,-0.287974499
15001,0.93605003,0.320530587
15002,-0.529724676,0.498760736
15003,-0.0811552158,-1.2807372
15004,-26.0888725,-1.31094838
15005,-3.21840732,0.201749456
15006,0.738147237,-0.775964333
15007,-0.50363756,-0.481011307
15008,-0.251216264,-0.415084096
15009,,
15010,-10.2751748,-0.151391939
15011,-12.7915107,0.334016611
15012,2.82117538,0.0585523692
15013,1.15139429,0.427413465
15014,1.26765124,0.0825875432
15015,-0.181577435,-0.880299032
15016,0,0.547102173
15017,-0.644916222,-0.870088112
15018,-1.58269717,-2.18002699
15019,-1.74632466,0.866057123
15020,2.18834553,0.269153256
15021,-0.136944102,-0.833740646
15022,1.85940362,0.183080469
15023,1.13356652,-0.398039214
15024,0.164725858,-0.665021525
15025,-1.43347107,0.149861719
15026,0.697905781,0.498297705
15027,0.27739676,1.08806687
15028,13.7547138,0.47523048
15029,0.477197451,-0.746025466
15030,-2.86060786,-1.07078427
15031,-0.0413828697,0.178352024
15032,-0.18350613,0.424792591
15033,,
15034,-2.14670694,-0.722563483
15035,1.27857822,-1.32305561
15036,2.87728946,-0.714468509
15037,-1.29648003,-0.740822514
15038,2.04029422,-1.65949052
15039,8.25059735,-1.37498697
15040,3.57918297,0.320751646
15041,-1.62271571,1.12839063
15042,0.604495867,-0.579515965
15043,-27.2132974,-0.58771749
15044,1.98514678,0.736217675
15045,0.236749591,-0.326050229
15046,1.31594979,0.0207761997
15047,0.340897425,-2.4250062
15048,-1.84444191,-1.02184104
15049,1.98040089,1.23180918
15050,0.106008625,-0.20246592
15051,-0.02055798,-0.320390166
15052,-8.74851707,0.374998371
15053,0.337257373,1.20919694
15054,0.195127205,-0.862643773
15055,0.215524349,-0.18080705
15056,-0.926293126,0.159918258
15057,,
15058,-25.8966404,-0.291246524
15059,-25.2944085,-0.345528276
15060,-2.87111974,0.0597620991
15061,0.102024417,1.06784323
15062,1.02803417,-0.699168152
15063,-1.17533029,-1.23827453
15064,-2.34232036,-1.39041755
15065,0.0393257502,0.340744044
15066,-1.77775503,0.919363822
15067,-6.77614347,0.962937948
15068,-1.45274266,-2.19112674
15069,1.07117763,-0.277245399
15070,0.8420036,0.912423806
15071,-0.861707397,-1.38514271
15072,0.389429429,-0.462256526
15073,1.93427438,-0.587182196
15074,-1.09121594,-1.32451082
15075,-0.367915959,0.186326207
15076,-5.77675999,-0.769991819
15077,-3.13744877,-1.6098452
15078,0.913949931,1.28176807
15079,-0.0408975406,-0.295134082
15080,-0.188913045,0.410254233
15081,,
15082,5.7807599,1.52522868
15083,-12.0314504,-1.56543167
15084,2.56653048,-0.0743988402
15085,-1.55059445,0
15086,0.570759601,0.357023461
15087,8.0676836,-1.47986088
15088,1.4651509,0.184013768
15089,0.660681566,0.202064411
15090,-0.384049539,1.24096625
15091,-5.61680157,0.754489025
15092,-6.43526544,0.741719718
15093,-2.20489618,0.986831186
15094,0.369629057,0.336850026
15095,0.47683127,-0.698092028
15096,-1.10218982,-0.161215107
15097,-6.62399647,0.645887469
15098,0.400804146,0.791475557
15099,0.181210386,0.5909973
15100,-13.768607,0.228442352
15101,-0.824256451,-0.856836373
15102,-0.5463473,-0.718875183
15103,1.01925486,0.578404558
15104,-0.102391558,0.532375954
15105,,
15106,4.68862923,1.36262575
15107,8.1857896,-0.102005159
15108,2.64390994,-0.0846557253
15109,1.17671496,-1.28592179
15110,0.843722281,0.938925966
15111,12.638573,-0.799339166
15112,1.7065537,3.09624837
15113,-0.948539087,-1.0721423
15114,-0.526435731,0.887252714
15115,-7.62257639,1.45539679
15116,1.19254849,0.827560923
15117,1.41260232,0
15118,-0.871336498,-1.50389311
15119,0.549723944,1.03267095
15120,0.832298321,-0.371442795
15121,1.68584536,-1.29277215
15122,0.302897535,0.556463293
15123,-1.32804286,0.0402793914
15124,21.718113,-0.504080538
15125,4.59825228,1.38409205
15126,-0.163879638,1.223452
15127,-0.380115291,0.980301262
15128,-0.627100456,-0.821994937
15129,,
15130,-8.05540073,-0.596091015
15131,-6.89318751,-0.740312278
15132,1.6628148,0.345190654
15133,0.0624461222,1.30181419
15134,0.116888639,0.594963858
15135,0.160518034,-1.67706426
15136,0.58167509,-0.35492451
15137,-0.525402848,0.556738032
15138,-0.564457432,-1.08090853
15139,6.9984997,0.117747939
15140,-3.60373783,1.83440808
15141,1.56133693,0.241914271
15142,-0.612788526,-0.141997385
15143,-0.832945626,-1.36737008
15144,1.15108775,2.21006303
15145,-2.19952626,-1.52038479
15146,-0.576454754,-0.502681315
15147,-0.294451499,-1.28957533
15148,-4.76926313,3.24230438
15149,0.277634327,-0.0731419482
15150,0.809016888,1.45186193
15151,-0.0615850272,-0.386264528
15152,-0.1628755,0.0598515303
15153,,
15154,-17.6893473,-0.484484323
15155,-4.49393478,-0.548028092
15156,-4.81630732,0.416194587
15157,1.28386578,-1.67613355
15158,-1.40581711,1.13762402
15159,1.06974286,-0.189816751
15160,0.741163997,-0.0729748656
15161,-0.0812505792,-0.120902101
15162,-0.624602065,1.32394217
15163,6.2903835,-0.961020371
15164,-0.0763857546,1.92934844
15165,-1.04909199,-1.23763864
15166,1.7562044,-0.898646565
15167,1.38929115,-1.52760464
15168,0.38337804,0.185613763
15169,-14.047499,-0.889761114
15170,0.0606128421,1.10363436
15171,0.0793548953,0.324358619
15172,-6.15398694,-1.5432574
15173,-4.32256245,0.274108378
15174,0.810505944,0.300793058
15175,-0.591391866,-0.436950887
15176,0.61293609,-0.677991093
15177,,
15178,11.3142133,-1.55044335
15179,7.51468075,-1.14108324
15180,2.71167372,-0.161543727
15181,0.380107665,-0.741200206
15182,0.10460688,-0.511461293
15183,-0.797640665,-2.09443686
15184,-0.958116844,1.95350261
15185,0.182364682,1.96176097
15186,-1.18615797,-0.512995983
15187,-7.01674168,-0.653019187
15188,3.10373583,0.0891749259
15189,-1.51237385,-0.595882319
15190,0.66145916,1.23531818
15191,0.756694514,-0.442997656
15192,0.359177086,-0.855289208
15193,7.37088643,1.83467934
15194,-0.472568403,-1.66565262
15195,0.794937626,-0.786902619
15196,21.3449115,0.0575331499
15197,2.38097432,-0.936439762
15198,-1.72610975,-0.35214702
15199,0.791301838,-0.863485649
15200,-1.20894105,-1.16674746
15201,,
15202,18.2369653,-1.13920284
15203,12.9472133,-0.827700333
15204,1.49170207,-1.77160437
15205,-0.154987083,-0.395508428
15206,0.0612727339,0.0416834469
15207,-5.90318299,0.345459766
15208,-0.335168371,0.134303316
15209,-1.91715429,-0.059454654
15210,0.8061157,0.963753141
15211,-0.455645765,1.40199954
15212,0.284933675,-2.13907153
15213,2.21145997,0.397697278
15214,0.43303139,-1.6481003
15215,0.322721034,0.577073006
15216,-0.350052678,-1.35585572
15217,-13.7698798,-0.533888246
15218,0.954336631,0.780454217
15219,-1.26962447,-0.2097382
15220,-20.6933122,-0.806339037
15221,-5.04032119,1.2957447
15222,-0.313683026,-0.624029634
15223,-0.937058228,0.56930005
15224,1.25622624,0.318248471
15225,,
15226,14.2934606,-0.0405970985
15227,7.09898546,1.1992095
15228,2.61329818,-0.979502808
15229,-0.526920505,-0.672553792
15230,-0.592226323,1.04485962
15231,22.1345223,-0.257459426
15232,6.00084212,0.616891193
15233,-1.25473822,-1.00544222
15234,0.104123239,-0.824709647
15235,6.9913519,-1.35552378
15236,3.99855107,1.80207914
15237,2.52792474,-0.351546419
15238,0.102534989,0.122742671
15239,-0.392096606,1.2188091
15240,1.05007644,-1.60711772
15241,6.02600414,0.251748236
15242,-0.877591796,-1.37877841
15243,0.0841341015,-0.432066086
15244,2.14041382,-0.252009152
15245,3.98309259,0.968107212
15246,0.786138725,0.889949927
15247,-0.08203132,-0.957039913
15248,-1.85651859,0.420118155
15249,,
15250,2.51249752,2.06191603
15251,0.790332114,0.466402763
15252,2.83036715,1.01323065
15253,1.5524971,-0.442702633
15254,0.17923982,-0.501593583
15255,0.367861098,1.08048641
15256,-2.93039714,-0.358652863
15257,-0.180516955,-1.25397435
15258,0.300098846,-0.952029748
15259,13.4206429,-0.496844357
15260,-1.72780639,0.65859232
15261,0.628059182,0.326050229
15262,-0.456830094,0.401240351
15263,0.676147613,-0.472442371
15264,0.990413288,1.2309709
15265,3.45721359,0.0873739347
15266,0.12280967,1.77079436
15267,-1.59551328,2.77452541
15268,-10.7637289,1.41079238
15269,3.52615182,0.15939361
15270,-0.318562922,-1.06213289
15271,1.51653914,-0.238670261
15272,1.61445975,-0.325433022
15273,,
15274,-5.11752055,1.55165612
15275,6.55273986,-0.380446664
15276,3.55447307,-2.13046042
15277,1.59130371,0.135429038
15278,0.0414011321,1.11906419
15279,6.90679965,-0.0141533528
15280,1.90658688,0.58729361
15281,0.165122698,-0.321713271
15282,-0.0985213256,0.0196088257
15283,-15.1497625,1.50047256
15284,-5.31595086,-0.685668695
15285,0.235437425,0.543832324
15286,1.5823838,-0.668428593
15287,1.37132115,-0.884913265
15288,-0.352621358,0.598668505
15289,-7.63768166,-1.24346054
15290,0.970558669,0.617993506
15291,1.60166917,1.44342659
15292,6.4282864,0.0425536931
15293,0.245329715,-1.26587961
15294,2.14523253,-0.452676858
15295,-0.832393016,0.308080059
15296,0.802243791,0.417621412
15297,,
15298,-0.204415431,-0.521094429
15299,7.00638637,-0.543197628
15300,4.35918307,-0.14751632
15301,0.102402321,-1.58590015
15302,1.39977224,0.346773753
15303,6.32207623,-1.35324847
15304,0.501043652,0.393804504
15305,2.23662401,-0.708140775
15306,-0.0815622317,-1.10702736
15307,26.8179221,-0.313497789
15308,-1.14667072,-0.559620315
15309,1.05216576,0.611079358
15310,-0.0418974591,0.559063906
15311,-0.629201262,-0.30811068
15312,-1.15541294,-0.757473055
15313,-4.88792853,-0.197095367
15314,0.623090254,-2.50957456
15315,1.04955147,-1.08199639
15316,5.70092086,-0.418007609
15317,4.05745155,0.330280125
15318,-0.791385215,0.558150953
15319,-0.417872071,1.48083158
15320,0.921553081,0.329462569
15321,,
15322,5.78234439,0.886463002
15323,14.4596014,1.65419474
15324,0.282191504,0.834993736
15325,-0.0410796648,0.490423171
15326,-1.32677716,0.961902534
15327,-5.3024234,0.16313754
15328,-1.99566247,0.412375485
15329,-0.205779882,-0.272458594
15330,0.271378817,2.98411293
15331,4.92388491,0.343501318
15332,3.34800734,3.56792842
15333,-0.639650612,-0.16345301
15334,0.0394640019,0.0798925876
15335,0.101983134,-0.594936994
15336,0.647686027,1.21978354
15337,4.90781291,-1.23080196
15338,0.059406955,0.443463426
15339,-0.498318545,-0.0399259006
15340,14.6660988,1.05673346
15341,2.39147357,1.0299642
15342,-0.682399009,0.0989138455
15343,-0.487243555,1.66662785
15344,-0.613728804,0.222524554
15345,,
15346,-3.70018578,0.0104253813
15347,-5.90604242,-2.29538825
15348,0.435841158,0.136741684
15349,-0.763088567,1.29201104
15350,-0.595988278,-0.468481011
15351,-1.18922052,0.354232995
15352,-0.9872116,-0.113970778
15353,1.62672664,-0.0818997762
15354,-1.17410193,-0.191399914
15355,-4.02510521,1.25133901
15356,4.26926365,-1.30560597
15357,0.665503231,0.77094035
15358,-0.164362982,-0.219568222
15359,0.371442795,1.33303986
15360,-0.101874634,1.09063425
15361,9.135213,-0.028996217
15362,-0.529227182,-1.22169931
15363,-0.274208728,1.63190967
15364,5.90107187,1.09835531
15365,1.43149655,0.998812402
15366,-0.233710596,-1.5931333
15367,-0.78372219,0.166750853
15368,1.51037382,-0.630066127
15369,,
15370,-22.9398622,1.48815498
15371,-25.5174394,1.18773996
15372,-4.18549981,0.162384498
15373,0.0406892963,1.0441103
15374,0.917899892,-1.45203215
15375,4.08804722,-1.14197093
15376,0.0293025862,0.170518878
15377,1.54669122,-3.22892767
15378,0.040669051,-0.719782835
15379,6.91006738,0.583010663
15380,0.898505367,-2.17727788
15381,0.350264904,0.461274601
15382,0.384373499,1.62455105
15383,-0.817481176,-0.259563857
15384,-0.160581724,0.407863438
15385,-0.162323514,-1.29723898
15386,0.966999517,-0.675750193
15387,2.79737733,1.07363152
15388,-0.355275151,2.13356903
15389,-3.58591444,0.789012246
15390,-0.244824242,0
15391,-1.2272951,-0.354096829
15392,-0.139017115,-1.45991877
15393,,
15394,-18.02056,0.564837404
15395,-8.5172778,0.0289538293
15396,-2.37381601,-1.84208999
15397,-2.37259068,0.247885547
15398,0.360517877,-0.366433713
15399,1.95375647,-0.950735039
15400,-1.49499285,1.38184277
15401,-0.585095802,-0.676729748
15402,-1.15318427,-0.940103684
15403,0.242115588,-1.08576406
15404,-0.37609876,-0.471265292
15405,1.16591609,-2.30751652
15406,-1.52654388,-0.572027391
15407,-0.142148757,0.89500666
15408,-0.801249236,0.159529701
15409,3.38135898,-0.481776562
15410,-0.156416723,-0.0193273973
15411,-0.0414355452,1.25829127
15412,-12.7194767,-0.418808078
15413,-0.796912714,1.44767754
15414,-1.30629086,-0.101880995
15415,-1.47902765,0.573202081
15416,-0.399874145,2.5339051
15417,,
15418,0.0348242308,0.931788764
15419,-1.53766212,0.953968786
15420,-0.117618247,-0.327509843
15421,-1.13198243,-1.20007308
15422,-1.36463788,-1.70869582
15423,18.2222812,-0.667619588
15424,1.11937632,0.148682425
15425,-0.731863188,2.10486398
15426,-0.930361129,0.53310469
15427,7.33562671,-1.11586063
15428,0.907338583,-0.308230975
15429,-0.685047138,-0.270419685
15430,-1.20282923,-0.0806867581
15431,-0.079688882,-1.57668759
15432,1.34752616,0.992564953
15433,3.4747973,-0.338715861
15434,2.07284844,1.71957301
15435,2.88618028,0.680527216
15436,0.542378934,0.581147639
15437,1.58806746,-1.80349782
15438,1.205164,-1.22926094
15439,1.54564826,0.216199363
15440,-0.557263696,-0.121693408
15441,,
15442,-12.7842957,0.242069161
15443,0.677722415,-1.13802173
15444,1.92972856,0.856209405
15445,-0.0407007821,0.306782196
15446,-0.0633011049,-0.603434363
15447,-26.2622477,-0.641647765
15448,-0.417823561,1.03991591
15449,0.020387106,-1.27385842
15450,0.471360769,-0.436649896
15451,-5.8533594,1.44506792
15452,0.250732279,-1.08931717
15453,-0.0614857498,0.446825094
15454,-1.04179269,-0.166926165
15455,-0.241149133,-1.34032954
15456,-0.476728574,0.738001041
15457,2.60223353,-1.30893157
15458,2.59194069,-0.240860475
15459,0.864257223,0.098971331
15460,5.6839042,0.762580976
15461,3.87435619,0.0594953891
15462,0.0812669682,1.361598
15463,-0.327365297,-1.04704385
15464,0.145532935,-1.01075563
15465,,
15466,-9.7584664,0.354136331
15467,-1.14024104,1.73452674
15468,0.461945826,-2.07658044
15469,-1.31564313,-0.81208662
15470,0.830589991,-0.246553602
15471,1.84200465,-0.804451851
15472,-2.79740887,-1.07013154
15473,-0.390483805,-0.563977415
15474,1.79757161,-0.224597666
15475,22.3918563,-3.10215792
15476,0.949584551,-0.660566553
15477,0.355511642,-0.646978963
15478,1.18746815,-0.382268316
15479,0.477772009,0.12505143
15480,-0.531177444,0.870333723
15481,2.93257177,-1.37724099
15482,0.240117018,-0.960753488
15483,-0.932885659,0.378102874
15484,-6.66086555,1.61321216
15485,0.0145518582,0.154891848
15486,-2.17784505,-1.18641206
15487,0.346383127,-1.58937751
15488,0.618727567,-0.416629052
15489,,
15490,-5.73651855,0.79645855
15491,-8.35665774,0.129043059
15492,1.41823879,0.335890004
15493,0.911500311,1.61438724
15494,0.489989324,-0.423479611
15495,-18.5261793,-0.686882579
15496,2.65734044,0.513482896
15497,-0.839390249,0.790961658
15498,-0.904069091,-0.370265492
15499,19.8866122,-0.998450729
15500,2.1455775,-1.25358034
15501,2.22288214,0.470292885
15502,0.91013731,-0.593206781
15503,1.52305917,-0.281848317
15504,-1.08302147,1.08123359
15505,3.7177908,0.370022203
15506,0.634511909,-2.55276245
15507,0.457513707,-0.978821623
15508,-0.742955814,0.816608336
15509,-0.759563948,1.77497664
15510,0.861637006,-0.123367809
15511,0.329177599,-1.601139
15512,-0.649975983,-0.229551658
15513,,
15514,0.715575008,0.782429368
15515,-12.4345912,-2.50566164
15516,1.5108238,1.01688454
15517,-1.18245639,2.30038209
15518,-1.49464014,0.506113585
15519,-0.342036262,-0.879863845
15520,1.46603326,-1.50218874
15521,0.254882805,-0.179660362
15522,1.37976556,0.637591902
15523,27.4220197,0.405112949
15524,1.18784415,0.933014675
15525,-0.245776811,1.15736545
15526,1.36579152,-0.721257953
15527,0.0393057976,0.814009793
15528,0.813202001,0.781104376
15529,3.91266807,1.08078904
15530,0.870987873,0.86878407
15531,-1.20052414,0.375517715
15532,14.0912493,1.17228699
15533,2.62036403,0.462930445
15534,-0.101225836,0.180313086
15535,1.23524969,1.18638388
15536,-1.46279707,0
15537,,
15538,9.45300649,0.253426363
15539,5.60793434,0.149992952
15540,1.39851079,0.58074294
15541,0.0636007325,-1.09354518
15542,2.00105981,1.48095049
15543,-11.5858488,-1.57557709
15544,-4.25404913,0.692013279
15545,1.08877614,-1.54536979
15546,-1.11931275,-1.32426665
15547,1.34534388,-0.971051298
15548,-4.47481891,-1.51771571
15549,0.950601501,1.65838997
15550,0.790479212,0.162531414
15551,0.106468537,1.33934559
15552,-0.582328423,1.48234412
15553,-0.187107005,-1.14030638
15554,0.176389024,0.904252812
15555,-0.476734029,-0.854769861
15556,-0.63877039,0.484309298
15557,-5.42282824,-1.60963788
15558,-2.1723967,-1.00639166
15559,-0.435952092,0.10048089
15560,0.14450188,1.06311325
15561,,
15562,-0.508044979,1.24548932
15563,14.4493398,0.854398975
15564,-0.647304814,-0.763206704
15565,-0.0597925099,1.45228463
15566,0.959002253,-3.00252035
15567,0.675519349,0.633013019
15568,-0.186094823,1.88979975
15569,1.69379552,-0.247434775
15570,-0.407695548,1.44238797
15571,-13.4562724,1.11873572
15572,0.851327001,1.79467274
15573,-0.866286562,0.806364404
15574,1.87976958,-0.0825148437
15575,-0.203511726,-0.0820835089
15576,-1.34453326,-1.304751
15577,3.46626748,0.419748603
15578,0.867649598,0.409876305
15579,-0.185054361,-0.538235527
15580,-27.7119061,-0.410456207
15581,2.29303981,0.312032874
15582,0.42835507,-0.951797832
15583,-0.326874035,0.29987031
15584,0.725108659,0.725049684
15585,,
15586,-15.9077376,-0.923373292
15587,-20.0977154,-1.60641826
15588,-1.09734727,0.11905866
15589,-1.65745411,-0.270721598
15590,1.53029942,0.569359043
15591,19.7580028,2.46445136
15592,0.892373885,-1.40063287
15593,-1.49933246,1.27807696
15594,-0.415405145,-0.490414446
15595,-0.786152481,-2.05052997
15596,0.980335499,-1.12609735
15597,0.630730277,-0.60887333
15598,1.2395938,-0.181389243
15599,-0.0412652124,-0.796627166
15600,-2.63496719,-0.510570887
15601,2.45492517,-0.10127573
15602,-0.402767438,1.3000091
15603,0.0198456647,-0.398934507
15604,4.2770445,1.1138851
15605,0.221818032,-1.39803425
15606,0.357236951,0.478516619
15607,0.71725367,-0.429365459
15608,-1.38827117,-0.458981707
15609,,
15610,-3.66630038,-0.227876501
15611,1.60614597,-0.669453826
15612,0.383641232,1.79930808
15613,0.489057528,0.480254785
15614,-1.96334328,-1.81679111
15615,-17.9117477,0.10007007
15616,0.260747723,2.25363817
15617,0.0594737424,-0.911403571
15618,0.535769669,0.759260036
15619,8.88737043,-0.292420958
15620,4.38400049,1.24915672
15621,0.193595681,1.71411008
15622,-0.918314976,1.57511676
15623,1.53654174,1.99222629
15624,-0.846894057,1.17926195
15625,4.39344191,-1.99012508
15626,0.868020671,1.69228284
15627,-1.10426716,-0.42611698
15628,-0.54076979,1.14399268
15629,0.787957262,-0.188417898
15630,-0.13874255,1.30754092
15631,0.10521039,-0.887950339
15632,0.117085262,-1.93943332
15633,,
15634,25.1945625,1.04386692
15635,12.3358356,0.902098385
15636,1.86587167,0.0583795964
15637,-0.0602234678,-0.755221877
15638,-0.43684077,1.11381834
15639,5.87663555,-0.631435789
15640,-2.28768147,1.85238439
15641,-0.576070465,1.09003025
15642,-0.910523956,0.0395254139
15643,-1.30632373,-1.32898287
15644,0.373942752,-0.528534259
15645,1.04408229,-0.197967061
15646,-0.876466113,0.802011933
15647,-0.809723876,0.189843586
15648,-1.41821022,-1.07465543
15649,2.42314316,-2.56834709
15650,-0.283841274,-0.301901383
15651,0.105348428,-1.16382753
15652,-20.8226768,-1.27043648
15653,-2.94595865,0.0143816657
15654,-0.138494055,0.587276378
15655,2.76020074,-1.20218823
15656,0.60473209,-0.182464597
15657,,
15658,15.839072,-0.122552451
15659,20.4140783,0.26486523
15660,1.16660943,3.57861031
15661,0.0621020649,-0.468946493
15662,0.40520595,0.602335181
15663,0.373391552,0.3997003
15664,-2.86378179,-0.245133929
15665,0.561292679,-0.546179827
15666,-1.07948068,-0.405670307
15667,1.11533076,0.158708398
15668,1.06344235,1.0086883
15669,0.229487546,0.977900869
15670,-0.391478267,1.0035314
15671,-0.0849922387,0.534984466
15672,2.39794382,0.220367586
15673,0.614198543,0.766913189
15674,0.993695218,3.19928296
15675,-0.762689254,-1.3523026
15676,2.43957842,0.80857318
15677,3.85723038,1.11825127
15678,0.0206005743,0.397651325
15679,-0.990224594,-0.0206028534
15680,-0.738063357,0.101713903
15681,,
15682,28.7594711,-1.52299655
15683,19.6953921,-0.0460730189
15684,2.54468453,1.3556095
15685,0.124419116,1.44943349
15686,0.138375728,-0.558657623
15687,-5.46310687,-2.2097157
15688,3.05860612,-0.47935268
15689,1.17968387,-0.0399659983
15690,1.55421568,-1.48375766
15691,21.6248273,0.463216005
15692,-0.905951959,-0.0438776392
15693,0.0600909432,-0.353294017
15694,1.02360632,0.486610108
15695,0.106001698,0.384543038
15696,1.55087923,-0.712140223
15697,4.26014381,0
15698,-0.521865834,-0.349266717
15699,-1.38451511,-1.26098428
15700,1.54549029,-0.321345516
15701,2.49762787,-0.416434562
15702,-0.929713551,-0.876123398
15703,0.885048419,1.59342264
15704,0.475347914,-1.44847504
15705,,
15706,-13.307601,-0.783592587
15707,-6.83432372,-1.64514626
15708,2.79338178,-1.01639099
15709,1.77073147,0.41498496
15710,3.19067428,-1.15420993
15711,7.19514641,0.840794864
15712,2.59321777,-0.669269449
15713,-1.5405785,0.924293692
15714,-3.13060192,1.93537643
15715,1.96000305,0.40195937
15716,-3.31826762,-1.35275485
15717,0.0834879567,-0.34538265
15718,0.808102196,1.39694687
15719,-0.492214992,1.05804207
15720,0.203713134,-1.79740656
15721,-7.41204255,-2.09684433
15722,-0.907780437,0.487002551
15723,0,-0.186252994
15724,-6.30771947,-2.3370525
15725,0.566767978,-0.278392736
15726,-0.652900547,-0.581711496
15727,-1.22140892,0.740898919
15728,-1.78311491,0.595718446
15729,,
15730,8.85532783,0.661591101
15731,0.23717435,-2.22596091
15732,2.53278896,-0.617996557
15733,-0.376409814,-0.0419739334
15734,-1.86322022,-0.305727619
15735,-4.5523385,-1.6971908
15736,2.97085098,0.596191374
15737,-0.518814872,-0.283546688
15738,0.184792168,0.612457655
15739,0.256818738,1.9194215
15740,-0.739789091,0.78437283
15741,0.695413441,0.68182672
15742,-0.42717004,-1.49444201
15743,0.423898882,-0.241071067
15744,-0.709523694,-0.102824976
15745,5.23079933,-1.28596096
15746,-0.201595636,-1.77925853
15747,-0.552732029,0.425106005
15748,-6.2709416,0.613241636
15749,3.8519745,-0.809655345
15750,1.10503528,0.82721193
15751,-1.1186931,-0.384340883
15752,-1.76741597,0.634743607
15753,,
15754,-4.15588922,-1.82828955
15755,-5.36571211,-2.73447314
15756,4.65843552,1.35383143
15757,0.181867555,-0.507594398
15758,-0.940443382,-1.38734423
15759,-5.94040532,-0.186080363
15760,4.79794671,-1.09442309
15761,1.65930622,-0.960741912
15762,0.351467323,0.515647132
15763,9.09171674,-0.312484967
15764,1.14761442,0.382821542
15765,-0.854946829,-0.540454498
15766,0.124263866,0.845566845
15767,1.38811933,0.223294937
15768,0.2893459,-0.199740656
15769,4.9589336,0.0555404401
15770,-0.891810773,0.389875477
15771,0.603347507,0.319146039
15772,13.4267868,-0.465909793
15773,3.99184569,0.422983411
15774,-0.082550068,-0.49901953
15775,0.705357506,-0.293582906
15776,-1.21778835,-0.688048439
15777,,
15778,5.34482637,1.04929853
15779,8.46108315,-0.446065703
15780,1.25776184,0.014468599
15781,-1.7477838,0.801545599
15782,-0.959448055,0.653242859
15783,1.98707522,0.748733698
15784,-0.951292457,-0.397723878
15785,-0.284873824,1.35602727
15786,-0.892151833,0.835857549
15787,6.02000447,0.0441833732
15788,5.75309345,-0.249173013
15789,-2.21551067,0.948369752
15790,0.695538154,-1.56342775
15791,0.989515591,0.0618173733
15792,-1.22329415,1.2145824
15793,5.40924718,1.01630623
15794,0.734211325,1.60030234
15795,-0.10042236,-0.0393581425
15796,19.6383456,2.15711616
15797,0.0142876912,-0.0594801874
15798,-2.51824482,0
15799,-1.29153883,1.02003503
15800,-0.260468481,-0.124097886
15801,,
15802,8.95681554,2.21790543
15803,-5.44622651,0.587028622
15804,0.915874102,1.81496504
15805,0.156077341,-0.459008279
15806,-0.0207861414,-0.281671838
15807,6.21670141,0.501277348
15808,-0.604463445,-0.313969832
15809,-1.20355134,-0.279910219
15810,0.927286466,-1.08593962
15811,-1.57542694,-3.32767424
15812,-1.26812105,0.599929378
15813,0.851979477,0.369670081
15814,-0.23591587,-0.209406008
15815,0.503731844,0.224287607
15816,1.24719136,0.553233148
15817,1.65349156,0.731547961
15818,-0.204562536,-1.03956967
15819,0.314958039,-0.941100653
15820,8.55116701,0.232351705
15821,0.865439807,-1.23482573
15822,0.453325158,-0.223443136
15823,-1.75035287,0.559414254
15824,-0.242067186,1.2846709
15825,,
15826,-8.06832799,-0.240848266
15827,-12.3714211,-1.4641815
15828,-0.413579947,0.102916775
15829,-0.93881912,1.74775748
15830,0.296072047,1.39155906
15831,-4.03415247,0.524115209
15832,-4.19658744,-0.165514439
15833,-0.140881877,-0.121605176
15834,0.116560146,-0.0801637092
15835,2.91656591,-0.429970432
15836,-3.62688623,-1.57971706
15837,1.84465654,1.44382839
15838,2.08151714,1.31701863
15839,-1.58403193,-0.353545151
15840,0.680861114,-0.547596908
15841,-0.858121892,0
15842,0,-1.75913784
15843,1.19811203,-0.266962078
15844,-5.51544,-1.39222784
15845,-3.69431053,0.649435891
15846,0,-0.388362038
15847,-1.98895538,1.62983041
15848,1.1741299,-1.15881982
15849,,
15850,6.26219619,0.101202007
15851,-0.815441643,0.0294623499
15852,1.60784948,2.38883367
15853,-1.69723282,0.183658517
15854,1.0495136,0.755957152
15855,-8.07275548,0.449449375
15856,2.49327405,-0.954257019
15857,-0.755294437,-0.102095396
15858,-0.49539596,0.535309554
15859,-7.43445131,0.602296722
15860,0.385425094,0.821092974
15861,0.72156636,-0.985688584
15862,-0.322072452,-1.16026989
15863,1.74450832,-0.498995741
15864,0.157977839,1.712669
15865,1.61997027,0.12753047
15866,0.697540393,1.6881943
15867,-0.963786234,2.16305872
15868,13.9622258,1.08851912
15869,0.433138012,1.35986128
15870,0.45750917,-0.525484044
15871,-2.11308327,-1.04389497
15872,2.18028526,-0.481033366
15873,,
15874,8.88535721,-0.599539683
15875,13.3531959,0.643070483
15876,2.09723193,0.348227386
15877,0.738760936,-1.3328519
15878,-1.62522733,0.37382179
15879,-27.0701687,2.88535962
15880,-8.82941119,0.2660559
15881,-1.35108797,-0.303678133
15882,0.411138915,1.12062258
15883,1.14492627,-0.0738029129
15884,-1.17359788,-0.634419161
15885,-0.688381544,1.5556394
15886,1.57182568,0.0206334318
15887,0.160298376,1.12878943
15888,0.167940789,1.80630836
15889,-2.70323881,1.10522542
15890,0.127027659,-1.04841478
15891,-0.162882269,1.43562369
15892,1.14208704,1.7885052
15893,-1.09135474,-0.0153137238
15894,0.72249228,1.24962405
15895,-1.31466165,0.12616954
15896,1.47357313,-0.218736296
15897,,
15898,-8.2630797,1.13980862
15899,-13.1071143,-0.902157993
15900,4.16383243,-1.00231318
15901,1.94338219,0.478746325
15902,0.244315027,1.14143719
15903,0.525192358,1.27124035
15904,3.45588329,0.403410532
15905,0.346146219,1.05568455
15906,-1.69952482,-0.02050259
15907,-12.2895031,0
15908,0.299068268,0.518689843
15909,1.10008754,-1.03662043
15910,1.94323965,-2.08632428
15911,0.94458921,0.605908087
15912,-0.249182744,-1.59910667
15913,4.45747101,-2.75876666
15914,0.299978499,1.03253111
15915,-0.475275374,0.313258726
15916,-12.1090356,-0.436958753
15917,2.13174769,-0.662480227
15918,-0.363118926,-0.60566046
15919,0.992670367,1.59246025
15920,-1.10124343,0.437515735
15921,,
15922,-17.3515932,-2.45118432
15923,-13.4806607,-1.79182715
15924,3.66204991,1.05934038
15925,0.277860014,-1.64532244
15926,0.877494868,-0.35711887
15927,-7.40179868,-0.93770537
15928,1.5723951,0.0440424324
15929,0.0199801099,0.104437
15930,-0.952624346,-1.0967502
15931,20.3504441,1.66656315
15932,-0.449830753,-2.19241142
15933,1.76415833,0.372560507
15934,-1.08751984,-0.123253591
15935,-1.9256188,1.21787156
15936,0.392137311,0.84401691
15937,5.56960647,1.00174696
15938,-0.202879249,0.318749187
15939,0.820651492,1.30288522
15940,0.118807904,0.609555092
15941,2.91183527,-0.192436033
15942,0.0834471494,-1.05383559
15943,-1.3310707,1.71983251
15944,-0.804744491,-0.0601939287
15945,,
15946,4.21901465,1.30198596
15947,1.5423862,-0.156677666
15948,3.75268888,-0.516165512
15949,-0.414735303,0.742582908
15950,0.574631262,-1.35460859
15951,-12.876101,-1.20302774
15952,-0.19651764,0.465363307
15953,0.0203268908,-0.146565763
15954,-1.49356584,1.75012946
15955,18.8554214,1.7715674
15956,2.04276274,2.82760582
15957,1.32719835,-0.0809464597
15958,-0.0599000698,2.19091603
15959,-0.575981569,-0.589252883
15960,-0.890286794,1.86738189
15961,3.71132417,1.22043383
15962,1.9378097,-0.641968212
15963,1.6218534,-0.122355078
15964,-7.21963853,1.25484902
15965,-0.471617285,-0.968564519
15966,-0.549718988,1.24907637
15967,0.494617744,1.53374302
15968,0.411634628,1.03381484
15969,,
15970,-20.7995824,-1.61305334
15971,-19.4069142,-0.576680305
15972,2.54411846,2.04528154
15973,0.0406070274,0.550349826
15974,-1.67375648,-2.04918769
15975,0.13024572,-0.337754627
15976,0.738260412,-0.0290228939
15977,-1.82700318,1.83834952
15978,0.398824357,1.27766328
15979,11.6173526,-0.401942761
15980,-0.278546016,0.933187207
15981,-0.552501957,-0.696688523
15982,0.417668609,1.91499708
15983,1.33260354,-0.948254465
15984,-0.226841922,-1.02406365
15985,5.71821646,-0.76216654
15986,-0.321334822,2.18924987
15987,0.616585321,0.251675574
15988,0,-2.44969161
15989,3.14023266,0.966396978
15990,0.790039785,-1.4996718
15991,0.22032504,-0.949426366
15992,0.598343984,-2.14178446
15993,,
15994,11.0110918,-0.223898621
15995,1.49583069,-0.214612916
15996,4.44863337,-0.597858177
15997,-0.1418646,-1.60137562
15998,0.794835741,0.574107299
15999,-6.70099099,-0.255508599
16000,-2.05349395,0
16001,0.528998169,0.580712136
16002,1.63909766,0.790642457
16003,20.4794272,0.739732961
16004,3.78570777,1.35557687
16005,-0.841395483,-0.497640121
16006,1.32188096,-0.522503538
16007,1.61164908,-0.979466573
16008,-1.91411555,-0.282494127
16009,5.13879366,0.859808926
16010,0.933381296,0.0199715995
16011,2.77000935,0.668747742
16012,12.6613765,-0.933671995
16013,0.916179884,-0.699189267
16014,0.0415070491,1.3649147
16015,0.099557491,-0.347812569
16016,0.663860876,0.65617948
16017,,
16018,-9.33613141,-1.1292482
16019,-5.68240776,-0.92906953
16020,-3.01364465,0.369139559
16021,-0.951479858,0.932866427
16022,1.76250252,0.35524258
16023,17.5880061,-0.782390233
16024,-0.166153572,0.224969957
16025,0.277142725,-0.966626787
16026,-1.75005464,1.25228708
16027,20.2747621,1.63615426
16028,0.405666504,-0.786998716
16029,-0.142073891,-0.418068344
16030,-0.766058762,0.362426111
16031,1.06693705,1.13642835
16032,0.715715587,1.31695111
16033,-0.104330578,-0.0271997679
16034,1.13223428,-0.182916258
16035,0.603950234,0.126697321
16036,1.29659056,1.28339618
16037,-6.26723661,-1.31734129
16038,1.57980917,1.06476555
16039,0.959674872,2.08811523
16040,0.733060504,1.46428616
16041,,
16042,-0.937015946,0.335583908
16043,1.11750917,0.647442495
16044,-2.44525801,0.449335525
16045,1.29930006,-0.591369009
16046,-0.237529212,-0.542497979
16047,7.94824001,0.0438286969
16048,2.93284401,-1.18631356
16049,1.87808335,-0.510022039
16050,-0.251607071,0.933655896
16051,-4.5420801,-2.37322761
16052,2.02946044,-1.21537586
16053,3.0008452,-1.02159627
16054,1.92990637,-1.24921829
16055,-0.437523083,-0.823776362
16056,0.326518172,-0.633331632
16057,4.32460543,0.226887882
16058,1.00794689,-0.0608702112
16059,2.12479892,0.864910018
16060,0.585566076,-0.318613801
16061,-0.536930431,-0.102576023
16062,-0.861268728,-0.121615068
16063,-1.70697156,1.39599582
16064,0.858191155,1.14653023
16065,,
16066,-3.52230867,1.1005389
16067,6.94235547,1.27508077
16068,3.58356812,1.43669439
16069,0.899582811,-1.35773229
16070,-1.71866349,-0.267179038
16071,-0.410438615,0.0604263053
16072,0.69613563,0.486109077
16073,0.657784286,-0.0805656628
16074,-0.105875354,0.622431133
16075,-5.03460442,1.27517203
16076,0.908233514,-0.516450781
16077,-1.07079545,0
16078,0.122594631,-2.04376317
16079,0.320556435,1.16583938
16080,-0.0818424405,1.26358198
16081,5.71502759,0.3879259
16082,0.973915843,0.0612004743
16083,-1.49668723,0.82341845
16084,-6.56080884,1.24541548
16085,3.81308028,-0.43711949
16086,0.793753332,0.843450194
16087,0.627209866,-1.8161979
16088,-1.04493287,0.0602812129
16089,,
16090,0.0578794269,0.566869521
16091,-6.55726692,-0.238990509
16092,-0.0151647352,-1.20957165
16093,-1.11622802,0.712045955
16094,0.327912089,0.223674101
16095,13.5070107,-1.14365553
16096,1.14962607,1.13450024
16097,-1.1937612,-0.235876802
16098,1.39240472,0.972360244
16099,-18.4167434,-1.49258418
16100,-0.280529203,-0.35967151
16101,-0.146042627,0.218329036
16102,1.16115142,0.562638603
16103,-0.613961155,-0.160769994
16104,-0.140560329,0.12558234
16105,-3.00906671,0.0691249096
16106,-0.291190973,-0.220925619
16107,-1.99925112,-0.593785785
16108,-6.29013301,0.535153446
16109,2.18711549,-0.805079728
16110,-0.392535619,1.51614028
16111,-0.856374877,2.30116473
16112,-1.03524659,0.223145652
16113,,
16114,4.47366549,0.120959846
16115,1.24455127,-0.149653778
16116,-3.12597183,-1.65839806
16117,0.938897536,0.752239863
16118,-0.103162756,-0.472982223
16119,25.5581371,-0.615074135
16120,-1.3525779,0.790703732
16121,0.729267018,0.207396264
16122,-0.158870343,1.79657402
16123,-0.836736504,0.617782686
16124,1.24487241,-0.846773065
16125,1.0939699,-1.97894776
16126,0.82798974,0.36912421
16127,1.55012559,0.802126645
16128,0.48947337,0.290964235
16129,3.38363283,-0.0697086422
16130,-0.339450687,0.332535954
16131,-0.18194876,0.709333223
16132,1.21844295,-0.222589648
16133,2.18188207,0.0436026607
16134,0.290256221,0.970228981
16135,-1.57621209,1.00649276
16136,-0.512974975,-1.27365076
16137,,
16138,5.93469519,-0.753642626
16139,13.9213451,-0.543623266
16140,0.20582134,0.427103054
16141,0.122194714,-1.15424715
16142,0.84594634,0.326833535
16143,15.0830341,0.501567227
16144,5.27743128,2.64849739
16145,-0.383631007,1.84755374
16146,-0.0204058203,0.339904731
16147,20.8581744,0.711266405
16148,1.843037,0.90223704
16149,-0.919531417,-1.44793837
16150,0.0613787071,-0.417484052
16151,0.330526788,0.723672769
16152,0.102362514,-0.128006934
16153,3.48586709,0.801646797
16154,-1.16563408,1.29341126
16155,-0.582880027,-0.985764959
16156,-6.55924832,0.905258283
16157,2.14410898,0.233388342
16158,0.59181326,-0.39876226
16159,2.06753347,0.371100768
16160,0.316099055,-0.756970701
16161,,
16162,-12.32268,0.324586792
16163,-12.4862165,-0.978656911
16164,3.36911572,-1.34642684
16165,-0.345588309,0.273470551
16166,-0.120630498,0.254838342
16167,-13.6112336,2.11087131
16168,3.63452784,0.623968016
16169,-0.966765895,-0.78640443
16170,-0.195982805,-0.856175706
16171,-0.636264492,-1.51881552
16172,-0.691031349,-0.909791729
16173,-1.44222199,0.88645305
16174,-0.870520732,-0.0606307095
16175,-0.0205411464,0.0633783793
16176,0.506567418,0.144244222
16177,-8.17499831,-0.501359462
16178,-0.511604098,-0.662314982
16179,1.48008567,-0.3726314
16180,-11.7845079,-1.58145933
16181,1.27896721,1.33283428
16182,-1.84062179,0.772965941
16183,0.563071829,0.597518397
16184,-0.0760338245,1.06117077
16185,,
16186,-0.266292946,-0.785654808
16187,14.0876018,0.358958212
16188,-0.315530213,-1.60088239
16189,-0.0585565762,-0.324781735
16190,-0.100706822,-0.508358659
16191,5.93049702,0.327740099
16192,-1.63223108,-2.26553557
16193,0.939992932,-0.615395201
16194,1.34792404,-0.662685749
16195,-18.2691224,1.3115173
16196,-0.774963913,1.48095827
16197,0.2378115,-1.31081832
16198,-0.717209298,-0.208641543
16199,0,-0.962565462
16200,-0.712144022,1.07703255
16201,0.442781091,-0.520447199
16202,-0.647133456,-0.121095482
16203,1.0139679,-0.787424459
16204,-12.6583607,-0.131605967
16205,-1.08232389,0.892450477
16206,-0.201635073,-0.880606273
16207,0.221108095,-0.182726054
16208,1.47172085,1.25690972
16209,,
16210,14.0248194,1.59023687
16211,16.3278479,0.210772317
16212,1.43505622,-1.52175163
16213,0.164826597,-0.234431999
16214,1.51952349,-0.632947801
16215,-5.82048604,-0.865897012
16216,1.24242468,0.227423058
16217,-2.46428608,-0.47182608
16218,-1.48775979,0.697808579
16219,1.79599959,-0.665135561
16220,1.26211174,-1.11055068
16221,-1.00218761,0.963799864
16222,0.939289908,1.00231701
16223,-0.858348349,-0.627629844
16224,-0.123419606,1.42919195
16225,3.89943404,1.25813056
16226,-0.307256065,-0.86937446
16227,1.46587898,1.0994011
16228,6.22210484,0.968691185
16229,0.438546578,-0.487391536
16230,-1.49054961,-2.54545212
16231,-1.34517784,-0.823371791
16232,-0.480517396,0.852387463
16233,,
16234,15.8844242,-0.0294167433
16235,15.0812085,0.832322373
16236,1.01163647,-0.501050723
16237,-0.34521841,0.297427405
16238,-1.29902423,1.50484422
16239,-6.39719494,-0.546312598
16240,-4.86827872,-0.445293029
16241,1.20547798,-0.249418167
16242,-0.686463358,-1.40033051
16243,-6.24722435,-0.939205133
16244,0.650023672,0.716470514
16245,0.959793005,-0.289228573
16246,-0.228942266,1.44695989
16247,1.08626593,0.469909308
16248,0.304137741,0.0402839782
16249,0.799499629,0.221312591
16250,0.809968973,-0.540487963
16251,-1.60482414,-0.47854267
16252,-12.145886,0.852640991
16253,-0.903968465,-0.131795535
16254,-1.64303062,-0.660307512
16255,-2.31395039,-0.899286095
16256,1.04589657,-0.305439639
16257,,
16258,14.2352935,-0.521908561
16259,12.2156199,-0.878129604
16260,2.20191883,0.504402124
16261,-1.88690646,1.14182065
16262,-0.67995842,0.445790196
16263,7.28004706,-1.10363399
16264,0.121108619,2.4542418
16265,-1.43046587,0.354432157
16266,-0.25815576,-0.710803027
16267,-13.0887175,1.16644844
16268,0.436328024,-1.35144239
16269,-1.16812786,-0.504042397
16270,1.78013331,0.514060391
16271,1.34984434,-0.826185799
16272,-1.07422263,0.754796402
16273,2.51976872,0.914657918
16274,0.775829075,0.421286094
16275,-1.00162257,-0.184143076
16276,-6.38847134,1.41579203
16277,2.55040645,1.25234026
16278,0.706784028,-1.07677983
16279,0.252784878,0.413510682
16280,-0.122836501,-1.07666707
16281,,
16282,22.8080759,2.31204726
16283,26.1227478,0.389936374
16284,0.761601368,-0.852879336
16285,-0.0591092294,0.673015711
16286,1.91598716,0.503578146
16287,12.8670697,-1.13792408
16288,-1.09484577,2.2853623
16289,0.86887619,0.325227053
16290,-1.07419827,3.35072546
16291,-13.3138828,-2.02640536
16292,-1.98880279,0.752859602
16293,0.57047744,0.427043402
16294,1.157339,0.236605374
16295,-0.0804504936,-1.64032892
16296,0.234881773,3.56095285
16297,-2.62979175,1.04652407
16298,-0.702346033,1.93028711
16299,0.821335408,-0.486354838
16300,14.8207198,2.70547446
16301,-3.63322036,1.82127151
16302,0.539769801,1.29080431
16303,-0.476188089,-0.530934413
16304,0.379783233,-0.174608249
16305,,
16306,10.9134258,-0.837254586
16307,8.12112579,-0.298479718
16308,1.69529996,-1.65137844
16309,1.02768716,-0.0857497864
16310,0.810650591,0.899066303
16311,14.0877759,1.44571986
16312,2.81035224,0.68486411
16313,-0.0831966092,-0.098909965
16314,1.64593434,0.221739052
16315,16.0896049,-0.603052756
16316,-0.4094104,0.342663904
16317,1.37898083,1.07348553
16318,-1.12170832,0.575682761
16319,0.530883995,0.976813295
16320,0.398130312,-0.902001359
16321,-29.7815442,-0.769120073
16322,-0.920598237,-0.159882395
16323,0.215100921,0.461401659
16324,13.7034806,-0.447606405
16325,1.88659191,0.0760936159
16326,-0.436299897,-1.38240032
16327,-0.532575219,0.501070002
16328,-1.19852026,-0.201369119
16329,,
16330,17.861215,0.259295078
16331,7.33670768,-1.33802019
16332,3.4604702,-0.561198357
16333,2.08578332,-0.776313963
16334,-0.0611261798,-0.187413275
16335,25.163274,-0.719506924
16336,-0.207953097,0.557914962
16337,0.398059723,-0.500153705
16338,-1.63609957,-1.72693072
16339,0.200294719,-0.139930327
16340,0.790382251,-0.920045525
16341,-1.46112788,-1.27438844
16342,-1.94703645,2.40251083
16343,0.661705257,0.597104405
16344,0.0781747389,0.717825125
16345,2.17724287,-0.35766606
16346,-0.20436951,-0.44602281
16347,0.715165656,1.07913901
16348,1.4164734,1.50305277
16349,-1.40080629,0.591710654
16350,0.258302337,-1.47427511
16351,-0.198897603,1.34163469
16352,-0.101481769,0.391302715
16353,,
16354,6.74683464,-0.29515792
16355,0.232372761,-1.93836772
16356,1.52045213,0.309512867
16357,0.495678126,-1.84549564
16358,0.842187545,-1.20495199
16359,5.27732628,-0.0142060572
16360,-0.119517512,-0.222057186
16361,-0.041931047,-0.282252713
16362,-0.13895477,-0.570759601
16363,-25.5702273,0.251802435
16364,-0.497112944,0.375228416
16365,-1.07346372,-0.449552692
16366,-0.262180767,-0.389332274
16367,0.301976812,2.29739766
16368,-0.999838636,-0.301955343
16369,5.75514425,-0.842458942
16370,-0.288232276,0
16371,0.0588668816,0.605571687
16372,6.5209548,0.0949660931
16373,2.49606,0.397801241
16374,0.556323208,-0.705871297
16375,1.883083,-0.276517976
16376,0.141029419,-0.0396686054
16377,,
16378,0.153765452,0.82952301
16379,-0.203245962,1.20597383
16380,-4.56060173,-0.06069367
16381,-1.27152275,-1.22553858
16382,0.0410985724,0.663359706
16383,-26.755132,0.398285266
16384,-5.68783232,-0.468623349
16385,-1.78466603,-1.20829989
16386,1.48371581,-1.36310821
16387,-5.11454968,-0.362333337
16388,-4.20011246,0.475082982
16389,-0.397733092,0.0998665833
16390,-0.580053792,0.203611509
16391,0.587285091,1.7152103
16392,-0.861289823,-0.677757499
16393,-6.730744,-1.17811783
16394,-0.163545606,0.0197657158
16395,0.427880588,-1.41848559
16396,-20.1275903,-0.11516738
16397,-8.75275765,0.42012004
16398,0.647526487,0.100372852
16399,-0.323845674,0.0979927703
16400,1.15959417,0.375943809
16401,,
16402,14.3754155,0.752044399
16403,13.4060823,1.21703182
16404,1.76942694,0.0148147527
16405,-0.450873902,0.466308984
16406,1.24341395,0
16407,21.1625462,-0.216118797
16408,3.51466924,-0.457198417
16409,-0.500727651,0.785840868
16410,0.940002338,-1.16774498
16411,8.17130479,0.732356381
16412,2.49063062,-2.33982787
16413,1.12492663,-0.7323458
16414,1.04054699,1.71589023
16415,-0.709245615,-0.488993921
16416,-1.17733737,-1.35873953
16417,3.18950019,0.0266567452
16418,-0.876344112,1.19925924
16419,0.641487139,-1.71684249
16420,-26.9838957,-0.604034813
16421,-0.0457289062,0.142032521
16422,-1.04367898,1.42350935
16423,0.607819752,-0.285431229
16424,1.24168931,-1.72500154
16425,,
16426,-8.80920688,-0.850005347
16427,14.1984223,-1.43273599
16428,-0.028814378,-1.51971831
16429,0.248502889,-1.37028806
16430,0.0203099462,-1.36061002
16431,-14.1643567,0.702735018
16432,-4.03180376,-0.92944014
16433,-1.9408137,-0.642324135
16434,-0.6397661,-0.403465473
16435,-0.116995578,0.606186349
16436,4.14917048,0.803090241
16437,-1.68869525,0.0791180014
16438,1.00803571,-1.66687542
16439,-0.779509786,-1.36973262
16440,-1.83468824,-0.140641932
16441,5.85791226,0.701087993
16442,0.286078087,-0.177245275
16443,1.77473601,0.123569738
16444,11.9531988,-0.746550681
16445,0.678009227,-1.34821833
16446,-0.38490973,-0.329089286
16447,-0.393724373,-0.297263906
16448,0.195531583,1.77809943
16449,,
16450,4.79957304,1.172923
16451,7.62530447,-0.279818295
16452,-6.62137739,1.58603095
16453,0.571404784,0.505809716
16454,-2.19911228,-0.482099713
16455,1.73020279,-0.907624342
16456,-2.21434169,-0.23982853
16457,-0.396436756,-0.19078626
16458,-0.285676566,0.292860631
16459,6.34207333,0.909458402
16460,0.326029593,-1.33118994
16461,-1.02286483,1.66503601
16462,0.757012,1.07327173
16463,0.127948127,-0.201587423
16464,0.493159904,-0.813110972
16465,2.61692087,-0.728082071
16466,-0.181880585,1.89948255
16467,-1.65964356,-1.01954271
16468,-19.7526118,0.0713027329
16469,-2.35811646,-1.72570217
16470,1.97540091,0.834816078
16471,-0.366994861,2.24495796
16472,0.574129077,0.611739686
16473,,
16474,-9.2327005,-0.582005498
16475,-0.148748147,0.628060963
16476,2.80475633,-1.31185667
16477,-0.0408730891,2.36865936
16478,0.508242018,1.50159149
16479,-5.42265606,-1.28381404
16480,-0.277806832,-0.781368741
16481,0.077844352,-0.320422369
16482,-1.06921349,1.91073145
16483,-14.9401761,-1.55913506
16484,1.70119364,0.399688885
16485,-0.2258423,1.38790118
16486,-1.92472258,-0.858336139
16487,-0.926936072,-0.22206949
16488,0.262614813,0.0809617509
16489,3.97258376,-1.06126086
16490,-1.07762879,2.4687454
16491,-1.75359712,0.0410310596
16492,-4.62668698,-0.252972341
16493,3.76677882,0.531900688
16494,-2.45948469,-0.0389386271
16495,-0.224036568,-0.854055147
16496,1.02555258,-1.07961368
16497,,
16498,-32.1420487,0.72804339
16499,-25.4782845,1.24519835
16500,-2.28612728,-0.992058301
16501,0.0816296282,-0.42925304
16502,0.429577947,-0.399715992
16503,-4.89242609,0.564277138
16504,-3.3394646,-0.611542604
16505,0.763959806,0.637742011
16506,1.73222515,0.321259487
16507,-3.55314277,0.330023359
16508,0.879928221,2.52860812
16509,0.16590324,-0.24291718
16510,-1.38339713,1.9896183
16511,-1.38475836,-1.25729582
16512,-0.163165955,0.406226012
16513,4.44549524,-0.499666974
16514,-0.437424112,1.70576317
16515,1.73671094,0.250988376
16516,-0.501211925,0.659195693
16517,-0.621513467,0.312048414
16518,-0.74629308,-0.230432096
16519,-1.64650811,-1.22076728
16520,-0.305981308,1.69246236
16521,,
16522,21.0665103,0.385834739
16523,7.57128325,0.0819893777
16524,-3.08864592,1.04549816
16525,0.751270758,-0.159358268
16526,0.0195304617,-1.6662753
16527,6.63236903,0.361260744
16528,-0.887050218,-0.0149432044
16529,-0.412245636,0.539986196
16530,0.533026499,-1.06609141
16531,-6.88011437,-1.22603989
16532,1.73127672,1.1729502
16533,-0.570672296,-1.92067256
16534,-0.330673594,-0.833606377
16535,-0.940157131,-0.487138395
16536,0.909426996,-1.29589443
16537,5.41286152,-1.61348991
16538,-0.843503908,0.39943139
16539,1.29914401,-0.383816939
16540,26.4593828,0.138214436
16541,1.85436034,-0.588118832
16542,-1.13363462,2.13653198
16543,-0.0407128273,0.887069103
16544,-0.347572094,0.0834515187
16545,,
16546,5.96012508,0.120566909
16547,5.91867162,-1.44118511
16548,2.50631831,-1.14787387
16549,0.94947782,-2.05413575
16550,0.18945314,0.50056562
16551,-0.309289927,-0.723768352
16552,0.0151486784,1.04099339
16553,-0.0829821254,1.37248132
16554,-0.462204254,1.16
16555,6.59121293,-0.360305612
16556,2.80447786,-1.32838065
16557,1.77774961,-0.366329853
16558,0.886474693,-0.0592071256
16559,0.662941624,0.647435468
16560,-0.330909247,0.51861265
16561,5.15336248,0.137869443
16562,-0.728753786,1.95890956
16563,-0.254267634,0.727533139
16564,-6.69135478,0.512869807
16565,2.75204249,-0.579676332
16566,-0.249588745,0.452435412
16567,-1.06565847,0.137507146
16568,0,1.65801075
16569,,
16570,4.23003182,-0.131413378
16571,13.2801864,0.746594693
16572,2.7907948,1.45451007
16573,-0.12369182,-0.241552376
16574,1.72459623,-1.31680785
16575,8.35098985,1.44017575
16576,-2.55598897,1.23793029
16577,0.737452702,-1.53884532
16578,-0.405305108,1.69659286
16579,20.1455935,1.86575336
16580,-0.391569052,-1.23274731
16581,2.15187294,-1.21119779
16582,1.28085706,-0.0400530376
16583,0.166682805,0.554007849
16584,1.43727773,-0.198872957
16585,-2.13054531,-0.6674135
16586,-0.158815098,0.607965797
16587,-0.532599862,-0.0607991143
16588,-24.1035372,1.13185318
16589,-7.18827263,0.570003011
16590,0.343511433,-1.04227523
16591,-1.52398664,-0.0413502265
16592,1.20341604,-0.788092738
16593,,
16594,10.6567794,0.508717272
16595,2.30993816,2.01422975
16596,-3.28296534,-0.0576636839
16597,-0.987163756,-0.895874752
16598,-0.320314207,-1.69756375
16599,20.9842456,0.413644786
16600,0,0.234664223
16601,-0.836321,0.370249394
16602,0.735576255,-0.925128698
16603,-20.5552684,-1.15923214
16604,-1.39748041,0.771244158
16605,0.857401947,-0.387820689
16606,0.213341264,-1.26271215
16607,3.14518346,0.833536429
16608,-0.0584200685,-0.30109362
16609,2.58246673,1.42582176
16610,-0.350273848,-0.105802614
16611,1.08141171,0.523033212
16612,11.6285389,1.47690983
16613,1.52707243,-0.510736269
16614,-0.158619693,0.120260091
16615,-0.0201594096,0.911407097
16616,-1.04358912,-1.06863488
16617,,
16618,-8.67502281,-0.960323773
16619,-5.2155235,-0.648020681
16620,-2.0949222,-0.617208973
16621,-0.119798404,-0.990546892
16622,1.13378003,0.36878349
16623,-27.2453541,-0.49390873
16624,-2.48051599,-0.0147995861
16625,-1.70628947,-2.37210808
16626,-0.443791646,2.46383768
16627,14.1745822,-0.218770482
16628,-3.26977988,1.05765454
16629,-1.05875057,0.140108547
16630,2.26628098,0.47195054
16631,1.25372197,0.587057992
16632,-1.17848077,-1.43092678
16633,-13.7026785,-0.361849033
16634,-1.08828837,-0.462242067
16635,-0.484845447,1.04764232
16636,-1.07499008,-0.188045225
16637,-3.61675406,-0.555364805
16638,1.04823798,-0.330895058
16639,-1.20744143,0.245035991
16640,-2.67877628,0.927165233
16641,,
16642,24.5781164,-0.0309916309
16643,20.2369685,-0.098727707
16644,0.660450214,-0.894360147
16645,-0.300300149,-0.86093265
16646,-0.981701485,0.920253978
16647,-0.247493392,-1.13346366
16648,-4.00412496,-1.94956881
16649,-1.04796883,-0.321119025
16650,1.66896623,-0.781251703
16651,7.07301178,-0.601121542
16652,0.497434749,-0.0866029473
16653,-1.04607629,0.735698663
16654,0.716541649,-0.581556815
16655,0.599054271,-0.187858056
16656,0.206758885,1.36536836
16657,2.18679859,1.03057272
16658,1.30406865,-0.944265355
16659,-0.667587355,0.748569997
16660,-6.97329375,0.46920502
16661,-3.44973928,0.044211262
16662,-1.49764293,0.52344535
16663,-0.332883177,1.98560611
16664,-1.86862221,0.603575161
16665,,
16666,13.9274479,1.42389496
16667,6.94030615,1.28540285
16668,0.853585616,-0.561353989
16669,1.28244592,2.39434739
16670,-0.221017695,1.42137216
16671,-24.8190666,0.973927859
16672,3.27593577,0.586517337
16673,-0.860193619,-0.168333916
16674,-1.79864718,1.25666978
16675,-11.6229424,-0.103449333
16676,0,1.36652435
16677,1.47545576,0.523055573
16678,0.189706127,0.460185722
16679,-1.12288398,-1.24708041
16680,0.378927415,0.986511916
16681,1.86086737,0.565585846
16682,-1.90838217,1.90951907
16683,-0.103702324,-0.668036997
16684,0.291131371,0.699723369
16685,1.24251575,-1.14587519
16686,0.558151822,1.48358959
16687,-2.23965214,-1.61541606
16688,-0.283418804,-0.68244545
16689,,
16690,22.4240144,-0.363652987
16691,6.3992941,-1.65952695
16692,1.09731376,0.342121927
16693,-0.145135068,0.0204800337
16694,0.175723765,-1.47011148
16695,-12.4073974,0.191727583
16696,-0.674697659,-0.876828765
16697,-2.02461608,-0.969706765
16698,-1.06610638,-0.394968145
16699,19.4464491,0.440675395
16700,3.17647143,-0.11520191
16701,-0.0196148754,-2.51917194
16702,0.466493562,-0.950306189
16703,0.860598763,-0.355976717
16704,1.04465304,1.5495108
16705,4.9747413,-0.906975314
16706,-1.24757726,-0.143166526
16707,-0.750712428,0.461635816
16708,7.22978089,0.876390325
16709,-0.842073587,0.428504805
16710,2.07174607,-0.160485003
16711,-1.79031483,-1.75945269
16712,1.24292151,1.55772939
16713,,
16714,-17.9836519,0.031444237
16715,-24.572641,0.0597563494
16716,0.339351857,2.22241876
16717,0,2.04908147
16718,0.208989547,1.23792678
16719,12.6471499,-1.59034317
16720,-1.23837286,1.23657481
16721,0.0780657824,0.601625226
16722,-0.504416996,-0.0616986483
16723,-4.73959574,-0.299974301
16724,0.0914724886,-0.320303476
16725,-0.041153487,-1.46873968
16726,0.320017646,-0.0203456085
16727,2.57531325,-0.0834872275
16728,-0.183308364,-0.562105854
16729,2.73389114,-0.306376365
16730,-0.342925891,-0.0595894849
16731,0.0598506945,0.755255
16732,-7.26048593,-0.415039329
16733,2.57061841,-0.587546491
16734,0.631071434,-1.39563177
16735,-2.16541433,-0.300017596
16736,-0.729495136,1.17396327
16737,,
16738,15.1861631,0.110063532
16739,7.71434024,0.745007348
16740,-3.64354632,0.706903804
16741,-0.391801162,0.871856135
16742,0.339596639,0.462549307
16743,9.16457261,1.69585843
16744,2.12987682,0.2787644
16745,1.00104323,-1.29807092
16746,0.269187017,0.640412308
16747,7.42114663,0
16748,-3.37354917,-1.59696711
16749,0.288969968,-0.967731184
16750,0.55555881,0.900548277
16751,1.17794665,-2.5369854
16752,0.549921661,0.117352239
16753,-3.37788346,0.637857159
16754,-2.40677241,1.64545641
16755,1.43931551,-0.861040351
16756,1.40528218,0.380524685
16757,-4.24267568,-1.02610536
16758,-0.11878012,-1.83696232
16759,0.295939154,-1.50906005
16760,-0.523060268,-0.79620245
16761,,
16762,7.06851182,-0.506974596
16763,13.7637837,2.6802035
16764,1.29601012,1.24399076
16765,-0.020291201,-0.87305543
16766,-1.10739455,-0.332845551
16767,0.0979017573,0.496087106
16768,2.34246561,-1.11966622
16769,-0.358434927,-0.0425992525
16770,0.907580267,0.427204197
16771,18.6475714,0.695739361
16772,3.03834651,-2.35899464
16773,0.9224805,-1.18052381
16774,-2.21193188,0.946197856
16775,0.460385316,0.670143706
16776,-0.0817391627,-0.0602882901
16777,2.42819137,0.0718892511
16778,-0.266660682,0.90195956
16779,-0.339528052,0.753483634
16780,-6.67823836,-0.0429244331
16781,1.52646977,0.174720199
16782,-0.825243498,-0.972051153
16783,0.620767488,0.42239614
16784,-1.7554981,0.865002879
16785,,
16786,-7.34195714,-1.38153339
16787,0.572536117,-0.171868232
16788,2.15370963,-0.0150452647
16789,0.550988201,1.53802808
16790,-1.03556204,0.35351545
16791,14.9232069,-0.74944773
16792,2.60235699,-0.87044934
16793,-2.45479559,1.26431536
16794,-0.0624224018,1.32964903
16795,7.88674528,-0.381688937
16796,0.208093606,-0.195012005
16797,0.735710984,-1.76690792
16798,0.366459216,-1.17720223
16799,-0.0216329157,0.0413917535
16800,0.245703459,2.09449058
16801,-4.4661349,1.36307526
16802,2.18367803,-0.69241361
16803,0.891178801,-0.787966504
16804,6.29552046,1.55533282
16805,2.53594854,1.51059352
16806,-1.32890789,0.772084051
16807,0.435609693,-0.814769994
16808,-2.00704436,1.25331215
16809,,
16810,-0.170412662,1.16862161
16811,-5.13982103,0.640184238
16812,0.659069098,0.835011735
16813,0.85046958,-0.276173373
16814,-1.29395263,-0.373553361
16815,-13.7150941,-0.667882673
16816,1.32420906,-0.518329911
16817,1.40952047,-0.102470209
16818,-1.70455888,0.742647059
16819,8.42589164,-0.625843506
16820,1.15132638,-1.1898476
16821,-2.16460448,1.1246355
16822,0.452858024,-0.286102275
16823,-1.05580629,0.702730287
16824,-1.04126917,-1.17459723
16825,4.06226699,0.192906239
16826,-1.59893138,-0.605334056
16827,0.893867299,-0.156165558
16828,7.16754409,-0.600866073
16829,-0.231249904,-0.311994134
16830,0.692503664,1.78803508
16831,-0.837163902,-1.46014527
16832,-1.01944865,0.533759093
16833,,
16834,-18.7868515,0.935715678
16835,-11.4528367,-1.36482463
16836,0.264991483,-0.189705282
16837,0.508469327,1.24205539
16838,-1.19081783,1.58135639
16839,-13.7590901,-1.74116231
16840,2.71947557,1.1944297
16841,1.49436085,0.666608538
16842,0.820968862,-1.02762093
16843,-4.64661352,0.0555029063
16844,-2.66512648,-0.887615227
16845,-1.24716095,0.905796116
16846,-1.40399834,-1.62900772
16847,0.860427631,1.02513415
16848,-0.390132464,-1.45213589
16849,-11.8223283,1.10593136
16850,-0.0208109,-0.618638358
16851,0.878233338,0.347262265
16852,-6.41326728,-0.923136445
16853,-1.88532438,-0.198195652
16854,1.24751017,-0.100927689
16855,1.98667187,2.49265091
16856,-1.5129651,0.109529689
16857,,
16858,-19.9971051,-1.01611676
16859,-4.48476675,-1.71029315
16860,1.18145131,-1.24505704
16861,0.844945018,0.553236127
16862,0.518747686,0.119894275
16863,-12.6435836,0.101150679
16864,-1.64308294,0.450289734
16865,-0.674722805,-0.504490092
16866,-1.32103725,-0.981954783
16867,8.4745556,-0.715673095
16868,-2.3701644,1.70771696
16869,-0.42583145,-1.13042601
16870,1.33934992,0.16209852
16871,1.41801191,-0.291451794
16872,1.20122171,1.61876793
16873,2.44521036,-1.54080593
16874,-1.4417619,-1.58975251
16875,-1.18716751,1.34824922
16876,-4.8852942,1.66053965
16877,-2.53618137,-1.27207971
16878,0.774528919,-0.572076556
16879,0.257498982,0.522123169
16880,1.35193373,-1.59971334
16881,,
16882,-18.8410289,-0.851705866
16883,-19.3271636,-0.285628249
16884,0.200092028,-0.243930309
16885,0.219958217,1.43733506
16886,0.880221465,-0.103396227
16887,-1.37721341,-0.268661863
16888,0.818687033,0.0594548881
16889,0.202412691,-0.92275655
16890,-1.16113244,1.53934351
16891,6.27587601,-0.247308314
16892,-3.97810819,1.23197021
16893,-0.22515118,-0.783617773
16894,-0.216443807,-0.22885284
16895,-1.12281002,0
16896,0.499656484,-0.248492206
16897,-9.92559795,-1.11082302
16898,1.3868817,-0.187426312
16899,0.284080185,-0.443791646
16900,6.97514575,-0.104089434
16901,-1.49686978,-1.29320443
16902,-0.628285006,0.759509048
16903,-1.21535787,1.0083562
16904,0.547028753,-0.795035852
16905,,
16906,14.7308052,1.33873179
16907,34.3185721,0.952899937
16908,-0.622372147,-0.331274625
16909,0.218656134,0.262502612
16910,0.853905841,-0.545465356
16911,-0.0822701025,-0.210371697
16912,-1.17299585,1.07330413
16913,1.2383768,0.927544018
16914,0.0203273118,-0.774102827
16915,-12.6928091,-0.391017435
16916,0.630969853,0.029977756
16917,-1.62061412,0.610959709
16918,-0.551733862,-0.0619698955
16919,0.648363535,2.13309105
16920,0.364515436,1.54555352
16921,5.88025172,0.0945376924
16922,-1.21036455,0.960942667
16923,1.45912398,-1.71452105
16924,13.1100279,1.38180045
16925,2.78843535,-0.263268305
16926,-0.0597583698,0.723928216
16927,-0.920926041,0.0605058446
16928,-1.11116281,0.101073327
16929,,
16930,-32.5211672,-0.115141373
16931,-28.0135575,0.515476955
16932,-3.73872357,-0.272303322
16933,1.01459528,0.938479221
16934,-1.66785617,0.56901007
16935,12.1296169,0.188877876
16936,1.17919543,-1.0431513
16937,0.714459796,0.721595423
16938,-0.757633952,0.210251578
16939,-6.65674554,0.0740634976
16940,0.66645934,0.585542874
16941,0.557287025,0.66144916
16942,-0.318002302,-0.0199124875
16943,1.01636112,-0.415678492
16944,-0.706945101,-1.77221215
16945,-0.859800556,0.745234249
16946,0.0785028505,-0.854884144
16947,0.177617562,0.080031698
16948,6.53139652,-1.81645049
16949,-0.62388571,0.872603818
16950,0.626336546,0
16951,-0.0612035385,-1.27062747
16952,-0.819114816,1.35672198
16953,,
16954,9.16985063,-1.96925356
16955,6.87106418,1.04992256
16956,1.22635173,0.929440227
16957,-0.343570504,1.28742752
16958,0.993377431,0.676601152
16959,-4.03651006,-0.128808993
16960,2.32248458,1.35260781
16961,-1.05090865,0.840353908
16962,0.556500876,-1.37722831
16963,-11.4452958,0.0279666933
16964,0.760791542,-0.0459659789
16965,-1.28992757,0.623308409
16966,-2.12245835,-1.64206615
16967,3.10166866,0.940754228
16968,-0.823258005,-1.70015085
16969,3.10888861,-1.37196184
16970,0.689368581,0.102083022
16971,-1.96231673,0.0604263053
16972,-20.8792752,-0.273383476
16973,4.26003878,-0.675437229
16974,-1.00530658,-1.06827349
16975,-0.34339965,1.59043383
16976,0.767581008,-1.31195434
16977,,
16978,-3.62161783,-0.428576797
16979,0.397426335,-0.733855446
16980,2.18231653,-0.80919349
16981,0.635485228,-1.28570854
16982,1.43515738,0.601691335
16983,-0.995269119,-0.265446353
16984,-0.81230306,2.76714632
16985,-0.755439476,-0.976996247
16986,-0.705572738,-0.0399484507
16987,-13.9266234,0.256921131
16988,-3.55390564,1.84797347
16989,-0.82620109,-0.229233629
16990,1.47707971,-0.0811867986
16991,-0.36935591,0.0204438324
16992,-0.663036487,-1.35646244
16993,-0.911333369,-1.43102837
16994,2.22386312,0.995634181
16995,0.103852016,0.624167468
16996,0.133948819,-0.441425862
16997,-1.45321081,-1.53748712
16998,1.82661179,0.352479995
16999,-0.543400423,-0.669134434
17000,-0.120169139,-0.880319268
17001,,
17002,-5.81814517,-0.493934101
17003,1.97237518,-1.13232263
17004,-0.0150704733,0.895000614
17005,-0.138105747,-0.495811394
17006,2.11905719,-2.13485665
17007,-4.18347492,-1.08386165
17008,-0.487060928,-0.525854499
17009,-1.56261921,0.500803087
17010,0.577925781,-1.85794685
17011,0.14323917,0.114997632
17012,-0.335391576,-1.54566872
17013,-1.11504144,0.81910634
17014,-0.516400333,0.75685997
17015,-1.57443216,1.03709312
17016,0.760332634,0.712633123
17017,-0.7430816,0.108942689
17018,0.161669397,0.0602282127
17019,0.328043341,-0.420955037
17020,6.03741629,-0.217397713
17021,-0.760654025,-0.202078186
17022,1.08512936,-0.634680015
17023,-0.728260308,-0.488360219
17024,2.60213737,-0.145335006
17025,,
17026,16.1872253,0.495040483
17027,13.3024652,-0.798345081
17028,1.06549648,-0.331498765
17029,-0.885951198,-0.37773564
17030,-0.981635453,-1.38227796
17031,-11.8551208,0.670694663
17032,-1.88500406,-1.74172574
17033,-0.633867021,0.140624291
17034,-1.66091177,0.60324967
17035,1.44087563,-1.39096943
17036,0.703735867,-1.21285206
17037,1.05108779,-0.101662251
17038,0.409834892,-0.564906979
17039,0.101326851,-1.12335929
17040,-0.183788997,-1.31182963
17041,3.36447574,-1.26448005
17042,1.52096091,0.334645728
17043,1.07865594,2.86398822
17044,-13.4040422,-1.5650323
17045,0.231920009,-0.0153372694
17046,-0.578442477,-0.0601791147
17047,1.1316565,-1.46403367
17048,0.264009104,-0.50818771
17049,,
17050,-10.9790439,-0.359763935
17051,-8.4192837,-0.160359379
17052,0.323957077,-0.377429691
17053,-0.65779161,-0.869077537
17054,-0.431363163,-0.696307667
17055,-12.9894845,-0.057255511
17056,-0.59981963,0.44034569
17057,0.583753327,2.59189436
17058,-0.164524584,0.101851324
17059,14.2807374,0.455113328
17060,0.599140106,-0.649843939
17061,1.47924023,0.534490328
17062,-0.521070928,-0.413759775
17063,-1.22815842,-0.998554288
17064,0.212285878,-0.681735948
17065,4.01994401,-1.67498813
17066,1.11412118,0.900070439
17067,-1.16910437,0.582839018
17068,-11.5496649,0.232017532
17069,1.65022625,-0.104941381
17070,0.613945217,0.0413995315
17071,0.541890817,-0.473529232
17072,-0.0805381538,0.797557562
17073,,
17074,9.63398085,0.92974921
17075,14.2517588,-0.445268616
17076,4.39025965,0.887080702
17077,-1.05343321,0.670301683
17078,-0.672569625,0.385079292
17079,-12.0041482,0.261947975
17080,1.81635575,0.606311814
17081,0,2.22123964
17082,1.38334356,1.1792033
17083,-14.6782606,-1.74394001
17084,2.33886184,-1.82520906
17085,0.342264724,0.567228099
17086,0.792960972,2.13597488
17087,2.19193494,0.0413484546
17088,0.86241676,-0.742217503
17089,3.52250941,-2.04730227
17090,1.52125123,0.208721715
17091,0.187237545,1.10837342
17092,0.829834519,-0.205926798
17093,2.39831963,-0.751124221
17094,0.165715443,0.688885395
17095,0.887417493,-1.06757481
17096,-1.47637081,-0.764806114
17097,,
17098,1.22303987,0.479135737
17099,-13.1307202,0.277010055
17100,-0.443163821,1.98706015
17101,1.87380812,-0.222213443
17102,1.856734,0.448240872
17103,-0.248707616,-0.686650551
17104,-0.339698289,1.20128552
17105,0.182018505,0.962074242
17106,0.299728639,-0.614683771
17107,1.61442531,0.564846846
17108,1.76036246,1.80499648
17109,-0.755070848,-1.59377353
17110,1.5973847,-1.11849018
17111,0.613635482,0.871400153
17112,0.0207594078,-0.145958897
17113,0.203176557,-1.59976041
17114,-2.26278021,-1.06631725
17115,-1.91436281,0.344018746
17116,-12.191519,-0.381909598
17117,-0.483891417,-0.90284061
17118,-0.471018989,0
17119,-0.863682942,0.478393211
17120,0.334681484,-1.32034949
17121,,
17122,8.7950596,-2.06386707
17123,-0.0822746804,-1.12881141
17124,1.18153745,-0.432194087
17125,1.19748891,0.392783933
17126,-0.390145656,1.51877896
17127,12.9132973,-1.80222754
17128,2.99967276,0
17129,-0.122926278,-0.384640794
17130,-0.458140509,-0.880132361
17131,-16.3593249,0.712946464
17132,-0.226009762,0.847415797
17133,-0.197520565,1.02767859
17134,-1.72990601,-0.876056231
17135,1.97883729,0.3060145
17136,-0.470259378,-1.38607851
17137,2.40250008,-1.35497383
17138,0.747719049,2.38936435
17139,-0.428500385,-1.22834351
17140,-1.28317729,-1.92718059
17141,1.14458584,0.646375314
17142,-0.614290921,0.534675426
17143,-0.717009194,-0.974579122
17144,-1.77000183,1.22660019
17145,,
17146,1.87062582,0.667976451
17147,-7.35719732,-1.54095872
17148,2.96113608,-0.780769408
17149,0.321932555,0.866513993
17150,2.71454641,0.385210182
17151,20.8434953,1.382753
17152,2.01793167,0.0587309051
17153,-1.41579165,0.192898253
17154,-0.943950439,0.532802182
17155,6.26319877,-0.102984194
17156,-2.36315837,-1.23667982
17157,1.5278855,-1.26497744
17158,-1.59950624,0.769943711
17159,-0.165558839,-0.121251179
17160,0.0613921052,-0.432215271
17161,-12.6317664,-0.419262951
17162,0.575415232,1.1157812
17163,-0.05940497,-0.282914785
17164,0.686647831,-1.23713344
17165,-9.08259362,-0.654478311
17166,1.32041857,0.459955044
17167,-1.23314903,0.719179371
17168,-1.13836924,-0.751719982
17169,,
17170,-9.36823358,0.468016005
17171,-8.48686903,0.462691844
17172,2.05830055,0.853351025
17173,0.394173386,-1.16824487
17174,0.178626499,1.94188764
17175,-5.59603604,1.0688049
17176,-1.53572234,-1.42736557
17177,-0.0391186132,-0.710894487
17178,0.771868758,0.538707841
17179,-6.38718998,0.698075456
17180,-3.59602421,0.833230715
17181,0.236080582,1.27871518
17182,-0.778939101,0.524443516
17183,-0.303320327,0.771788449
17184,0.437361339,-2.27621918
17185,-10.3903378,-0.959710959
17186,1.17572708,0.548458141
17187,-1.16680427,0.648192811
17188,0.787391756,-1.73898809
17189,-3.81970514,-1.80286306
17190,2.22668758,-1.14834752
17191,-1.15306378,-0.670226838
17192,1.77885194,0.894203108
17193,,
17194,0.349489402,0.0295805034
17195,7.10387993,-0.930244194
17196,2.72156001,1.41123368
17197,0.81342207,0.0197654061
17198,1.83028445,-0.119246849
17199,1.39174321,0.901357787
17200,2.43822524,0.686643294
17201,-1.02734082,-1.1344387
17202,0.403416101,0.251733582
17203,11.5923792,1.06752849
17204,-0.588512743,-0.582316527
17205,0.218606348,-0.688922255
17206,-1.67532778,0.967149536
17207,-0.719323609,-1.02487741
17208,-0.126487302,0.75603543
17209,1.42242212,0.922138293
17210,-0.591812025,-1.0698306
17211,-0.613854373,-1.40615829
17212,13.8348143,-0.240312073
17213,2.40455481,-1.17368399
17214,2.05529161,-0.140177812
17215,0.391123884,-1.24470068
17216,1.00003108,0.488545302
17217,,
17218,11.6282449,-0.0306551578
17219,-5.73490208,-0.488325073
17220,1.82140725,0.225682299
17221,-0.530559358,0.204249173
17222,-0.405704094,0.431653574
17223,-13.6121834,-0.46810533
17224,-3.35518482,0
17225,0.548956815,0.366799636
17226,0.537600836,1.0437863
17227,12.9950228,0.0577829579
17228,2.5392698,-0.0729881153
17229,-0.251993859,0.478963776
17230,-1.03727321,-0.353249187
17231,0.160033695,0.958465761
17232,1.96960189,-0.317269014
17233,6.85089396,-1.45204675
17234,-0.704983157,-0.182182927
17235,1.27831928,1.68339164
17236,14.7921146,0.205195947
17237,0.180589952,0.524094994
17238,-0.180991684,-0.234032751
17239,0.210826965,1.13802956
17240,0.920899751,1.58226065
17241,,
17242,16.6101286,0.170207554
17243,7.36893779,-1.45935903
17244,-2.35756988,-0.455743673
17245,-1.34059713,-1.1478398
17246,-2.08745192,1.11526974
17247,25.3631541,-1.36866965
17248,2.32132176,1.18192279
17249,1.35542258,0.666634875
17250,1.08910929,1.80941348
17251,-19.4893722,-1.47207269
17252,-3.46265771,-0.267483318
17253,-0.0597791799,0.739161253
17254,-0.769433739,0.251072887
17255,-0.767155729,-1.61825271
17256,-0.678185773,-0.516901828
17257,1.31387874,-2.63105257
17258,-0.392421453,-1.00427782
17259,-0.766725959,1.21375022
17260,20.5005831,-0.753046345
17261,1.05136192,0.103393432
17262,-0.933266688,2.04998029
17263,1.15356964,-0.832535224
17264,-0.059910726,0.74305936
17265,,
17266,-0.251376347,1.62262111
17267,-0.453642918,3.20808968
17268,-7.14274089,0.461849807
17269,0.447158027,1.22311743
17270,-0.142971805,-0.10396719
17271,13.8831601,0.660900857
17272,1.85244006,-0.0439035387
17273,0.932488548,1.24606962
17274,-0.968347754,0
17275,-6.10182528,-0.780530163
17276,-1.72530761,-0.602215063
17277,-0.58196025,-0.652557015
17278,0.424119835,-0.5457262
17279,-1.51194825,-0.166742864
17280,0.432462134,0.954869454
17281,2.15163173,-0.97252036
17282,-0.0622145533,-3.2794718
17283,0.279001576,-0.169838485
17284,-5.56657451,0.934010269
17285,-0.442346596,-0.609473053
17286,-0.920026429,-0.240133645
17287,-1.27206305,1.00073777
17288,-0.639280417,-0.104144748
17289,,
17290,9.14259529,-1.75457181
17291,12.8205687,0.640177256
17292,3.13773258,1.40965667
17293,0.202553549,0.0780377769
17294,1.64133753,-0.385645854
17295,-4.64807454,0.987594523
17296,3.8488673,2.25933579
17297,-0.643394335,0.589604401
17298,2.34524532,-0.946181831
17299,17.3515012,0.469172663
17300,4.10678332,-0.614933733
17301,0.633898261,1.58591348
17302,-0.323301735,0.704940586
17303,-0.122167794,1.16056675
17304,-0.702009118,-1.20881431
17305,6.90008357,-1.30107584
17306,-1.39020653,-0.348074873
17307,-0.311444818,0.448547406
17308,-20.1915232,-0.977258184
17309,1.94275859,-0.238038448
17310,-0.328090699,0.425723473
17311,1.57022268,1.06917862
17312,-0.887768964,-0.142577916
17313,,
17314,9.76932731,0.0315186108
17315,-5.61854049,0.656284083
17316,3.25107,-0.305730583
17317,0.0201302335,-0.528500529
17318,1.06528487,1.58884067
17319,8.21510697,0.431945195
17320,3.96838217,0.325279189
17321,0.253334346,-1.01023626
17322,-0.477812275,-0.547931412
17323,16.9791382,-0.820475946
17324,2.06809425,0
17325,-1.99510905,-0.450718781
17326,1.84956107,-0.675772664
17327,0.834024597,1.03953635
17328,0.136204023,1.64294991
17329,-1.4840627,-1.31110086
17330,0.578166972,-0.247480999
17331,-0.487688026,-0.80215556
17332,-6.1223259,0.303553501
17333,1.50127763,-1.86884613
17334,-0.817543084,0.602380773
17335,2.27127439,-0.744490737
17336,0.0801946328,1.6945193
17337,,
17338,5.81300506,0.0211478238
17339,14.5597594,-0.361573105
17340,0.239207132,1.02817476
17341,2.36631053,-0.493132247
17342,0.487591721,0.88638813
17343,-6.28030343,-2.51728121
17344,-2.33509921,-2.02423652
17345,-0.166173018,-0.0820125633
17346,-1.11939754,-1.43691341
17347,-5.55229741,0.114288462
17348,-4.8971098,0.301269405
17349,-0.320076699,0.561866246
17350,-0.47877648,0.43149551
17351,-1.03461426,-0.81009342
17352,1.53164485,1.38124666
17353,-5.21565533,-0.739468891
17354,0.333193382,1.38111426
17355,0.301671766,1.70615865
17356,-11.4609071,1.59667045
17357,-6.30933998,-2.32908084
17358,0.908720465,1.06264025
17359,-0.439899022,1.43487778
17360,-0.708377137,1.35890202
17361,,
17362,-3.74552102,0.269156227
17363,-7.31829699,-0.620142768
17364,-2.41589318,-0.257704458
17365,0.320132895,1.4608705
17366,-0.406444599,0.638644974
17367,-15.4809354,0.621702004
17368,0.78934207,-2.28778998
17369,1.76865391,1.13621053
17370,-0.744085975,0.752617318
17371,8.40777739,1.00049556
17372,-0.648680532,-0.806188705
17373,0.846157147,0.883596396
17374,0.326352027,-0.585880984
17375,1.10933442,0.449882377
17376,-0.427431642,-0.513517318
17377,-0.784890088,-1.08202539
17378,-1.68929767,-0.853798821
17379,-0.338240755,-1.69469155
17380,-6.97288717,0.705496396
17381,-0.336861239,-0.79172491
17382,1.19819971,-1.2873844
17383,0.453171424,-1.1782978
17384,0.205160492,0.438642114
17385,,
17386,6.04961699,0.904622371
17387,14.8857276,-0.386884466
17388,1.5778065,-0.0445843654
17389,-0.142496449,-0.0199781112
17390,-0.824937524,-0.220970748
17391,-4.64520369,-0.0282212787
17392,-0.598740463,0.0146075497
17393,0.456567478,-0.705128445
17394,-0.582353141,-1.86950402
17395,6.8285895,-0.512844503
17396,-2.07437904,0.272712053
17397,-1.144845,1.19723261
17398,0.0764629464,-0.319657293
17399,2.4396926,-0.866328265
17400,-0.195052024,-0.415150768
17401,-0.359880623,-0.459286282
17402,0.317614642,-0.964311424
17403,-1.18710522,0.795760062
17404,14.0733701,-0.94730589
17405,-2.35481485,-1.18498799
17406,0.738316191,-2.21498836
17407,0.703722466,0.080777753
17408,0.400774575,0.687677984
17409,,
17410,,
17411,-1.42405954,-1.03907175
17412,-1.09399392,0.727162957
17413,12.4483273,0.459227513
17414,1.5981886,-0.0293332177
17415,0.807461502,-0.562195836
17416,2.19364051,-0.563791475
17417,-0.492137541,0.426563556
17418,-1.39880591,-0.809789639
17419,,
17420,-0.857988338,-0.259326299
17421,-0.299016747,0.372527712
17422,-0.385051545,0.144973653
17423,-0.508056865,-0.677369783
17424,0.0394453379,1.05368989
17425,0.0394453379,1.05368989
17426,-0.224410165,0.267304143
17427,-0.178657545,1.55032066
17428,,
17429,-0.675800977,1.57580414
17430,0.413134932,-1.56932198
17431,1.08899263,-0.412271817
17432,0.359173502,-0.280952569
17433,-1.81984806,0.116543282
17434,-1.81984806,0.116543282
17435,-0.996173612,0.372290463
17436,0.213046897,1.2874742
17437,,
17438,-0.719710478,-1.89467065
17439,0.585406755,-0.815755113
17440,-0.349059987,-0.533329519
17441,0.630714464,1.02694652
17442,-0.12920518,-0.930318802
17443,-0.12920518,-0.930318802
17444,0.672986247,-0.9303786
17445,-0.382241584,-0.0399823676
17446,,
17447,0.603628798,1.94735416
17448,-1.63407866,-1.5204638
17449,-2.2221066,-1.42017062
17450,1.44816242,-0.524047258
17451,-0.168149853,1.67543043
17452,-0.168149853,1.67543043
17453,0.120969211,0.629685666
17454,-1.03024162,1.36245662
17455,,
17456,-0.250221231,-0.458129492
17457,0.956716489,-0.200540571
17458,-0.0196385607,0.273497721
17459,0.539222034,0.125252799
17460,-0.455876828,0.453422291
17461,-0.455876828,0.453422291
17462,1.23956959,0.740623286
17463,-1.54854285,-0.238596469
17464,,
17465,1.42876071,0.688987337
17466,-0.387875564,1.79465372
17467,0.767208634,1.9026002
17468,-0.0852774369,0.0746157019
17469,0.745137156,-0.165674825
17470,0.745137156,-0.165674825
17471,-2.03572123,-0.667772929
17472,1.83054188,0.473653031
17473,,
17474,-0.24977976,1.39378808
17475,0.405999929,0.542847515
17476,-0.0206614493,0
17477,0.147653282,-0.206391527
17478,0.104819131,-0.358833484
17479,0.104819131,-0.358833484
17480,-0.911697705,0.285683721
17481,-0.684878467,1.57341884
17482,,
17483,0.183825143,0.737242822
17484,-0.442905398,-0.183603351
17485,0.200711751,-0.220591358
17486,1.82339896,-0.505099157
17487,0.334681484,-2.20948703
17488,0.334681484,-2.20948703
17489,0.988733448,0.836220942
17490,0.783559039,-1.56616022
17491,,
17492,-0.451712465,0.14444274
17493,1.14618323,1.91964384
17494,0.54255148,1.55228806
17495,1.46317166,0.715903949
17496,-0.0386289274,-0.26999831
17497,-0.0386289274,-0.26999831
17498,0.491254155,0.179389675
17499,0.797652677,1.06537453
17500,,
17501,0.980847266,1.55604446
17502,-0.806661178,0.465890741
17503,0.646682885,0.251940403
17504,-0.119691181,0.809406669
17505,0.67568867,0.318363919
17506,0.67568867,0.318363919
17507,-0.0419992087,0.615532765
17508,0.581799368,0.272748718
17509,,
17510,-0.173557047,1.70973649
17511,-0.185744927,1.20452012
17512,-1.04193525,1.90768928
17513,0.245942611,0.442081621
17514,-0.732467101,-0.101106675
17515,-0.732467101,-0.101106675
17516,-1.70134219,0.675385465
17517,-1.33383978,-1.33053999
17518,,
17519,-1.57785748,0.363782434
17520,1.48685079,-0.569518424
17521,0.355318988,1.29487571
17522,-0.133639667,-1.73046171
17523,-0.164636312,-0.371369875
17524,-0.164636312,-0.371369875
17525,-0.291368255,1.54693803
17526,1.62161536,-0.0797670764
17527,,
17528,-0.0286378159,0.655735697
17529,1.22394553,-1.15680398
17530,0.473454798,-0.358337008
17531,0.895024948,1.23401451
17532,0.848195016,0.636204302
17533,0.848195016,0.636204302
17534,0.121026311,0.600197636
17535,-0.278724281,0.801847389
17536,,
17537,-0.857677937,-1.33378967
17538,1.60817087,0.387927506
17539,-0.0611189306,0.306158244
17540,0.721443383,-0.424508844
17541,-1.29858527,0.102531747
17542,-1.29858527,0.102531747
17543,-0.615513294,0.194621839
17544,0.277186558,-0.402060525
17545,,
17546,2.03087016,0.184545871
17547,1.97136404,1.42509528
17548,1.76572933,1.73998363
17549,-0.978210316,1.03879531
17550,-1.3177232,-0.606523754
17551,-1.3177232,-0.606523754
17552,-1.0074765,-1.15972502
17553,0.0396861391,0.0210991441
17554,,
17555,-0.359739409,0.408400777
17556,1.44611465,0.65090257
17557,0.0408795938,0.479192991
17558,0.218776373,1.07644682
17559,-0.667643629,-0.363097077
17560,-0.667643629,-0.363097077
17561,0.47417827,-1.3074784
17562,0.125116829,0.0988098111
17563,,
17564,-1.59783609,-0.1901079
17565,-0.671344213,-0.47515
17566,-0.882728086,-0.233097156
17567,-0.50589969,0.400631827
17568,0.517341663,-0.120726423
17569,0.517341663,-0.120726423
17570,0.203972755,1.67966914
17571,0.579280629,0
17572,,
17573,0.183525565,1.23752108
17574,1.11378576,-0.357974814
17575,1.71387939,-0.970450809
17576,-0.782822288,-1.06296344
17577,-0.837015078,-0.0625839626
17578,-0.837015078,-0.0625839626
17579,0.358332381,1.73592488
17580,0.290431173,-0.182819002
17581,,
17582,-0.671458925,2.20267044
17583,0.469282656,0.912910937
17584,-0.124098551,1.48365238
17585,-0.11292203,-0.0580760484
17586,0.748449014,-2.33365266
17587,0.748449014,-2.33365266
17588,0.586542482,-0.160997645
17589,-0.318755528,0.808186356
17590,,
17591,0.807608013,-0.370816198
17592,-0.0140284732,-1.19252945
17593,-0.626677734,-0.378540452
17594,-0.344469944,-0.797624589
17595,0.0411465015,-0.645550278
17596,0.0411465015,-0.645550278
17597,1.06280045,-0.290137159
17598,-0.534378519,-0.435435231
17599,,
17600,-0.252252397,0.838100571
17601,-0.585245923,-0.190620651
17602,0.601402162,0.16753788
17603,0.250002778,-1.76305439
17604,-0.0623273854,1.03444365
17605,-0.0623273854,1.03444365
17606,-0.178131254,-0.485728116
17607,-1.17239596,-0.837885903
17608,,
17609,-1.49701408,1.58283193
17610,0.537808371,0.538414163
17611,0.25403009,0.118033536
17612,0.212606172,-0.815589279
17613,-0.761529315,0.470013221
17614,-0.761529315,0.470013221
17615,0.867912538,0.741687242
17616,-0.393308955,1.76330423
17617,,
17618,2.01716492,-0.584317996
17619,-1.31462539,0.2736699
17620,-0.325821412,-0.700621874
17621,1.52681292,-0.190220214
17622,-1.91271022,-0.369482653
17623,-1.91271022,-0.369482653
17624,-0.330046684,2.15020731
17625,-0.122034093,0.714713829
17626,,
17627,1.96897536,0.786554152
17628,0.909616323,-1.08236308
17629,0.603411738,-1.37567806
17630,1.36156494,0.529867402
17631,-0.759780666,0.311767988
17632,-0.759780666,0.311767988
17633,0.482372482,1.09670591
17634,-2.08255784,-0.0768573532
17635,,
17636,1.90615662,0.26574161
17637,-1.1738085,-0.689998837
17638,-2.09660377,-0.138728345
17639,-2.52855946,-0.639319326
17640,1.95579802,-0.915430126
17641,1.95579802,-0.915430126
17642,-1.38391709,1.08730485
17643,1.34885716,-0.649507801
17644,,
17645,0.421348573,0.31169386
17646,0.141106323,-0.24460906
17647,0.515376272,-1.07058765
17648,0.457708915,-0.946603377
17649,-0.37280763,0.931917869
17650,-0.37280763,0.931917869
17651,-1.0286549,0.0404475408
17652,-1.89927904,-0.499735334
17653,,
17654,-1.18400459,0.259780087
17655,-0.0997487126,-1.02263105
17656,0.982608401,-1.13805312
17657,-1.12777907,-0.982482584
17658,-0.457748913,0.123464129
17659,-0.457748913,0.123464129
17660,1.6950351,-0.781987721
17661,0.541516289,-0.563805459
17662,,
17663,-2.53651696,0.389969141
17664,2.27332525,0.0293940855
17665,1.12422473,-0.101622458
17666,1.35253059,0.983063384
17667,-0.488431185,0.388534923
17668,-0.488431185,0.388534923
17669,2.73231039,0.217618144
17670,0.241583045,0.769325527
17671,,
17672,-0.786029187,0.406763935
17673,-1.79076435,1.42497441
17674,-1.57714869,1.28956992
17675,-1.07418212,0.930699605
17676,0.416677545,-0.0413089567
17677,0.416677545,-0.0413089567
17678,-0.952664039,-0.205752588
17679,1.81489135,-0.197864472
17680,,
17681,1.32693524,-1.19968849
17682,-0.550092764,-1.12839315
17683,-0.421473189,-1.25606322
17684,-0.245425178,1.73183299
17685,2.12884003,1.74804824
17686,2.12884003,1.74804824
17687,-1.2872397,-0.789910513
17688,0.0987176754,-1.10170939
17689,,
17690,-0.199417419,0.665446161
17691,-1.31520226,-2.11641121
17692,0.0799771526,-0.87588176
17693,-0.135516289,-0.873387572
17694,-0.354367364,1.44524543
17695,-0.354367364,1.44524543
17696,-0.105412954,-0.772830353
17697,-1.15706035,-0.0211771652
17698,,
17699,1.584438,0.810901885
17700,1.84710812,-0.234449937
17701,1.84414868,-0.914189646
17702,-0.721049744,-1.24280406
17703,-1.31808142,-0.724200608
17704,-1.31808142,-0.724200608
17705,-0.693991588,0.543443619
17706,1.05697369,-0.0598695694
17707,,
17708,-0.546173416,-0.528058097
17709,-1.10399782,-0.354591729
17710,-0.241557528,-1.02096729
17711,-1.28802839,-1.09379123
17712,1.06569445,-1.67634485
17713,1.06569445,-1.67634485
17714,-1.63300851,-0.991023087
17715,-0.242451492,-1.04287964
17716,,
17717,0.700148226,-1.92545023
17718,-1.19951112,0.995433583
17719,-1.02041183,1.46499192
17720,0.809782971,-0.312514724
17721,0.720617975,1.03393291
17722,0.720617975,1.03393291
17723,-1.49903327,0.0418279566
17724,-0.0603491597,-0.284472649
17725,,
17726,-0.472762239,-1.26465405
17727,0.270058434,1.44233376
17728,1.38555102,0.931977494
17729,3.09344997,2.18067677
17730,-0.772440648,0.206207512
17731,-0.772440648,0.206207512
17732,-1.4310557,-0.891886143
17733,0.39477333,-0.020761426
17734,,
17735,1.11739171,0.232460958
17736,-1.51504324,0.516830532
17737,-0.688970876,-0.201311025
17738,-1.65487602,3.068393
17739,1.3234554,0.650279982
17740,1.3234554,0.650279982
17741,-2.88195282,-0.174312185
17742,-0.322535278,-0.383179328
17743,,
17744,-0.394850067,0.516800511
17745,-0.0417622871,-1.2326556
17746,-0.983576466,-0.846842282
17747,0.075343018,-0.699254375
17748,-0.66989189,-2.97738333
17749,-0.66989189,-2.97738333
17750,-1.05950557,0.588933645
17751,0.125787598,-0.877786848
17752,,
17753,-0.622318258,-0.450303423
17754,-0.770021017,-1.28937534
17755,-0.0204735781,-1.03211768
17756,-0.183414183,-1.45653576
17757,0.534607956,0.10326792
17758,0.534607956,0.10326792
17759,-0.166610312,0.0604824181
17760,0.591251943,-0.125577928
17761,,
17762,1.73389505,0.0725416351
17763,-0.232374315,-0.797514688
17764,1.0348165,-0.47836413
17765,0.485680502,-0.33399944
17766,-1.15387497,-0.0394021853
17767,-1.15387497,-0.0394021853
17768,-0.702201212,0.914952418
17769,0.222722924,1.75738113
17770,,
17771,-0.137798085,-2.10172146
17772,0.381405551,-0.565714735
17773,0.370391209,0.891628884
17774,-2.20269173,0.142177442
17775,-0.563942139,1.00868385
17776,-0.563942139,1.00868385
17777,0.529334377,0.308747982
17778,-0.7493083,1.82011853
17779,,
17780,0.220284043,0.388621787
17781,-0.769419719,0.243053458
17782,0.887088026,0.556409652
17783,0.260737884,-0.265023491
17784,-0.433654003,-0.436394625
17785,-0.433654003,-0.436394625
17786,-0.556350439,-1.55019235
17787,0.438789919,1.446674
17788,,
17789,-1.22132655,-0.224932411
17790,-1.50992708,0.172543008
17791,-1.32478358,-0.541297604
17792,-2.27407337,-0.402816437
17793,0.80643353,-1.05653617
17794,0.80643353,-1.05653617
17795,-0.790776915,0.825120049
17796,0.197794616,-0.727137195
17797,,
17798,0.908129001,-1.47975676
17799,-1.00200746,-0.626030324
17800,-1.76215517,-1.37008053
17801,-0.518229082,-1.32982662
17802,0.932302275,-0.368356197
17803,0.932302275,-0.368356197
17804,0.1590599,-0.772012239
17805,-0.570053539,0.219877146
17806,,
17807,-0.146979897,1.1355843
17808,0.131140557,2.57439765
17809,-0.612824413,1.37261317
17810,1.16289946,0.389837504
17811,-0.54966684,0.847445892
17812,-0.54966684,0.847445892
17813,0.676045498,1.5428449
17814,-0.272483524,-2.18022404
17815,,
17816,-0.686333111,1.6196366
17817,-0.743101197,-1.94786401
17818,-1.94597899,-0.772040191
17819,0.997370901,0.467501351
17820,0.142495857,-2.30557411
17821,0.142495857,-2.30557411
17822,-0.139299953,1.04877065
17823,-0.25429625,-0.672807864
17824,,
17825,-0.252992953,0.547042021
17826,-0.183133039,0.779644698
17827,-0.0410106891,0.664863925
17828,1.01133638,-0.116153263
17829,0.202825693,0.871561639
17830,0.202825693,0.871561639
17831,-0.576182447,0.434594115
17832,0.930927284,-0.882122654
17833,,
17834,0.553302385,-1.03088842
17835,1.16424883,-0.366716167
17836,0.592274518,-1.05460335
17837,-0.440383864,0.30309274
17838,0.978114422,1.2080771
17839,0.978114422,1.2080771
17840,-0.737714224,0.581070392
17841,0.576309679,-0.418194306
17842,,
17843,0.0416137982,-0.252234803
17844,1.30165669,1.79951005
17845,0.474186156,2.98935633
17846,-1.52291012,-0.843657918
17847,-1.44237291,-0.602771568
17848,-1.44237291,-0.602771568
17849,-0.844025562,-0.0621802472
17850,-0.679262187,-0.342284198
17851,,
17852,-1.53322851,-0.159252879
17853,-1.21612285,-1.05421273
17854,-0.0197938386,-0.456948624
17855,-0.677934513,3.56759469
17856,-2.62170478,0.0617988307
17857,-2.62170478,0.0617988307
17858,-1.4022736,0.350060118
17859,-1.7836247,-0.830491583
17860,,
17861,-1.83894158,1.06020669
17862,0.101767886,1.2354534
17863,-0.409735295,2.14816866
17864,-0.500427926,-2.02317219
17865,0.29817277,-0.128823808
17866,0.29817277,-0.128823808
17867,0.0197305089,-0.870824914
17868,2.4620272,-2.67949272
17869,,
17870,0.627142049,1.27395444
17871,0.171883697,0.888678895
17872,-0.354518739,0.450693654
17873,0.08882446,-0.0920061249
17874,0.249858707,-1.52439998
17875,0.249858707,-1.52439998
17876,0.213303463,-0.453842289
17877,1.43909528,-0.255415521
17878,,
17879,-1.10879588,-1.50735707
17880,1.05056909,-2.00765633
17881,1.37732216,0.275701875
17882,0.588271325,0.397809125
17883,-0.164491633,-1.66682475
17884,-0.164491633,-1.66682475
17885,0.607640653,0
17886,1.77185953,0.607948672
17887,,
17888,-0.819089182,-1.71897487
17889,1.00917597,1.11285433
17890,0.409139039,2.02292954
17891,1.49230777,0.608176616
17892,1.21731945,-1.50850598
17893,1.21731945,-1.50850598
17894,-0.220749386,0.352768983
17895,0.0594630834,0.264785355
17896,,
17897,0.657054182,1.11768014
17898,0.495391224,1.44533332
17899,0.137199917,-0.0813219226
17900,-0.534293018,1.77686558
17901,-0.339959957,0.0200676398
17902,-0.339959957,0.0200676398
17903,-0.752359901,0.373774132
17904,-0.0834456021,0.233568532
17905,,
17906,-0.0715250899,-0.0586376116
17907,0.103666096,-0.724906787
17908,-0.203928531,-0.892049669
17909,0.528801098,-0.229335952
17910,0.82962075,-0.844351048
17911,0.82962075,-0.844351048
17912,-0.422053916,-0.280011229
17913,0.0396158317,-0.0813819696
17914,,
17915,1.49640729,-0.796067288
17916,0.513559925,-0.105968612
17917,-0.060587433,0.25494787
17918,0.179320911,-1.01561689
17919,0.159256147,0.247981836
17920,0.159256147,0.247981836
17921,0.855351714,0.230140185
17922,0.103823507,-3.84526786
17923,,
17924,-0.932920768,-0.579184138
17925,1.16356697,-0.831502654
17926,0.223133685,0.341657852
17927,-1.11817269,-0.286372249
17928,-0.681108224,1.14699471
17929,-0.681108224,1.14699471
17930,-0.308343573,-0.873869809
17931,0.676374584,-0.546247057
17932,,
17933,-0.185939297,0.289653186
17934,2.44623837,-0.166726648
17935,0.962001507,0.502447185
17936,-0.0848823043,0.776915886
17937,-0.104444994,0.758054639
17938,-0.104444994,0.758054639
17939,0.166406931,-1.42044836
17940,0.445765857,-2.75745935
17941,,
17942,-2.10219823,-0.0442139094
17943,-1.00725664,-1.88627122
17944,-1.06728752,-0.741359124
17945,0.953829923,-0.554190932
17946,-0.885565512,-0.160758442
17947,-0.885565512,-0.160758442
17948,-0.449567801,-0.378297416
17949,-0.0806486055,-0.020041361
17950,,
17951,-0.912830558,-0.362542902
17952,-0.992446936,-1.96190517
17953,-1.04983232,-1.25943245
17954,1.22503235,-1.83066663
17955,-1.34280093,0.948355473
17956,-1.34280093,0.948355473
17957,-1.01918957,-0.137544664
17958,0.470933008,-1.04116634
17959,,
17960,-0.347411145,0.841966381
17961,0.484082322,-0.264881813
17962,-0.185069658,0.743281535
17963,-1.05370278,-0.567631029
17964,-1.51808342,0.0199991279
17965,-1.51808342,0.0199991279
17966,-0.49442734,-1.68827795
17967,-1.96782887,-0.16131973
17968,,
17969,2.37389375,2.2594762
17970,1.06240632,-0.424396195
17971,1.02533641,-0.707017231
17972,-0.827233906,1.61800578
17973,-1.11033348,-0.326084508
17974,-1.11033348,-0.326084508
17975,1.65655062,-0.750043243
17976,-1.45781487,0.327304863
17977,,
17978,2.36842552,-1.18218758
17979,-0.885636109,0.561567141
17980,0.182179185,0.0799041725
17981,2.09103303,-0.989196882
17982,0.0409532014,1.62206854
17983,0.0409532014,1.62206854
17984,-1.19509074,0.343585276
17985,0.701568496,0.491535894
17986,,
17987,0.0729038305,-0.606066538
17988,-0.29992645,-0.986850896
17989,-1.19344309,-0.70154454
17990,-0.283971108,-1.72116346
17991,0,1.29038996
17992,0,1.29038996
17993,-0.364132395,1.08628318
17994,-0.23213064,1.46544112
17995,,
17996,0.304279278,0.156563552
17997,-0.608133921,-0.722576188
17998,-0.169459898,-0.640266432
17999,-0.127840064,0.912544424
18000,-0.929651557,0.760152654
18001,-0.929651557,0.760152654
18002,1.44961955,0.41213183
18003,-0.720277365,-0.141766859
18004,,
18005,0.29909001,-0.144320161
18006,1.55290778,2.07790981
18007,0.666033856,2.18388321
18008,0.751081694,-0.440019761
18009,0.280252693,-0.104177376
18010,0.280252693,-0.104177376
18011,0.501574365,1.73267
18012,-0.858975292,-0.339687699
18013,,
18014,-0.245556317,0.664143852
18015,0.413698413,-1.06193741
18016,0.0201330554,0.345975142
18017,0.158024895,-0.607041673
18018,-1.95212121,-0.886663278
18019,-1.95212121,-0.886663278
18020,2.09438981,-0.564336337
18021,-0.690467521,-0.767766459
18022,,
18023,-0.680033176,0.80270638
18024,-0.909527341,-1.60150823
18025,0.174847248,-1.60794083
18026,-1.10169135,1.72029812
18027,-1.27830609,-0.38687654
18028,-1.27830609,-0.38687654
18029,0.302271095,0.632831442
18030,-0.249975256,-0.568922927
18031,,
18032,0.918177401,-1.06671683
18033,0.947747869,0.122945609
18034,1.0978347,-0.0404681214
18035,-0.118041386,1.31909975
18036,0.280058404,-0.997359138
18037,0.280058404,-0.997359138
18038,-0.445678292,0.22347087
18039,-0.100013687,0.916799315
18040,,
18041,0.664558586,-0.559389533
18042,0.889245752,0.636385513
18043,1.17804204,-0.628843792
18044,0.989915178,-0.157613758
18045,0.59411601,1.10154324
18046,0.59411601,1.10154324
18047,0.0814435036,-0.0799079286
18048,-0.61362583,0.434749007
18049,,
18050,1.13439001,1.81973494
18051,0.434792609,1.11966742
18052,-1.38858284,1.08971839
18053,0.356896156,0.926657861
18054,0.46721378,-0.14015077
18055,0.46721378,-0.14015077
18056,-0.288299663,0.508646544
18057,0.0609693088,-2.00996064
18058,,
18059,-0.801618319,-0.157251678
18060,-0.521863299,1.06170217
18061,-0.827919505,1.80938687
18062,-0.248285594,-0.632880091
18063,-0.59210507,0.146094593
18064,-0.59210507,0.146094593
18065,1.41766912,-1.74520841
18066,0.625409439,-1.61138172
18067,,
18068,-1.48112109,0.197079704
18069,-1.1488518,0.0426088192
18070,-0.0808734475,-1.04443531
18071,0.0307574192,-0.604222966
18072,1.36108725,-0.0590390761
18073,1.36108725,-0.0590390761
18074,0.343747195,-1.09122475
18075,0.596772693,0.632951459
18076,,
18077,-1.11467647,1.02323393
18078,1.3898285,0.176236618
18079,-0.674874874,0.367033102
18080,1.31629657,-0.731505031
18081,1.7764143,1.00920423
18082,1.7764143,1.00920423
18083,-0.834402326,-0.162778632
18084,1.01496598,0.936918332
18085,,
18086,-0.148704774,-1.42015775
18087,0.320018873,0.944684304
18088,0.387419591,1.67738438
18089,3.40228627,0.280721908
18090,-0.871983722,0.972139189
18091,-0.871983722,0.972139189
18092,1.04338548,0.286821948
18093,-0.0390446712,-0.0619745351
18094,,
18095,1.32198609,-0.0287381885
18096,-0.575385967,0.0699525833
18097,-0.463504046,0.346906911
18098,1.07389181,-1.34378842
18099,0.570474508,0.575927081
18100,0.570474508,0.575927081
18101,-0.774574084,1.10184236
18102,0.204633585,0.910527679
18103,,
18104,0.930354476,1.61462245
18105,-0.412079938,-1.00986999
18106,-1.36923626,-0.621519138
18107,0.814201618,0.0156425686
18108,-0.0984131721,-0.624799163
18109,-0.0984131721,-0.624799163
18110,0.122835468,-0.182605358
18111,0.190053521,0.171690311
18112,,
18113,1.97462197,0.860333964
18114,0.551065768,0.65629133
18115,0.360034291,0.275889234
18116,0.154064596,0.840962051
18117,1.66841713,0.445183063
18118,1.66841713,0.445183063
18119,0,-0.927205346
18120,-0.660595897,0.285314737
18121,,
18122,0.405493358,0.384327481
18123,-0.477568348,-0.728851592
18124,-1.0252413,-2.60685091
18125,-0.907518979,0.196528579
18126,0.2691234,-0.423737947
18127,0.2691234,-0.423737947
18128,-1.07238117,-1.91835233
18129,1.48018392,-1.10205966
18130,,
18131,-0.448907933,-0.256868018
18132,1.30923955,-0.891865048
18133,1.40155437,1.02298924
18134,-0.546006809,-1.31365311
18135,1.10566207,-0.840639845
18136,1.10566207,-0.840639845
18137,0,0.97863381
18138,-0.224501513,0.203789241
18139,,
18140,0.18373254,-0.864459421
18141,-1.65907641,0.702638766
18142,-0.0861708441,0.71549562
18143,-1.48955539,2.00436335
18144,0.0801794491,1.49266872
18145,0.0801794491,1.49266872
18146,-0.533949269,-0.99669651
18147,0.487679005,-0.13993247
18148,,
18149,0.690192319,-0.0143478793
18150,1.40091117,-0.818204791
18151,0.990778403,-0.632897547
18152,-0.473452535,0.600501296
18153,0.545367425,0.245619856
18154,0.545367425,0.245619856
18155,-0.370347193,-0.611335583
18156,0.572757681,1.3110964
18157,,
18158,-0.960134587,0.127276701
18159,1.6580273,-0.327327743
18160,1.36760107,-0.841998529
18161,-0.586737259,-1.08007219
18162,0.64057501,0.187328603
18163,0.64057501,0.187328603
18164,0.241105212,-0.703167073
18165,-1.95836528,-2.68800809
18166,,
18167,-0.0291071228,1.37496095
18168,0.586615258,-0.522336254
18169,-0.505926538,-1.68230523
18170,1.42344388,-0.144064096
18171,-0.637644634,0.483218412
18172,-0.637644634,0.483218412
18173,0.414438386,1.95113402
18174,-0.0204340315,-0.266084406
18175,,
18176,0.906016767,0.233625673
18177,1.1817407,-0.304863419
18178,0.632798397,0.828840331
18179,1.49783772,-0.953764181
18180,-1.28338807,0.481243916
18181,-1.28338807,0.481243916
18182,-0.447833658,0.677479664
18183,-0.580451007,-0.378810372
18184,,
18185,-1.31548601,-0.612882465
18186,0.355596307,0.573981291
18187,-0.509119782,0.546796213
18188,0.945053698,-1.10284363
18189,0.990230633,-0.341761658
18190,0.990230633,-0.341761658
18191,0.434352612,-0.705043936
18192,0.783748092,1.77810526
18193,,
18194,0.9985817,0.0138858582
18195,0.646503298,1.07822128
18196,0.715104299,0.860659514
18197,-0.634357368,1.08922647
18198,0.342583671,0.0400986495
18199,0.342583671,0.0400986495
18200,-0.833393777,0.956294171
18201,-0.124430917,0.828873462
18202,,
18203,-0.548940684,0.668481878
18204,-0.548033516,-0.549429525
18205,0.594110866,0.0393715578
18206,1.70167238,0.519553666
18207,-0.178595822,-2.15230365
18208,-0.178595822,-2.15230365
18209,2.69539215,-0.418487894
18210,-1.00732608,-0.727849097
18211,,
18212,1.13877973,-0.349999467
18213,0.575692271,-1.24487915
18214,-0.697475779,-1.0961974
18215,-1.36005799,-1.61733652
18216,-0.922861374,1.98121459
18217,-0.922861374,1.98121459
18218,0.665225664,-2.16737474
18219,-0.312385717,0.278392615
18220,,
18221,0.620549322,1.31112698
18222,1.75419117,-0.123406592
18223,1.5362304,0.612148738
18224,-1.01203209,-0.30888188
18225,-0.185083388,1.46780862
18226,-0.185083388,1.46780862
18227,-0.909528632,0.174461836
18228,-0.150376209,-1.05638316
18229,,
18230,-0.46595643,1.29471357
18231,1.3111296,-0.298257204
18232,0.922016314,-0.0838136336
18233,1.28982462,-0.958647906
18234,1.03003816,2.23692317
18235,1.03003816,2.23692317
18236,0.373671156,-1.42519207
18237,-0.50153868,0.251791843
18238,,
18239,0.554991772,-0.541442685
18240,-0.0569171037,2.21718909
18241,0.328166446,1.55484103
18242,0.91170788,-0.745875051
18243,0.18075769,0.629950985
18244,0.18075769,0.629950985
18245,0.575235749,-1.34730822
18246,1.3015599,2.03614975
18247,,
18248,0.85771337,0.642434217
18249,1.27669405,-0.612511147
18250,0.278671239,-1.91700366
18251,-0.430513572,-0.149714296
18252,-1.05037964,0.806690729
18253,-1.05037964,0.806690729
18254,-1.55764966,0.188463647
18255,1.18891813,-0.0604527425
18256,,
18257,-1.89173262,-0.478986086
18258,-0.540547107,1.85947421
18259,-1.88831161,0.537165483
18260,1.34816559,-0.304438708
18261,0.927637605,1.82787984
18262,0.927637605,1.82787984
18263,0.777770468,0.703194964
18264,0.556031017,0.300427529
18265,,
18266,-2.63294729,-0.115375633
18267,-0.421078248,0.880330696
18268,-0.643737754,1.51530865
18269,0,-0.0562222151
18270,-0.644816019,-1.12081864
18271,-0.644816019,-1.12081864
18272,-0.381425313,0.0997250976
18273,2.38904877,0.79202688
18274,,
18275,-0.206776632,0.662670177
18276,-0.140905365,0.724014987
18277,-0.442796563,-0.468743403
18278,-0.731715237,1.14636402
18279,-0.0411654142,-0.617969823
18280,-0.0411654142,-0.617969823
18281,-0.0824561197,0
18282,-0.882471728,-0.632178322
18283,,
18284,-1.48424451,-0.0578297058
18285,1.21932377,1.81250213
18286,0.682294124,0.940837696
18287,-0.28281071,-1.54119711
18288,-1.261351,-0.501026216
18289,-1.261351,-0.501026216
18290,-0.325000636,0.449212465
18291,0.325305214,0.528503265
18292,,
18293,0.492237791,-0.421077624
18294,0.13226082,-0.269494211
18295,-1.48567624,-0.0629124091
18296,0.760371696,0.114671239
18297,1.72725385,-0.891615081
18298,1.72725385,-0.891615081
18299,1.06704507,0.51115364
18300,0.906925901,1.0977061
18301,,
18302,0.388589167,1.93945892
18303,0.17478373,0.443252372
18304,-1.16607122,0.367253604
18305,-0.215709555,0.161642139
18306,-1.56458313,0.414988209
18307,-1.56458313,0.414988209
18308,1.18593422,0.702041528
18309,-0.595525468,0.275310131
18310,,
18311,-0.836952523,-0.100435984
18312,0.363379362,-0.542593591
18313,0.326814737,0.273012445
18314,-0.358581555,0.612704299
18315,0.0844417638,0.752395767
18316,0.0844417638,0.752395767
18317,-0.58624331,0.382112922
18318,-0.757399207,-2.67244823
18319,,
18320,-1.63625589,0.0286554913
18321,0.543946349,0.0588378182
18322,0.805011405,-0.913552883
18323,-1.47443185,0.599654517
18324,0,-0.466706534
18325,0,-0.466706534
18326,0.326405423,-1.35765366
18327,1.0482578,0.663034301
18328,,
18329,1.08434136,0.76368987
18330,-0.0959196478,0.228351254
18331,-0.460675923,-1.30232528
18332,-2.86891949,1.65530323
18333,-0.470885371,0.968553268
18334,-0.470885371,0.968553268
18335,0.119183507,0.515727949
18336,0.10247776,-0.939835688
18337,,
18338,-2.19798241,1.19424125
18339,1.3484233,0.672945622
18340,0.650485766,-0.728296911
18341,0.492223901,0.759644251
18342,-1.80817893,0.206875283
18343,-1.80817893,0.206875283
18344,-1.11202206,0.621934068
18345,1.9902586,-0.920129312
18346,,
18347,-0.146700575,-1.36154729
18348,-2.40905513,-0.944880407
18349,-2.57964388,-0.182699632
18350,0,0.748941701
18351,-1.1203457,1.00712429
18352,-1.1203457,1.00712429
18353,0.567416054,0.898811959
18354,2.35531091,-0.936785812
18355,,
18356,-0.123667594,-1.07439611
18357,-1.6055216,-0.897830246
18358,-0.832898496,-0.996583349
18359,-1.4523024,0.0450463869
18360,0.178108523,-1.19325689
18361,0.178108523,-1.19325689
18362,-0.671354934,-1.16345174
18363,-0.421325513,-0.0198693712
18364,,
18365,-0.213708526,0.748341188
18366,1.68934613,0.899188379
18367,1.35488092,1.32141057
18368,-1.0534044,-0.852220549
18369,0.597252076,0.457047469
18370,0.597252076,0.457047469
18371,0.925687782,0
18372,-0.427254232,-0.954409749
18373,,
18374,-0.432873972,-0.474596305
18375,0.828456848,-1.16276029
18376,1.19198623,-1.46152239
18377,1.69058881,-1.66679163
18378,0.293744908,-0.248450289
18379,0.293744908,-0.248450289
18380,1.44607225,-0.437900912
18381,-0.350516351,0.784323606
18382,,
18383,-0.29194412,-0.144173628
18384,-0.103310427,0.716199808
18385,0.758129594,0.71545135
18386,1.00871963,-0.484654236
18387,-0.830986242,-1.78608037
18388,-0.830986242,-1.78608037
18389,-1.27656165,0.788476702
18390,-1.1727095,-1.4996783
18391,,
18392,-0.0141987625,0.0283536699
18393,0.745815389,0.123303794
18394,0.407400033,-0.514601149
18395,-1.45647494,-0.414720914
18396,-0.21187396,-0.45104308
18397,-0.21187396,-0.45104308
18398,0.34758366,-0.889927879
18399,-1.61640282,-0.584159325
18400,,
18401,-0.278912366,-0.442649463
18402,-1.07962856,0.576288976
18403,-1.09540331,-1.24903786
18404,-0.580709925,-1.20415519
18405,0,0.677680129
18406,0,0.677680129
18407,-0.680777794,-0.754823654
18408,1.39652847,-1.38063796
18409,,
18410,1.81305268,-0.717206633
18411,1.32814211,-0.577521905
18412,0.580990198,-0.332150704
18413,0.740983441,-1.19346044
18414,-1.42639433,0.0419297075
18415,-1.42639433,0.0419297075
18416,-0.636354987,1.87204751
18417,1.77177998,-1.48115765
18418,,
18419,0.242794127,-1.18636523
18420,-0.653021078,0.640272823
18421,-1.09394484,-0.152493154
18422,0.552081629,-1.53779763
18423,-0.790321778,-1.59805675
18424,-0.790321778,-1.59805675
18425,-1.36758636,0.0413945975
18426,-1.5877471,0.198545153
18427,,
18428,0.13072703,0.211970889
18429,0.885389628,1.12330359
18430,0.151411231,-0.381187448
18431,-0.694555568,0.110437278
18432,0.220611816,0.486573002
18433,0.220611816,0.486573002
18434,-0.813415867,0.78242848
18435,-0.244375965,-1.1086652
18436,,
18437,-1.49315277,0.1275016
18438,-0.0590646693,0.521683143
18439,1.13542527,0.534755349
18440,-0.548679087,-0.912769017
18441,-1.31012145,0.24205361
18442,-1.31012145,0.24205361
18443,0.603062224,0.809583019
18444,0.835416319,-0.435938146
18445,,
18446,-0.785616446,-1.49156509
18447,-0.850904013,0.113940413
18448,-0.939097584,-0.351343315
18449,1.77370653,0.442109279
18450,-2.52516212,-0.120382331
18451,-2.52516212,-0.120382331
18452,-0.79392528,0.417388973
18453,0.839865296,0.0609890096
18454,,
18455,-0.432440918,-0.5084567
18456,-0.272633338,0.196406617
18457,0.261471659,0.0990793871
18458,0.994865228,2.55424486
18459,-0.282321323,0.576514175
18460,-0.282321323,0.576514175
18461,0.577055191,-1.99958364
18462,-0.687681509,0.602121786
18463,,
18464,-2.09959042,0.344661821
18465,0.132478552,1.68019696
18466,-0.31717372,0.524821814
18467,1.30833974,0.254141552
18468,0.178369932,-0.56561079
18469,0.178369932,-0.56561079
18470,0.162417203,-0.146402422
18471,0.181639051,-1.70770127
18472,,
18473,0.852986435,0.103461906
18474,-0.377690117,1.55512579
18475,-1.87818732,0.745778146
18476,-0.197555316,-1.00303423
18477,1.49832056,0.610582729
18478,1.49832056,0.610582729
18479,-0.827804882,-0.389376137
18480,0.1012862,-0.609498478
18481,,
18482,2.00596435,0.979454104
18483,0.577458436,-0.290456366
18484,0.872283845,0.266758594
18485,0.698523304,-0.501220891
18486,0.598250802,0.365688116
18487,0.598250802,0.365688116
18488,-0.36888285,-1.78825915
18489,0.334620381,0.0200060679
18490,,
18491,-0.146194266,1.03204612
18492,-1.48304686,-0.646609716
18493,-1.33042407,-0.320315815
18494,0.266434747,1.68469267
18495,-0.238757387,-1.54522258
18496,-0.238757387,-1.54522258
18497,0.54988826,-0.202064411
18498,-0.372027309,1.69244622
18499,,
18500,0.586540633,1.6279102
18501,-1.42851877,0.546588242
18502,-1.4233065,0.651704444
18503,-0.319402067,0.467743236
18504,-1.93563579,-0.881275792
18505,-1.93563579,-0.881275792
18506,-0.58640309,-0.23896018
18507,-1.2040663,1.14870489
18508,,
18509,1.55148601,-0.136995867
18510,-1.11595675,-1.02162952
18511,0.158240503,-1.49079531
18512,-0.299012808,-0.08684639
18513,-0.751567469,-0.813107207
18514,-0.751567469,-0.813107207
18515,0.200078442,1.16572488
18516,0.967708376,0.754521989
18517,,
18518,-1.04739221,-0.178653454
18519,-0.547272438,-1.63184669
18520,-0.202420381,-0.516401438
18521,0.584541063,2.14826054
18522,-0.0627663314,0.301416435
18523,-0.0627663314,0.301416435
18524,-0.569792024,0.0979601469
18525,-0.104885001,1.45032366
18526,,
18527,1.27319535,0.141196823
18528,-1.35353874,0.167645367
18529,-1.11018035,0.683563544
18530,2.28381487,-0.487392423
18531,-0.531899233,0.223211964
18532,-0.531899233,0.223211964
18533,0.0611071084,0.708340777
18534,-0.295326571,1.34217821
18535,,
18536,-0.44396041,2.18452628
18537,-0.992910743,2.45982419
18538,-0.265453576,1.80782819
18539,0.060239612,0.44910801
18540,0.297929641,-0.385863448
18541,0.297929641,-0.385863448
18542,0.299223626,0.629924908
18543,1.61861021,0.557292465
18544,,
18545,2.52678451,1.06237222
18546,0.116522239,0.0865708144
18547,-0.102557907,0.0403230703
18548,-0.60937446,-0.183357936
18549,1.25100781,0.0635805389
18550,1.25100781,0.0635805389
18551,-0.314168843,2.42914974
18552,-0.712415886,1.99780527
18553,,
18554,0.432746385,0.804453577
18555,-0.323640645,0.868010975
18556,-0.784679754,0.433586223
18557,0.290321693,-1.38453137
18558,-0.333265186,0.670762371
18559,-0.333265186,0.670762371
18560,0.323601225,0.369441691
18561,-1.04172563,0.576508649
18562,,
18563,-0.228834367,0.248397697
18564,0.922128697,-0.875905495
18565,0.616941685,-0.679651236
18566,-0.0316781028,0.507578507
18567,0,0.575474456
18568,0,0.575474456
18569,0.715738348,-0.49287156
18570,0.363587973,0.334764742
18571,,
18572,0.780092036,-0.171079872
18573,0.292261923,0.4819318
18574,0.929782567,0.0204880902
18575,-0.236543615,-0.809716801
18576,-0.280017686,1.27206338
18577,-0.280017686,1.27206338
18578,-1.55723712,-2.05879976
18579,0.514811798,-0.308798481
18580,,
18581,0.322258413,-0.468760686
18582,0.819808897,1.19894447
18583,2.07667548,1.00316782
18584,-1.97895348,1.06101045
18585,-0.279384492,0.981902155
18586,-0.279384492,0.981902155
18587,0.300754264,-0.164690862
18588,0.602539777,0.497190032
18589,,
18590,-0.0583901648,0.113747486
18591,-0.271671365,0.432118794
18592,-0.58584383,1.23005416
18593,-0.632908352,1.50083993
18594,-0.102347034,-1.82725022
18595,-0.102347034,-1.82725022
18596,-0.434910675,-0.580664287
18597,0.497097683,-0.768534
18598,,
18599,1.00718553,-0.114981258
18600,1.47599167,0.144600097
18601,1.25792448,-0.0205181597
18602,0.43973679,-1.7070358
18603,-1.75284324,0.785525994
18604,-1.75284324,0.785525994
18605,0.537425716,-2.15178831
18606,0.10223287,-0.956438555
18607,,
18608,1.33052517,0.16072689
18609,-0.028744362,-1.26597088
18610,0.4411367,0.377565128
18611,-0.327995477,-1.19550411
18612,-1.63874117,1.2242169
18613,-1.63874117,1.2242169
18614,0.183878961,-1.27766243
18615,0.207350892,0.144936265
18616,,
18617,0.219302383,0.721569977
18618,1.21466478,0.35573952
18619,-0.0201208357,0.830420706
18620,0.0998495805,1.23820469
18621,-0.729273373,0.68085385
18622,-0.729273373,0.68085385
18623,-0.599542355,-0.665880225
18624,-0.325496813,-1.43879878
18625,,
18626,-0.25722089,0.0710898553
18627,-1.71274812,-0.347741511
18628,-2.20828621,0.440420532
18629,-0.93688451,-0.439452729
18630,0.140681221,-1.37361075
18631,0.140681221,-1.37361075
18632,-1.44365096,-0.279765621
18633,1.20397272,1.07346372
18634,,
18635,-1.13444874,-0.961869623
18636,-0.870078125,-1.05722
18637,-0.57711417,-2.34062869
18638,0.674712387,-0.825137112
18639,0.248581719,-0.271720471
18640,0.248581719,-0.271720471
18641,-0.156245411,0.547322206
18642,-0.606812644,-0.519482553
18643,,
18644,1.35241716,0.669091296
18645,-0.0145990577,-0.492993533
18646,1.08603615,-0.290130913
18647,-1.68961639,-0.0145916082
18648,-1.55160793,1.13374569
18649,-1.55160793,1.13374569
18650,0.822652018,-0.123776226
18651,2.19796273,-0.396351263
18652,,
18653,-0.869683208,0.593002064
18654,-0.980784649,0.127126537
18655,-0.296751778,-0.937919141
18656,-1.02656081,1.50893956
18657,0.104789126,0.636015977
18658,0.104789126,0.636015977
18659,-0.968313363,-0.643352663
18660,3.04703552,0.493969236
18661,,
18662,-0.536487489,-0.265537486
18663,-0.644649961,-0.25662569
18664,-0.42197703,0.509231198
18665,-0.0616691064,2.29810204
18666,1.30653403,-0.291570898
18667,1.30653403,-0.291570898
18668,-0.479334919,-0.0583632961
18669,-0.311994896,0.139849017
18670,,
18671,-0.332143489,-0.379623271
18672,0.624459896,-0.734249895
18673,-0.360796621,-1.86352817
18674,-0.80002723,0.22987778
18675,-0.361721827,0.343207418
18676,-0.361721827,0.343207418
18677,0,-0.278562722
18678,2.64708943,0.919256328
18679,,
18680,1.68083388,-0.709855759
18681,-0.0145539438,0.315976219
18682,-0.847395047,1.09503296
18683,2.02762677,1.9280227
18684,-0.142555091,0.630008366
18685,-0.142555091,0.630008366
18686,0.983708309,-0.621754295
18687,2.22333433,-0.824093003
18688,,
18689,-0.596995686,-0.345183014
18690,-1.60535436,0.857263008
18691,-0.850404901,0.907032488
18692,1.2735069,1.63558651
18693,0.0825659336,-0.106052841
18694,0.0825659336,-0.106052841
18695,0.0808514996,-0.876510438
18696,-1.28272582,-1.04032336
18697,,
18698,-0.344405525,0.0140512931
18699,0.621087935,-0.982922209
18700,0.539661548,-0.827664851
18701,0.0446888286,-2.52785438
18702,-0.996080182,-0.9127812
18703,-0.996080182,-0.9127812
18704,-1.86925823,-1.23416943
18705,-0.370879573,-0.491750837
18706,,
18707,-0.533881351,0.244042664
18708,-0.452711073,0.582883131
18709,0.21534417,1.16965359
18710,-1.10927191,-2.10755349
18711,0.692497184,-1.15377145
18712,0.692497184,-1.15377145
18713,-0.96541881,0.701416569
18714,-2.19066826,0.259667656
18715,,
18716,0.500314936,-0.425597563
18717,0.174119904,-0.196606983
18718,0.484455104,-0.652742085
18719,1.51039115,-0.744101493
18720,0.645657378,-0.598354196
18721,0.645657378,-0.598354196
18722,0.402291624,-0.0203661138
18723,1.52838728,0.94532129
18724,,
18725,0.568385904,1.0301802
18726,-0.241406286,-0.913900417
18727,-0.403085359,-0.100964813
18728,-2.65677188,-1.23597537
18729,0.477626327,-1.34070111
18730,0.477626327,-1.34070111
18731,1.53625582,-0.47258232
18732,1.63469076,-0.341596996
18733,,
18734,0.92360204,-1.76134994
18735,-0.921233871,2.48337197
18736,0.534591575,2.65375245
18737,1.18053448,0.52195188
18738,-1.35598519,-0.420291039
18739,-1.35598519,-0.420291039
18740,-1.31142553,-1.12632822
18741,0.749547177,2.15841432
18742,,
18743,0.499506874,0.443174717
18744,1.49700645,-2.05650345
18745,1.65464071,-1.03976148
18746,-1.22846906,0.397408525
18747,-0.799896561,1.10846819
18748,-0.799896561,1.10846819
18749,1.15653703,0.541927289
18750,0.369360977,1.99281217
18751,,
18752,-2.04865449,0.460032459
18753,0.458621039,1.36409027
18754,1.12333724,-0.272808931
18755,0.108640572,0.298981824
18756,1.21339389,0.488481894
18757,1.21339389,0.488481894
18758,-0.423287247,0.954865638
18759,-0.585443969,-1.27885516
18760,,
18761,-0.358416844,1.1619972
18762,0.391367808,1.67163972
18763,0.0405097101,2.38215626
18764,-0.78035445,1.48516212
18765,-0.924099215,2.14961731
18766,-0.924099215,2.14961731
18767,0.766013484,-0.429164067
18768,0.124628685,-0.0423892926
18769,,
18770,-1.39670057,0.44916913
18771,1.08096937,0.102919228
18772,0.752073153,1.43713533
18773,0.337093561,1.33064676
18774,-0.972490552,0.884337917
18775,-0.972490552,0.884337917
18776,-0.52713302,0.789769239
18777,-0.943746469,0.118970162
18778,,
18779,-0.813691415,-1.53345705
18780,0.462266131,0.649122775
18781,-0.65375527,-0.0595661646
18782,0.716194354,-1.37885857
18783,-0.18729444,0.0406251636
18784,-0.18729444,0.0406251636
18785,0.513641369,1.07583871
18786,-0.905772786,1.31832419
18787,,
18788,-0.418866971,-0.856990964
18789,-0.614395495,-0.488271635
18790,-0.119761076,-1.42618182
18791,0.719558227,-0.161564164
18792,-0.622281514,-0.145371133
18793,-0.622281514,-0.145371133
18794,1.17818614,0.484187706
18795,1.28085706,0.742874659
18796,,
18797,0.216057431,0.19362113
18798,-0.0293813477,-0.0278000034
18799,-0.244749698,0.345440582
18800,0.274486636,-0.0827243457
18801,1.78581448,-0.158753173
18802,1.78581448,-0.158753173
18803,0.535173114,0.227006508
18804,0.499983209,1.62017169
18805,,
18806,0.996022022,-0.577724741
18807,-1.46622584,-1.71834743
18808,0.22655331,-1.72028313
18809,0.71493158,0.564426851
18810,2.43083037,0.449329389
18811,2.43083037,0.449329389
18812,0.657673086,-0.287855062
18813,0.10130308,-0.885548322
18814,,
18815,-0.624909273,0.370920282
18816,-0.691755057,1.49069382
18817,-0.197687647,0.882953758
18818,-0.0440209417,-0.873066686
18819,-0.445922374,-0.52826781
18820,-0.445922374,-0.52826781
18821,-0.684861056,0.0625156769
18822,-1.35468819,1.07944832
18823,,
18824,-2.06770641,-0.984159363
18825,1.37365763,-0.482839049
18826,0.708639093,-0.766419476
18827,-0.116034881,0.114013703
18828,0.319635871,0.139982109
18829,0.319635871,0.139982109
18830,-1.36544121,1.55689352
18831,-1.29712739,1.62649038
18832,,
18833,-0.744166461,-0.686031337
18834,0.0289195345,0.982371281
18835,-1.13941131,-0.365006097
18836,0.638915863,1.2571163
18837,-1.49007277,1.19327363
18838,-1.49007277,1.19327363
18839,1.20942846,0.29217595
18840,0.244468729,1.24299083
18841,,
18842,0.0439758284,1.03342109
18843,-0.498843598,-1.99410858
18844,1.3376654,-1.96587388
18845,-0.0145445424,-1.73564505
18846,0.143238023,-0.888275122
18847,0.143238023,-0.888275122
18848,-0.594235892,0.38107099
18849,-0.333455596,0.684817891
18850,,
18851,-0.608898108,-1.13215726
18852,0.830554896,0.0143954925
18853,0.457936248,0.587761603
18854,0.435044938,1.37405694
18855,0.0998915551,-0.316770323
18856,0.0998915551,-0.316770323
18857,0.435944738,-1.37802832
18858,1.14833529,-0.0825053409
18859,,
18860,-1.72523659,1.16743029
18861,0.940773029,-0.0992027469
18862,0.419996842,-1.52163306
18863,-0.610613501,-0.21213293
18864,0.506813637,0.100323012
18865,0.506813637,0.100323012
18866,1.55734191,-2.5705765
18867,-0.16334572,2.10821795
18868,,
18869,-2.09257128,-1.3310085
18870,0.370565285,-0.499820249
18871,-0.959420386,0.309160942
18872,-1.36056416,-0.575441307
18873,-2.34918812,1.17331341
18874,-2.34918812,1.17331341
18875,2.20016221,2.01659955
18876,-0.820275157,0.850199653
18877,,
18878,0.227304215,-1.07268235
18879,-1.86203767,0.798219455
18880,-1.17740918,-0.448856329
18881,-2.08224488,-0.3474538
18882,0.491413114,1.65555987
18883,0.491413114,1.65555987
18884,-0.996540343,0.792068248
18885,0.982880966,-0.0601583692
18886,,
18887,1.11924732,-1.22617985
18888,-1.78782652,1.35489647
18889,-1.14471373,1.2439366
18890,0.296602018,-1.57998282
18891,0.842686186,0.276942877
18892,0.842686186,0.276942877
18893,-0.419712506,0.84378931
18894,-0.689706207,1.65670028
18895,,
18896,-0.342913098,-1.12129395
18897,-0.491875098,0.716079341
18898,-2.20067184,0.453206036
18899,-2.20125601,-0.864712679
18900,-0.365188675,-0.236151376
18901,-0.365188675,-0.236151376
18902,-0.198665113,-1.75734763
18903,-1.15228785,0.799437967
18904,,
18905,-1.26866318,1.06890483
18906,-0.632943457,0.342390747
18907,-0.415534558,-0.164832384
18908,-0.390627032,0.22192558
18909,0.122727225,1.46444707
18910,0.122727225,1.46444707
18911,2.99149972,-0.168478493
18912,1.41304998,-1.93829574
18913,,
18914,-1.30024643,-2.10705418
18915,1.11788254,-0.109245982
18916,-0.120327956,0.917254993
18917,1.44763997,0.692818551
18918,-1.48165132,0.293289633
18919,-1.48165132,0.293289633
18920,-0.878363979,-0.544105368
18921,-0.0409346226,-0.202981458
18922,,
18923,0.112811841,1.11683249
18924,1.2960545,1.55013391
18925,0.0393914958,1.60949489
18926,-0.327348521,-1.07034105
18927,-0.295780824,0.202299717
18928,-0.295780824,0.202299717
18929,0.446387306,1.37080285
18930,-1.60434777,0.481826919
18931,,
18932,-1.13099637,0.241553802
18933,0.247236248,-0.157213032
18934,0.614122511,-1.04570881
18935,-1.39414879,0.724764459
18936,1.11200424,0.0829720128
18937,1.11200424,0.0829720128
18938,1.91150655,0.416822671
18939,1.01517569,-0.787709338
18940,,
18941,-0.27115085,-1.63794706
18942,-0.484913331,-0.991424559
18943,0,-0.613864679
18944,-0.674754133,1.1282389
18945,1.12693744,-1.33000091
18946,1.12693744,-1.33000091
18947,0.576505586,0.372917901
18948,0.101785715,0.181415101
18949,,
18950,0.33677389,-0.557230506
18951,0.709691994,0.608645832
18952,0.226541269,2.01396639
18953,-0.107647745,1.13081217
18954,0.317212112,-0.139386859
18955,0.317212112,-0.139386859
18956,2.15942743,1.22212448
18957,0.805119739,-0.44073894
18958,,
18959,-2.34570578,0.234826325
18960,-0.0288470663,2.52257179
18961,0.621025652,1.99515563
18962,-0.400412912,-0.297852234
18963,0.156817344,-0.939704918
18964,0.156817344,-0.939704918
18965,-0.341486433,-0.859642381
18966,-1.70720217,0.101429842
18967,,
18968,1.46165788,-1.01875477
18969,-0.35182188,0.876597131
18970,0.551373136,0.330607065
18971,-0.659943161,-0.832875877
18972,-1.18840367,-0.79796588
18973,-1.18840367,-0.79796588
18974,-2.31311234,2.9906245
18975,-2.14653996,2.05289692
18976,,
18977,-0.615084013,1.1590174
18978,0.14343044,-0.820027895
18979,-0.381576422,-0.386094995
18980,0.619426494,-2.06342361
18981,0.7140532,-0.976591549
18982,0.7140532,-0.976591549
18983,0.503804707,-2.68190634
18984,0.558415041,-0.781952763
18985,,
18986,0.783728584,-0.803932057
18987,1.42057662,1.65987719
18988,0.374452461,2.06851285
18989,0.355175991,-1.20010857
18990,-0.717119371,-1.33197552
18991,-0.717119371,-1.33197552
18992,-1.48221271,-0.640463742
18993,-0.0196978259,-0.828359881
18994,,
18995,-0.990652557,1.0095729
18996,-0.540692116,2.7576403
18997,-0.968451563,2.64842998
18998,-0.753684327,0.665265257
18999,0.218037747,0.550467919
19000,0.218037747,0.550467919
19001,-0.0408078293,0.100042985
19002,-1.97378961,1.01540231
19003,,
19004,-0.829913892,-0.154965947
19005,1.3842304,0.897514025
19006,0.629853213,0.610241332
19007,-0.191997767,-0.80510055
19008,0.46515268,0.754596838
19009,0.46515268,0.754596838
19010,-0.713098295,1.20009024
19011,0.718093161,0.0408932552
19012,,
19013,-0.83322843,-0.0704504918
19014,-0.0986854044,-0.641510128
19015,-0.141522371,-0.266795198
19016,0.19619022,0.397764632
19017,0.0605526558,0.333714277
19018,0.0605526558,0.333714277
19019,-0.375205619,-0.783500516
19020,-1.71131195,2.09946064
19021,,
19022,-1.69150356,-1.03771317
19023,-0.832590991,-0.153612603
19024,-0.0612826015,-0.059708751
19025,-0.759173744,0.479962394
19026,-0.894588413,0.318640493
19027,-0.894588413,0.318640493
19028,0.261234451,-0.974786931
19029,-2.44007759,0.642342462
19030,,
19031,0.412711378,-0.154160448
19032,3.29377331,1.27438045
19033,2.36046897,0.496526018
19034,0.76174691,0.884251943
19035,0.3277741,2.23928105
19036,0.3277741,2.23928105
19037,1.00122354,0.416408104
19038,0.587296902,-0.118696324
19039,,
19040,0.986105173,-0.356303069
19041,-0.836312578,0.160781098
19042,-0.772410364,0.580242327
19043,0.501891736,-1.30236036
19044,0.619623751,0.105675797
19045,0.619623751,0.105675797
19046,-1.48021308,0.433892901
19047,2.00039727,0.662992714
19048,,
19049,-0.460739402,0.0426926917
19050,-0.852194265,1.94470531
19051,0.37919135,0.905531137
19052,0.612207647,-2.4309537
19053,0.261022147,-0.875123762
19054,0.261022147,-0.875123762
19055,0.592020112,1.84508246
19056,0.659321199,1.02171494
19057,,
19058,1.40885187,-1.70210607
19059,0.611137989,-0.368166357
19060,0.308551468,0.443300938
19061,0.169329277,-2.28763445
19062,-1.92733991,-1.01636927
19063,-1.92733991,-1.01636927
19064,0.821383916,-1.11001869
19065,-0.162691547,0.0615027162
19066,,
19067,-0.366257188,-0.0579398971
19068,-1.19740105,-1.15717378
19069,0.120490814,0.147072428
19070,0.961373468,-0.256757247
19071,-0.82886699,-1.15993075
19072,-0.82886699,-1.15993075
19073,0.569999709,0.954094757
19074,-0.715957996,-0.536114552
19075,,
19076,0.856780965,-2.43002877
19077,1.44848928,-0.044532875
19078,1.0839941,-0.646995534
19079,0.0726190627,0.621419216
19080,-1.69914277,-0.143361442
19081,-1.69914277,-0.143361442
19082,1.32213304,0.357059697
19083,0.331647739,1.76349417
19084,,
19085,-0.540134463,-0.907690448
19086,-1.13344737,0.11562471
19087,-0.409335912,-0.693111114
19088,1.27031314,-0.730515252
19089,1.15161715,0.391692642
19090,1.15161715,0.391692642
19091,-1.07517731,0.243200838
19092,-0.0801571738,-0.0209133478
19093,,
19094,-1.12526032,0.691290424
19095,0.679505161,-0.108914345
19096,1.69752663,-0.139448123
19097,0.0741775564,-0.411738819
19098,0.368721431,-0.123949136
19099,0.368721431,-0.123949136
19100,-0.741082902,0
19101,0.610225512,-1.00351555
19102,,
19103,1.13798295,-1.42180611
19104,0.920635652,-1.39024961
19105,1.03900262,-1.33063285
19106,2.19139819,0.440671824
19107,-0.0607884775,-1.30666474
19108,-0.0607884775,-1.30666474
19109,1.39754079,-0.863337774
19110,-0.654611236,0.533368331
19111,,
19112,-0.423396196,-0.274463954
19113,-0.434463792,-0.865001984
19114,-1.87858463,-0.795345725
19115,1.18291508,-0.0575833309
19116,0.306907059,-0.34684176
19117,0.306907059,-0.34684176
19118,1.31323468,-0.558070926
19119,-0.103018213,0.964995179
19120,,
19121,-1.22232559,-0.972973734
19122,0.355237684,-0.86088015
19123,1.49389654,-0.737859797
19124,0.528533884,0.359744415
19125,-0.163213607,1.24579782
19126,-0.163213607,1.24579782
19127,-0.619613152,-0.637835988
19128,0.553895532,-1.46735113
19129,,
19130,-1.00762029,1.16517618
19131,0.633245176,-1.23901916
19132,0.0603100255,-0.0396639128
19133,2.70741805,0.043285283
19134,-0.58724334,-0.81436708
19135,-0.58724334,-0.81436708
19136,-1.64558602,-1.83990224
19137,-0.16424053,-0.777305724
19138,,
19139,0.0720395991,-0.62245878
19140,-0.408486239,0.609572629
19141,-0.105117113,0.352636005
19142,0.265415333,0.215884628
19143,-0.738234727,-1.06254847
19144,-0.738234727,-1.06254847
19145,0.770850839,-1.60747345
19146,-1.05500334,0.590981109
19147,,
19148,-0.0863931715,-1.5415783
19149,-1.43055362,-0.716052788
19150,-1.03122412,-0.34019872
19151,0.0432364033,1.01787082
19152,1.35361528,0.75096537
19153,1.35361528,0.75096537
19154,2.08515498,0.599344616
19155,-0.915093004,-0.102241441
19156,,
19157,2.50625773,-0.104913728
19158,-0.563017763,0.598752658
19159,-1.79994953,0.227455611
19160,0.265694186,0
19161,0.90783758,-0.387267081
19162,0.90783758,-0.387267081
19163,0.691112774,-0.103578445
19164,-0.244255402,0.401724979
19165,,
19166,-1.95821446,-0.0757532391
19167,-0.084328187,-0.721026839
19168,-0.12327967,0.953165205
19169,-0.523367769,-0.871814614
19170,0.603687805,-1.0639428
19171,0.603687805,-1.0639428
19172,0.330187936,0.942154439
19173,-0.309603903,0.122220762
19174,,
19175,-0.771622051,0.601347166
19176,-0.831478824,-1.4395874
19177,-0.987200188,-1.26251424
19178,1.17507159,0.127274532
19179,0.306719179,0.501470627
19180,0.306719179,0.501470627
19181,0.429116458,-1.15805989
19182,-0.078878373,1.13814454
19183,,
19184,1.61474375,0.514736317
19185,1.05876614,0.221894175
19186,0.643847694,0.592822706
19187,1.42602105,1.48377931
19188,0.274943969,0.125062322
19189,0.274943969,0.125062322
19190,-0.179393247,0.0199828292
19191,1.44993644,0.0200051448
19192,,
19193,-0.50292988,0.514514719
19194,-1.61750189,0.328439162
19195,-2.03468717,0.0410345659
19196,-1.90356823,1.14595861
19197,0.44764774,-0.754938147
19198,0.44764774,-0.754938147
19199,1.03367226,0.0847608376
19200,0.898383625,0.62709407
19201,,
19202,0.52419381,-0.785064001
19203,-0.461384309,2.65131216
19204,-0.576542729,2.12969722
19205,-0.51311331,-0.100188362
19206,1.02524759,-0.665954109
19207,1.02524759,-0.665954109
19208,-0.491617717,1.67172424
19209,-0.818464205,-0.260601187
19210,,
19211,0.476594881,-1.4299927
19212,0.697895162,-0.435314692
19213,-0.268481093,0.163850518
19214,0.121534137,1.08688864
19215,-0.898008397,-1.00374993
19216,-0.898008397,-1.00374993
19217,-0.403545743,-0.861528789
19218,0.807118663,-0.524499078
19219,,
19220,-1.0524091,0.512911937
19221,-0.444685612,0.718372563
19222,0.45849598,0.894720358
19223,-1.02190421,-1.04172041
19224,-1.17637932,-0.122930417
19225,-1.17637932,-0.122930417
19226,-2.34739905,0.913055537
19227,0.98495325,0.153499962
19228,,
19229,0.981022783,-0.550733588
19230,0.206843478,0.340841319
19231,-0.922323526,-0.348470613
19232,-0.121266581,1.13599374
19233,0.826465086,1.03443855
19234,0.826465086,1.03443855
19235,2.05490318,0.445687014
19236,-1.12030631,0.700946446
19237,,
19238,0.35347054,0.639706051
19239,-0.119035073,-2.84947403
19240,-0.49837249,-2.47713095
19241,0.116497971,-0.499189527
19242,1.71774797,-2.44792074
19243,1.71774797,-2.44792074
19244,-0.662691107,-1.32663312
19245,0.658092754,-1.43389672
19246,,
19247,0.145672164,0.862695677
19248,0.0149504184,-0.616057545
19249,0.291110182,-0.506540415
19250,-0.35466644,0.917458736
19251,0.44759944,-0.680888718
19252,0.44759944,-0.680888718
19253,1.25895371,1.2140426
19254,0.0605184322,-0.575852916
19255,,
19256,0.809298402,0.552717155
19257,0.390305841,1.69523056
19258,0.333691719,0.981859231
19259,0.683349786,-1.35474163
19260,1.18742814,0.160668548
19261,1.18742814,0.160668548
19262,-0.0194446958,0.562925788
19263,0.867124735,0.194978415
19264,,
19265,-0.668702627,-1.46675353
19266,-0.347746191,-1.09304075
19267,-0.490471936,-0.121306816
19268,0.537279987,0.158046829
19269,-1.08916692,1.20240345
19270,-1.08916692,1.20240345
19271,-1.49763855,1.56362017
19272,0.760482562,0.770825855
19273,,
19274,0.115795612,-0.762364505
19275,0.352497041,0.169303173
19276,0.74811733,-0.401471742
19277,-1.48594237,0.158734073
19278,-0.182059942,0.82858068
19279,-0.182059942,0.82858068
19280,-0.0599824738,1.19574121
19281,0.81128186,0.434537151
19282,,
19283,-0.0594647668,-1.23355335
19284,1.20033096,0.913666252
19285,0.840674496,1.37036328
19286,-1.78499479,1.46382893
19287,0.545560233,-0.280326183
19288,0.545560233,-0.280326183
19289,-0.676187492,-0.020400073
19290,-0.498555904,0.142183735
19291,,
19292,-0.857680788,0.460368328
19293,-0.209635229,-0.175495927
19294,-0.19266858,-0.261948555
19295,0.682018688,0.600507326
19296,1.06525487,-1.36371048
19297,1.06525487,-1.36371048
19298,-0.0808105503,1.299851
19299,-0.0622244805,-1.84975963
19300,,
19301,-0.196860817,-1.18634701
19302,2.75258807,1.40959749
19303,2.4030814,2.13624647
19304,-0.150134946,1.67342457
19305,1.12509136,-0.143527203
19306,1.12509136,-0.143527203
19307,1.24228367,0.0405487117
19308,1.10865051,-1.19463285
19309,,
19310,0.512859372,1.15917993
19311,-0.730638136,-0.127698562
19312,0.100828479,0.412651684
19313,1.41784667,-0.0797554366
19314,0.481059735,0.0594751484
19315,0.481059735,0.0594751484
19316,-0.83599265,1.82294258
19317,-0.188357277,-0.888797788
19318,,
19319,-0.586170333,-0.745858288
19320,1.27166438,0.0284985662
19321,1.09504049,0.496892571
19322,-0.238947891,-0.29947873
19323,0.322235131,-0.363387738
19324,0.322235131,-0.363387738
19325,0.339057219,1.76992022
19326,-0.526309101,-0.470668855
19327,,
19328,0.907048365,-0.420821857
19329,1.97837739,-0.0431477707
19330,1.13944569,1.01106416
19331,0.443005017,1.76078042
19332,-0.272041163,-1.57830649
19333,-0.272041163,-1.57830649
19334,-1.1697968,1.58353488
19335,1.95907761,1.25693229
19336,,
19337,-0.916789053,1.11957579
19338,1.21071691,-2.65657842
19339,1.54488862,-1.73789324
19340,-1.1097226,0.0445962162
19341,0.395515554,0.945713824
19342,0.395515554,0.945713824
19343,0.597133456,-1.20221
19344,-0.659812005,-0.220206838
19345,,
19346,-0.654311989,0.362872897
19347,0.338672583,0.351387017
19348,0.888463231,1.07436234
19349,-0.937690327,-0.545937686
19350,1.55265415,3.53934304
19351,1.55265415,3.53934304
19352,-0.0604238477,-0.427154093
19353,1.04449929,-0.156006963
19354,,
19355,-0.326781961,0.906387217
19356,0.56508533,1.18647331
19357,0.469600545,0.740500413
19358,1.26470046,-0.409246625
19359,0.602663648,0.120945556
19360,0.602663648,0.120945556
19361,1.79962135,-0.0809763022
19362,-0.763091405,-0.831583892
19363,,
19364,1.70746459,-0.754890734
19365,-1.44748519,1.25693027
19366,-1.21064291,1.37817137
19367,-0.944954698,0.488342914
19368,-0.94095181,0.119232686
19369,-0.94095181,0.119232686
19370,0.408294768,0.371976691
19371,-0.889194211,0.585641403
19372,,
19373,0.736055832,-2.51359057
19374,0.45940468,-1.69090029
19375,1.50147385,-1.72381997
19376,0.521153599,-1.0093232
19377,0.366317685,-0.165836224
19378,0.366317685,-0.165836224
19379,0.646138157,0.52752904
19380,1.07275246,0.347785557
19381,,
19382,0.109892972,3.02496392
19383,1.73741489,-1.19425199
19384,1.00214826,-3.00141077
19385,-0.29441333,-2.07301146
19386,0.926279355,0.851960256
19387,0.926279355,0.851960256
19388,1.1589467,-1.04795899
19389,0.0602769433,0.161823177
19390,,
19391,1.40011108,0.708716097
19392,-1.15054166,-0.8626213
19393,-0.334117877,-0.93064494
19394,0.308370993,0.27509647
19395,1.90704181,1.16976833
19396,1.90704181,1.16976833
19397,0.467579501,0.742882165
19398,-1.07624451,0.485227109
19399,,
19400,1.07892559,0.551648514
19401,0.0569785496,0.218047477
19402,0.537918414,0.520322987
19403,0.567797224,-0.502539335
19404,1.41245233,1.39309952
19405,1.41245233,1.39309952
19406,-1.01888367,-0.0811434968
19407,-0.0591930282,-0.346668205
19408,,
19409,-1.35221804,0.212521064
19410,-1.07033979,-0.103075487
19411,-0.696840122,-1.36886525
19412,-0.245742597,-0.0160140761
19413,-1.9435408,-0.868640113
19414,-1.9435408,-0.868640113
19415,-0.605472466,1.46153127
19416,-0.100281535,0.341085783
19417,,
19418,-1.18390945,-0.189019933
19419,-0.133197737,-0.144073689
19420,0.182261933,0.470728144
19421,0.408694517,1.25648931
19422,-1.47428427,1.45751956
19423,-1.47428427,1.45751956
19424,-0.494211614,-1.90157921
19425,1.19310034,-0.0630375965
19426,,
19427,1.49885094,0.042125581
19428,1.10680157,0.214437321
19429,1.57427131,0.108385236
19430,-1.02060314,-0.71207799
19431,-2.17685828,-1.24578448
19432,-2.17685828,-1.24578448
19433,0.360975495,0.554942062
19434,-0.915026622,0.927485744
19435,,
19436,1.59062272,1.28485995
19437,-0.340856328,-1.41006088
19438,-2.16237502,-1.13525413
19439,-2.21551024,0.708339666
19440,0.333263737,0.126675946
19441,0.333263737,0.126675946
19442,-0.543721765,0.607970178
19443,1.31756915,-0.0806365297
19444,,
19445,0.62778483,0.823745201
19446,1.18526195,-0.404352147
19447,1.00279034,-0.182680011
19448,0.868663092,0.388211619
19449,1.23976512,0.578287679
19450,1.23976512,0.578287679
19451,-0.724403497,0.735366128
19452,-1.13300716,2.50241578
19453,,
19454,-1.97792106,-0.0428968415
19455,-2.71942114,0.73442901
19456,-1.53239682,1.03333665
19457,0.566658812,2.20794345
19458,-2.25458915,1.00074168
19459,-2.25458915,1.00074168
19460,1.9638942,-1.83951464
19461,-0.484221295,0.70202737
19462,,
19463,-1.50125778,-0.0977320773
19464,-0.487259816,0.703198315
19465,0.01996665,-0.722923361
19466,0.266037691,-0.486606843
19467,-1.26654485,-0.575700466
19468,-1.26654485,-0.575700466
19469,2.90040834,-0.980187053
19470,0.737225804,1.17379595
19471,,
19472,0.919880098,1.88514548
19473,-0.423571375,0.500606826
19474,0.787131527,0.71841156
19475,0.0883438648,0.13459147
19476,-0.595683168,1.70421245
19477,-0.595683168,1.70421245
19478,1.48913646,-0.401811124
19479,1.75984329,0.621798179
19480,,
19481,-0.568249328,-0.547126648
19482,0.487701599,-1.06104976
19483,0,-1.55826653
19484,-1.24240429,0.373245673
19485,3.07439484,-0.550018884
19486,3.07439484,-0.550018884
19487,0.198510328,0.634950465
19488,-1.44192118,-0.919588235
19489,,
19490,-1.26548925,-0.194318692
19491,0.0306659614,-1.94390646
19492,0.397275231,-2.24468918
19493,0.54018671,0.564612013
19494,-0.220972536,-0.409157257
19495,-0.220972536,-0.409157257
19496,1.30258028,1.21806122
19497,0.392700428,0.124266404
19498,,
19499,-0.417581642,-0.753499786
19500,-1.31176204,0.657845832
19501,-2.59590038,1.57143513
19502,-0.964465003,0.879785293
19503,-1.25516294,0.184441328
19504,-1.25516294,0.184441328
19505,-0.912633288,-0.872691498
19506,-0.566538585,-0.396567578
19507,,
19508,-1.00403901,-0.341712156
19509,-0.116194094,0.323312877
19510,0.380569019,-0.464788814
19511,1.00046014,-0.310124517
19512,-0.733555734,0.544015756
19513,-0.733555734,0.544015756
19514,-1.9221211,1.9401547
19515,0.260916715,-0.605509147
19516,,
19517,0.536364914,-1.15073937
19518,0.950461637,-1.18812695
19519,0.219168953,-0.706025333
19520,0.17005517,-0.0182195652
19521,1.89429333,0.734175615
19522,1.89429333,0.734175615
19523,-0.529720152,-0.766878156
19524,0.173464917,0.386350179
19525,,
19526,0.328141791,-1.0198999
19527,0.719512098,-1.96357033
19528,-0.0812270636,-0.999495119
19529,0.0360224352,1.37967646
19530,-0.381044481,0.300169316
19531,-0.381044481,0.300169316
19532,0.0807579453,-0.462291648
19533,0.379290563,0.0408218451
19534,,
19535,-1.04299017,-0.539776571
19536,0.967379212,-1.277647
19537,1.53670332,-0.855658853
19538,0.297637893,2.24307068
19539,0.224809638,1.0013388
19540,0.224809638,1.0013388
19541,-1.13745744,1.3500453
19542,-0.585933732,0.289301305
19543,,
19544,1.41982671,0.169619352
19545,1.34990274,0.325978446
19546,0.261921904,-1.07400492
19547,0.693278409,0.134955804
19548,0.268447233,-1.32097434
19549,0.268447233,-1.32097434
19550,0.115564814,0.462390913
19551,-0.923684008,-0.283467724
19552,,
19553,-0.195370495,0.662973959
19554,0.498971715,-0.425135691
19555,-1.04604733,0.498387037
19556,-0.557272006,-0.243929194
19557,-0.253176731,1.07860599
19558,-0.253176731,1.07860599
19559,-1.18297585,0.061852268
19560,0.775458805,1.0463668
19561,,
19562,-1.15691943,-0.288365742
19563,1.1955153,0.811577705
19564,0.581938062,0.387436548
19565,0.458806309,-0.363860572
19566,-1.25041265,0
19567,-1.25041265,0
19568,0.4716472,1.27394551
19569,-0.144042631,-0.290868212
19570,,
19571,0.309248674,-0.0430114721
19572,-0.101955252,0.138371336
19573,-0.597323903,0.0201348965
19574,0.854956276,0.527464165
19575,-0.51784897,0.247601842
19576,-0.51784897,0.247601842
19577,0.224868024,-0.347929498
19578,-1.92814964,1.35966481
19579,,
19580,0.530878294,1.78394727
19581,0.23979815,0.85340812
19582,0.729441659,-0.447365151
19583,1.27286937,1.12582128
19584,-0.781199543,-2.56954288
19585,-0.781199543,-2.56954288
19586,-1.53094337,-2.21242319
19587,0.985371464,0.604636788
19588,,
19589,-1.13485012,0.839606367
19590,2.50118525,-1.87251355
19591,1.76610378,-1.33200335
19592,0.453701271,-0.0602161702
19593,0,0.306903839
19594,0,0.306903839
19595,0.614683771,-1.25296753
19596,-0.848781711,1.01270977
19597,,
19598,-1.66652226,0.253647521
19599,-1.18634701,0.509967176
19600,-0.546809405,0.36207615
19601,-0.0909356214,0.822301427
19602,-0.312316767,-1.04630734
19603,-0.312316767,-1.04630734
19604,-0.0996418828,-0.59586131
19605,-0.958335418,0.818083713
19606,,
19607,-0.701680987,-0.285842242
19608,-0.376607973,-0.214307255
19609,0.310772681,-0.785441346
19610,-0.0280521665,1.93586713
19611,-0.719241383,0.195486632
19612,-0.719241383,0.195486632
19613,0.178042477,0.917523499
19614,0.252318388,0.425578029
19615,,
19616,0.312898376,0.886936865
19617,-0.64872952,0.595571899
19618,-0.588905645,0.758266976
19619,-1.27037727,1.71656914
19620,-1.80922996,1.43094626
19621,-1.80922996,1.43094626
19622,1.67477453,2.52410009
19623,-0.567100552,-1.04199429
19624,,
19625,-0.147966419,-1.33905489
19626,2.23280866,2.19906631
19627,0.91475248,1.73786242
19628,1.60586075,0.19936015
19629,-0.497062926,0.22473672
19630,-0.497062926,0.22473672
19631,-0.461180555,0.126092845
19632,-0.501322775,1.31764242
19633,,
19634,0.557186066,-0.141177355
19635,-1.34870558,1.22396247
19636,-1.83743468,1.44757501
19637,-1.31654467,-0.554894035
19638,-0.419778071,1.02264652
19639,-0.419778071,1.02264652
19640,0.606588767,-1.32963629
19641,-1.88891873,1.13887994
19642,,
19643,1.13150356,2.37556669
19644,1.02805099,-1.8501298
19645,0.894438593,-0.0208970905
19646,0.863549495,0.143793432
19647,1.36785248,0.325940676
19648,1.36785248,0.325940676
19649,-0.332910987,-3.26428034
19650,-0.687859115,-0.465617466
19651,,
19652,-0.841006821,-1.16238553
19653,1.05638399,0.51654031
19654,0.100796021,0.103675725
19655,-1.4411768,0.331488555
19656,-0.474063368,0.585968
19657,-0.474063368,0.585968
19658,-0.190810365,0.313889515
19659,1.179647,0.73673658
19660,,
19661,-0.820372659,-0.100420131
19662,-0.748085104,0.756580799
19663,-0.818684724,-0.320324503
19664,-0.665441441,-0.0155280518
19665,0.450885689,1.00639613
19666,0.450885689,1.00639613
19667,-0.0199417194,0.0412650804
19668,1.28621878,0.0408556445
19669,,
19670,-1.45964243,-0.423565034
19671,0.0570324056,1.38031735
19672,0.360236986,0.653807993
19673,0.203214111,-1.42638394
19674,0.142217562,0.401358671
19675,0.142217562,0.401358671
19676,-0.400923085,1.00103501
19677,-0.754428238,1.49227625
19678,,
19679,-1.97889935,1.10318093
19680,0.422460621,1.00184564
19681,-0.31165918,1.32416823
19682,0.498577049,1.51749339
19683,1.08195743,-0.487268488
19684,1.08195743,-0.487268488
19685,0.895444596,0.648224016
19686,0.097868298,-0.297601554
19687,,
19688,-0.567423642,1.77548171
19689,-0.014517091,0.658814637
19690,0.0421466638,1.29915079
19691,0.158053881,-0.235849936
19692,0.386763223,-0.859504259
19693,0.386763223,-0.859504259
19694,0.519022193,-1.50120647
19695,0.490222532,0.548592392
19696,,
19697,0.456821859,0.712975214
19698,0.175575002,0.233323029
19699,-2.3028364,0.748234247
19700,1.12895268,-0.06141082
19701,-0.253046205,0.702833386
19702,-0.253046205,0.702833386
19703,0.801426564,0.548805743
19704,-0.315280974,1.38993676
19705,,
19706,-0.0295743355,0.21298854
19707,0.963432774,1.8476222
19708,-0.325813286,1.36969426
19709,0.38911332,0.97310693
19710,-1.74119175,1.07799074
19711,-1.74119175,1.07799074
19712,0.173000053,0.163029865
19713,-0.945600475,0.741577633
19714,,
19715,1.66907784,0.588689273
19716,-0.306228397,-0.264712339
19717,0.228126422,-0.489167501
19718,-0.335155563,1.01338318
19719,-0.360636874,-0.369573216
19720,-0.360636874,-0.369573216
19721,0.837030557,1.31650669
19722,1.15887214,0.997162119
19723,,
19724,-0.721251267,-1.06695378
19725,-0.072263117,0.612335873
19726,-1.05947172,-0.358264066
19727,-0.221993791,1.92212211
19728,0.219199488,-0.91479112
19729,0.219199488,-0.91479112
19730,0.472198267,-2.23627365
19731,-0.096997629,1.95903542
19732,,
19733,0.607858534,0.21387005
19734,-1.0251328,-1.52680069
19735,-1.39254788,-0.336916339
19736,0.250367939,-1.41220346
19737,-2.10220571,0.995961703
19738,-2.10220571,0.995961703
19739,0.900531443,-1.1826832
19740,-1.20814105,0.30943875
19741,,
19742,0.0143346025,-1.07768569
19743,-1.29639346,-0.791528482
19744,-0.219400465,-0.586347813
19745,1.2040515,-0.35602193
19746,-0.0990667136,-1.20931148
19747,-0.0990667136,-1.20931148
19748,0.0197434193,-0.392323316
19749,0.322721034,-1.41265315
19750,,
19751,0.447287388,-0.565539604
19752,1.1154413,0.892837542
19753,-0.020897182,0.371551859
19754,-0.685729173,0.321167906
19755,-0.648179023,0.855263784
19756,-0.648179023,0.855263784
19757,-1.02751046,0.647617044
19758,-0.51990567,-0.0822252575
19759,,
19760,-1.35520235,1.79283125
19761,0.487352265,-0.0285917927
19762,0.479545908,-0.430313278
19763,-0.829108264,0.0457298116
19764,0.62974767,1.10939057
19765,0.62974767,1.10939057
19766,0.562180814,-0.303835478
19767,0.396407471,1.26293018
19768,,
19769,-0.70560565,1.17510793
19770,-0.298889502,-0.341676942
19771,-0.0195777958,-0.214041416
19772,0.548370316,-0.173085827
19773,-0.920412205,0.282632598
19774,-0.920412205,0.282632598
19775,1.49720968,0.161067798
19776,0.0838342998,-1.22110536
19777,,
19778,0.0290290229,-2.33176459
19779,0.317004337,-2.42018199
19780,0.873001032,-0.743944449
19781,-2.04706146,-1.27605846
19782,0.307562829,0.33999704
19783,0.307562829,0.33999704
19784,0.0999247467,0.837012527
19785,0.0816350817,-1.00819899
19786,,
19787,0.579061065,1.08687414
19788,0.346147289,-0.554212857
19789,0.537313828,0.145125062
19790,-1.52706658,0.331779409
19791,1.51430637,1.5858698
19792,1.51430637,1.5858698
19793,0.21169279,-0.449874833
19794,-0.966618927,0.184938389
19795,,
19796,-0.174764404,-0.799822114
19797,-0.0422533951,-1.20525046
19798,0.163318419,-0.537848862
19799,0.146862975,-1.46783722
19800,0.212229555,0.205626089
19801,0.212229555,0.205626089
19802,-0.349613814,0.587148453
19803,0.852001176,0.101728676
19804,,
19805,-1.75854884,1.08548124
19806,-0.363158092,0.776538877
19807,-0.439546806,1.15912782
19808,-0.271282431,1.39743806
19809,0.431487292,0.691033787
19810,0.431487292,0.691033787
19811,1.32176265,0.986524117
19812,-0.405824648,-0.145757327
19813,,
19814,-0.10372598,-1.05838389
19815,-1.5396963,2.69164315
19816,-0.885318235,1.77406339
19817,0.40883471,1.34371876
19818,0.733372119,0.732954979
19819,0.733372119,0.732954979
19820,-1.41009765,0.461058994
19821,-0.304917176,-0.497501806
19822,,
19823,-1.84529451,-1.13070283
19824,0.431059221,-0.896068825
19825,0.122837404,-0.0805475659
19826,-1.01194066,0.529328896
19827,0.713376329,0.169910858
19828,0.713376329,0.169910858
19829,-0.524940588,0.277827102
19830,0.423569413,-0.20802062
19831,,
19832,-1.16676191,1.2207294
19833,1.75395305,1.10958289
19834,1.60304764,1.10502586
19835,1.00386234,0.167497958
19836,-0.695226862,-1.79922072
19837,-0.695226862,-1.79922072
19838,1.37550583,0.0207180512
19839,-0.37086379,-0.0399182463
19840,,
19841,0.128520329,0.382705321
19842,-1.21449477,-0.230769672
19843,-1.70115421,-0.531509577
19844,-0.503981509,-0.837845974
19845,-1.35269075,0.657745112
19846,-1.35269075,0.657745112
19847,-0.580503687,0.930014576
19848,-2.09611163,0.330059375
19849,,
19850,0.303610329,-0.876900247
19851,-0.745634946,-0.746356152
19852,-0.315613168,-0.119412464
19853,1.90940035,1.069973
19854,1.19144004,0.578969543
19855,1.19144004,0.578969543
19856,-0.0604756418,0.73351527
19857,0.453422291,-0.271173511
19858,,
19859,1.4614785,-0.857768801
19860,0.294808272,-0.3647726
19861,0.514734582,-1.20439849
19862,0.132122587,-0.680186638
19863,-0.719458987,-0.516576818
19864,-0.719458987,-0.516576818
19865,0.763788135,-0.60181937
19866,0.204594939,1.29112099
19867,,
19868,-0.526090583,1.81247697
19869,-1.40746224,0.469012678
19870,-1.11581556,-0.0788426508
19871,-1.37507346,-0.591558744
19872,-0.164495293,0.0581737813
19873,-0.164495293,0.0581737813
19874,1.79875863,-0.393791697
19875,-1.22494735,1.17315514
19876,,
19877,0.406218906,-0.817666642
19878,-0.299396105,-0.684782578
19879,0.194977672,-1.50071673
19880,-0.861384768,-0.599966081
19881,0.844506782,-0.330957147
19882,0.844506782,-0.330957147
19883,-0.840604419,0.918457183
19884,0.529569884,0.734580785
19885,,
19886,-0.736229984,-0.328370699
19887,-1.10574188,-0.860183578
19888,0.0988014948,-1.09863835
19889,0.971107357,-0.894195144
19890,1.13946579,0.369463225
19891,1.13946579,0.369463225
19892,-0.34827262,-0.166419384
19893,1.60452014,0.880732185
19894,,
19895,0.275720476,0.534942013
19896,-0.116555027,-0.808996531
19897,-0.452550552,-0.704558146
19898,0.0614632361,-0.339807502
19899,0.141638497,-0.631302066
19900,0.141638497,-0.631302066
19901,0.188284948,0.759092675
19902,0,-1.43383223
19903,,
19904,1.28287371,-0.0606207812
19905,0.299524304,0.385419189
19906,-1.18259937,0.94674617
19907,0.0141630264,0.465773061
19908,0.0610313804,0.41269792
19909,0.0610313804,0.41269792
19910,1.5886758,0.398344569
19911,0.258498101,0.994760257
19912,,
19913,-0.338244553,0.560055263
19914,-0.304819306,-0.283730717
19915,0.574288679,0
19916,-1.42833607,-1.48279234
19917,-0.758254004,1.77730398
19918,-0.758254004,1.77730398
19919,-0.0812848814,-0.18314278
19920,-1.09723076,0.552563745
19921,,
19922,-1.68526769,0.314736788
19923,0.18861263,-0.868093408
19924,-0.843007558,-0.491331744
19925,0.275122298,-1.52515191
19926,0.951091129,1.21691777
19927,0.951091129,1.21691777
19928,0.356552385,0.999812953
19929,0.595110673,-0.970739985
19930,,
19931,0.073667074,0.109290123
19932,-0.257582087,-0.29756301
19933,-0.46538841,0.0811733902
19934,0.250565948,-1.05206158
19935,-1.00345328,2.36334038
19936,-1.00345328,2.36334038
19937,-0.457073332,-1.76648691
19938,0,-0.630793707
19939,,
19940,0.35181405,0.606226205
19941,-1.33157442,1.13834223
19942,-1.8978059,1.4624043
19943,-0.788388353,1.41481338
19944,-2.03344186,0.0201964717
19945,-2.03344186,0.0201964717
19946,-1.93194878,0.550929514
19947,0.734252156,-0.94350862
19948,,
19949,0.981040003,0.940139361
19950,0.49667469,-1.41883778
19951,0.935847855,-1.25049727
19952,2.26840201,-1.09900105
19953,0.192973672,-1.13191249
19954,0.192973672,-1.13191249
19955,1.1537469,0.430481832
19956,0.574607001,1.27517502
19957,,
19958,-3.09202426,-1.04105156
19959,-0.588153816,1.88151706
19960,-1.67859198,1.80933894
19961,-0.908165708,1.75801468
19962,-2.06421006,-0.748105066
19963,-2.06421006,-0.748105066
19964,2.30384974,0.431714836
19965,-0.237491901,0.375789775
19966,,
19967,-0.837959094,0.747832373
19968,-0.447898631,0.70508989
19969,-0.395510902,-0.393888818
19970,0.365004911,1.61277349
19971,-0.658595581,0.741578476
19972,-0.658595581,0.741578476
19973,2.12639184,-1.38399898
19974,1.82586193,0.782708194
19975,,
19976,-0.211900451,0
19977,1.28681236,-0.571695536
19978,1.12767093,-0.690501407
19979,-0.284122939,0.10390832
19980,1.59307693,-0.71759821
19981,1.59307693,-0.71759821
19982,1.26671327,-1.14125292
19983,0.683234258,0.578207508
19984,,
19985,0.280499474,0.746601062
19986,-0.303151711,-0.706395397
19987,-0.973337554,-0.965056358
19988,-2.2255114,-1.30810233
19989,-1.79564712,-0.564184545
19990,-1.79564712,-0.564184545
19991,-0.355342496,0.896727729
19992,1.07838617,2.39044602
19993,,
19994,1.90288505,-0.331385604
19995,-0.130420503,-0.291167692
19996,0.350645643,0.512249839
19997,-1.46139823,-1.71178328
19998,-1.16466161,-0.255809181
19999,-1.16466161,-0.255809181
20000,1.08827253,0.407356367
20001,-0.233904575,1.28737093
20002,,
20003,-0.0868771874,-1.30229374
20004,-1.23147165,1.95629594
20005,-0.618684304,1.82621469
20006,1.33758783,0.174667866
20007,0.921020789,0.507767935
20008,0.921020789,0.507767935
20009,0.701984902,-0.0416819948
20010,0.08324979,0.650593578
20011,,
20012,1.6811296,1.36284674
20013,-0.567574282,-1.0787681
20014,0.0203756901,-0.520501175
20015,0.060428379,0.228995118
20016,0.281793364,-0.502977005
20017,0.281793364,-0.502977005
20018,0.938356503,0.0603516081
20019,-1.31074752,-0.687489811
20020,,
20021,0.669508953,-0.279270869
20022,-0.141966143,-0.528723569
20023,-0.122210976,0.119818518
20024,0.559644651,1.1389951
20025,0.387189684,-2.01336331
20026,0.387189684,-2.01336331
20027,-0.61225033,2.01862224
20028,-2.3108177,1.20582988
20029,,
20030,0.155031354,0.298199296
20031,-0.926914152,0.471743583
20032,-1.1152393,1.71702251
20033,-0.253658844,1.01402645
20034,-0.997641343,-0.654643427
20035,-0.997641343,-0.654643427
20036,-0.585082356,-1.40926109
20037,0.972963622,-1.36616693
20038,,
20039,-0.498789231,0.767597945
20040,0.66713781,0.359553199
20041,0.163916707,0.667827142
20042,-0.331712294,2.39550513
20043,0.505846586,-0.353253279
20044,0.505846586,-0.353253279
20045,-1.27492542,-0.160621954
20046,1.70849984,-0.851299338
20047,,
20048,0.0880230515,-0.0954696371
20049,-0.158345319,-0.497197714
20050,0.458131048,0.407583148
20051,-0.210811802,-1.12967578
20052,0.945617874,2.29706108
20053,0.945617874,2.29706108
20054,-1.40452854,-1.25150047
20055,-0.867139749,1.6766467
20056,,
20057,-1.50512722,1.84788895
20058,1.40622386,-0.0998806549
20059,1.68236308,0.54955611
20060,0.958939151,-1.63870294
20061,-0.485932187,0.188264299
20062,-0.485932187,0.188264299
20063,-2.09942445,-1.22912583
20064,-1.27518333,1.13547226
20065,,
20066,-0.703395287,1.39406602
20067,-2.13519235,-0.120269666
20068,-1.01877769,-0.78896175
20069,-0.787983887,-0.0594180511
20070,0.730265416,-1.04359153
20071,0.730265416,-1.04359153
20072,-0.480310423,-0.195105796
20073,-0.737318805,-1.11705522
20074,,
20075,0.125195686,0.960531155
20076,1.58311901,-1.30255585
20077,0.694262238,-1.48260768
20078,-0.0727035953,-1.94827208
20079,-1.0495136,-0.160775853
20080,-1.0495136,-0.160775853
20081,-1.14984851,0.207989042
20082,0.358433502,-0.292620924
20083,,
20084,-0.901500985,1.29324385
20085,2.46036447,0.156661735
20086,2.19915916,1.11959868
20087,-0.0321106578,-2.25766067
20088,-0.0390865089,-1.73188884
20089,-0.0390865089,-1.73188884
20090,0.0195379343,-0.320293617
20091,0.770098598,1.86638512
20092,,
20093,-0.072211723,-1.10934886
20094,-0.218512022,0.919660075
20095,0.387726772,-0.0991299345
20096,-0.698908612,0.54209107
20097,0.314937899,-0.223345689
20098,0.314937899,-0.223345689
20099,1.00370526,-0.331697812
20100,-0.185954635,-0.992243578
20101,,
20102,1.73095214,-0.574635029
20103,0.549436747,-0.303627826
20104,-0.100505715,1.00527316
20105,-0.870823744,-0.624740934
20106,-1.23543454,-0.200520117
20107,-1.23543454,-0.200520117
20108,0.0598528439,1.01675006
20109,-0.347393077,0.0606257448
20110,,
20111,0.570657181,0.62423527
20112,0.86145551,-0.699385694
20113,0.737100773,0
20114,1.00152208,0.709171488
20115,0.142061278,-1.21188432
20116,0.142061278,-1.21188432
20117,0.914715131,1.26921054
20118,-1.03169636,1.08913234
20119,,
20120,-0.100739152,-0.514690761
20121,0.0409401105,0.687206947
20122,0.694301292,1.14728864
20123,1.30765818,-0.447617697
20124,-0.229236124,-0.257511643
20125,-0.229236124,-0.257511643
20126,1.95491407,-0.831705831
20127,-1.86471187,0.661926361
20128,,
20129,1.29632942,-1.61062918
20130,-0.893130983,-0.450550026
20131,-0.718255265,-0.239643503
20132,-0.287276863,0.45843186
20133,-1.99682698,1.68485798
20134,-1.99682698,1.68485798
20135,-0.44356959,-0.12193805
20136,0.571963471,0.969404378
20137,,
20138,-0.293758664,-1.02064502
20139,-0.627070513,-0.12798249
20140,0.70486938,0.705085352
20141,0.825716795,0.765564524
20142,-0.058591497,0.791537887
20143,-0.058591497,0.791537887
20144,0.45786256,-0.718803351
20145,-0.875084724,0.700480994
20146,,
20147,-0.377155723,0.736181753
20148,-2.49352381,-0.486068931
20149,-1.42420505,-0.0785607357
20150,0.204703664,-0.215581325
20151,1.5090688,1.23383081
20152,1.5090688,1.23383081
20153,0.714631336,-1.10946053
20154,-1.10368677,-0.301840101
20155,,
20156,0.683739235,0.203165405
20157,-1.49337581,1.956427
20158,-1.83512568,0.886927213
20159,-1.18722961,1.01657692
20160,-0.268183682,-1.27884723
20161,-0.268183682,-1.27884723
20162,0.668124722,0.143464031
20163,0.43157315,-2.30163543
20164,,
20165,-1.1440498,0.856387593
20166,-1.57400693,0.667433571
20167,-1.90514175,0.487243555
20168,0.0613210482,-0.447415776
20169,0.614015505,2.01256951
20170,0.614015505,2.01256951
20171,-1.43781359,-0.14052398
20172,0.57928758,1.35050875
20173,,
20174,-0.399885886,-0.80557564
20175,-0.226470984,-2.37460038
20176,-0.291077695,-3.40500312
20177,0.983987744,0.36528565
20178,0.100875371,-0.340240482
20179,0.100875371,-0.340240482
20180,1.62155067,0.879938076
20181,1.64682466,0.876789879
20182,,
20183,-0.175075991,0.64085634
20184,0.711462904,2.29439669
20185,0.905967247,1.62392562
20186,0.147195553,0.404488289
20187,0.860984974,0.606166562
20188,0.860984974,0.606166562
20189,0.209818023,-1.79906008
20190,-0.71485299,-2.80649861
20191,,
20192,0.749448481,0.640255083
20193,0.553368812,-0.405913466
20194,0.419294623,0.465660852
20195,-0.733480773,2.13198893
20196,0.958204381,-0.93431464
20197,0.958204381,-0.93431464
20198,-0.480530911,0.342787483
20199,-0.382315275,0.560487372
20200,,
20201,0.233018709,-0.357235417
20202,1.40477413,-0.771665424
20203,1.13667162,-0.623095053
20204,0.201384535,-0.112152663
20205,0.568772876,-0.747632782
20206,0.568772876,-0.747632782
20207,0.734203167,-1.1555026
20208,2.129287,-0.657020424
20209,,
20210,-1.9474626,-0.475582039
20211,0.160057019,0.449670848
20212,-1.44241835,-0.0643361679
20213,-1.28372774,1.64789573
20214,1.03313412,0.787200601
20215,1.03313412,0.787200601
20216,-0.142744244,0.805162323
20217,-1.85317946,-1.26429449
20218,,
20219,-0.780536264,0.799943947
20220,-1.35689199,0.205403408
20221,-0.181363396,0.521359043
20222,1.14019706,-0.044358647
20223,-0.30763415,-0.525571882
20224,-0.30763415,-0.525571882
20225,1.53668672,-0.932916432
20226,0.0194021612,1.08560779
20227,,
20228,1.58638998,0.098464546
20229,-0.0401423728,0.0975958075
20230,1.44013828,0.793837888
20231,-0.40678193,0.682061729
20232,0.994621155,-0.266469671
20233,0.994621155,-0.266469671
20234,0.391043307,-3.17374929
20235,-1.43696636,-0.68324013
20236,,
20237,-1.5558104,0.250376134
20238,-0.475297098,0.185971529
20239,-2.10910165,0.577867706
20240,-1.25543009,1.72273598
20241,0.364548035,1.25607938
20242,0.364548035,1.25607938
20243,-0.0204545482,-1.38506121
20244,0.817284734,0
20245,,
20246,0.0873230835,-1.24068716
20247,-1.08839636,-1.05872473
20248,-1.6532269,-0.902009909
20249,-1.55312104,1.12256346
20250,-1.58197516,1.99037122
20251,-1.58197516,1.99037122
20252,1.68489882,0.205333852
20253,0.821356239,0.305034795
20254,,
20255,0.789924779,0.612026692
20256,-0.63294002,1.09555668
20257,-1.59026261,0.896751067
20258,-1.4111438,-0.398798277
20259,-0.971616833,0.502478712
20260,-0.971616833,0.502478712
20261,1.98264298,-1.39508062
20262,-0.855723336,2.21040468
20263,,
20264,-1.02289203,-0.347724419
20265,-0.512465398,-0.818606774
20266,-0.378885116,-1.31564728
20267,-1.71498134,-0.667460229
20268,-0.361557234,-0.217545176
20269,-0.361557234,-0.217545176
20270,-0.469014845,0.787580333
20271,-0.403793785,-0.749855743
20272,,
20273,0.675098589,1.16744626
20274,0.892645011,-1.01462335
20275,0.485758487,0.390115975
20276,1.46685734,-0.64323761
20277,-1.05830695,0.142614992
20278,-1.05830695,0.142614992
20279,-0.353792212,-0.485012163
20280,0.274171195,-0.102602058
20281,,
20282,-0.166150561,-0.661073201
20283,-0.521668697,-0.234934918
20284,-0.562985103,-0.1276249
20285,0.238755788,0.493934626
20286,-0.679700248,0.42560081
20287,-0.679700248,0.42560081
20288,0.21019104,-0.0620374703
20289,1.40039174,-1.05607408
20290,,
20291,-0.261091836,-0.193609158
20292,0.947895904,1.36063917
20293,1.09270478,1.61108028
20294,1.10358528,-0.383573394
20295,-1.56802677,-1.27067974
20296,-1.56802677,-1.27067974
20297,1.40789078,-1.94987129
20298,-2.57025774,-0.370918647
20299,,
20300,-0.0905467524,-0.692473306
20301,0.383792227,0.33357188
20302,0.284982688,0.242265916
20303,-1.25139194,-0.0732172234
20304,1.07230877,-1.2422769
20305,1.07230877,-1.2422769
20306,0.262687364,-1.36165072
20307,1.53728767,0.573176194
20308,,
20309,0.534207331,0.735903567
20310,-0.432357898,0.099742317
20311,0.140851567,0.0199086102
20312,-0.948850209,1.83689816
20313,-1.07473778,1.51957488
20314,-1.07473778,1.51957488
20315,0.570556023,1.9157745
20316,-0.671845734,-0.196712639
20317,,
20318,-0.056332553,-0.159905548
20319,1.43830797,-0.897236984
20320,0.100541968,0.182720391
20321,-0.377980713,1.89974045
20322,-0.759524604,-0.647872207
20323,-0.759524604,-0.647872207
20324,0.570489613,-1.19786546
20325,0.496108652,-0.748299063
20326,,
20327,0.102902727,-2.89695981
20328,-0.219963263,-0.942018076
20329,-0.654896208,-1.76273205
20330,-0.515146254,-0.966168438
20331,-0.928679371,0
20332,-0.928679371,0
20333,-0.183937854,0.656829611
20334,0.965900067,-0.52623247
20335,,
20336,1.17048121,0.62519263
20337,-1.27037999,0.969156813
20338,-2.33587367,1.14456032
20339,0.0300592616,0.15795304
20340,1.13357043,-1.86589296
20341,1.13357043,-1.86589296
20342,1.61140745,1.04768656
20343,-0.0981941324,-0.848562575
20344,,
20345,0.96128905,-0.794587874
20346,-0.918179716,0.84285052
20347,-0.0412415023,0.711220262
20348,-0.0152685615,-0.917139012
20349,-0.485553189,0.347568453
20350,-0.485553189,0.347568453
20351,-0.614433712,-1.67887271
20352,-0.144737345,-0.472674354
20353,,
20354,1.16471717,-1.21492998
20355,-0.487653692,1.66725587
20356,-0.632261886,1.28442867
20357,0.165681301,0.107428295
20358,-0.6030859,-1.40788497
20359,-0.6030859,-1.40788497
20360,0.751668524,0.555794763
20361,-0.725983583,-1.33745823
20362,,
20363,-0.250881412,0.226574765
20364,0.719563074,1.03104071
20365,0.637554817,0.418853762
20366,1.12861631,1.07428354
20367,0.354468326,1.33121476
20368,0.354468326,1.33121476
20369,-0.694350639,-0.513952766
20370,0.802772441,-0.556574362
20371,,
20372,-0.643397814,1.0197974
20373,0.283126691,0.802427987
20374,0.797956744,0.868286744
20375,-0.256957577,-0.21092312
20376,2.48514642,-2.1328681
20377,2.48514642,-2.1328681
20378,-1.51701667,0.478034665
20379,-1.02646211,-1.44969402
20380,,
20381,0.916648237,-0.459865337
20382,-0.220065998,2.49378742
20383,-0.0814018176,2.53946624
20384,1.08339879,2.13184714
20385,1.83921313,1.22378764
20386,1.83921313,1.22378764
20387,-0.108157475,0.753580681
20388,1.61968576,-0.746034859
20389,,
20390,0.0588827939,-0.507693772
20391,-2.41312142,0.717463003
20392,-2.04720141,0.387950341
20393,-1.45337784,0.672099484
20394,1.09819849,0.928194987
20395,1.09819849,0.928194987
20396,0.380686235,-0.0198668552
20397,-1.84300855,0.267372147
20398,,
20399,-0.299638907,0.219123324
20400,0.0139511785,0.239344903
20401,0.239055232,0.450109338
20402,-1.47890067,0.987500619
20403,1.33017433,0.100748829
20404,1.33017433,0.100748829
20405,1.25188252,0.818516527
20406,0.839614926,0.679760167
20407,,
20408,0.0145001596,0.028759612
20409,2.79742667,0.489015801
20410,1.60000206,0.256026428
20411,-0.590881168,2.04418185
20412,0.669874293,0.517195143
20413,0.669874293,0.517195143
20414,2.17154917,0.500206895
20415,0.839591877,-0.215759884
20416,,
20417,-0.171919062,1.55488625
20418,0.0845791269,-0.487925455
20419,1.00584942,-0.0812008845
20420,0.0352066698,-0.490678985
20421,-0.536699774,0.484102776
20422,-0.536699774,0.484102776
20423,-2.16497812,0.0424819412
20424,1.05743368,0.530650189
20425,,
20426,1.10211802,-1.1254718
20427,-0.835252051,0.793954567
20428,-0.400237647,0.874003811
20429,-0.433018725,0.771420495
20430,1.21703489,0.243510118
20431,1.21703489,0.243510118
20432,-0.972205359,0.446546404
20433,-0.650448718,-0.256222274
20434,,
20435,-1.11109487,0.285663151
20436,-1.72657165,0.083808992
20437,-0.239173492,0.376187856
20438,-1.03430251,0.652274826
20439,-0.628369973,-1.21438284
20440,-0.628369973,-1.21438284
20441,0.526435731,-1.06193361
20442,0.278221442,1.33211089
20443,,
20444,1.11870978,-0.766636356
20445,-0.0290922391,0.563304491
20446,-0.913007257,0.56059998
20447,-0.97843269,-0.385917919
20448,0.349475226,-2.09466984
20449,0.349475226,-2.09466984
20450,1.08570955,-0.237311426
20451,-0.615351663,0.616470421
20452,,
20453,1.14114329,-1.59759446
20454,-0.0728450898,-0.326912317
20455,1.07111064,0.582169597
20456,-0.0953231097,2.44944139
20457,0.239720189,0.040342474
20458,0.239720189,0.040342474
20459,1.94779543,1.75920712
20460,0.240347702,-0.387990073
20461,,
20462,-1.04058875,-0.852315791
20463,1.06859364,-1.72391657
20464,1.84067485,-0.725041319
20465,1.92676141,1.53075234
20466,2.05028544,-1.2888928
20467,2.05028544,-1.2888928
20468,-0.100364135,-0.646095813
20469,1.48507055,-0.848161824
20470,,
20471,0.222712999,-0.5385085
20472,-1.49185559,-0.755885254
20473,0.0204582384,0.350032886
20474,-1.25290437,0.139313132
20475,0.528579161,0.273467642
20476,0.528579161,0.273467642
20477,1.20847952,-0.542790258
20478,0.288397764,-1.53856396
20479,,
20480,0.582991038,-2.03360681
20481,-0.453007151,1.25374083
20482,-0.32104773,1.31239461
20483,2.14992032,-1.42845054
20484,0.657856473,0.337633019
20485,0.657856473,0.337633019
20486,-1.58356773,1.22243604
20487,-0.394908463,-0.687213118
20488,,
20489,1.06306312,0.578433733
20490,1.87989384,0.533021491
20491,0.847318886,0.549233519
20492,0.126404578,0.983906209
20493,2.0218498,1.61126949
20494,2.0218498,1.61126949
20495,-1.66194939,0.479988413
20496,0.365007978,1.03268859
20497,,
20498,1.4716572,2.58842425
20499,0.970830436,-2.28894492
20500,0.419292947,-1.82199228
20501,-0.233338229,0.662162955
20502,-1.13196055,0.20512782
20503,-1.13196055,0.20512782
20504,1.08310446,-1.30145891
20505,-0.582290763,0.287913444
20506,,
20507,0.66467521,-0.754827406
20508,1.45473831,1.9001853
20509,1.31965748,2.28431802
20510,0.278112375,-2.03737678
20511,-0.690067072,-0.566904576
20512,-0.690067072,-0.566904576
20513,-1.04641145,-0.0199352829
20514,-0.162691716,-3.27372922
20515,,
20516,-0.921339036,0.117932813
20517,2.48420439,-0.525690007
20518,0.977685779,-0.34224734
20519,1.32113902,0.349338143
20520,-1.03897691,1.29973979
20521,-1.03897691,1.29973979
20522,0.606463876,-0.348948156
20523,-0.995950545,0.269054629
20524,,
20525,-1.19668782,0.396589746
20526,0.511290967,0.842952666
20527,-0.0967344825,-0.0605771545
20528,-0.224040011,-1.32406591
20529,0.689649279,0.948991554
20530,0.689649279,0.948991554
20531,-0.445150976,-0.741713375
20532,0.665151842,0.43775532
20533,,
20534,0.820472415,0.411495984
20535,-1.19553403,-1.22427575
20536,-0.774054362,-0.987424941
20537,1.26102426,1.10499657
20538,1.44014038,-2.31662141
20539,1.44014038,-2.31662141
20540,-1.74313431,-1.54814551
20541,2.73847811,-1.90749652
20542,,
20543,-0.961235157,-1.43540386
20544,0.677458491,0.0553913987
20545,1.46851068,-0.0197557368
20546,0.363679894,-1.50344236
20547,0.953489684,0.020083538
20548,0.953489684,0.020083538
20549,-0.175385401,-0.775497657
20550,1.04834594,0.257710412
20551,,
20552,0.307115155,1.07500453
20553,0.404770623,0.855472573
20554,-0.0606128421,-0.577326756
20555,0.137428456,-0.456305502
20556,-1.86846447,-0.979642466
20557,-1.86846447,-0.979642466
20558,-0.929549562,0.549591581
20559,-0.373611099,-0.662062335
20560,,
20561,-1.11689727,-0.750590338
20562,-1.67814091,-0.778466452
20563,-0.462244848,0.464678489
20564,-0.472324328,-0.147141949
20565,0.881208547,1.61058282
20566,0.881208547,1.61058282
20567,0.429654556,-0.20130714
20568,0.503866891,1.10285453
20569,,
20570,-0.38991966,1.63830999
20571,-0.323313197,0.709093809
20572,-0.680823344,-0.0208357019
20573,-0.421884422,0.210467795
20574,0.603480274,1.02496376
20575,0.603480274,1.02496376
20576,-1.18019162,-2.24161587
20577,-0.323591605,0.620418418
20578,,
20579,-1.20229597,0.101274667
20580,-0.351526286,0.841344937
20581,-1.54104235,1.0816462
20582,1.52547124,0.122637184
20583,-1.20007941,-2.03091682
20584,-1.20007941,-2.03091682
20585,-1.69315157,-1.57280497
20586,-0.525400267,1.26057613
20587,,
20588,0.192983252,-0.659978781
20589,0.268552611,1.0855892
20590,-0.102324901,1.07812807
20591,1.15787854,0.595383228
20592,-0.252032581,-0.935978104
20593,-0.252032581,-0.935978104
20594,0,-0.725556531
20595,-0.442417167,-0.454542927
20596,,
20597,0.959096545,-0.21511677
20598,-1.14641899,0.220851322
20599,-1.11489862,0.775984607
20600,-1.24840244,0.926574458
20601,1.53207145,0.308337695
20602,1.53207145,0.308337695
20603,-0.447213595,-0.748727271
20604,1.83047914,-0.227837296
20605,,
20606,-1.95780839,-0.367362381
20607,-1.73357026,-0.469740655
20608,-0.141413762,-0.744937831
20609,0.233964567,-0.9713502
20610,-0.200350594,0.432141704
20611,-0.200350594,0.432141704
20612,-0.552434575,-0.472150172
20613,-0.289836875,1.20104316
20614,,
20615,-0.630339089,0.0144746301
20616,-0.310759115,-1.08649486
20617,-0.223829561,-0.736093248
20618,1.1125087,-1.05035655
20619,-0.497986762,-1.0139293
20620,-0.497986762,-1.0139293
20621,-0.0799169615,-0.0408150271
20622,0.570431781,0.210785877
20623,,
20624,-0.191373913,1.2957069
20625,1.04196883,-0.404332071
20626,1.34123564,-1.19070419
20627,-0.548080392,0.676583743
20628,-0.822273475,1.07710439
20629,-0.822273475,1.07710439
20630,-1.2276397,1.54784765
20631,-0.404369114,-1.25359427
20632,,
20633,3.02784802,0.0145702892
20634,0.721364365,-0.34022542
20635,1.44703239,-1.13097177
20636,0.57449973,-0.481623235
20637,-0.487157183,-0.221963861
20638,-0.487157183,-0.221963861
20639,-0.409878031,0.315503755
20640,0.0201175292,-2.21753999
20641,,
20642,-1.75159022,0.43332822
20643,1.65461908,-1.49901317
20644,1.35009775,-1.16197149
20645,1.26998924,-0.536657645
20646,1.27437228,-0.199857996
20647,1.27437228,-0.199857996
20648,-0.567534775,-1.12166011
20649,0.24526575,0.559249025
20650,,
20651,0.454219778,-0.772062997
20652,1.43864705,-0.189710952
20653,1.22794923,-0.809135798
20654,-1.38660318,0.679896464
20655,0.51533346,-0.487050588
20656,0.51533346,-0.487050588
20657,2.22769018,-0.947145504
20658,-0.402779174,-1.36439914
20659,,
20660,0.830177918,1.73013537
20661,1.67175146,0.3128354
20662,1.19118517,-0.117618672
20663,2.09455569,-0.222178664
20664,0,-0.979478365
20665,0,-0.979478365
20666,-0.345250525,-0.711831021
20667,-0.182839803,-0.785348744
20668,,
20669,2.00893277,-1.48846851
20670,0.439412278,0.965046106
20671,0.326735142,0.0588634735
20672,-0.51213132,-2.15801749
20673,0.0841759255,-1.38246123
20674,0.0841759255,-1.38246123
20675,0.695325234,0.568868777
20676,1.48900222,-0.457225057
20677,,
20678,1.58947902,-0.752148362
20679,-0.32674857,-0.186075586
20680,-0.526056969,0.659249972
20681,-0.811910863,-1.82468938
20682,-1.42036575,0.732484241
20683,-1.42036575,0.732484241
20684,0.694424178,-0.120906162
20685,-0.456203581,-0.54872378
20686,,
20687,2.38519487,-0.389633013
20688,-1.34452059,-1.57840453
20689,-1.33402925,-1.09552576
20690,-1.44350442,-1.19588778
20691,-0.985489073,-0.202187969
20692,-0.985489073,-0.202187969
20693,-0.709380121,0.482216766
20694,0.637966723,0.88311925
20695,,
20696,-0.345945348,-0.557645224
20697,-0.0721024229,0.833776442
20698,-0.570958826,0.75881421
20699,-1.2442844,0.236103449
20700,0.160264837,-1.31991728
20701,0.160264837,-1.31991728
20702,0.0405381889,-0.276563408
20703,0.751420326,1.06289145
20704,,
20705,1.14950573,1.32132586
20706,0.49744626,0
20707,0.931865303,-0.596555603
20708,0.0894339032,-0.529502464
20709,-1.84012176,0.344527605
20710,-1.84012176,0.344527605
20711,1.98311375,-1.06256872
20712,-2.02287326,0.650853221
20713,,
20714,-1.1792541,0.21902518
20715,0.160374584,-0.336088335
20716,-0.843480309,-0.611243037
20717,-2.88111584,0.120717359
20718,-0.471843996,0.830527476
20719,-0.471843996,0.830527476
20720,0.83214746,-0.458601958
20721,-0.0598176467,-0.630185823
20722,,
20723,0.296031293,-1.32907523
20724,-0.6199111,-0.819599122
20725,1.1754607,-0.942078084
20726,0.202920397,-2.80915025
20727,-0.305142343,-0.0205134851
20728,-0.305142343,-0.0205134851
20729,0.939117785,0.740677873
20730,-0.632444261,-0.523083615
20731,,
20732,-0.536391993,1.18007381
20733,1.31133099,0.812924768
20734,1.01972658,1.30583964
20735,-0.0900852149,1.43126848
20736,-0.473323116,-1.26063327
20737,-0.473323116,-1.26063327
20738,0.929017277,-0.310582382
20739,-0.0203010494,0.14406893
20740,,
20741,2.76388838,-0.0577535151
20742,0.155860692,-1.65125275
20743,-0.231976444,-2.00502199
20744,-1.85212839,-1.53507231
20745,-0.354608974,0.330940114
20746,-0.354608974,0.330940114
20747,-0.586718032,0.0200586125
20748,-0.80655972,-1.09768598
20749,,
20750,-0.815648735,0.463131994
20751,-0.0147508074,-0.872859583
20752,-1.97451163,0.0398054191
20753,-0.238336509,-0.981908262
20754,0.920928398,-1.12482015
20755,0.920928398,-1.12482015
20756,0.608062817,0.220572685
20757,-1.17829425,0.980132154
20758,,
20759,1.47908798,0
20760,-0.0858091403,1.19848908
20761,-1.1732359,1.21018841
20762,-0.4282594,-0.437561834
20763,0.817005235,-0.79354204
20764,0.817005235,-0.79354204
20765,-1.75574379,1.67524153
20766,1.45056153,0.344145926
20767,,
20768,-1.80642493,-0.841338826
20769,-1.32727666,-1.31804198
20770,-0.865716422,0.143902507
20771,-0.182948707,1.15893078
20772,1.94379041,-0.92927285
20773,1.94379041,-0.92927285
20774,-0.14440475,-0.679219689
20775,1.02447795,-0.805911182
20776,,
20777,-0.364671521,0.387240839
20778,1.53341714,0.0691457799
20779,0.837665348,0.697465412
20780,-0.507306524,0.0596137065
20781,-1.64656517,-0.577131991
20782,-1.64656517,-0.577131991
20783,-0.470775394,0.161012845
20784,-0.22446215,0.0803414214
20785,,
20786,-0.521712903,-0.044217135
20787,0.917281508,-1.27539931
20788,-0.0200782615,-0.449430892
20789,-0.232827198,-1.26745747
20790,-1.01065864,-0.790642457
20791,-1.01065864,-0.790642457
20792,1.1634402,-1.28839608
20793,0.60497858,1.07143802
20794,,
20795,-0.399335097,-0.158716348
20796,0.266366889,-0.260292179
20797,0.159846557,0.635690636
20798,1.64913864,-0.401257067
20799,-0.684577785,0.268473057
20800,-0.684577785,0.268473057
20801,1.62085178,0.596077171
20802,-0.360144448,0.755038477
20803,,
20804,0.924399508,0.155286674
20805,-1.49099964,0.410225274
20806,-1.69028554,-1.35820205
20807,0.686812969,-0.716379086
20808,0.253955246,-0.498371952
20809,0.253955246,-0.498371952
20810,-0.622428182,-1.34257196
20811,-1.4302783,-0.709983995
20812,,
20813,1.69922145,0.726886711
20814,-0.412340156,-0.872264384
20815,-0.412977869,-0.145275064
20816,-0.638379848,-2.31376203
20817,-0.361406698,0.825815947
20818,-0.361406698,0.825815947
20819,0.385803632,-1.21332443
20820,-0.567240456,-1.65849183
20821,,
20822,1.0049223,1.73206828
20823,0.0592366134,-1.24182422
20824,-0.696313707,-0.520390003
20825,-1.29718501,-0.935766156
20826,1.36785027,2.2306227
20827,1.36785027,2.2306227
20828,-1.25740522,-0.255116902
20829,-1.29576777,1.96030152
20830,,
20831,2.05243531,1.0453811
20832,-0.935763392,0.144339527
20833,-0.751115552,-0.452978782
20834,0.529368715,-0.0692510585
20835,-0.0814244706,-0.85086607
20836,-0.0814244706,-0.85086607
20837,-1.97365098,0.0198784603
20838,0.392231118,-1.04871601
20839,,
20840,-0.0588525006,-0.235682264
20841,0.319379797,-0.572763381
20842,1.35156359,-0.615769958
20843,-0.163935034,-0.643402851
20844,1.68247628,-0.512631991
20845,1.68247628,-0.512631991
20846,-0.291499778,-1.03750881
20847,-1.05344637,-1.76921505
20848,,
20849,0.158238685,1.20759189
20850,-2.702952,0.465614061
20851,-3.02802618,-0.231529669
20852,-1.69142196,0.232513278
20853,0.531800131,0.566074117
20854,0.531800131,0.566074117
20855,0.142061278,-0.358588912
20856,0.0592303738,0.16387826
20857,,
20858,-1.16702635,1.04365523
20859,-1.30687496,-0.144869627
20860,-0.415966438,-0.907524757
20861,0.135352874,-1.53713103
20862,0.729862884,0.347037322
20863,0.729862884,0.347037322
20864,0.9673507,0.224956631
20865,1.00039899,-0.811910739
20866,,
20867,-0.231203428,1.46070351
20868,1.17965251,-0.547107757
20869,1.38566877,-1.44262732
20870,-1.09475109,2.02973692
20871,0.851832199,0.46923496
20872,0.851832199,0.46923496
20873,2.2306149,-0.31212217
20874,-1.95518656,0.253693921
20875,,
20876,0.513814496,0.0569322442
20877,0.0878450667,-0.300558638
20878,0.500953448,0.694672316
20879,0.709358894,-0.494562033
20880,0.650492215,-1.0845412
20881,0.650492215,-1.0845412
20882,0.855202995,-0.503393326
20883,-0.757026292,-0.890724686
20884,,
20885,-0.154908014,-1.42528586
20886,-0.721285253,-2.14442729
20887,0.0201703834,-0.434501061
20888,0.870452458,-1.67654254
20889,-0.284131501,0.418780721
20890,-0.284131501,0.418780721
20891,1.72921886,-3.36449431
20892,-1.02359677,1.29764037
20893,,
20894,-2.03849139,1.13888835
20895,0.361216081,0.287701702
20896,1.11527674,0.60323733
20897,-0.456198591,-0.209559874
20898,0.874754084,0.0596998612
20899,0.874754084,0.0596998612
20900,1.14698387,-0.836848261
20901,0.735779041,0.236440483
20902,,
20903,1.41141601,-0.188396277
20904,-0.813363388,0.358461068
20905,-1.01582291,-0.398276863
20906,0.77044421,-1.18157699
20907,-2.25579768,-0.721810596
20908,-2.25579768,-0.721810596
20909,-1.08851,1.67635612
20910,0.418989971,0.177841646
20911,,
20912,0.730087811,0.604679625
20913,-2.20128205,-0.562421474
20914,-0.815817328,-1.26152065
20915,0.148795905,-0.177264058
20916,-1.52751218,0.900083363
20917,-1.52751218,0.900083363
20918,-0.814309826,-1.20239094
20919,-0.566713637,-0.635590063
20920,,
20921,-0.373173401,-0.0298866847
20922,-1.47363578,-1.02153224
20923,-0.347473091,-0.359578845
20924,-1.17614407,-0.549666448
20925,1.29498205,0.892560053
20926,1.29498205,0.892560053
20927,1.21731945,1.26368403
20928,0.984246166,1.19369562
20929,,
20930,-0.831272882,-2.61391946
20931,-0.683178388,0.488667547
20932,-0.947005648,-0.159943889
20933,-1.41873178,-2.045222
20934,0.341002603,-0.797441119
20935,0.341002603,-0.797441119
20936,-1.49673086,-0.18382243
20937,0.942682547,-0.735037308
20938,,
20939,0.0431175587,-0.784230075
20940,0.816656923,-1.56781063
20941,0.393303785,-0.901135831
20942,1.04248803,0.194593443
20943,-0.557049166,0.608484688
20944,-0.557049166,0.608484688
20945,-1.17895203,-1.87269066
20946,1.81995988,0.279584086
20947,,
20948,0.30512559,-0.520707448
20949,0.88433222,-0.405845067
20950,0.121941458,-0.181835922
20951,-0.321166023,-0.497579462
20952,1.12329178,-0.139140403
20953,1.12329178,-0.139140403
20954,1.34503697,-0.268723074
20955,-0.429613278,-0.421104498
20956,,
20957,-1.19069286,1.23218908
20958,-0.0722958244,-1.39321407
20959,-0.415040922,-1.57277151
20960,-1.96061104,-2.74146389
20961,-0.170228314,0.199515749
20962,-0.170228314,0.199515749
20963,-0.0985113568,-0.276673564
20964,-1.66920408,1.48786713
20965,,
20966,0.440769807,-0.345769478
20967,-0.873298802,0.431700495
20968,-0.644082114,-0.538385644
20969,-1.80026813,-2.46103556
20970,-0.8144679,1.59417063
20971,-0.8144679,1.59417063
20972,-1.96455336,0.0836036898
20973,0.86663274,0.810057527
20974,,
20975,0.0287082402,0.73834561
20976,-0.889677658,-2.22566004
20977,-1.91973636,-0.187220893
20978,-1.79130066,-1.10078019
20979,0.793826348,-0.159420428
20980,0.793826348,-0.159420428
20981,-1.9479496,1.2007503
20982,1.30302972,-0.0593758023
20983,,
20984,-0.0434309151,-0.534178246
20985,0.562174503,-0.168845982
20986,0.426256581,-0.174517726
20987,-0.257667171,0.357139149
20988,-2.8401906,1.27361724
20989,-2.8401906,1.27361724
20990,0.807547279,-2.11451062
20991,1.44646258,-0.356001756
20992,,
20993,-1.58483858,0.659277112
20994,-0.855870351,0.198571835
20995,-0.159217725,-1.56162676
20996,0.210533102,-0.947170434
20997,-1.45528899,-0.266486508
20998,-1.45528899,-0.266486508
20999,1.10974147,-0.249604816
21000,-0.72604756,-0.284173747
21001,,
21002,1.0622879,0.655554833
21003,2.11192083,-0.646379859
21004,1.36394658,0.0205498408
21005,0.849885202,-0.215036087
21006,1.85835285,-0.73234656
21007,1.85835285,-0.73234656
21008,1.81595523,-0.59961201
21009,1.30219527,0.967361396
21010,,
21011,-0.170108567,-0.361622718
21012,-1.14538337,-0.12979072
21013,0.271837693,0.916303923
21014,-0.16601503,1.06793446
21015,1.81644127,-1.06298354
21016,1.81644127,-1.06298354
21017,-0.672483146,-0.0794032357
21018,-0.653946838,1.20475716
21019,,
21020,-0.603402349,0.705064082
21021,-0.0720077621,0.275234847
21022,-0.0397936874,-0.306329724
21023,-0.246298166,-0.499125023
21024,1.85819057,0.428042733
21025,1.85819057,0.428042733
21026,1.06951245,-1.26456252
21027,0.57396278,-1.48568264
21028,,
21029,-0.616481888,-0.184268737
21030,0.783918634,-1.27360559
21031,-0.385891371,-1.29351017
21032,-0.213003835,-0.716720691
21033,0.45752034,-0.868843452
21034,0.45752034,-0.868843452
21035,0.547095922,-1.85094623
21036,1.43459302,0.160464289
21037,,
21038,-0.634488894,0.489310131
21039,-0.334552023,0.10366188
21040,1.17828916,0.103093923
21041,-0.534732813,0.488263578
21042,-0.338302571,-1.10477106
21043,-0.338302571,-1.10477106
21044,1.32856236,0.245187724
21045,-1.13731523,0.864943218
21046,,
21047,0.0445139498,0.670849792
21048,-0.700774568,0.69034448
21049,-1.31893977,0.406279785
21050,0.91697,0.258316152
21051,0.267372147,0.105450551
21052,0.267372147,0.105450551
21053,-0.528079073,-0.37933224
21054,0.913386849,1.29395925
21055,,
21056,1.64701425,-0.386759102
21057,-2.84381438,1.36783183
21058,-0.990763586,0.817620985
21059,-0.520897305,0.110417442
21060,-1.03627231,-0.0632197495
21061,-1.03627231,-0.0632197495
21062,1.53475158,-1.13626812
21063,-1.96861105,0.404630563
21064,,
21065,-0.325628815,-0.295989873
21066,0.553136091,1.5199064
21067,0.484480859,-0.321165717
21068,-1.14184343,1.15723266
21069,-0.340219209,-0.428974622
21070,-0.340219209,-0.428974622
21071,-1.09323173,-0.897473983
21072,0.143275316,0.0418616993
21073,,
21074,0.39712505,-1.14052837
21075,-0.242773774,-1.47147757
21076,0.609877146,-0.311978544
21077,0.106159999,0.644248834
21078,0,-1.21073759
21079,0,-1.21073759
21080,-1.19149107,-1.26168234
21081,1.57996147,1.14470965
21082,,
21083,0.558342557,-0.496519024
21084,0.362961624,-1.35034197
21085,0.735420723,-1.30152867
21086,-0.564715171,-0.618158172
21087,2.75859425,0.351818008
21088,2.75859425,0.351818008
21089,1.87352267,-1.19174212
21090,1.21726921,-1.28526777
21091,,
21092,-1.54705064,0.0544752182
21093,1.49499292,1.67008315
21094,1.14611326,2.29712056
21095,-0.464169542,1.52045456
21096,0.526272996,-0.865204715
21097,0.526272996,-0.865204715
21098,0.0830459284,-0.237150394
21099,-0.572862824,0.414522723
21100,,
21101,0.723078135,-1.0347956
21102,-1.13228712,0.34097647
21103,-1.77878765,-0.320274639
21104,-1.27793997,-1.20710746
21105,-0.467627941,-0.561911378
21106,-0.467627941,-0.561911378
21107,-1.83090365,-1.46810028
21108,-0.737036037,0.183813974
21109,,
21110,-0.646309948,-0.251314309
21111,0.305629149,0.183395531
21112,0.527576722,-0.647890916
21113,0.846077901,1.09171779
21114,-0.292494129,-0.869796681
21115,-0.292494129,-0.869796681
21116,-1.06970461,-1.35326875
21117,0.25658425,-0.178582427
21118,,
21119,-0.360472664,0.0571450493
21120,-0.199343941,-0.627327057
21121,0.251655121,0.240411764
21122,0,-0.142306998
21123,0.451935093,0.311500144
21124,0.451935093,0.311500144
21125,0.203090539,0.298039979
21126,0.123211248,-1.32267457
21127,,
21128,1.12972917,-0.213191164
21129,-1.16668292,-0.459765814
21130,-1.32052878,0.441989594
21131,-0.431056657,-0.209942668
21132,-0.845590036,-0.390649622
21133,-0.845590036,-0.390649622
21134,1.0745385,1.52772307
21135,0.143553221,1.49253761
21136,,
21137,-1.78395111,0.838511846
21138,0.0425653712,0.635565628
21139,0.122160178,0.502286898
21140,-2.01101528,1.16774621
21141,-2.7092064,1.68663516
21142,-2.7092064,1.68663516
21143,-1.0669201,0.061226535
21144,0.945380274,-0.323825393
21145,,
21146,-0.131949515,0.670061978
21147,-0.484338854,1.23968605
21148,0.498633442,1.33274342
21149,-1.09162722,2.08839228
21150,-1.0881078,0.277540987
21151,-1.0881078,0.277540987
21152,0.706928544,-0.344276079
21153,-0.0772407412,0.143275316
21154,,
21155,0.677313201,0.418625931
21156,1.7916575,0.664292118
21157,2.01842186,0.0804851803
21158,0.357451333,0.140580149
21159,-1.86809388,-0.167573986
21160,-1.86809388,-0.167573986
21161,-1.29079666,0.992590472
21162,0.40666986,0.88932003
21163,,
21164,0.356883471,-1.31493687
21165,0.53265982,-1.21924739
21166,-0.0616959014,-0.695459647
21167,0.547531999,0.863536752
21168,-0.0597890575,1.0451949
21169,-0.0597890575,1.0451949
21170,-0.922334799,-1.22397286
21171,-0.711698902,0.717953125
21172,,
21173,-0.545056189,0.369825248
21174,1.51332544,-0.4180481
21175,0.68718005,-0.311117035
21176,0.977875614,-0.85763069
21177,0.078229051,-0.488546824
21178,0.078229051,-0.488546824
21179,-0.160616599,-0.633103929
21180,-1.29996087,-0.943752669
21181,,
21182,0.519443504,-1.79154554
21183,-1.21980601,-0.43720047
21184,-0.18846199,-0.201842495
21185,-0.855854981,-1.50441083
21186,-0.950122258,-1.89136521
21187,-0.950122258,-1.89136521
21188,0.458268035,1.79069493
21189,-0.158143612,1.76572933
21190,,
21191,0.920127407,-0.85011214
21192,0.579659951,0.947348935
21193,0,0.498837693
21194,0.196408466,0.304549087
21195,0.262003483,-0.711668423
21196,0.262003483,-0.711668423
21197,-0.602065352,0.343405322
21198,0.562005335,-0.600165285
21199,,
21200,-0.925362552,-0.902209661
21201,0.696887002,0.205581495
21202,0.71225001,0.715565616
21203,0.594670429,-0.454426633
21204,-0.439903241,-0.568502567
21205,-0.439903241,-0.568502567
21206,-0.411691736,0.773128711
21207,-0.222405968,-0.176050725
21208,,
21209,-0.203359879,-0.764779396
21210,1.39320412,-0.0850922191
21211,1.19290269,-0.193879993
21212,-0.328755924,0.0143357099
21213,0.547199915,1.08390533
21214,0.547199915,1.08390533
21215,-0.432532018,-0.859787762
21216,-0.285721593,-0.185045342
21217,,
21218,-2.48582112,-0.257022467
21219,1.34861718,-0.913703064
21220,2.39885306,0.691603257
21221,0.626864797,-0.480316101
21222,0.407960825,-0.785586976
21223,0.407960825,-0.785586976
21224,-0.521688348,-1.20752156
21225,-1.89957721,-1.37203814
21226,,
21227,-0.988887572,-0.205218447
21228,0.827240194,0.188407582
21229,0.579696294,-0.164739863
21230,-0.386168217,-0.953611092
21231,0.440485917,0.872233015
21232,0.440485917,0.872233015
21233,0.554467904,1.39873773
21234,-0.201595636,-1.07787897
21235,,
21236,0.167271775,-1.62503116
21237,-0.49521662,-1.03838688
21238,-1.25003655,-1.06315793
21239,0.543137288,0.84168017
21240,-0.467150978,1.24088238
21241,-0.467150978,1.24088238
21242,0.621173398,0.437986277
21243,0.770330297,0.415954184
21244,,
21245,0.494729922,-1.60647974
21246,-0.913220107,0.139789083
21247,-0.243406391,-0.580548798
21248,-1.23674705,3.21351561
21249,0.973687655,-1.71890768
21250,0.973687655,-1.71890768
21251,0.653946838,0.46721378
21252,-1.5163021,-2.08803097
21253,,
21254,-1.61718169,-0.599256393
21255,-1.44647397,-0.409807867
21256,-0.350067061,-1.13636061
21257,-1.29741996,0.272772319
21258,-0.167249868,-0.160642567
21259,-0.167249868,-0.160642567
21260,0.0796207985,0.599874325
21261,-0.491501951,0.478550949
21262,,
21263,0.444050464,-1.08759284
21264,0.741750684,-0.370515301
21265,-0.427209028,-0.415522118
21266,-0.26873182,0.410268655
21267,-1.02855016,1.37014092
21268,-1.02855016,1.37014092
21269,-2.31153847,0.416664373
21270,-0.289454066,-1.69254919
21271,,
21272,0.520902771,1.44178458
21273,0.707585761,-1.13527624
21274,0.93635686,-1.43136142
21275,-0.63290226,0.727820828
21276,0.659612942,0.624544307
21277,0.659612942,0.624544307
21278,0.0785422866,-0.350499919
21279,-1.36897255,-1.5119792
21280,,
21281,-1.79028882,1.32935015
21282,0.322352209,-1.05220743
21283,0.423659273,-0.161293924
21284,0.34752864,-2.09313415
21285,-1.74254654,-0.706061338
21286,-1.74254654,-0.706061338
21287,0.26509369,-0.433626068
21288,0.411658413,-0.468160571
21289,,
21290,0.471815914,-0.166403643
21291,-0.927987967,-0.146171718
21292,-0.344378748,-0.486576019
21293,-0.814260784,-0.278408199
21294,-1.60827373,-0.466464488
21295,-1.60827373,-0.466464488
21296,-0.661520002,-0.653724498
21297,1.75555502,0.161405287
21298,,
21299,1.35218468,0.631049766
21300,-0.795170742,1.96353528
21301,-0.807396217,3.03296079
21302,0.450581643,0.505930783
21303,-0.571113592,2.03536656
21304,-0.571113592,2.03536656
21305,-0.864382372,-0.104327316
21306,0.0619354631,0.716834041
21307,,
21308,-1.2654987,0.878797783
21309,0.148262114,-0.707951258
21310,1.13426139,0.0202663297
21311,-0.0590680264,0.397141167
21312,0.146311984,-1.56096619
21313,0.146311984,-1.56096619
21314,-1.94372839,0.729043359
21315,-0.525421777,0.825295991
21316,,
21317,0.762085199,0.098205319
21318,0.291949166,0.3560313
21319,0.68146774,-0.640142758
21320,0.769691988,-1.18807051
21321,-0.468223044,0.749654322
21322,-0.468223044,0.749654322
21323,0.50323355,1.49778287
21324,0.586367038,0.920110697
21325,,
21326,0.0707528409,-0.480018593
21327,0.74501278,0.309797782
21328,0.411098172,-0.93163808
21329,-0.975128731,-0.28100185
21330,1.06200521,-0.282813783
21331,1.06200521,-0.282813783
21332,-1.15714786,0.0403689524
21333,1.82830748,0.288148109
21334,,
21335,0.603995677,1.61925551
21336,-0.599326992,0.934758905
21337,-0.18216235,1.30844486
21338,2.00792253,-1.56584792
21339,1.11372448,-0.223090437
21340,1.11372448,-0.223090437
21341,-0.548781726,-1.05394408
21342,0.236749591,-2.53210377
21343,,
21344,0.0144499155,-0.613132512
21345,-0.839652838,-0.791902958
21346,-0.121092021,-0.817265048
21347,0.246404571,-0.465879142
21348,-0.338402004,-0.550640034
21349,-0.338402004,-0.550640034
21350,-0.407156605,0.226972593
21351,-0.593717549,-0.822434634
21352,,
21353,1.13556427,-1.61993456
21354,-0.351360447,0.313464449
21355,-0.121639619,0.370086175
21356,-0.674287495,-0.0900152633
21357,0.545791289,1.21109731
21358,0.545791289,1.21109731
21359,0.100917384,1.47857873
21360,0.669340314,-1.56115306
21361,,
21362,1.11467331,0.339214924
21363,0.911761247,-0.415889065
21364,0.856799466,-0.354525695
21365,0.658025792,1.01508526
21366,-0.0808979012,1.00688755
21367,-0.0808979012,1.00688755
21368,0.845300273,-0.116610452
21369,-0.727539096,-0.474738216
21370,,
21371,-0.703786532,0.434062184
21372,-0.20634736,1.88472132
21373,-0.206932112,1.40357293
21374,0.752748195,1.27427098
21375,-0.554963187,-1.37334947
21376,-0.554963187,-1.37334947
21377,0.973653678,0.913009835
21378,0.295607703,-1.07017578
21379,,
21380,0.53036445,-1.05326455
21381,1.54074113,-1.58726525
21382,2.18913433,-1.10867544
21383,1.63999291,-0.45942886
21384,1.20017001,-0.847049442
21385,1.20017001,-0.847049442
21386,-0.707159433,-1.11220795
21387,-1.23631572,-0.139465324
21388,,
21389,0.688803821,2.27926752
21390,0.696466755,0.721074789
21391,1.9875169,0.426286813
21392,-0.267653279,2.48828155
21393,0.0401496882,-1.13867972
21394,0.0401496882,-1.13867972
21395,-0.65468725,1.16350095
21396,0.139507801,0.756389323
21397,,
21398,-1.08667903,1.19520677
21399,-1.17783195,0.316445718
21400,-0.614577084,-1.05690475
21401,0.881580975,-0.267935533
21402,0.825597708,-0.727069461
21403,0.825597708,-0.727069461
21404,-0.682367596,-0.589962667
21405,0.708931954,-0.997892396
21406,,
21407,-0.0843333226,0.810803763
21408,-0.208734402,1.07453775
21409,-0.478917597,0.899662927
21410,-0.0579935949,1.07550183
21411,-1.35893296,-0.595889841
21412,-1.35893296,-0.595889841
21413,-1.01455848,-0.877490569
21414,0.289029228,0.297068644
21415,,
21416,0.433766453,-0.792550951
21417,0.738984555,-1.10706512
21418,1.51660577,-0.409105336
21419,0.561174467,0.251860771
21420,2.78726743,-1.24028757
21421,2.78726743,-1.24028757
21422,-0.104384509,-0.204421944
21423,-0.528960835,1.49530113
21424,,
21425,-0.340720945,-0.455446854
21426,0.756920211,-1.40567966
21427,-0.662799638,-0.304533356
21428,-0.511249616,0
21429,0.978733522,-1.58084266
21430,0.978733522,-1.58084266
21431,-0.364917729,-1.59007802
21432,-0.161241366,1.01529723
21433,,
21434,0.238694169,0.853948978
21435,-1.67804629,0.882411407
21436,-1.00102454,0.183602955
21437,-0.816046885,-0.88122263
21438,0.0642687913,0.653273675
21439,0.0642687913,0.653273675
21440,-0.0209952076,0.994383557
21441,1.06052895,0.164107621
21442,,
21443,-0.759134102,1.90910765
21444,-0.127295333,0.686877039
21445,0.360309331,-0.442893701
21446,1.48014449,0.3399672
21447,-0.798440661,0.301703575
21448,-0.798440661,0.301703575
21449,0.0202740112,-0.386886189
21450,0.697115387,0.0401124322
21451,,
21452,-0.0848493263,0.337136398
21453,1.56750406,1.18630279
21454,-0.835052064,2.56116756
21455,-1.60967044,0.49282468
21456,0.243947574,-0.458856688
21457,0.243947574,-0.458856688
21458,-0.751513437,-0.845808755
21459,-1.90414126,-1.9940072
21460,,
21461,-0.719877868,0.730024447
21462,0.259004212,0.309621782
21463,1.30001995,0.040860773
21464,1.24830523,-0.359594326
21465,0.489817699,-0.664261278
21466,0.489817699,-0.664261278
21467,1.12395877,0.469125353
21468,2.58839132,0.121721522
21469,,
21470,0.453257464,-0.590580859
21471,0.302339577,0.130630224
21472,1.25340489,0.904003093
21473,1.87251307,0.782912149
21474,0.553845702,0.523241284
21475,0.553845702,0.523241284
21476,-0.918872002,-0.677532627
21477,0.306092416,0.187057853
21478,,
21479,0.09099919,0.262662895
21480,-1.56526197,0.225458345
21481,-1.8341568,0.552874889
21482,-0.401978645,-0.8631336
21483,0.373658242,-0.100736119
21484,0.373658242,-0.100736119
21485,0.965052279,-0.342551597
21486,-1.67193274,-1.59551328
21487,,
21488,2.09474984,0.455788116
21489,-0.406855023,0.57483457
21490,-0.686836986,0.228289386
21491,-0.821428018,0.859681774
21492,-0.33409459,0.123109932
21493,-0.33409459,0.123109932
21494,3.24175692,1.20419477
21495,-0.222426023,1.67111129
21496,,
21497,-1.49918511,-0.0706279732
21498,0.738216235,-0.133935305
21499,0.237040275,0.599974223
21500,1.19049169,1.65970086
21501,-0.926482397,1.18988463
21502,-0.926482397,1.18988463
21503,0.95707205,1.51149445
21504,1.48206846,1.04599868
21505,,
21506,-0.625358959,0.92839755
21507,0.736386184,-2.95092141
21508,-0.202303037,-1.28558278
21509,-0.711021313,-1.08436294
21510,-0.142216385,-0.248502889
21511,-0.142216385,-0.248502889
21512,-1.19126367,-0.369779546
21513,-0.305401557,-0.915040573
21514,,
21515,-1.02288233,0.562664645
21516,-0.19218078,-0.524324428
21517,-0.742059422,0.825446888
21518,-1.89626646,-0.611451178
21519,-0.284749465,-1.51003745
21520,-0.284749465,-1.51003745
21521,1.69791626,-0.0582473842
21522,-0.197381461,0.401595054
21523,,
21524,2.50975461,-2.38069553
21525,0.338065737,-1.99809387
21526,-0.523305029,-2.00922839
21527,1.37302742,-1.73262529
21528,-0.61151095,0.0597583698
21529,-0.61151095,0.0597583698
21530,1.31725829,0.58605092
21531,-1.13617888,-1.28095923
21532,,
21533,0.544522185,1.98109419
21534,0.748063799,0
21535,1.32481027,0.24539836
21536,1.1368769,1.43907616
21537,-0.339280536,1.34616965
21538,-0.339280536,1.34616965
21539,-1.68735582,-0.226820165
21540,-1.07446509,-0.477260231
21541,,
21542,0.224924055,0.217246342
21543,-0.0876422284,1.3032744
21544,0.183610232,0.0570213667
21545,-1.07939961,1.70519568
21546,-0.435088437,-1.08147619
21547,-0.435088437,-1.08147619
21548,-1.50093334,0.350252979
21549,0.29906082,-0.219691986
21550,,
21551,0.296756233,0.0711870848
21552,0.367229193,0.450641953
21553,1.16635333,-0.183840499
21554,-0.708081038,1.7823927
21555,3.11299875,-0.123375784
21556,3.11299875,-0.123375784
21557,-0.218760144,0.915814651
21558,0.0406554025,0.178760677
21559,,
21560,1.2658155,-0.965542331
21561,-0.122640652,0.400887194
21562,-0.861245104,0.413369841
21563,-1.50088497,-1.70368344
21564,-0.443318984,0.730128711
21565,-0.443318984,0.730128711
21566,0.569176161,1.52550789
21567,-0.663699414,-0.849237306
21568,,
21569,-0.729121253,0.583356651
21570,-0.425363189,-1.17157119
21571,-1.04651228,-1.05324705
21572,-1.72423734,-0.472606894
21573,0.13728586,-1.64364489
21574,0.13728586,-1.64364489
21575,1.78114405,0.902145527
21576,-1.34091885,1.10832624
21577,,
21578,0.4152781,-0.812977061
21579,-0.0982431268,-0.336491305
21580,-0.381958853,-0.789290768
21581,1.94001775,1.49351307
21582,-0.885386397,2.01431535
21583,-0.885386397,2.01431535
21584,1.51749952,0.481063828
21585,-0.677871529,1.17264096
21586,,
21587,-0.92097134,0.845391012
21588,-0.0144244244,-0.842053391
21589,0.843793971,-0.584696857
21590,2.48208608,0.816937802
21591,-0.221692547,-1.21731836
21592,-0.221692547,-1.21731836
21593,-0.313442636,0.120045138
21594,-1.59246816,0.710959845
21595,,
21596,2.32850822,-0.156354752
21597,-1.3062795,0.481041228
21598,-0.454046306,1.06603394
21599,0.169897243,-0.0157572442
21600,-1.02865389,-1.47086771
21601,-1.02865389,-1.47086771
21602,-0.562043661,-0.428093553
21603,1.0610246,0.869331081
21604,,
21605,-0.214737224,0.156568958
21606,0.112576725,0.670658054
21607,0.193976505,0.359966441
21608,-0.215563775,0.38435549
21609,2.01188912,1.03621864
21610,2.01188912,1.03621864
21611,-1.49721449,1.45377067
21612,0.977625804,0.0609479879
21613,,
21614,-0.819967295,-1.70512488
21615,1.76999783,0.949660204
21616,1.45950919,-0.178608866
21617,0.430062512,-0.264399357
21618,-0.905655965,-0.223949509
21619,-0.905655965,-0.223949509
21620,1.73659103,1.05674473
21621,-0.387825026,0.659096059
21622,,
21623,-1.8456018,-0.947740522
21624,-0.664287604,-0.159277982
21625,-0.747845705,0.522228744
21626,-0.751668331,0.554912549
21627,-0.460870586,-1.10267009
21628,-0.460870586,-1.10267009
21629,-0.60887333,-0.0615598055
21630,-1.29121434,2.47255458
21631,,
21632,0.254202686,1.65644785
21633,1.02585709,0.845308272
21634,0.0206955768,1.12436276
21635,-1.38551991,0.911670974
21636,1.41711134,-0.101917059
21637,1.41711134,-0.101917059
21638,1.09546554,-0.0402588112
21639,1.23839578,1.44485602
21640,,
21641,-0.102738486,-0.968569183
21642,0.27520156,-0.647315552
21643,-0.0820590032,0.296370262
21644,0.482421249,0.237240178
21645,-1.27170708,0.638347873
21646,-1.27170708,0.638347873
21647,1.8371754,-1.95060512
21648,0.729553497,-1.71390947
21649,,
21650,0.835182598,-0.281556279
21651,0.388443535,-0.152703563
21652,0.502309506,-0.218388125
21653,-0.45304808,-0.728188071
21654,0.731464486,-1.04643477
21655,0.731464486,-1.04643477
21656,-1.66343139,2.05120702
21657,1.53696082,-0.622436169
21658,,
21659,-0.462867326,-0.748860742
21660,-0.0994027894,1.67281946
21661,0.641586298,1.11515342
21662,-0.596973704,1.68931659
21663,-1.81880018,0.834757208
21664,-1.81880018,0.834757208
21665,0.999557564,-0.919185817
21666,0.541187678,0.726646771
21667,,
21668,-0.449761464,-0.607946118
21669,0.595627519,0.52647948
21670,0.476265213,0.64031269
21671,-1.07279485,0.966277611
21672,-0.889299057,-1.12267623
21673,-0.889299057,-1.12267623
21674,-0.867381323,-0.186570474
21675,0,0.388160492
21676,,
21677,0.648007221,0.702761288
21678,0,-1.20506965
21679,1.7461838,-0.343110697
21680,-1.10619365,-1.02807841
21681,-0.506353934,2.2202658
21682,-0.506353934,2.2202658
21683,-1.05229368,0.248155067
21684,-0.102302568,0.180355184
21685,,
21686,2.48974168,-2.67188645
21687,-1.16437017,1.37181162
21688,-1.04878363,1.70931909
21689,-0.113476026,-0.34484941
21690,0.293825043,0.120623533
21691,0.293825043,0.120623533
21692,-0.962108594,0.201047572
21693,0.49706348,-0.869651047
21694,,
21695,1.04154563,0.198571835
21696,0.100786875,-2.11543512
21697,-0.104533973,0.286454553
21698,0.146647042,0.722200075
21699,1.91379454,-1.40294987
21700,1.91379454,-1.40294987
21701,2.80042115,0.16497902
21702,0.14731351,0.642458606
21703,,
21704,-0.794124964,-0.477362595
21705,0.165629967,-0.347180352
21706,0.173437146,0.531461432
21707,-1.56986759,-0.86794891
21708,-0.62507956,-0.645257876
21709,-0.62507956,-0.645257876
21710,-0.682925559,-0.289426781
21711,-0.27965901,-1.76689862
21712,,
21713,2.05292529,2.28000911
21714,0.356046141,0.508733472
21715,1.09873237,0.858917277
21716,0.235095428,0.704846125
21717,-2.62936019,0.480798378
21718,-2.62936019,0.480798378
21719,0.119694166,0.339128903
21720,1.24517094,1.52554334
21721,,
21722,-0.356956403,0.880357315
21723,-0.547529204,0.497058664
21724,-0.561208674,-0.230549875
21725,-2.69996565,0
21726,0.499959153,0.0200293477
21727,0.499959153,0.0200293477
21728,0.123331878,-0.63768171
21729,0.606598806,-0.184256396
21730,,
21731,-0.33002371,0.562561352
21732,1.16104772,0.199352551
21733,-0.216352746,-0.370603253
21734,-2.115771,-0.165877213
21735,1.09355794,1.09143937
21736,1.09355794,1.09143937
21737,0.549663415,0.919323635
21738,1.10574573,0.916623782
21739,,
21740,1.13227687,0.711404613
21741,0.990707091,0.0289479911
21742,0.119236817,0.685936723
21743,0.378063003,0.962379767
21744,1.12419074,0.399223919
21745,1.12419074,0.399223919
21746,-0.916638266,-2.05919508
21747,1.31392563,-1.45613237
21748,,
21749,-0.148620269,0.618662198
21750,0.585041535,0.117608372
21751,-0.489142384,-0.395489531
21752,-0.52087544,-0.0827680879
21753,0.168383999,0.186820142
21754,0.168383999,0.186820142
21755,0.117554721,-1.07749512
21756,0.330300771,1.32092094
21757,,
21758,-1.5387099,-0.605631394
21759,1.6935321,0.342641647
21760,0.447794204,0.727197733
21761,-0.476392208,-0.0142936891
21762,-0.284625845,-0.417253493
21763,-0.284625845,-0.417253493
21764,1.56766627,0.342464484
21765,0.242838133,0.126878943
21766,,
21767,-0.56286141,-1.38106975
21768,1.5366627,0.695961927
21769,0.977341036,0.225411682
21770,-0.982453645,1.05784036
21771,0.0635720948,-1.37643142
21772,0.0635720948,-1.37643142
21773,1.10587648,-0.748708602
21774,1.04681733,1.9622821
21775,,
21776,0.399727556,0.693019012
21777,-0.318730113,-0.278531814
21778,-0.424019283,-0.855773196
21779,-0.0870683142,-1.05229607
21780,0,-1.93717543
21781,0,-1.93717543
21782,0.455153717,-0.106768159
21783,-0.838595374,0.879328401
21784,,
21785,-0.485575942,0.920547421
21786,-1.30553078,1.72319219
21787,0.139632957,1.33746576
21788,-1.42473219,0.83475082
21789,-0.487917384,-1.01764658
21790,-0.487917384,-1.01764658
21791,1.1198406,2.90854367
21792,-0.331932798,-0.101382799
21793,,
21794,1.45161561,-0.5786582
21795,0.537595403,-0.0562643528
21796,1.8135119,0.626056061
21797,0.688247078,0.57605794
21798,-1.47248276,0.773562068
21799,-1.47248276,0.773562068
21800,-0.201217239,-0.948506035
21801,-0.494118247,-2.36416704
21802,,
21803,0.447691592,-0.371595467
21804,0.215650771,1.33833589
21805,1.73868363,0.452819556
21806,1.08402468,0.238763783
21807,0.100718292,-1.53918934
21808,0.100718292,-1.53918934
21809,-0.967129223,-0.285160427
21810,0.890050026,-1.49161581
21811,,
21812,-0.176606567,-1.37370667
21813,0.290284558,-0.175166004
21814,0.614897959,-0.101736275
21815,0.682726756,-0.428637753
21816,1.39967263,0.405762683
21817,1.39967263,0.405762683
21818,-0.215817743,1.15477912
21819,1.38161757,-1.08788092
21820,,
21821,1.18169753,-0.766556683
21822,0.131718959,0.0720611973
21823,0.100343263,-0.447080266
21824,-0.27345301,1.46582029
21825,0.572923092,1.11947826
21826,0.572923092,1.11947826
21827,0.815270324,-1.60750654
21828,-0.903152159,-0.976434084
21829,,
21830,-1.15921497,0.843509085
21831,0.455874266,-0.189401667
21832,0.267451115,-1.42079978
21833,0.610578255,-0.409783667
21834,2.10548775,-0.32198908
21835,2.10548775,-0.32198908
21836,-0.352773552,0.951095967
21837,0.793819722,-0.542522158
21838,,
21839,-1.06969605,-0.858209149
21840,-0.131140278,1.38139174
21841,0.491477671,1.04241367
21842,0.951876833,-0.763566541
21843,-1.60183171,0.661979608
21844,-1.60183171,0.661979608
21845,-0.343628901,-0.350409588
21846,0.924391912,-2.57994538
21847,,
21848,-0.473417473,-0.170369698
21849,0.838660612,-0.844121617
21850,0.0410629522,-0.925134619
21851,-0.547777539,-0.421683036
21852,1.55903163,-0.553985636
21853,1.55903163,-0.553985636
21854,-0.429821435,-0.300905284
21855,-0.294272995,0.254816742
21856,,
21857,-1.58480972,0.0882480182
21858,0.73063896,-0.802410008
21859,-0.0598313603,-0.20419858
21860,0.765552326,-1.02395936
21861,1.20039178,0.301444502
21862,1.20039178,0.301444502
21863,0,-0.692995333
21864,1.34762754,0.285061741
21865,,
21866,0.622740677,0.432167336
21867,-0.97336718,-0.129199191
21868,-0.228650031,0.694598263
21869,-0.12132435,-0.484014662
21870,0.549824491,-0.741950217
21871,0.549824491,-0.741950217
21872,0.350040775,-0.165130456
21873,0.559638246,-0.916463318
21874,,
21875,-2.65248651,-0.876726718
21876,-0.474376654,1.53878523
21877,-0.182284043,-0.428511495
21878,-0.177141356,-0.579260088
21879,0.328284494,-2.29264848
21880,0.328284494,-2.29264848
21881,1.58448625,0.499906042
21882,-0.964215027,-0.670877716
21883,,
21884,0.226210681,1.26089877
21885,1.50636139,-1.3027374
21886,1.35963203,-1.02578175
21887,0.251100193,-0.540259224
21888,0.700466836,1.18079281
21889,0.700466836,1.18079281
21890,0.966367518,1.01408109
21891,0.361609893,-1.33804901
21892,,
21893,0.225910552,-0.944083023
21894,0.734421912,-0.533104682
21895,0.56372192,1.09731992
21896,0.271378308,-0.322885445
21897,0,0.412068247
21898,0,0.412068247
21899,1.12333724,1.33080233
21900,2.31570856,0.164165632
21901,,
21902,1.95077835,-1.72906878
21903,0.785725307,1.77588318
21904,1.82482664,1.836314
21905,1.47023511,0.345226114
21906,-0.725032043,-2.01258014
21907,-0.725032043,-2.01258014
21908,2.16278315,0.522264125
21909,-0.248912012,-0.121188556
21910,,
21911,0.363306653,0.773961562
21912,-0.071092953,0.523212953
21913,-1.28588594,0.273761576
21914,-1.41581728,-0.540440855
21915,1.31941013,1.7938168
21916,1.31941013,1.7938168
21917,-1.55791157,1.0557215
21918,-0.367755805,0.147616949
21919,,
21920,-1.39588499,-1.53178377
21921,0.153539828,3.06861171
21922,2.00509561,2.26900575
21923,1.56738858,-0.850944881
21924,-1.24174594,0.22389509
21925,-1.24174594,0.22389509
21926,0.549390034,1.20282923
21927,0.0416198348,-1.35229149
21928,,
21929,0.511131818,0.176055505
21930,0.127864604,-0.985181552
21931,-0.24178329,-0.885548172
21932,-0.219364268,-1.31904289
21933,0.0407676938,0.124336601
21934,0.0407676938,0.124336601
21935,0.872437021,-1.88766616
21936,2.98945254,1.69259023
21937,,
21938,-0.0713433249,-0.437760978
21939,0.0554991303,-0.647591162
21940,0.488045104,0.825303368
21941,-0.832958794,2.66336303
21942,0.701699149,-0.222640586
21943,0.701699149,-0.222640586
21944,-0.120750808,0.251927366
21945,0.583974897,0.0401141712
21946,,
21947,0.735783944,-1.34685795
21948,-0.556174357,0.275202277
21949,0.0397237898,1.36127111
21950,-0.209219439,1.92723822
21951,0.396629942,-1.578685
21952,0.396629942,-1.578685
21953,-0.426775475,1.25380179
21954,-1.36799539,-0.942701557
21955,,
21956,-0.140359208,-1.27048905
21957,-0.52909792,-0.0288777986
21958,-1.11100908,-0.0214663817
21959,0.686753341,0.0469119429
21960,0.333522407,0.93028849
21961,0.333522407,0.93028849
21962,1.7304823,-0.928968354
21963,0.602260419,1.46571605
21964,,
21965,-0.504203669,0.820450341
21966,-0.986080616,0.172265454
21967,0.275828445,0.103321176
21968,0.453600635,1.37733814
21969,-1.63393434,-0.31048365
21970,-1.63393434,-0.31048365
21971,1.4087363,0.240282
21972,1.88478872,1.01660725
21973,,
21974,1.59766685,0.809858586
21975,-0.833083345,0.244599668
21976,-0.998935207,-1.11894578
21977,-1.05537982,0.620616979
21978,-0.664663677,-1.6502391
21979,-0.664663677,-1.6502391
21980,-1.01966528,-0.556303083
21981,0.556136356,0.396256133
21982,,
21983,0.521196032,-1.15726154
21984,-0.161035318,-1.97149334
21985,0.143031635,-0.512316626
21986,-0.948078171,-0.210859738
21987,1.26501289,0.465072703
21988,1.26501289,0.465072703
21989,-0.171625935,0.0801901899
21990,-0.22966298,-0.0402114697
21991,,
21992,2.5855916,-0.999188772
21993,0.338099533,0.125800409
21994,0.397985842,-0.246217267
21995,-0.180824427,-0.171907032
21996,-1.06804757,-1.68663598
21997,-1.06804757,-1.68663598
21998,-0.4698549,-1.64093364
21999,0.0605978406,1.12536376
22000,,
22001,-0.769790553,0
22002,0.804583005,1.43242726
22003,1.9359726,1.0640274
22004,1.07693345,0.165818064
22005,0,-1.44876789
22006,0,-1.44876789
22007,0.724785683,1.36239838
22008,1.67232539,1.04783101
22009,,
22010,-0.208245524,-0.316704536
22011,-0.0987213089,-0.446269076
22012,0.38059664,-0.526307584
22013,-1.70114203,0.979580142
22014,0.019703805,-0.534824507
22015,0.019703805,-0.534824507
22016,0.272372581,0.789042678
22017,-0.871262314,1.81899311
22018,,
22019,0.313311605,1.16181771
22020,0.410702164,0.0149090506
22021,-0.961689623,-0.659082615
22022,1.63533881,-3.11956651
22023,-0.518718984,0.326893707
22024,-0.518718984,0.326893707
22025,-0.302454612,0.161424886
22026,-1.0928212,-0.246717582
22027,,
22028,-0.303802327,-0.280991867
22029,-1.82018582,-0.0285252879
22030,-1.63105091,0.0601390988
22031,-1.0836491,-0.18082327
22032,2.19483357,-0.430594312
22033,2.19483357,-0.430594312
22034,-1.20534048,-0.349598991
22035,1.55850145,0.204028077
22036,,
22037,0.307840073,-2.23441262
22038,-1.25981331,-1.08132221
22039,-1.54885809,-1.11622743
22040,-2.47027721,-0.186296142
22041,0.515689449,0.202452609
22042,0.515689449,0.202452609
22043,0.435177399,0.190221545
22044,-0.371209522,0.769230515
22045,,
22046,-1.69999567,-0.131766078
22047,0.80799908,-0.169295487
22048,1.11653931,-0.758383837
22049,0.389410523,-0.89097202
22050,-0.521605849,0.680917382
22051,-0.521605849,0.680917382
22052,-0.620292606,-0.467305613
22053,1.12001052,-0.941093625
22054,,
22055,0.145270961,1.03066338
22056,0.312070409,-0.268967993
22057,-0.467749108,1.2367823
22058,0.745325225,1.48994987
22059,-1.11203964,0.343398298
22060,-1.11203964,0.343398298
22061,-0.806916956,-0.264123795
22062,-0.159167012,-1.7378083
22063,,
22064,-3.66283009,1.12703415
22065,0.0446780462,0.0286307549
22066,0.891270441,-0.222936053
22067,-0.555931744,0.880760599
22068,-0.691820374,-0.261704199
22069,-0.691820374,-0.261704199
22070,-1.14025437,-1.14963444
22071,0.749664099,-0.894063406
22072,,
22073,-1.07585733,1.0177713
22074,0.10158423,1.21625869
22075,-1.16280901,1.14126726
22076,-1.15392369,0.772111678
22077,-1.73268328,-0.353798357
22078,-1.73268328,-0.353798357
22079,0.209354476,0.888771177
22080,-0.0759348686,0.219110536
22081,,
22082,-0.714667109,-0.735028669
22083,-0.214787882,0.0435350877
22084,-0.950729331,1.33748194
22085,-0.31707453,1.39688083
22086,-0.403778589,1.09696377
22087,-0.403778589,1.09696377
22088,0.19223679,0.0594046198
22089,-1.24663739,0.31415718
22090,,
22091,0.390721469,-1.34505282
22092,-0.922926953,-1.52232346
22093,-0.22181768,-0.320642895
22094,-0.152579289,-0.0337693137
22095,-0.466428166,0.419018399
22096,-0.466428166,0.419018399
22097,-1.97544905,-1.90388628
22098,0.0995185371,1.305269
22099,,
22100,1.44088327,-0.154658078
22101,0.804528638,-0.837932777
22102,-0.078340275,-0.755870849
22103,-0.826271729,-1.38434077
22104,0.435289851,1.51954002
22105,0.435289851,1.51954002
22106,1.23718574,-1.3236824
22107,0.102195186,0.724249049
22108,,
22109,0.374568403,0.298441945
22110,0.182634098,-1.58526173
22111,-0.231108787,-0.850803128
22112,-0.250879814,1.02614403
22113,1.64965673,0.744817332
22114,1.64965673,0.744817332
22115,-1.80659829,-0.393384907
22116,-1.49521222,-0.941993862
22117,,
22118,-0.471493576,1.51151689
22119,-0.631123181,0.163461447
22120,-0.912783902,-0.39931006
22121,1.06621946,1.04875155
22122,0.973798777,0.444079038
22123,0.973798777,0.444079038
22124,1.03040524,0.862054527
22125,2.71080295,-1.65028983
22126,,
22127,0.0734754493,-2.75336694
22128,1.88327845,1.31008133
22129,1.24389075,-0.181800587
22130,-0.715102411,0.691495263
22131,0.576952084,-0.245632236
22132,0.576952084,-0.245632236
22133,-1.35565772,-0.744941215
22134,1.31762447,-0.404637205
22135,,
22136,0.0289355964,-0.803442481
22137,-0.340642869,0.236504234
22138,-0.0202790674,-0.86896474
22139,-0.654266599,-0.0325465581
22140,-0.20174673,-1.26877924
22141,-0.20174673,-1.26877924
22142,0.845644128,-0.0847407179
22143,0.798172767,-1.56889549
22144,,
22145,-0.776676253,1.57490069
22146,0.109042321,1.89064692
22147,-0.949234594,1.01970266
22148,0.133022625,0.510102326
22149,-1.43446266,-0.407610302
22150,-1.43446266,-0.407610302
22151,0.50573036,1.23213332
22152,-0.104519089,-1.56935112
22153,,
22154,0.265943784,-0.308984224
22155,-0.214166182,-0.155961329
22156,-0.547362873,0.0406049718
22157,0.332819579,1.447455
22158,-0.991640442,-0.185087704
22159,-0.991640442,-0.185087704
22160,0.70196113,2.1390139
22161,0.768589005,-0.644129859
22162,,
22163,0.445370137,-0.624810063
22164,1.74517952,-1.12855614
22165,1.38864135,-0.813478817
22166,-0.842794235,-1.35147627
22167,-0.40310711,0.375842331
22168,-0.40310711,0.375842331
22169,0.371577255,1.28015938
22170,-0.16436559,-1.4950236
22171,,
22172,1.75978391,-0.481897629
22173,-1.13076114,0.233842695
22174,0.299786244,-0.352474678
22175,1.2055326,0.0347589524
22176,-0.318741895,-1.80156218
22177,-0.318741895,-1.80156218
22178,-0.368930775,0.96724831
22179,0.348737338,-0.633566373
22180,,
22181,0.113599944,-0.350799392
22182,0.456636542,1.03535613
22183,-0.208586933,0.616585321
22184,1.21152859,-0.386599064
22185,0.315523348,0.445525735
22186,0.315523348,0.445525735
22187,0.922105703,2.74809036
22188,1.33632749,2.23238469
22189,,
22190,0.366319865,-0.739956894
22191,-0.533589077,-0.267605634
22192,-0.495945837,-0.463321107
22193,1.75613639,-1.8451718
22194,0.519082757,0.93158062
22195,0.519082757,0.93158062
22196,-0.463605046,-0.66225083
22197,1.91451895,0.0610851348
22198,,
22199,-1.4228748,-0.462566751
22200,0.260932964,-1.13243304
22201,0.285022946,-0.966367518
22202,-0.68818931,0.520766705
22203,0.721011209,-1.47408851
22204,0.721011209,-1.47408851
22205,0.42834435,-0.801569317
22206,0.385865043,0.294735492
22207,,
22208,-1.91387354,0.591369404
22209,-0.124402433,-1.28296115
22210,-0.019774702,-1.27616638
22211,0.486373527,1.67163285
22212,-0.576542341,1.5962721
22213,-0.576542341,1.5962721
22214,1.74097124,-0.259157195
22215,1.19587103,1.3644835
22216,,
22217,0.671989273,0.337050378
22218,-0.144045216,0.999167199
22219,-0.772610802,-1.04751019
22220,-0.165618552,-0.330081512
22221,1.49279881,0.57363424
22222,1.49279881,0.57363424
22223,-0.041180108,-0.163596335
22224,0.230789258,0.566750296
22225,,
22226,0.23397307,-1.3797243
22227,0.933604957,-1.6923092
22228,1.16526025,-1.20175363
22229,1.69135447,-0.832635939
22230,0.975527623,-2.4601621
22231,0.975527623,-2.4601621
22232,-1.97729113,-0.861194523
22233,0.628191559,0.98955764
22234,,
22235,1.58460897,0.675353595
22236,0.868451956,-0.383432241
22237,1.51929795,-0.573083524
22238,1.47163513,0.887285939
22239,-1.40774012,-1.6421927
22240,-1.40774012,-1.6421927
22241,0.522627867,0.600240746
22242,-0.480481656,0.408376675
22243,,
22244,1.21688086,-0.721563141
22245,1.24136336,0.692679177
22246,0.969256819,-0.199198627
22247,-1.63797735,-0.510362143
22248,-2.08346356,0.903540184
22249,-2.08346356,0.903540184
22250,0.290569418,-0.581808812
22251,-1.39494124,2.07916971
22252,,
22253,-0.462370703,-0.244577589
22254,-1.4043532,-1.25992406
22255,-1.61070971,-0.794249836
22256,-1.02093965,-1.04446334
22257,-1.12141082,0.0411127158
22258,-1.12141082,0.0411127158
22259,-0.704385646,-0.163329508
22260,-0.994133238,-0.574093387
22261,,
22262,-0.787438341,0.495114753
22263,-1.85873505,1.5828345
22264,-1.07956718,1.45153296
22265,-1.03519276,0.855483983
22266,-0.752065365,-0.290812845
22267,-0.752065365,-0.290812845
22268,-1.68985103,-0.560489061
22269,-0.522235252,0.969540169
22270,,
22271,0.870744083,0.101911913
22272,1.89254104,1.48241921
22273,0.802436372,1.32859306
22274,1.05314019,1.1650626
22275,0.0208301727,-1.10688388
22276,0.0208301727,-1.10688388
22277,-0.224304902,0.625978243
22278,-0.234544874,-0.574458468
22279,,
22280,-2.62846119,0.598781504
22281,-0.404550322,0.921102246
22282,-1.41942406,0.360694939
22283,-0.24557776,1.36973509
22284,-0.635399446,0.287267118
22285,-0.635399446,0.287267118
22286,1.16051249,-0.605030382
22287,0.627931694,0.517824258
22288,,
22289,-2.96170267,0.991242569
22290,-0.761534227,-1.05633693
22291,0.281222842,-1.87464562
22292,2.5151625,-0.8319271
22293,0.735280879,-0.496580582
22294,0.735280879,-0.496580582
22295,0.0405530986,0.579740387
22296,-0.917558412,-0.606752297
22297,,
22298,0.467988022,-0.315976219
22299,0.758397263,-1.25624849
22300,1.82618203,-0.632505072
22301,-0.133175811,-0.524830421
22302,-0.786564754,0.809779289
22303,-0.786564754,0.809779289
22304,-0.51845086,0.385253841
22305,-0.104452305,1.27129382
22306,,
22307,1.6988298,-0.721278879
22308,0.337529047,-0.100672286
22309,-0.118628391,-0.0198256744
22310,-0.165730874,-0.767338224
22311,-1.07068225,0.10014251
22312,-1.07068225,0.10014251
22313,-0.992537394,0.665787301
22314,0.241777632,-2.32890026
22315,,
22316,-0.103818232,-1.44952342
22317,-0.71176328,1.75816489
22318,-0.588996964,1.80768192
22319,-1.04230091,0.825339436
22320,0.397232399,-1.04443848
22321,0.397232399,-1.04443848
22322,-1.03034861,1.67006369
22323,-0.181448733,-1.66530498
22324,,
22325,0.864649074,0.563674982
22326,0.939071409,1.8871643
22327,0.697158206,1.98150333
22328,0.395387059,0.252645297
22329,1.21431065,-1.07582831
22330,1.21431065,-1.07582831
22331,-1.25079484,0.829081121
22332,-0.294887519,-0.0631389873
22333,,
22334,-0.644012133,0.675270733
22335,0.554175963,-0.850193506
22336,0.858682642,-0.53569548
22337,2.44597104,-0.814071721
22338,-0.78278727,-1.56306174
22339,-0.78278727,-1.56306174
22340,-1.04791953,0.671238552
22341,-0.703005561,-0.0840887073
22342,,
22343,0.116971893,0.616567652
22344,1.6432322,0.377771749
22345,0.162624136,0.698090996
22346,-1.34222199,0.640021158
22347,1.49763616,-0.586829008
22348,1.49763616,-0.586829008
22349,-0.555794763,0.0778065477
22350,1.65012265,0.828877686
22351,,
22352,-0.540634823,-0.503133009
22353,1.3827854,-0.876333604
22354,2.15362634,-0.379547666
22355,0.959224256,-0.0145521671
22356,-0.407461445,-0.963670177
22357,-0.407461445,-0.963670177
22358,0.407441101,-1.09015739
22359,0.363245286,-1.64013488
22360,,
22361,0.278061804,0.108009631
22362,-1.26902954,-0.0581902799
22363,-1.15848538,0.454129123
22364,-0.508807707,1.16183933
22365,-0.268277555,2.53985158
22366,-0.268277555,2.53985158
22367,-1.76231643,0.923712972
22368,-0.740375538,-0.238188772
22369,,
22370,-0.0146318428,-1.51226749
22371,-2.29415351,-0.327934644
22372,-1.14300441,-0.0824192615
22373,-1.71963534,0.562578708
22374,0.904267966,0.511084033
22375,0.904267966,0.511084033
22376,0.8212174,-1.4073216
22377,0.200725736,-1.01611866
22378,,
22379,0.363139088,1.16425705
22380,-0.606462944,-1.17633678
22381,0.390825229,0.56476936
22382,-1.61432505,-0.284721275
22383,-1.7526975,0.0603524651
22384,-1.7526975,0.0603524651
22385,-1.32535302,-0.21772239
22386,-0.891125344,0.366555565
22387,,
22388,0.405947679,-1.14039213
22389,-1.99910653,1.30827657
22390,-0.619271615,2.07149268
22391,1.81888991,1.83022379
22392,0.752915628,0.56960288
22393,0.752915628,0.56960288
22394,-1.54096735,-0.847133386
22395,-0.082062379,0.544790366
22396,,
22397,-1.37941544,0.985739009
22398,-0.917179127,-1.43937141
22399,-0.569957681,-0.972696218
22400,0.0448667404,-1.09025068
22401,0.122317476,-2.96202339
22402,0.122317476,-2.96202339
22403,-0.166825166,0.903478187
22404,-0.239699093,-0.241230451
22405,,
22406,-1.91591706,1.43567522
22407,-0.0438827213,-2.44464304
22408,0.26478095,-1.97578651
22409,-0.780406637,-0.82607849
22410,0.823943301,0.363532959
22411,0.823943301,0.363532959
22412,-0.575844342,-0.0194373296
22413,-0.460625907,0.923089091
22414,,
22415,1.13814523,0.351955922
22416,-1.04702346,0.609425115
22417,-1.3211709,1.03023655
22418,-1.60284734,-0.281778052
22419,-1.00444043,0.791379705
22420,-1.00444043,0.791379705
22421,-0.315728961,-0.855042143
22422,0.16065312,-1.24520995
22423,,
22424,-0.301866673,-1.01894253
22425,-0.820393134,-0.04294321
22426,-0.376829645,1.04895934
22427,-1.20550214,0.16262182
22428,-0.322502434,-1.07199806
22429,-0.322502434,-1.07199806
22430,0.736965589,1.62969573
22431,0.122510954,1.73491682
22432,,
22433,1.24400585,-2.11361407
22434,0.392705547,1.33687747
22435,-0.143900068,1.53610265
22436,0.191054368,1.69689538
22437,-0.818545962,0.309393874
22438,-0.818545962,0.309393874
22439,0.754121846,1.42127051
22440,1.04778303,1.80430226
22441,,
22442,-1.58365953,0.965318672
22443,0.483567994,0.0440613816
22444,0.642508587,0.201924983
22445,0.955520148,-0.602962588
22446,0.0401224649,0.639594251
22447,0.0401224649,0.639594251
22448,1.016329,-0.39874915
22449,-1.56177601,0.442659509
22450,,
22451,0.59646904,-1.1176424
22452,0.258699794,2.33348401
22453,-0.901625377,1.77134375
22454,-0.859851891,0.425632989
22455,0.691933405,0.768889096
22456,0.691933405,0.768889096
22457,-0.824832083,-1.04815372
22458,0.51123935,0.290137159
22459,,
22460,0.0566198784,-0.377098452
22461,0.467167227,0.0137820964
22462,0.645874222,0.137753833
22463,1.32476895,-1.36334157
22464,0.548384742,-1.57120256
22465,0.548384742,-1.57120256
22466,-2.12214357,0.0789294671
22467,1.27445358,-0.203400911
22468,,
22469,-0.269546415,0.176598898
22470,0.158708398,1.13241027
22471,0.309655484,0.446539065
22472,-0.433425912,1.42843118
22473,-0.0787078822,0.16453156
22474,-0.0787078822,0.16453156
22475,-1.259135,0.357321618
22476,0.983169485,0.391893938
22477,,
22478,0.114691794,-1.51593273
22479,2.74439688,-1.00562014
22480,2.36343246,-1.63710133
22481,0.307888067,-2.25191264
22482,-1.960096,-0.266245476
22483,-1.960096,-0.266245476
22484,0.852358998,0.720788059
22485,-1.38224217,0.14228853
22486,,
22487,0.984773724,-0.650100609
22488,0.755336549,-1.01167333
22489,1.07123246,-1.52647003
22490,0.987134419,-0.73852841
22491,1.47212017,0.497392223
22492,1.47212017,0.497392223
22493,-1.33169504,0.471853951
22494,-1.03159778,-2.00333464
22495,,
22496,-0.560812878,-0.805544295
22497,0.319838452,-0.680352905
22498,0.95468394,0
22499,-1.99851378,-0.0440208942
22500,-0.103941963,0.802826741
22501,-0.103941963,0.802826741
22502,-0.550324612,0
22503,0.484140792,-1.45019815
22504,,
22505,0.79782098,1.63637578
22506,-1.63241894,-0.26362118
22507,-0.842151382,-1.34470289
22508,0.102094307,0.442658511
22509,-0.24676072,-0.615080834
22510,-0.24676072,-0.615080834
22511,0.855965596,1.02719288
22512,0.322734197,-0.624690871
22513,,
22514,0.222307468,0.172487872
22515,-0.570307545,-0.18391272
22516,-0.89117965,0.10307745
22517,1.93302426,0.62694986
22518,-0.591442982,-0.762412967
22519,-0.591442982,-0.762412967
22520,0.267180735,0.834620808
22521,0.412634515,0.0412736682
22522,,
22523,-0.0876609811,-0.327843222
22524,-0.091583521,0.559061449
22525,-0.0835989304,0.94822316
22526,2.34167001,-0.845078346
22527,-0.569507895,0.258468624
22528,-0.569507895,0.258468624
22529,1.00921969,-0.808975695
22530,-0.92935763,-0.143588641
22531,,
22532,0.54640318,0.245451093
22533,0.806061545,1.12885641
22534,-1.04591982,0.982141756
22535,-0.572020478,-1.49405348
22536,-0.0578400591,-1.49560226
22537,-0.0578400591,-1.49560226
22538,1.66525988,1.90951907
22539,0.163108657,-1.70510411
22540,,
22541,0.71007391,-2.01110994
22542,1.09723734,0.0145669413
22543,1.48151422,-0.308082664
22544,-1.82359814,-0.605066275
22545,1.23598516,0.360257238
22546,1.23598516,0.360257238
22547,-0.636650327,-1.22090182
22548,-0.102410935,-0.338089317
22549,,
22550,0.461044148,-0.617944764
22551,0.955586184,-0.820239999
22552,0.705626407,-0.0625504051
22553,-0.568774146,0.19576444
22554,0.44988662,-1.40447895
22555,0.44988662,-1.40447895
22556,0.250188673,0.441817962
22557,0,1.78704222
22558,,
22559,-1.69155727,0.569010783
22560,-0.376125561,1.10690867
22561,-0.141304825,0.288663446
22562,-0.0424382891,1.00869765
22563,-0.438822588,1.11768368
22564,-0.438822588,1.11768368
22565,-0.117451713,-0.930552081
22566,1.54089549,0.829341816
22567,,
22568,2.41927828,-0.433516863
22569,2.12495574,0.897968766
22570,1.74952732,0.753290971
22571,0.407101654,0.649972833
22572,0.16367784,1.22086668
22573,0.16367784,1.22086668
22574,-0.889352835,-0.764680601
22575,-0.856067373,-0.476805233
22576,,
22577,-0.551474279,-1.60548664
22578,1.02336318,1.74146872
22579,1.57859961,2.77642779
22580,1.14295945,0.843821721
22581,-0.238266189,0.316250136
22582,-0.238266189,0.316250136
22583,-1.5841025,0.336123161
22584,-0.685025203,1.2680364
22585,,
22586,-1.13613653,0.147794186
22587,2.36070653,0.620390669
22588,1.07711554,0.782303244
22589,-0.467799602,0.285640051
22590,0.161432958,-0.160676345
22591,0.161432958,-0.160676345
22592,-0.633530688,-0.41421734
22593,0.548475254,1.56972385
22594,,
22595,0.989224831,-1.01790563
22596,-2.16792234,0.479966805
22597,-1.86329817,0.178905788
22598,2.87506248,-1.02359815
22599,-0.0597225084,-0.175706978
22600,-0.0597225084,-0.175706978
22601,0.403600518,0.562159041
22602,-0.686934093,1.1120839
22603,,
22604,1.13124667,-0.7997313
22605,-0.0142429607,-0.705421456
22606,-0.238718311,0.684407435
22607,-0.204513045,-1.05465543
22608,-0.628613943,0.198181004
22609,-0.628613943,0.198181004
22610,-2.59528179,1.16694304
22611,-0.779915953,-1.2642775
22612,,
22613,-0.661334923,0.700957928
22614,0.994778084,0.732378163
22615,1.23109907,0.558462496
22616,1.43578393,1.39101066
22617,-0.740049263,0.411586847
22618,-0.740049263,0.411586847
22619,-2.37975488,-0.0788659992
22620,0.174850556,-0.0401143734
22621,,
22622,0.137484406,0.588746226
22623,-0.392764222,-0.0426643332
22624,-0.433985459,-1.34039755
22625,1.17657789,1.02828536
22626,0.323667597,1.66933505
22627,0.323667597,1.66933505
22628,0.264228239,-0.265654086
22629,1.56349173,-0.0835712141
22630,,
22631,-0.406675673,-0.679177365
22632,0.531983064,-0.566569014
22633,-0.666449215,-0.629670868
22634,0.0486268181,0.576969545
22635,0.623634549,0.100262938
22636,0.623634549,0.100262938
22637,1.88490449,0.782547617
22638,1.49588294,0.492942513
22639,,
22640,1.09524221,0.459559288
22641,-0.371363046,0.261950339
22642,-0.0625183986,-0.1586666
22643,0.424113051,0.489396988
22644,-0.72913851,-0.373538708
22645,-0.72913851,-0.373538708
22646,1.69053231,0.183756351
22647,1.1046407,1.52226073
22648,,
22649,0.876043642,-1.41150206
22650,1.22583738,-0.0587628225
22651,1.36435879,0.143904031
22652,1.30589733,0.40177835
22653,1.22747177,0.119149578
22654,1.22747177,0.119149578
22655,2.4876113,-0.397596877
22656,-0.608865787,-0.54691061
22657,,
22658,0.9725284,-2.07433612
22659,0.65049202,-1.43154447
22660,0,-0.52198338
22661,1.7436831,-0.720828633
22662,-0.102678156,1.5966922
22663,-0.102678156,1.5966922
22664,-0.624785169,-0.275509466
22665,1.2397204,-0.544844378
22666,,
22667,-0.215625082,-0.259337092
22668,0.207567712,-2.78366833
22669,0.117311756,-2.50610247
22670,0.866810268,0.0465830858
22671,0.221734084,0.72907058
22672,0.221734084,0.72907058
22673,0.340137959,0.765753054
22674,-2.30444136,1.25776462
22675,,
22676,0.963117227,-0.498187924
22677,0.416613305,-0.241082165
22678,1.15410397,-0.430172967
22679,-1.54011496,-0.947881576
22680,0.923106828,0.693421331
22681,0.923106828,0.693421331
22682,0.995263505,-1.07448718
22683,0.339947799,-0.430196493
22684,,
22685,-1.46319646,-1.12628606
22686,-0.403388369,1.53295483
22687,-0.255474207,1.41296786
22688,-0.485020767,-0.223512216
22689,0.0986650595,-1.79247938
22690,0.0986650595,-1.79247938
22691,-0.560912824,0.822290893
22692,-0.220423021,0.353832927
22693,,
22694,-0.664401517,1.43124298
22695,0.419749786,0.857706287
22696,1.55718906,0.0768729322
22697,-1.05802377,0.61699084
22698,1.32576102,-1.11235355
22699,1.32576102,-1.11235355
22700,1.48263527,0.0799777937
22701,-0.178224018,1.96159816
22702,,
22703,-0.254161393,-1.77071804
22704,-0.915923484,0.617964782
22705,-0.477763221,1.03797422
22706,-1.09535032,1.7062542
22707,-0.325813286,1.44974355
22708,-0.325813286,1.44974355
22709,0.437870965,-0.121821082
22710,-0.54205939,-1.07182513
22711,,
22712,0.50658093,-0.625121081
22713,1.22905666,-0.983098233
22714,0.383856985,-0.382785571
22715,1.27620919,-1.25248353
22716,-1.14851562,-0.246449326
22717,-1.14851562,-0.246449326
22718,0.0395579923,-0.533791874
22719,-1.1659606,0.12090124
22720,,
22721,-0.115459504,-0.506239907
22722,0.749757161,-1.53282779
22723,0.493361891,-1.12304907
22724,0.439072869,-0.25255106
22725,0.556059388,1.04631128
22726,0.556059388,1.04631128
22727,0.0834547051,0.062052236
22728,1.40577343,0.451838094
22729,,
22730,0.0139109557,0.880421369
22731,1.32332366,-0.759578259
22732,1.0789567,-0.93253199
22733,0.933212859,0.747460414
22734,1.42632383,-0.466216776
22735,1.42632383,-0.466216776
22736,-0.164254412,0.973360372
22737,-0.308812258,0.316253775
22738,,
22739,0.772221166,-0.584370949
22740,-1.04564868,0.183311249
22741,-1.46738047,0.45628752
22742,-0.229878315,0.0640199196
22743,-1.08494513,1.01563887
22744,-1.08494513,1.01563887
22745,-0.149397589,0.535058179
22746,-1.05643742,-0.790662003
22747,,
22748,-0.554873203,-1.29540333
22749,-0.939487451,1.046967
22750,-0.822512604,0.902370081
22751,-0.785983607,0.547877692
22752,-0.708223945,0.395742296
22753,-0.708223945,0.395742296
22754,0.184596058,-2.84938486
22755,1.46070932,0.397088182
22756,,
22757,1.68676502,0.24747144
22758,0.438692713,0.282440362
22759,0.695633136,0.694306167
22760,-0.0627454644,-1.36588694
22761,-0.82332436,1.1612138
22762,-0.82332436,1.1612138
22763,-3.13644031,1.65376557
22764,-1.28444388,1.8351868
22765,,
22766,-0.250940592,0.214222008
22767,0.806524104,0.128376723
22768,0.398593915,0.382051736
22769,0.329833687,-0.179690686
22770,-0.204290829,0.193381273
22771,-0.204290829,0.193381273
22772,-1.83123298,0.87617203
22773,-0.904064308,-0.554321452
22774,,
22775,-0.0733230635,-0.847689361
22776,-1.37177422,-0.758468947
22777,-0.685466358,-0.298343595
22778,-0.400864714,-0.30591366
22779,-0.516273371,-1.79917156
22780,-0.516273371,-1.79917156
22781,-0.184537697,0.299478805
22782,0.523270497,0.712896914
22783,,
22784,0.715239857,0.0146892557
22785,-0.480884198,-0.30572854
22786,-0.90941782,-0.102055519
22787,-0.229199266,-1.13281908
22788,1.26938616,-1.24857108
22789,1.26938616,-1.24857108
22790,-2.10182842,0.470180566
22791,-0.81752939,0.100994749
22792,,
22793,-1.54685147,1.29048157
22794,-1.72353588,-0.171228567
22795,-2.7966513,-1.10767369
22796,-0.520893976,0.746639628
22797,0.019897663,0.829852409
22798,0.019897663,0.829852409
22799,-0.247901189,-1.32567792
22800,0.420401628,-0.31261377
22801,,
22802,0.438228423,-0.936274935
22803,0.646547738,-1.08067973
22804,-0.347892978,-0.779245731
22805,-0.85375471,-0.42397281
22806,0.807686266,0.951503839
22807,0.807686266,0.951503839
22808,-0.958889451,-1.65740398
22809,0.0216072838,-0.332904847
22810,,
22811,-1.45827106,-0.529944281
22812,-0.411488093,-0.0594408359
22813,-0.0602038917,-0.105607245
22814,-1.49089045,-0.0493237891
22815,0.272705919,1.34988483
22816,0.272705919,1.34988483
22817,0.929556386,0.298392709
22818,-0.889194211,0.850357191
22819,,
22820,-1.04645616,-0.748342975
22821,-0.04515255,0.0690871923
22822,0.466631178,1.41946007
22823,-1.1324575,-1.32472475
22824,-1.67173798,-1.35457949
22825,-1.67173798,-1.35457949
22826,0.920839054,0.258302337
22827,-1.63850251,-1.01910389
22828,,
22829,-0.594969608,2.51802522
22830,0.736326349,-1.12617343
22831,-0.226698926,-0.143091539
22832,-1.41797855,0.66537907
22833,-0.73289613,0.429383454
22834,-0.73289613,0.429383454
22835,-2.16059401,0.926877977
22836,1.29301994,0.768742869
22837,,
22838,-0.0862438469,-0.682821768
22839,0.150707693,-0.387069351
22840,-0.535454635,-0.414960593
22841,-0.704291464,0.45614829
22842,0.195187749,-0.166751579
22843,0.195187749,-0.166751579
22844,-1.37771976,-0.529429533
22845,0.989810999,0.539582318
22846,,
22847,3.52821595,-1.06626124
22848,-0.461997649,-0.216107554
22849,-1.62457317,-1.82476341
22850,0.0602601674,0.351456271
22851,-1.39189408,-0.662587321
22852,-1.39189408,-0.662587321
22853,0.956495681,-0.792858678
22854,-1.63152586,-0.0199395335
22855,,
22856,-0.763616061,0.0434805956
22857,1.59567406,-0.160773523
22858,3.03214375,0.224689244
22859,-0.158650184,0.477685421
22860,0.164221102,1.46509441
22861,0.164221102,1.46509441
22862,-1.90050364,-0.0200555792
22863,0.805981081,-0.538240844
22864,,
22865,-1.71345684,-0.757216242
22866,-0.276088673,0.795129089
22867,-0.853916465,1.61514059
22868,0.736603929,1.98057813
22869,-0.304432108,-0.26686056
22870,-0.304432108,-0.26686056
22871,-0.372409813,-0.754522588
22872,-1.23062028,-0.209590595
22873,,
22874,-0.265680137,1.43573095
22875,-0.708417421,0.0140224988
22876,0.746429017,0.147276897
22877,1.32325394,-0.0307749545
22878,-0.411124546,-0.673161687
22879,-0.411124546,-0.673161687
22880,-0.425341098,0.0817511417
22881,-0.823517112,-1.44543003
22882,,
22883,0.0273882516,-0.53033714
22884,0,0.973697922
22885,-0.435657212,1.53530688
22886,-0.077162197,1.45608452
22887,0.901398562,-0.0403754256
22888,0.901398562,-0.0403754256
22889,0.654656417,-0.118341205
22890,-0.19740305,-0.87436298
22891,,
22892,1.43868801,-1.0086883
22893,-0.278882816,0.443238291
22894,-0.0850211047,0.687190603
22895,0.416674779,2.57791138
22896,1.19542894,-0.661556739
22897,1.19542894,-0.661556739
22898,0,-0.266528054
22899,-0.218653969,0
22900,,
22901,1.30344619,-0.961166411
22902,-0.579003117,-0.296269985
22903,-0.352883206,-0.649001609
22904,-0.733325997,-1.38291781
22905,1.11425836,-0.242773357
22906,1.11425836,-0.242773357
22907,-1.5312352,0.159611007
22908,0.588542009,-0.718918292
22909,,
22910,0.861097347,0.306714588
22911,-0.100213072,0.0286017566
22912,-0.143338841,0.0826716732
22913,-0.851542254,0.243713496
22914,-2.78082262,-1.42662685
22915,-2.78082262,-1.42662685
22916,1.49422674,0.852303893
22917,-0.219564714,0.726990839
22918,,
22919,1.66732571,0.849786128
22920,-1.85591301,-0.314086572
22921,-0.772921057,-0.0818115447
22922,-0.0311751992,0.950717863
22923,0.281323002,0.479095013
22924,0.281323002,0.479095013
22925,0.789423679,1.22490826
22926,-0.454092434,0.751666711
22927,,
22928,-1.24156646,1.85932572
22929,0.328413987,-1.13413099
22930,-0.18164313,-0.144754408
22931,-0.451441312,0.317989595
22932,0.916894099,0.471704275
22933,0.916894099,0.471704275
22934,0.614281318,-1.48192659
22935,1.297936,-0.542951597
22936,,
22937,-1.14473484,0.436459604
22938,-1.2839043,0.683837769
22939,-0.342869249,0.683328416
22940,0.0759690087,0.841430223
22941,-0.148696463,-1.22152597
22942,-0.148696463,-1.22152597
22943,-0.0393324586,-0.265347119
22944,-1.89661438,0.0596201491
22945,,
22946,-1.0137137,-1.71258336
22947,0.638652661,-0.466604998
22948,0.899470393,1.00722932
22949,-0.396557662,0.147689116
22950,-2.33583431,0.434481205
22951,-2.33583431,0.434481205
22952,-0.30055749,-0.616679934
22953,-0.0608422192,-0.5775651
22954,,
22955,-1.62116148,0.345535343
22956,-0.0295480337,-2.37530735
22957,1.99466961,-0.980631839
22958,-0.460037393,0.456794512
22959,-0.221739052,-0.804979237
22960,-0.221739052,-0.804979237
22961,-0.100835262,1.27550818
22962,-0.579242716,-0.934474597
22963,,
22964,0.127106073,-0.117192377
22965,0.497616382,-0.481462924
22966,-0.908240787,-0.846539059
22967,-0.207956854,-0.315385664
22968,-0.68263099,-0.182972336
22969,-0.68263099,-0.182972336
22970,0.580796193,0.603719278
22971,-0.314368182,0.209474394
22972,,
22973,-1.11631381,0.492889731
22974,-0.407789028,0.0143759436
22975,-0.37782922,0.182134675
22976,-0.215717641,-0.212029371
22977,-0.159586172,-0.18803842
22978,-0.159586172,-0.18803842
22979,3.00837735,0.367608156
22980,1.97359301,1.18566251
22981,,
22982,0.112245199,1.82983833
22983,0.853341146,-1.60204575
22984,0.0807023142,-2.6820626
22985,1.63056349,0.852640154
22986,-0.992784483,-1.07758155
22987,-0.992784483,-1.07758155
22988,-1.91493677,1.83980967
22989,1.75984419,0.303136791
22990,,
22991,-0.76120933,-0.972149295
22992,0.383987445,-0.433749152
22993,-0.0200295893,-0.690490701
22994,0.595619717,0.367453224
22995,-0.527571612,-1.42208515
22996,-0.527571612,-1.42208515
22997,-1.78377132,-0.306310514
22998,0.258371883,-0.060093602
22999,,
23000,0.858954239,0.0855125843
23001,0.102001902,-1.84676599
23002,0.370094469,-1.61307435
23003,-0.556764324,-0.811614497
23004,0.0407134615,1.01175091
23005,0.0407134615,1.01175091
23006,-1.25199835,1.32417358
23007,-1.19796093,0.87265771
23008,,
23009,0.232056671,0.0295322862
23010,0.34959763,-1.45105215
23011,-1.05595183,-0.905764907
23012,-0.806527393,-0.264718915
23013,-0.398186246,-1.24964301
23014,-0.398186246,-1.24964301
23015,-1.0909123,0.740031236
23016,1.1974132,-1.05307838
23017,,
23018,-1.16287755,-0.732617291
23019,-0.58897414,0.516337872
23020,-1.28764316,0.620508721
23021,-0.404566197,0.865225207
23022,-0.620824988,-0.597771872
23023,-0.620824988,-0.597771872
23024,-0.266307073,-0.101605628
23025,1.02902117,1.38625749
23026,,
23027,0.672796721,-0.144318429
23028,-0.433162227,1.70464565
23029,-1.14775674,1.50566016
23030,0.47126368,-0.575423948
23031,1.73820955,2.35025443
23032,1.73820955,2.35025443
23033,-2.13865068,-0.642548592
23034,-0.121510141,0.224389569
23035,,
23036,1.32074698,1.11404262
23037,0.33540757,0.626110837
23038,1.45855069,0.557698477
23039,-0.450639991,1.45567841
23040,-0.29269011,0.627378529
23041,-0.29269011,0.627378529
23042,1.68294516,-1.21919443
23043,0.139877284,0.226894647
23044,,
23045,0.116677435,0.416591757
23046,-0.547029426,1.15148792
23047,-0.591640377,1.54345477
23048,0.183342166,0.876624983
23049,1.59897349,0.520379925
23050,1.59897349,0.520379925
23051,-0.201356842,0.842425788
23052,0.0824959293,-0.0619195905
23053,,
23054,-0.739628974,-1.71640805
23055,0.222023287,0.65763734
23056,0.766012677,0.738014287
23057,-1.20738307,0.165387795
23058,0.386503212,0.79969369
23059,0.386503212,0.79969369
23060,-0.0393137141,-1.33337895
23061,0.347590302,0.622406894
23062,,
23063,1.0169233,0.216872247
23064,-1.1013464,0.744229548
23065,-0.776830997,-0.0589551297
23066,-1.02899072,-0.993929913
23067,0.545968695,-1.24923478
23068,0.545968695,-1.24923478
23069,0.344157945,-0.259013731
23070,-1.18080109,-0.732042159
23071,,
23072,-0.858945587,-1.25639946
23073,0.127080665,1.33475911
23074,0.29435202,0.791036922
23075,0.890888679,0.286762074
23076,0,2.24900922
23077,0,2.24900922
23078,-0.766916139,-0.599878735
23079,-0.262887054,1.10808196
23080,,
23081,-0.31677381,-0.644920953
23082,-0.436236482,-0.450585846
23083,-1.83994162,-0.588614925
23084,-0.799897244,-0.439152579
23085,-0.180841809,-0.0818830014
23086,-0.180841809,-0.0818830014
23087,0.204927367,0.249243356
23088,-2.69831883,-1.48934614
23089,,
23090,-0.527986945,0.404366467
23091,-2.12332926,0.669758272
23092,-1.79930263,0.670700981
23093,-1.03288692,0.775296334
23094,-1.03016368,0.269442516
23095,-1.03016368,0.269442516
23096,0.0412666214,0.420664109
23097,-1.01514754,0.602719322
23098,,
23099,0.341291398,-2.183586
23100,-0.395932169,0.109541269
23101,0.70997228,0.93437092
23102,-0.269560852,0.344657941
23103,-0.118670137,0.364848209
23104,-0.118670137,0.364848209
23105,-1.42486189,2.15980514
23106,-1.37170402,-0.33539776
23107,,
23108,1.24623637,0.932188664
23109,-0.014108179,-0.0693715198
23110,-0.838506358,1.15669634
23111,0.385929211,-0.243177449
23112,-1.85124296,1.67811974
23113,-1.85124296,1.67811974
23114,0.291370786,-0.285061741
23115,0.41698705,-1.53231469
23116,,
23117,-0.727705913,0.579790507
23118,-0.245108895,0.436022249
23119,-0.452740246,-1.13995156
23120,-0.954950203,0.771624594
23121,-2.56308816,-1.20216355
23122,-2.56308816,-1.20216355
23123,0.451515056,0.343365293
23124,-0.963120613,-0.938569049
23125,,
23126,1.04596531,-1.43912706
23127,-1.5471365,-0.281664305
23128,-1.67831953,-1.35972059
23129,0.546952134,-1.98318953
23130,-0.57927689,0.244877383
23131,-0.57927689,0.244877383
23132,0.612701397,-0.463986004
23133,-0.161850897,0.346329078
23134,,
23135,-0.258049358,0.799965098
23136,0.689066088,1.0843367
23137,-0.0425590587,0.78229276
23138,0.670717237,-1.39451973
23139,-0.359969733,-0.21430857
23140,-0.359969733,-0.21430857
23141,-1.08766299,-0.39732669
23142,-1.65728163,0.969553428
23143,,
23144,0.36276521,-1.59237697
23145,0.703370682,-0.0690094386
23146,0.334540781,0.0788967524
23147,0.775340822,0.381914761
23148,-0.659857708,0.890484177
23149,-0.659857708,0.890484177
23150,1.16858854,1.17291856
23151,0.139479756,-1.89407975
23152,,
23153,0.839742215,-0.789575864
23154,0.32630488,0.45170143
23155,0.242152402,0.485493428
23156,-0.836714019,-0.237455365
23157,0.385412729,0.306243308
23158,0.385412729,0.306243308
23159,0.440838723,0.760271693
23160,0.650010556,-0.0840822816
23161,,
23162,0.405821777,-0.875391376
23163,1.88906931,0.51547661
23164,1.65012645,-0.461849923
23165,0.559465947,-0.710215674
23166,-0.302768225,-0.330880871
23167,-0.302768225,-0.330880871
23168,1.38909008,-1.7293122
23169,0.0807526657,3.14367669
23170,,
23171,-0.527204025,-0.714004196
23172,-1.74337603,-0.267788895
23173,-1.17713097,-0.968019033
23174,-0.114029493,0.854216715
23175,1.29047367,-0.467423993
23176,1.29047367,-0.467423993
23177,1.60979677,-0.299872713
23178,-0.629682547,-0.437008029
23179,,
23180,-0.89627728,0.463896218
23181,0.0864767907,0.449551382
23182,-0.773354875,1.54101486
23183,-0.745412188,1.30070098
23184,0.902809029,-0.0401705889
23185,0.902809029,-0.0401705889
23186,1.04815426,0.261200088
23187,0.963887547,-0.616328718
23188,,
23189,0.299721366,0.297974738
23190,0.409609738,-1.25409597
23191,-0.216401007,-0.458729212
23192,0.162459937,0.790266688
23193,0.7400814,0.77278751
23194,0.7400814,0.77278751
23195,0.34692936,0.662645172
23196,-0.395664868,0.406867218
23197,,
23198,-0.0592010579,-0.100771169
23199,-0.201356629,-1.19383637
23200,0.124005917,-0.0397126011
23201,-0.0837585065,0.713144914
23202,0.408688861,-0.674164253
23203,0.408688861,-0.674164253
23204,-0.0587388046,0.780047765
23205,0.275207992,0.284300599
23206,,
23207,2.09368369,-1.25748112
23208,-1.25695726,-0.278587612
23209,-0.774445063,0.688801066
23210,-0.802750652,-1.46118952
23211,-0.180876221,-0.237253528
23212,-0.180876221,-0.237253528
23213,1.07367134,1.07927066
23214,-1.63205893,-0.197496428
23215,,
23216,-0.690205429,-0.413170659
23217,1.96483039,0.312211986
23218,1.60931066,-0.139593984
23219,-0.733347145,1.45022042
23220,0.375771637,1.1792033
23221,0.375771637,1.1792033
23222,-0.816312579,-0.410902469
23223,-0.269819849,0.628988289
23224,,
23225,0.4897129,0
23226,1.00951073,0.0139213033
23227,0.184480168,0.630826439
23228,-1.04340832,0.216826813
23229,-0.973791914,0.40268095
23230,-0.973791914,0.40268095
23231,0.145614355,0.429853028
23232,-0.932117325,0.964874895
23233,,
23234,-0.999880606,-1.1399133
23235,0.625969987,-0.965060002
23236,-1.17093877,-1.13341742
23237,-0.592716449,0.68390975
23238,1.56803128,0.459646473
23239,1.56803128,0.459646473
23240,-0.912464296,-1.47383534
23241,-0.158519765,-0.48188465
23242,,
23243,-1.65506245,-2.99270055
23244,0.79296549,0.0732471465
23245,0.28386467,0.776122787
23246,-0.699385694,-0.878624949
23247,-0.772108089,-0.0205947484
23248,-0.772108089,-0.0205947484
23249,-1.49875896,2.08654064
23250,-0.22649649,1.72584948
23251,,
23252,-0.713181961,-0.518357683
23253,-0.626955695,-0.650868698
23254,-0.25848399,0.349410907
23255,0.176477978,1.84938736
23256,0.849261049,1.17506541
23257,0.849261049,1.17506541
23258,-0.27007972,-0.204045108
23259,0.339669345,2.09272077
23260,,
23261,-0.157458275,-1.68876554
23262,-0.0279301034,-0.634924204
23263,-0.0389563954,-0.061130378
23264,0.50400194,0.880555948
23265,-1.0967524,-0.490591599
23266,-1.0967524,-0.490591599
23267,0.0210217926,0.864820449
23268,2.06750535,-2.0034362
23269,,
23270,-0.2152864,-0.55381666
23271,1.53683836,0.0737818046
23272,1.84047257,-0.24828816
23273,1.06805224,-1.71952678
23274,-0.0407914887,-1.28812761
23275,-0.0407914887,-1.28812761
23276,1.02389522,-0.853460375
23277,0.876260483,0.40064557
23278,,
23279,0.798911743,1.2887714
23280,0.254097916,0.198753403
23281,1.02779504,0.691664227
23282,2.80704875,0.579427038
23283,1.38859678,-0.267153412
23284,1.38859678,-0.267153412
23285,-0.507112536,-0.292661943
23286,0.855772306,-0.27822034
23287,,
23288,-0.893983761,0.0710770366
23289,-0.434979226,0.0286413484
23290,-0.262130002,-0.280213577
23291,0.465566691,-0.656555807
23292,-0.102568074,-0.940999074
23293,-0.102568074,-0.940999074
23294,-0.744833686,1.39599758
23295,-1.43481563,1.42462369
23296,,
23297,1.25155017,1.39343264
23298,-0.998626716,-0.331622409
23299,-1.50497989,-0.270406131
23300,-0.920987505,1.22569411
23301,-0.584137582,-0.0991897544
23302,-0.584137582,-0.0991897544
23303,-0.87032623,0.253943103
23304,-0.140647624,-0.158039634
23305,,
23306,0.166541109,-0.295874722
23307,1.34330527,-1.95905827
23308,1.5872811,-1.90040848
23309,0.402332557,0.0570985704
23310,-0.521309754,0.419757406
23311,-0.521309754,0.419757406
23312,0.76519721,-0.983352296
23313,0.163174121,-1.95146126
23314,,
23315,1.610533,0.512560942
23316,-0.56057526,-0.208433775
23317,-0.819762756,0.751006965
23318,-1.94959465,-0.770256582
23319,-1.79136991,-0.442940494
23320,-1.79136991,-0.442940494
23321,-2.53791736,-0.598907652
23322,-0.416842905,0.407512318
23323,,
23324,-1.38700236,0.382860469
23325,0.485977478,-0.298873418
23326,0.0208392394,-0.122974413
23327,0.921201724,0.883613844
23328,0.313371998,-0.216845268
23329,0.313371998,-0.216845268
23330,1.2173518,-0.263671362
23331,2.81308805,-0.57426464
23332,,
23333,0.52100329,1.40506466
23334,-0.19942178,0.460797722
23335,-0.140084638,0.289814461
23336,1.55109538,1.06387227
23337,1.84215751,1.43519127
23338,1.84215751,1.43519127
23339,0.104218205,1.66017744
23340,-0.924520261,0.369532606
23341,,
23342,0.835240755,0.202088317
23343,-0.289159284,0.561867965
23344,-0.170559019,0.839747237
23345,1.03959152,0.994916023
23346,-0.0196909337,0.617987321
23347,-0.0196909337,0.617987321
23348,-0.0570111468,-0.119995549
23349,0.11718249,2.64983663
23350,,
23351,0.0692506819,-0.358116173
23352,1.80026735,-2.02643741
23353,0.876003987,-1.89248814
23354,-0.846708375,-0.620619945
23355,1.0616348,-0.0204353147
23356,1.0616348,-0.0204353147
23357,-1.11043139,-0.494042675
23358,1.09052307,-0.874197537
23359,,
23360,-0.468546795,-1.05325507
23361,-1.33553296,-0.685919018
23362,-1.53324227,-0.204321606
23363,-0.510843203,-0.907888852
23364,1.07879556,-1.52084228
23365,1.07879556,-1.52084228
23366,-0.888580622,-0.954041855
23367,1.15367669,-0.230170488
23368,,
23369,-0.661407788,2.46537858
23370,-1.80546192,0.516907501
23371,-0.646206833,0.153187761
23372,0.324160017,1.15127829
23373,-0.292011547,0.0216120891
23374,-0.292011547,0.0216120891
23375,0.795046174,-1.23639121
23376,-0.0397635567,-0.775550278
23377,,
23378,0.125862056,-1.00907242
23379,-0.748555697,-0.988665391
23380,0.399911408,-0.488431185
23381,-0.819416912,-0.53841759
23382,-1.66288355,0
23383,-1.66288355,0
23384,-0.162556977,0.744025646
23385,-0.146068763,-0.587499842
23386,,
23387,-0.187462587,-0.101290716
23388,-1.1919391,0.73457585
23389,-0.776653733,0.0792094679
23390,-1.61544974,-0.688156434
23391,1.29447831,0.740890928
23392,1.29447831,0.740890928
23393,-0.603687805,0.773305228
23394,0.122192174,0
23395,,
23396,2.14328153,1.27028214
23397,0.154729847,0.0290858851
23398,1.14739763,0.489850889
23399,0.353024074,0.781073035
23400,-0.122632618,1.62427942
23401,-0.122632618,1.62427942
23402,0.0203460729,1.09432041
23403,2.37826616,-0.574568189
23404,,
23405,-0.235088215,-0.479618872
23406,-0.546607974,-0.238423372
23407,-0.81339281,-0.380771705
23408,-2.12683496,0.389596413
23409,-1.08069037,-0.876777088
23410,-1.08069037,-0.876777088
23411,-0.890885006,0.823226124
23412,0.516886968,-0.94802542
23413,,
23414,-0.646284552,-0.179248195
23415,2.39289956,0.240102692
23416,1.32942335,1.18019276
23417,0.701977738,0.888286346
23418,-0.0208308069,1.23507521
23419,-0.0208308069,1.23507521
23420,-0.156970399,-0.384555485
23421,1.19129227,0.306286187
23422,,
23423,0.967582586,1.41486948
23424,-1.52082997,-0.915560329
23425,-2.47098946,-1.03017457
23426,0.674539344,-0.714969728
23427,0.343191292,0.273719597
23428,0.343191292,0.273719597
23429,-0.377056463,0.88556895
23430,-0.942142461,0.241502596
23431,,
23432,1.44940582,1.0187839
23433,-0.672312144,0.2642658
23434,-0.98633463,0.160871796
23435,0.21824498,0.390472745
23436,1.00917485,0.798557083
23437,1.00917485,0.798557083
23438,-0.661310328,0.829524247
23439,-0.161441361,-1.18250833
23440,,
23441,-1.07878742,0.0998979876
23442,0.4312459,-1.27381998
23443,-0.708494981,-0.788286828
23444,1.01077524,-0.258740518
23445,0.847469793,0.903311467
23446,0.847469793,0.903311467
23447,1.01113512,0.284767476
23448,-0.0214856956,0.52745993
23449,,
23450,1.05220304,-0.774073472
23451,1.6502772,1.05021225
23452,2.19666385,0.634496278
23453,0.226372229,-0.0144450935
23454,-1.49050963,-1.23379734
23455,-1.49050963,-1.23379734
23456,-0.079996311,0.703897932
23457,1.14803584,1.50908129
23458,,
23459,-0.689569885,1.20008532
23460,1.18199848,0.85068345
23461,-0.0205934787,0.571132546
23462,0.771806769,2.02490923
23463,-0.101813848,-1.48607255
23464,-0.101813848,-1.48607255
23465,-0.61180577,-0.141754327
23466,-0.208147073,0.0198613549
23467,,
23468,1.8265905,-1.04841912
23469,0.610004148,-0.263063455
23470,1.25241781,-0.812633049
23471,-0.0429196327,-0.680642599
23472,0.766819854,0.48270956
23473,0.766819854,0.48270956
23474,0.429149693,-0.117551667
23475,0.0195246763,-0.352157624
23476,,
23477,1.19243769,-0.617862679
23478,0.207186983,-0.415728307
23479,1.20461742,-0.370706062
23480,-1.14643949,0.0868793787
23481,-0.43939781,-1.02674619
23482,-0.43939781,-1.02674619
23483,0.246553602,-0.0418956159
23484,-1.85770573,0.635439721
23485,,
23486,-0.893669916,-0.627956011
23487,-0.941131582,0.0889726119
23488,-1.10217025,0.90696709
23489,-0.758293782,1.03273916
23490,-0.922779463,-0.12241442
23491,-0.922779463,-0.12241442
23492,0.815075523,0.559833232
23493,-0.851039123,1.31452689
23494,,
23495,0.295585426,-0.16888948
23496,-0.0873588464,-0.22447744
23497,-0.67509087,0.486432223
23498,-0.313058368,-0.693899402
23499,-0.348668791,-0.371047006
23500,-0.348668791,-0.371047006
23501,1.62082037,-0.509687208
23502,-1.62511074,0.559728301
23503,,
23504,-0.759846412,-0.87025018
23505,1.4165854,-0.922529082
23506,0.664700172,-0.808151808
23507,-0.82214048,0.458072638
23508,1.23227472,0.197262078
23509,1.23227472,0.197262078
23510,-0.35451071,0.0206346208
23511,-1.60323166,2.17874842
23512,,
23513,-1.46994861,1.60316712
23514,0.323917472,0.460885568
23515,0.481996021,-0.338609212
23516,0.434566139,-0.678876958
23517,1.10165507,-0.551169155
23518,1.10165507,-0.551169155
23519,0.166172838,-0.753627693
23520,0.903916075,-0.93952011
23521,,
23522,0.359561416,1.12964395
23523,0.329190368,0.528739581
23524,0.506340399,0.393405438
23525,0.0572394943,0.70214823
23526,0.180949506,0.448836904
23527,0.180949506,0.448836904
23528,1.202345,0.180244195
23529,0.825670031,1.152497
23530,,
23531,-1.58122429,0.342632545
23532,-0.112912728,1.12662772
23533,0.516467717,1.59235216
23534,0.7354178,2.0547169
23535,0.387512477,-1.32720442
23536,0.387512477,-1.32720442
23537,0.556689242,-0.0205140476
23538,-0.814918417,0.753532112
23539,,
23540,0.83036397,1.51553789
23541,0.687449958,-0.390767525
23542,1.41713915,-1.18875045
23543,1.82900669,-1.90656238
23544,-0.525819769,0.163853275
23545,-0.525819769,0.163853275
23546,1.26084021,-0.837837685
23547,-1.16692184,0.439721047
23548,,
23549,1.20330655,-1.57407733
23550,-0.479905275,0.532517792
23551,1.07540258,0.487999427
23552,1.29843673,0.699925719
23553,0.533102443,1.42099113
23554,0.533102443,1.42099113
23555,-0.284400556,-0.0783879154
23556,0.11874292,0.56468754
23557,,
23558,1.29312799,0.574202207
23559,0.297080242,0.424718623
23560,-0.778939101,0.588739553
23561,-1.53199577,-4.49814034
23562,1.49452321,-1.2926026
23563,1.49452321,-1.2926026
23564,-0.566713637,-1.78337842
23565,-1.86111436,-1.36767456
23566,,
23567,-0.305270994,0.398590581
23568,0.203779084,-0.984856555
23569,1.0107799,-0.627875005
23570,0.719463283,-1.49960739
23571,-0.244594701,-1.07212597
23572,-0.244594701,-1.07212597
23573,0.83101191,0.346990937
23574,-0.421403424,0.76230882
23575,,
23576,-0.37909598,-1.70463908
23577,0.127868485,-0.413024861
23578,0.618773284,1.9655757
23579,1.21021241,-0.337893718
23580,-1.78594693,-3.01515161
23581,-1.78594693,-3.01515161
23582,0.186054194,-0.49315573
23583,-0.982705823,0.0410277706
23584,,
23585,-1.6016012,-0.0736522496
23586,-0.716840304,0.825199604
23587,0.251254904,1.13343134
23588,1.55667227,1.44219525
23589,-1.59558778,-0.205702833
23590,-1.59558778,-0.205702833
23591,-2.32846244,0.319377859
23592,-0.217046186,-0.935318205
23593,,
23594,-0.686026002,0.340631029
23595,-0.485236982,-0.436748979
23596,-0.472590446,-0.122246191
23597,-0.87071029,-0.583088678
23598,0.808514996,-0.384871729
23599,0.808514996,-0.384871729
23600,0.869427509,-0.498367181
23601,0.399683984,0.603837405
23602,,
23603,0.207301372,0.827690556
23604,-1.27002784,0.545306562
23605,0.501153227,1.12027369
23606,1.28846753,-0.320880909
23607,1.16682202,0.362573869
23608,1.16682202,0.362573869
23609,-1.36619799,-0.43481403
23610,0.493815175,0.638937208
23611,,
23612,0.143921105,-2.37938244
23613,0.632663286,-0.0552264193
23614,0.729439783,0.82314219
23615,0.270482067,-0.565107929
23616,-0.103330023,1.04730144
23617,-0.103330023,1.04730144
23618,0.282217793,0.142446158
23619,-0.945458662,1.51056957
23620,,
23621,0.15795859,0.425118574
23622,0.421383085,1.90862633
23623,0.412282794,1.82173894
23624,-0.289538293,0.66168509
23625,-0.936289043,0.186981752
23626,-0.936289043,0.186981752
23627,-0.212402261,0.211198221
23628,-1.79675751,0.120510304
23629,,
23630,-1.05504751,0.476046222
23631,0.463109765,0.0706759155
23632,0.814126253,-0.0601908921
23633,-0.645165793,0.327561357
23634,0.333305714,1.50991832
23635,0.333305714,1.50991832
23636,1.69201666,-0.946057697
23637,-0.899082783,-2.39013916
23638,,
23639,1.53296799,-0.664912786
23640,-0.360639196,0.420638003
23641,-0.0982663489,0.0611984317
23642,-1.02780777,-0.467331006
23643,1.05082378,-0.938239456
23644,1.05082378,-0.938239456
23645,-0.567797224,1.19045339
23646,0.59215151,0.125503683
23647,,
23648,-0.492001409,1.72878525
23649,-0.212276625,0.815719864
23650,-0.464731739,1.29348228
23651,1.29092379,-1.50712301
23652,-0.530660455,-0.142770434
23653,-0.530660455,-0.142770434
23654,0.0198573111,-0.464524139
23655,-1.08820971,0.141464415
23656,,
23657,0.904568151,-0.0429599801
23658,-0.218728974,-0.125994903
23659,-0.792582965,-0.54243322
23660,-0.983116843,-1.52504861
23661,-0.247278835,0.449364625
23662,-0.247278835,0.449364625
23663,0.163030035,-0.883299903
23664,0.427850007,0.543768191
23665,,
23666,0.278368204,-2.26149627
23667,-1.06507313,-0.208514313
23668,-0.102215522,-0.78329916
23669,-0.447378838,-2.77199753
23670,1.72109029,-0.997124372
23671,1.72109029,-0.997124372
23672,-0.747454392,0.179863464
23673,-0.0410700688,-0.350019203
23674,,
23675,-1.43050919,-0.99585668
23676,0.113739591,0.597238877
23677,0.993110455,0.464152429
23678,-0.897547193,-0.787924771
23679,-0.180105205,2.26042008
23680,-0.180105205,2.26042008
23681,-0.723691353,1.69980631
23682,-0.351301773,1.08811116
23683,,
23684,-1.44185132,-0.371645577
23685,-0.931614823,-1.72024726
23686,-1.35875354,-0.980411407
23687,-0.679940682,-0.861449635
23688,0.435212596,-0.70800653
23689,0.435212596,-0.70800653
23690,-0.690758616,-1.64448352
23691,-0.215495324,-0.947126383
23692,,
23693,0.087213887,0.292931163
23694,-0.494890879,-0.25343099
23695,0.293569941,-0.221237175
23696,-0.5410663,-1.12508252
23697,-1.1306889,-0.522033185
23698,-1.1306889,-0.522033185
23699,-0.406212572,1.10155432
23700,0.918777916,0
23701,,
23702,-0.216147363,-1.23793589
23703,-1.36027391,-1.8552595
23704,-1.19605455,-0.941035039
23705,0.286491833,0.499874842
23706,0.384136085,-1.54280998
23707,0.384136085,-1.54280998
23708,-1.34706885,2.01307173
23709,-1.49302119,0.573064862
23710,,
23711,-0.305093952,0.0144254023
23712,0.178146996,0.0965796522
23713,-0.125099788,-0.35628752
23714,-0.221953797,0.777284017
23715,1.64583418,0.675584107
23716,1.64583418,0.675584107
23717,0.84568188,-0.0196659148
23718,-2.19560072,1.62284422
23719,,
23720,-0.357638289,1.06933097
23721,0.798656857,-0.191829551
23722,1.7272522,-0.353294017
23723,0.385164396,0.408699069
23724,-0.287170165,0.33341785
23725,-0.287170165,0.33341785
23726,-1.2446849,-0.285441637
23727,0.994700048,-1.44101208
23728,,
23729,0.336469259,-0.134578948
23730,-0.145816402,0.322119864
23731,-0.0619977483,0.543115265
23732,1.35560341,-0.676002397
23733,0.74413668,2.02991946
23734,0.74413668,2.02991946
23735,-0.335439138,-0.122517739
23736,0.537527031,0.544863758
23737,,
23738,-0.459594196,0.47160578
23739,1.1326148,0.834815655
23740,-0.2469259,-0.621017184
23741,-0.728387921,0.975382819
23742,0.253718516,-0.869162446
23743,0.253718516,-0.869162446
23744,-1.96865119,0.334620381
23745,-0.720270107,-0.258779031
23746,,
23747,-1.16650528,0.397069002
23748,0.0292175918,-1.41728254
23749,0.47483855,-0.35887449
23750,0.674545659,2.17478483
23751,0.42934377,-0.616523441
23752,0.42934377,-0.616523441
23753,-0.0966442253,1.03662387
23754,0.99819903,0.759630635
23755,,
23756,-0.0421455797,-1.21051878
23757,1.03125976,-0.297057893
23758,1.12936587,-0.400084638
23759,0.385766777,-0.408998321
23760,-0.921442557,-1.67577682
23761,-0.921442557,-1.67577682
23762,1.89570652,0.349026797
23763,-0.853124024,-0.548698789
23764,,
23765,-0.22695652,0.512448481
23766,0.482506602,-0.395460153
23767,0.561293895,0.063808796
23768,1.90734782,1.10519887
23769,0.653799042,0.124106402
23770,0.653799042,0.124106402
23771,-0.0804130009,-0.593194339
23772,-0.201527293,0.312648487
23773,,
23774,-0.0854865201,0.877869753
23775,-0.754249038,-1.87285602
23776,1.06331879,-1.48710356
23777,0.509794399,-1.31535781
23778,-1.40821337,1.70491876
23779,-1.40821337,1.70491876
23780,0.0398703474,0.611572091
23781,0.117872673,-0.969142779
23782,,
23783,-0.332033693,-0.378245647
23784,-0.307581327,1.0894115
23785,-0.498621511,0.301279264
23786,0.556315747,2.53389805
23787,-0.0200134974,0.105116182
23788,-0.0200134974,0.105116182
23789,2.61607555,2.49858321
23790,-1.50233549,1.0720346
23791,,
23792,0.129827402,-0.670014987
23793,-1.56324952,-0.0869505487
23794,-0.295363432,0.0202628675
23795,-0.472583098,1.09933396
23796,-0.982761464,-2.08101122
23797,-0.982761464,-2.08101122
23798,0.839783791,-1.16473979
23799,0.319543834,3.78253985
23800,,
23801,-0.724681037,0.0584065431
23802,-0.345256929,1.89140681
23803,-0.286094854,1.47908584
23804,-0.212851698,0.224785015
23805,-1.27115321,-0.354703868
23806,-1.27115321,-0.354703868
23807,-1.07929408,-1.39281141
23808,-0.714821659,-1.490066
23809,,
23810,0.629589928,-2.30510228
23811,0.101625327,-0.572422908
23812,-1.57338328,-0.55492458
23813,-0.106994018,-1.46922746
23814,0.768144306,0.540048877
23815,0.768144306,0.540048877
23816,0.0827102006,-0.60021683
23817,1.16887096,-1.25111941
23818,,
23819,-1.34161399,-2.80715025
23820,1.1082472,1.31011494
23821,0.223878353,1.07726943
23822,-0.257797527,-1.14296383
23823,-1.5001692,1.67114886
23824,-1.5001692,1.67114886
23825,0.495163002,-0.743567581
23826,0.102327264,-0.226409898
23827,,
23828,0.70470218,0.167701568
23829,-0.570226445,-1.29159499
23830,0.125672475,-0.970745433
23831,0.521085572,-1.28260764
23832,-0.91986262,-1.21887052
23833,-0.91986262,-1.21887052
23834,-0.561616388,0.279899002
23835,1.10626668,-0.386256051
23836,,
23837,-0.348367101,0.445772947
23838,-0.791985349,0.508925083
23839,-0.682672692,-0.14234426
23840,0.572259724,1.97249419
23841,-1.77760084,0.0597699019
23842,-1.77760084,0.0597699019
23843,0.507437138,0.138811449
23844,1.0326372,-1.05293854
23845,,
23846,0.150739672,1.25298937
23847,0.429225061,-0.302978012
23848,-0.870029346,-0.422513543
23849,0.681085682,-0.611779102
23850,-0.619020457,0.0615455183
23851,-0.619020457,0.0615455183
23852,0.678047181,0.738265538
23853,2.00874492,0.471499965
23854,,
23855,-0.184059392,-0.0731203828
23856,1.97875834,1.31409203
23857,-0.102285184,0.796683594
23858,0.991872249,0.896573137
23859,-0.386104585,0.221302249
23860,-0.386104585,0.221302249
23861,-1.62880416,2.321887
23862,1.54989236,-0.084945058
23863,,
23864,0.805986564,-1.42090568
23865,0.76518866,-1.2896396
23866,1.80130785,-0.181129797
23867,0.214858303,1.10063759
23868,0.793426052,1.51204197
23869,0.793426052,1.51204197
23870,-0.253205616,-0.946919848
23871,-0.328153991,0.332685774
23872,,
23873,1.48457193,-1.56073483
23874,0.307338564,-0.542570545
23875,0.669509638,-0.0827681373
23876,0.711984566,-0.763201673
23877,-2.21924746,0.490402643
23878,-2.21924746,0.490402643
23879,0.245977832,-0.51073001
23880,-0.92052031,0.443512743
23881,,
23882,0.910393281,-0.0142980826
23883,-0.305374016,-0.0428212053
23884,-0.281253277,1.05880388
23885,-0.0927480846,-0.385377691
23886,-0.439680549,-2.17890702
23887,-0.439680549,-2.17890702
23888,0.215022218,0.22123269
23889,-1.16103421,-0.632819545
23890,,
23891,0.386812814,0.489821051
23892,-0.196407792,0.12896401
23893,-1.07400713,0.558556375
23894,0.77140978,-0.551772445
23895,1.88637131,-0.529032069
23896,1.88637131,-0.529032069
23897,1.76740755,0.553765989
23898,-0.50861597,-1.17384431
23899,,
23900,-1.07941529,0.620341475
23901,-0.706371253,1.36418807
23902,-0.771985079,0.103862797
23903,-0.154358718,-0.0152603607
23904,1.51057162,-0.256634367
23905,1.51057162,-0.256634367
23906,0.437277843,-1.19341353
23907,0.706339477,-1.2295813
23908,,
23909,-0.184352489,-0.172492517
23910,-0.906298887,0.765915022
23911,-0.82911892,1.82549611
23912,1.2333175,-1.27750357
23913,0.747670468,0.165184264
23914,0.747670468,0.165184264
23915,-1.82664764,-0.993589983
23916,0.78147621,0.839753372
23917,,
23918,0.216764161,-0.0295340777
23919,0.571615427,0.392257736
23920,0.576765594,-0.0806272506
23921,-1.22931897,1.17393669
23922,0.292980429,-1.22125005
23923,0.292980429,-1.22125005
23924,-0.965515563,-1.01047924
23925,-0.538960762,-0.186528692
23926,,
23927,-1.429834,0.220090932
23928,0.534567551,-0.776893316
23929,0.633011297,-2.09087322
23930,1.50313002,1.08980648
23931,-1.29676624,-0.0204278329
23932,-1.29676624,-0.0204278329
23933,0.622719371,-1.23749512
23934,0.0995976791,-0.700711366
23935,,
23936,0.0699619878,0.48835996
23937,1.02948542,0.554232656
23938,1.15639561,0.040253906
23939,1.4909277,0.331174264
23940,-0.442108981,-0.795272781
23941,-0.442108981,-0.795272781
23942,1.33217598,-2.31279971
23943,-1.37171406,-0.099931549
23944,,
23945,1.08631352,0.566147897
23946,-0.460484193,-0.699740604
23947,-0.726854923,-1.61449634
23948,-0.668470968,2.50911441
23949,-0.948614201,0.121328072
23950,-0.948614201,0.121328072
23951,-1.16246389,-0.619073307
23952,1.61669426,-0.604979197
23953,,
23954,0.0281977612,-0.330041412
23955,-1.6563334,1.11230773
23956,-0.49801514,1.36724798
23957,-0.311719155,-1.64659204
23958,1.13406102,-1.83818868
23959,1.13406102,-1.83818868
23960,-1.50988406,-2.036522
23961,0.863472202,-0.339090673
23962,,
23963,-1.22788388,-0.538466997
23964,0.649974692,-0.946816946
23965,0.218512497,-2.23818167
23966,-0.0613406702,-1.17998371
23967,-0.0605749261,0.0194260388
23968,-0.0605749261,0.0194260388
23969,0,-0.872415419
23970,0.618604057,1.18952937
23971,,
23972,0.203624187,-1.89771324
23973,-1.99808534,0.33791063
23974,-2.07918682,-1.49163951
23975,-1.05706452,-1.20472692
23976,-0.610961504,0.820074657
23977,-0.610961504,0.820074657
23978,-1.1481659,-0.261629804
23979,1.39340491,0.236468536
23980,,
23981,0.992483616,0.19307536
23982,-0.982203954,-1.04317326
23983,-0.675774295,-0.556047566
23984,0.210944785,-0.0607337745
23985,-0.640906584,-1.00630378
23986,-0.640906584,-1.00630378
23987,0.205268791,1.87027179
23988,-2.09753726,-0.141420995
23989,,
23990,0.186141547,0.629582507
23991,0.0698169497,1.85447751
23992,-1.15043582,2.13671966
23993,-0.467784318,1.32778882
23994,-2.37345817,-0.292018204
23995,-2.37345817,-0.292018204
23996,0.429498677,-0.610508938
23997,-0.83955254,0
23998,,
23999,1.43447831,1.6711574
24000,0.100696301,-2.02161883
24001,-0.293130077,-1.70590931
24002,0.0150841832,-0.769882349
24003,-1.4976933,2.45494641
24004,-1.4976933,2.45494641
24005,0.122835468,0.448008633
24006,-0.224593442,0.147884539
24007,,
24008,0,-0.447624707
24009,-1.34065614,-1.19138656
24010,-0.519605822,-0.57542091
24011,-1.16870564,0.663403267
24012,0.546826268,0.925967703
24013,0.546826268,0.925967703
24014,-1.48920986,0.753732415
24015,0.90200654,0.88828386
24016,,
24017,0.467612193,-0.222012054
24018,0.530583077,0.64611944
24019,1.77130747,0.844833828
24020,0.691306315,0.843306633
24021,0.586707197,1.3461865
24022,0.586707197,1.3461865
24023,0.960291857,-0.664835391
24024,0.240702501,0.456326884
24025,,
24026,-0.516963001,0.734787855
24027,-0.550077685,-0.644690608
24028,-0.550435808,-0.925988736
24029,-1.81973833,-0.712956265
24030,-0.879501308,0.790040547
24031,-0.879501308,0.790040547
24032,0.632331037,-0.26002985
24033,0.24106229,-0.558410251
24034,,
24035,-0.359693678,-0.0141160539
24036,-0.14360358,0.777403232
24037,0.600202207,1.08751018
24038,-1.42954185,-0.590427751
24039,1.05359376,-0.66956956
24040,1.05359376,-0.66956956
24041,1.51954002,-1.36617521
24042,0.0396129883,0.452412394
24043,,
24044,0.381833604,-0.368823069
24045,-0.785139569,0.655018135
24046,0.627658216,0
24047,0.330080306,0.0957200451
24048,-0.0206435667,-3.10515481
24049,-0.0206435667,-3.10515481
24050,0.397434027,-0.557538296
24051,-1.12105963,0.959538775
24052,,
24053,0.238926524,0.113607293
24054,-0.43078046,-1.61077954
24055,0.273926639,-1.11409321
24056,0.374025642,-0.363241579
24057,0.772335959,-0.636286881
24058,0.772335959,-0.636286881
24059,-1.86335087,0.384127428
24060,-0.987294323,0.35415222
24061,,
24062,-1.68051154,0.142943076
24063,-1.89915267,0.816375236
24064,-0.490176491,1.21454588
24065,-0.413960413,-0.258454083
24066,-0.569630649,0.186860909
24067,-0.569630649,0.186860909
24068,-0.328606396,1.45013328
24069,-1.22311743,0.0197935665
24070,,
24071,0.634338555,0.398831188
24072,1.91283529,1.47004413
24073,0.733564154,1.1544201
24074,0.84746249,0.538097896
24075,0.0408804071,-0.609087162
24076,0.0408804071,-0.609087162
24077,0.743883713,1.28675432
24078,-0.652924588,-1.59520492
24079,,
24080,0.131168061,0.0722804495
24081,0.973340411,-0.962277447
24082,1.47742074,-0.642362572
24083,0.584674175,-0.404307305
24084,1.29647992,0.242211736
24085,1.29647992,0.242211736
24086,0.252304969,1.41154234
24087,0,-1.15971171
24088,,
24089,0.780712147,-0.798833511
24090,-0.342004376,-0.49638917
24091,-0.63310469,0
24092,-0.65659344,-0.930713618
24093,-0.903757385,-0.202159595
24094,-0.903757385,-0.202159595
24095,0.0618864298,-0.942367157
24096,-1.0768609,-0.687253973
24097,,
24098,-1.77865081,1.45093739
24099,2.54052096,0.160137765
24100,0.949904198,-0.309324618
24101,-1.39537382,0.377050824
24102,0.966983644,0.573404477
24103,0.966983644,0.573404477
24104,-1.59710262,1.25384555
24105,0.60935729,0.266152601
24106,,
24107,0,-0.0425649417
24108,1.19496615,-1.06912086
24109,1.37986734,-1.26000568
24110,-0.0615710312,-1.66933522
24111,3.08432306,0.915962501
24112,3.08432306,0.915962501
24113,0.0199054862,-0.428109605
24114,-0.0203491977,-0.41622683
24115,,
24116,0.141123226,0.365161795
24117,-1.2069878,-1.03578644
24118,-0.693299213,-0.158225453
24119,0.307817138,-1.01353852
24120,1.51664131,-0.143128118
24121,1.51664131,-0.143128118
24122,0.733225451,0.199134671
24123,-0.595603803,-1.05930199
24124,,
24125,-0.0422030259,-1.38245293
24126,0.557391239,-1.26004203
24127,1.06430221,0.289137039
24128,-0.380342698,0.621987206
24129,0.783401916,2.27678507
24130,0.783401916,2.27678507
24131,0.0415124268,-0.242567415
24132,-0.809020328,-0.604378289
24133,,
24134,0.268128976,-1.52498179
24135,-0.986533331,-0.18880597
24136,-0.0410061952,-0.984113434
24137,1.06543119,1.12315938
24138,0.586137662,-0.899729864
24139,0.586137662,-0.899729864
24140,0.880532453,-0.886934779
24141,-1.49437969,0.258206804
24142,,
24143,-0.591849698,0
24144,0.863684128,-0.635231307
24145,-0.412429708,-1.06233009
24146,-1.19221393,0.918004896
24147,1.36619945,-0.719438747
24148,1.36619945,-0.719438747
24149,1.23634293,-1.26687845
24150,0.538491905,1.22867024
24151,,
24152,-0.787435346,0.53920112
24153,-0.326632937,0.934463439
24154,0.573608041,0.530716792
24155,1.73506271,0.28837081
24156,-0.15687053,0.619509671
24157,-0.15687053,0.619509671
24158,-0.969585091,0.876548777
24159,1.39416566,-0.0207175609
24160,,
24161,0.10060972,-0.13767446
24162,-0.714019394,-0.608085772
24163,2.12404263,-1.37211392
24164,0.0451240709,-1.16269722
24165,0.951696894,-0.468749164
24166,0.951696894,-0.468749164
24167,0.13746461,-0.998897441
24168,-0.402091071,-0.228512606
24169,,
24170,0.571680843,-0.735958308
24171,-0.871112505,-0.0984040548
24172,-1.40919243,0.678185773
24173,0.342094714,1.42667479
24174,0.823368462,0.187172585
24175,0.823368462,0.187172585
24176,-0.793896136,1.2227249
24177,0.0209861212,0.526223826
24178,,
24179,0.386952173,2.39384545
24180,-1.60868531,2.86003959
24181,-1.2302709,2.3458179
24182,0.837910172,1.8721891
24183,0.838042757,0.389362202
24184,0.838042757,0.389362202
24185,-0.219733727,-0.347674097
24186,0.440533379,-0.535541741
24187,,
24188,-0.707676365,0.711982082
24189,0.0863402484,-0.11702263
24190,-0.0203792529,-1.42292877
24191,-0.843142377,1.86422752
24192,-0.605836624,-0.0596974912
24193,-0.605836624,-0.0596974912
24194,-0.277271034,-1.12490843
24195,-1.56688111,0.94184537
24196,,
24197,0.472204416,1.17323443
24198,0,-0.955251606
24199,-0.477190573,-0.0799983158
24200,-0.127406436,1.41093973
24201,-0.0402663359,1.29866816
24202,-0.0402663359,1.29866816
24203,-0.881149174,-0.722317792
24204,1.89265846,-0.981305498
24205,,
24206,0.131357703,0.683579735
24207,0.430890767,0
24208,0.203459357,0.65871519
24209,1.59277891,-0.732344901
24210,0.494701227,-0.203959995
24211,0.494701227,-0.203959995
24212,-0.920061129,-0.13551424
24213,-0.358313875,-1.87153757
24214,,
24215,0.0424595894,-2.19980632
24216,1.28296687,0.319527534
24217,0.204301087,0.238434602
24218,1.3960603,-0.656174732
24219,-0.725409662,0.204653561
24220,-0.725409662,0.204653561
24221,0.527740346,0.186283789
24222,0.926554892,2.34751756
24223,,
24224,0.902549305,0.709180478
24225,-0.40761851,-1.35273091
24226,-1.30971129,-0.320230562
24227,-0.980037154,0.464156454
24228,0.100323214,0.242827416
24229,0.100323214,0.242827416
24230,-0.426638563,-0.613115965
24231,0.524124631,-1.22148135
24232,,
24233,-0.110349767,0.55753643
24234,0.180998219,1.25460954
24235,0.30031825,0.551156993
24236,0.0294869454,-1.33432085
24237,0.377929616,0.695430941
24238,0.377929616,0.695430941
24239,0.648469815,-0.573361968
24240,0.737734804,1.5152993
24241,,
24242,-0.116463056,0.869798788
24243,0.412208214,-0.403163735
24244,0.439309977,0.082553681
24245,-0.561908938,0.901804456
24246,-0.374486262,-1.01898561
24247,-0.374486262,-1.01898561
24248,-0.258515242,-1.44163584
24249,-0.418770264,0.953682574
24250,,
24251,0.111274127,1.17959642
24252,-1.30648453,0.0290335608
24253,-0.158429991,1.01169686
24254,0.518762514,0.736136638
24255,0.330165383,-0.164342119
24256,0.330165383,-0.164342119
24257,-1.36093805,-0.0622434089
24258,-1.28168558,-0.699623112
24259,,
24260,-2.50439304,0.248833472
24261,-1.06650267,2.42143461
24262,-1.91504688,3.60195849
24263,-0.265393615,-0.333483796
24264,-0.552283227,-0.877220165
24265,-0.552283227,-0.877220165
24266,1.3633619,-0.621466147
24267,-0.737821619,-0.100657915
24268,,
24269,-2.25993729,-0.575192936
24270,-1.46617405,-0.28038221
24271,-2.00329637,0.356905915
24272,-1.04701845,-0.171104344
24273,0.845744285,-1.65416668
24274,0.845744285,-1.65416668
24275,-0.553435843,0.37593309
24276,-2.65112027,1.62356835
24277,,
24278,-0.252335786,0.0585478418
24279,-1.17501752,0.317417542
24280,-0.49794378,0.15844946
24281,0.921887692,0.847911822
24282,1.01871951,-1.76800365
24283,1.01871951,-1.76800365
24284,0.664903032,-0.848976388
24285,-1.35398069,0.344884939
24286,,
24287,-1.23830988,-0.647603455
24288,-1.14092078,-0.563388112
24289,-2.13074817,0.794633724
24290,-0.0306287347,-0.38353712
24291,0.892646161,-0.14271331
24292,0.892646161,-0.14271331
24293,0.412852973,1.23173626
24294,0.712870499,0.365601899
24295,,
24296,-0.331258037,1.68599975
24297,0.892029428,2.8103384
24298,0.440793109,2.35833576
24299,1.54135112,-0.669735988
24300,1.43224619,-1.2728228
24301,1.43224619,-1.2728228
24302,0.23894522,-1.62256372
24303,-0.36129981,1.00778905
24304,,
24305,0.0585227084,0.028666009
24306,-0.861083586,-0.711436733
24307,-0.119755337,-1.39583264
24308,0.876655381,-0.0956587421
24309,0.858798709,0.907447484
24310,0.858798709,0.907447484
24311,2.30973755,-0.381486968
24312,1.15562102,1.97176966
24313,,
24314,-0.499671058,-0.68166526
24315,-0.436822486,-2.06755843
24316,-0.645097288,-0.0613626152
24317,0.0321478976,-1.41656447
24318,-0.361912028,-0.135271014
24319,-0.361912028,-0.135271014
24320,1.03629803,0.250801459
24321,0.31404603,-1.83153088
24322,,
24323,0.12141555,0.622701412
24324,-0.0286458836,0.57403291
24325,-0.0794820071,0.657518012
24326,1.02725113,-1.200277
24327,-1.08611104,-2.02541646
24328,-1.08611104,-2.02541646
24329,-0.868038402,0.391074134
24330,0.453378307,-1.23140218
24331,,
24332,0.847171146,-0.608773909
24333,-1.41435607,1.82843474
24334,-1.8207794,0.466184133
24335,-2.73914662,0.644566742
24336,-0.220655864,0.709346367
24337,-0.220655864,0.709346367
24338,-0.513081771,1.27626177
24339,-0.673723588,2.06868236
24340,,
24341,0.655874521,-1.36641266
24342,-0.53834266,-1.53207709
24343,-0.38085641,-0.18267737
24344,0.464951017,0.682768983
24345,-0.915400143,-0.875875841
24346,-0.915400143,-0.875875841
24347,1.68509769,1.12374944
24348,-0.0206929114,-2.21179761
24349,,
24350,-1.82062124,-2.01374025
24351,0.044767872,-0.783090555
24352,1.58813373,-0.699481621
24353,1.83872819,-1.57146846
24354,1.28972742,1.63900012
24355,1.28972742,1.63900012
24356,0.0816691908,-0.0404681214
24357,0.807523358,-1.19062082
24358,,
24359,-0.701149442,0.087641666
24360,0.949502289,-1.62190012
24361,0.601070527,-1.55248961
24362,2.32058674,-0.0447566329
24363,0.118603295,-0.983885425
24364,0.118603295,-0.983885425
24365,1.07559236,0.139202998
24366,-1.23036745,-1.10587921
24367,,
24368,-0.511022102,0.32260557
24369,-0.129990208,2.1473375
24370,-1.95566592,1.75491999
24371,0.624241652,0.570049943
24372,2.78602051,0.185006144
24373,2.78602051,0.185006144
24374,2.36229117,1.53818483
24375,-0.178805235,-0.0197214673
24376,,
24377,0.759216438,0.362415827
24378,-1.60116705,-0.0999910247
24379,-1.12852068,0.522888451
24380,-1.32170914,-0.280807955
24381,0.212374828,1.53415805
24382,0.212374828,1.53415805
24383,-1.45726299,0.249490302
24384,-1.66563687,-1.06091563
24385,,
24386,2.66873005,-0.3442714
24387,1.11799216,-1.03486502
24388,0.488579617,-0.909812413
24389,0.261327445,-0.074103036
24390,-0.244489838,-0.442453044
24391,-0.244489838,-0.442453044
24392,-0.108134904,2.65907494
24393,-0.38683956,0.47797878
24394,,
24395,1.56576829,0.114637537
24396,-0.276719834,1.02440417
24397,1.05396144,1.37265652
24398,0.733562305,0
24399,-0.768431808,0.800986332
24400,-0.768431808,0.800986332
24401,0.833921656,1.23997629
24402,0,-0.793879889
24403,,
24404,-1.09283214,-1.45686494
24405,0.186928905,-0.851996871
24406,0.103267479,0.268232323
24407,-0.352329848,0.980924545
24408,0.69687197,0.762162528
24409,0.69687197,0.762162528
24410,0.917899745,-0.164844136
24411,-0.100705389,1.39740234
24412,,
24413,-0.298071917,0.0413582224
24414,2.30997659,-0.424685915
24415,2.7582281,-1.73187021
24416,0.604999974,-1.27811733
24417,-1.20172565,0.0206565435
24418,-1.20172565,0.0206565435
24419,1.39969839,0.860547148
24420,-0.0620607544,-1.27050617
24421,,
24422,1.30139542,0.243521753
24423,0.760354097,-1.2506395
24424,1.27629866,0.557853805
24425,-0.409592164,0.132594962
24426,0.493288712,-1.70125658
24427,0.493288712,-1.70125658
24428,-1.92443275,0.304557897
24429,1.24729591,0.320803417
24430,,
24431,1.52050039,0.499413762
24432,-1.01814242,0.314526475
24433,-2.10512522,-0.275033311
24434,-0.46040499,-1.35694433
24435,-0.472324511,0.844970524
24436,-0.472324511,0.844970524
24437,2.53249594,1.31714642
24438,-0.0596424694,-0.424471459
24439,,
24440,-0.714684092,-0.973366197
24441,2.47946233,-0.299672243
24442,0.619851191,0.988929445
24443,0.362564675,-1.11547317
24444,0.469798887,0.338067775
24445,0.469798887,0.338067775
24446,-0.704561036,-0.238198415
24447,-0.275594748,-0.0619810321
24448,,
24449,-0.127650266,-0.61544583
24450,0.229823417,-1.82723375
24451,1.139797,-2.07981564
24452,2.04781765,-0.953369443
24453,0.426422473,0.145730725
24454,0.426422473,0.145730725
24455,-0.145525368,-0.595620746
24456,0.655137638,-0.279983445
24457,,
24458,0.10061493,-1.47566146
24459,0.540563556,1.26973844
24460,0.305363489,0.805652532
24461,1.48228997,0.0298514213
24462,-0.259323004,-0.538898667
24463,-0.259323004,-0.538898667
24464,0.778736654,0.142031372
24465,-0.254327452,-0.820355245
24466,,
24467,0.628714929,-0.95693692
24468,0.0724030397,-1.00581357
24469,-0.189936804,-1.52344082
24470,0.41741005,-1.55250238
24471,-1.143781,-0.820562232
24472,-1.143781,-0.820562232
24473,0.501420702,0.786285703
24474,0.238991535,0.780434352
24475,,
24476,0.312720827,1.0367784
24477,-1.48278292,-0.234513665
24478,-0.246801265,-0.955081666
24479,0.473108157,0.130281386
24480,0.0608240388,-1.92528943
24481,0.0608240388,-1.92528943
24482,0.590428873,0.187418571
24483,0.427569287,-0.232651389
24484,,
24485,-0.45142156,-0.211418601
24486,0.797579136,0.55201956
24487,0.425164236,0.0997004491
24488,-0.221605585,1.49598107
24489,0.678664396,0.8503193
24490,0.678664396,0.8503193
24491,-0.341829529,-0.121575141
24492,1.60127867,-1.56279765
24493,,
24494,-0.0137128129,0.444425102
24495,0.890898865,-1.42768495
24496,0.320215931,-1.10917411
24497,-0.910712676,0.376973063
24498,1.2628183,-0.197957728
24499,1.2628183,-0.197957728
24500,-0.0799457595,-1.61702337
24501,1.83639831,-0.710626695
24502,,
24503,1.27008571,0.02871257
24504,1.18260332,0.860289941
24505,0.404372786,-0.366299435
24506,-0.299148079,0.457067246
24507,0.815657986,0.141988013
24508,0.815657986,0.141988013
24509,0.455941303,-2.17210207
24510,-0.529520966,0.433731757
24511,,
24512,0,-0.0144472696
24513,1.30797857,-0.915369156
24514,1.18079954,-1.68909043
24515,0.999855314,-0.705033603
24516,-1.58837968,-0.173411646
24517,-1.58837968,-0.173411646
24518,1.12440864,-1.27747954
24519,-0.369031219,1.64774131
24520,,
24521,-1.39733143,0.831131381
24522,-0.168409348,0.842219706
24523,0.197478861,1.86287252
24524,-0.235313505,1.18250473
24525,-0.462674462,-0.917901623
24526,-0.462674462,-0.917901623
24527,0.104468989,-1.72572384
24528,-0.79971096,0.612475419
24529,,
24530,-2.32134235,-0.410274658
24531,0.475448,0.166257238
24532,0.744306303,0.35346659
24533,0.463713317,-1.22817592
24534,0.182669825,0.752168451
24535,0.182669825,0.752168451
24536,0.203206525,-0.503416085
24537,-1.06746806,-0.927698121
24538,,
24539,-0.0882828223,1.34516812
24540,-0.425421157,0.119730146
24541,-0.375839437,-0.14678365
24542,-0.202744654,0.0757554183
24543,0.917387213,1.90519998
24544,0.917387213,1.90519998
24545,0.239230662,0.336987337
24546,-0.234634752,-1.24372748
24547,,
24548,-1.21626817,1.05412806
24549,-0.547140682,-0.466707003
24550,-0.961700642,-0.0828334952
24551,-0.759561981,0.0294895159
24552,-1.04094449,1.70931723
24553,-1.04094449,1.70931723
24554,-0.163214969,-1.12399419
24555,0.355417141,-1.19353345
24556,,
24557,-0.445536784,-0.621913565
24558,-0.347209956,0.484025826
24559,0.236998905,0.165586746
24560,2.12723136,0.134955652
24561,0.160538769,-1.29339759
24562,0.160538769,-1.29339759
24563,-0.0776320497,0.605494719
24564,0.165863914,-1.69578149
24565,,
24566,2.45156857,-0.286804694
24567,0.253566893,-0.750141709
24568,0.371719013,-1.30637889
24569,0.276884114,-1.06819069
24570,0.750590118,0.311537186
24571,0.750590118,0.311537186
24572,-2.03236768,-1.07015753
24573,-0.726830418,-1.60094258
24574,,
24575,0.522088575,-0.991622873
24576,0.412940899,0.156232179
24577,1.06561436,0.251789129
24578,-0.799769894,0.402680332
24579,-0.940939765,1.57809607
24580,-0.940939765,1.57809607
24581,0.0209200909,-0.223112978
24582,-0.246796032,-0.841514513
24583,,
24584,-0.933473228,-0.654725215
24585,-2.1400975,-2.32958048
24586,-1.10583094,-1.26752646
24587,0.22070508,0.0288992337
24588,0.373370924,1.46315664
24589,0.373370924,1.46315664
24590,1.83736052,0.667341394
24591,-1.05358513,-0.954934808
24592,,
24593,0.232289051,-0.678247902
24594,0.730767232,-0.218288995
24595,1.22708055,0.895504628
24596,0.58180637,-0.224353826
24597,0.698354243,-0.321697625
24598,0.698354243,-0.321697625
24599,1.30270158,1.00051492
24600,-1.30725895,-0.694292584
24601,,
24602,-0.0285488187,0.563498297
24603,1.32925319,1.71886726
24604,1.69911373,1.79758521
24605,0.475296218,0.517048252
24606,0.518203042,1.04895809
24607,0.518203042,1.04895809
24608,1.17796983,1.52698961
24609,-0.388380746,-1.13880696
24610,,
24611,0.60139197,0.490891493
24612,-0.976810333,-0.0276389572
24613,-0.144151593,0.242547545
24614,-1.50210037,0.481714872
24615,-0.304281366,0.463489894
24616,-0.304281366,0.463489894
24617,0.975760986,0.0207670354
24618,-0.743397583,-0.247287257
24619,,
24620,-1.51224605,0.953454039
24621,0.735545921,-0.0444125593
24622,0,-0.0814482428
24623,-0.689992889,0.987320426
24624,-0.533780032,0.488894742
24625,-0.533780032,0.488894742
24626,-0.0608692063,0.74081181
24627,0.460139562,0.733214001
24628,,
24629,-1.24080473,-0.948224176
24630,0.0859243984,-0.491634147
24631,-0.0403966809,-2.19517662
24632,1.04411485,-0.974371726
24633,1.03216657,1.129205
24634,1.03216657,1.129205
24635,0.684352709,0.870312523
24636,-0.59116168,-0.842627308
24637,,
24638,-1.70202732,-0.625061488
24639,-0.0727282646,0.350074113
24640,-0.645854762,0.243458615
24641,0.256825679,-0.6764035
24642,0.864179393,-0.0985257359
24643,0.864179393,-0.0985257359
24644,-0.318970404,1.42436259
24645,-0.935169748,0
24646,,
24647,1.85499093,0.0606207812
24648,-0.308942836,2.71299132
24649,0.707491889,0.319745166
24650,0.765674703,1.76490427
24651,-1.20317137,0.400334856
24652,-1.20317137,0.400334856
24653,-1.9512521,-0.732565416
24654,-1.25873462,-1.24482856
24655,,
24656,0.813559361,-0.869098142
24657,-2.60823251,1.69800059
24658,-1.6855553,0.710293121
24659,-0.901072757,0.256425265
24660,-0.791077633,-1.234549
24661,-0.791077633,-1.234549
24662,1.41413949,2.0332544
24663,0.875392869,-1.69842935
24664,,
24665,0.113811801,0.217417859
24666,-0.307973094,1.08755734
24667,0.0195604038,0.160252426
24668,-0.136114393,0.303230482
24669,-1.77893619,0.470013221
24670,-1.77893619,0.470013221
24671,0.456435169,0.265368178
24672,0.570163176,-0.278007163
24673,,
24674,1.88317786,0.613055151
24675,-0.517405289,-0.88366394
24676,-0.694083706,-2.12424111
24677,-0.65786558,-0.242127693
24678,0.985519182,0.227206428
24679,0.985519182,0.227206428
24680,-0.138882917,-0.489853446
24681,1.45099542,-0.0205224909
24682,,
24683,-0.230013966,-0.129369287
24684,0.634937739,0.238621591
24685,0,0.543929821
24686,1.33443264,0.222841909
24687,0.988862799,0.752227395
24688,0.988862799,0.752227395
24689,0.248924629,0.601346423
24690,0.45014712,-2.89029228
24691,,
24692,-1.04907571,-0.458548025
24693,-0.248943108,-0.0143401423
24694,0.348878087,0.384496276
24695,-1.31955625,0.087564533
24696,-1.29955244,-1.4481484
24697,-1.29955244,-1.4481484
24698,-0.0991457587,-0.799626527
24699,-0.674797752,1.04009407
24700,,
24701,-1.49092678,-1.23268661
24702,0.0441891389,1.11877837
24703,0.28092952,1.5492239
24704,-1.59385723,0
24705,1.23157483,-1.38368872
24706,1.23157483,-1.38368872
24707,-1.62911214,0.494291038
24708,-0.722062651,1.31642414
24709,,
24710,-0.100338497,0.496312113
24711,-0.0146220703,-0.925731254
24712,0.124523163,-0.722290341
24713,-0.088432657,-0.946240809
24714,-1.78212725,-0.399770023
24715,-1.78212725,-0.399770023
24716,0.858636914,-0.197391484
24717,-0.163370303,1.75516259
24718,,
24719,0.651123168,-0.448711551
24720,-0.812882643,-1.88756822
24721,-0.399605197,-0.882190288
24722,-0.713257608,-0.957232528
24723,-0.184433951,-1.6347439
24724,-0.184433951,-1.6347439
24725,0.217447147,0.663083948
24726,-0.198175645,-0.821394879
24727,,
24728,-1.06544492,-1.13721524
24729,-0.574690728,-0.438375552
24730,-1.06060082,-0.47095563
24731,0.306319177,0.438698472
24732,-0.857773885,-1.30038988
24733,-0.857773885,-1.30038988
24734,0.139513912,0.494992775
24735,-0.576742724,0.215865648
24736,,
24737,-3.14077464,0.420521534
24738,-0.222679264,-0.300148414
24739,0.178373444,0.0997052184
24740,-0.0582019811,-0.0898128373
24741,1.36076002,2.37738572
24742,1.36076002,2.37738572
24743,1.72451256,-1.42745005
24744,0.303868602,0.196971268
24745,,
24746,-0.0141676568,-0.957591769
24747,0.934860611,0.29719594
24748,0.484400025,0.780141893
24749,1.1722769,-1.98496469
24750,0.459767064,-0.553915507
24751,0.459767064,-0.553915507
24752,-0.0196315409,-1.44273622
24753,0.937098936,0.796966501
24754,,
24755,-2.31129883,0.951707635
24756,-0.593147804,-0.611937678
24757,1.10922632,-0.45812199
24758,1.98301305,-0.281966495
24759,0.308358391,0.745187441
24760,0.308358391,0.745187441
24761,-1.65548944,-1.19798463
24762,0.59496888,-1.03661132
24763,,
24764,0.227676849,0.238101737
24765,0.745003188,-0.987874642
24766,0.50401399,-0.876512263
24767,-1.49339305,-0.9057426
24768,-2.178531,-0.0764190778
24769,-2.178531,-0.0764190778
24770,-1.35941508,1.53361514
24771,0.23086823,-0.30101208
24772,,
24773,0.46925629,-0.221849393
24774,-0.469488438,0.558734794
24775,-1.15549247,1.32363954
24776,0.13054492,-0.905923514
24777,-0.379043812,0
24778,-0.379043812,0
24779,-0.0404797533,0.680810271
24780,0.145604249,0.840246942
24781,,
24782,0.183434879,-0.352987384
24783,0.22711692,-0.207173906
24784,-0.0840729716,0.201422349
24785,1.15716482,0.989711603
24786,0.719727539,-2.01580439
24787,0.719727539,-2.01580439
24788,0.744570652,-0.661976937
24789,0.2799349,1.70129513
24790,,
24791,0.880962933,0.51014364
24792,1.16706226,-1.12090246
24793,1.57964839,-0.462692846
24794,-0.646595791,2.23172488
24795,0.68880886,-0.37763839
24796,0.68880886,-0.37763839
24797,-0.349889659,0.20629613
24798,-0.686684599,0.542955242
24799,,
24800,0.667408069,-1.1873746
24801,0,-1.24774229
24802,1.1160663,0.336930022
24803,1.60336991,-0.566024257
24804,-0.309785877,-0.720996712
24805,-0.309785877,-0.720996712
24806,-0.561482356,-0.396024866
24807,-1.34534411,0.873055148
24808,,
24809,0.304617119,1.07713596
24810,-0.0716837189,1.0098706
24811,1.54725939,0.871945979
24812,1.88038991,-0.198902558
24813,-0.799245754,-0.45628752
24814,-0.799245754,-0.45628752
24815,-0.354979319,-1.18925359
24816,0.83276806,1.46638992
24817,,
24818,-0.895293205,-0.111136905
24819,0.454928864,1.9338506
24820,0.242644209,0.358462359
24821,1.54980471,0.511621699
24822,-0.219641929,-0.200227153
24823,-0.219641929,-0.200227153
24824,1.67195034,0.546769039
24825,0.399194819,-0.0867540233
24826,,
24827,-1.85674213,-0.405137459
24828,2.29232822,0.76862198
24829,1.80144363,-0.0404236802
24830,-0.296276883,0.574409458
24831,0.120284921,1.91914671
24832,0.120284921,1.91914671
24833,0.252536746,0.0394607289
24834,0.659182971,0.790805387
24835,,
24836,0.276702178,-1.17466459
24837,-0.449128801,0.822241516
24838,0.928559916,0.663511099
24839,0.0915454682,0.183182763
24840,3.40709483,1.57422267
24841,3.40709483,1.57422267
24842,-1.05072254,-0.280062898
24843,-1.38460718,1.37267453
24844,,
24845,-0.734214308,-0.641682735
24846,1.54503206,2.08880604
24847,0.407610302,0.990488175
24848,0.142253856,-1.4124968
24849,-0.544142448,0.596503583
24850,-0.544142448,0.596503583
24851,-0.0606898841,-0.13860969
24852,-0.142859827,1.22237537
24853,,
24854,-1.33437903,-1.00147754
24855,-1.65240644,-0.99697848
24856,-0.444563597,-1.73762259
24857,0.131479339,-0.66589438
24858,0.537780407,0
24859,0.537780407,0
24860,-0.657173888,0.298045287
24861,-0.77304901,1.16413813
24862,,
24863,0.700228575,-0.745992424
24864,0.0287692899,-0.360751784
24865,0.183304552,0.166032139
24866,0.699185389,0.795671575
24867,0.345833728,-0.223488902
24868,0.345833728,-0.223488902
24869,0.121365391,-0.972629603
24870,0.564540643,-0.0396655941
24871,,
24872,0.172938456,1.20449032
24873,0.124473859,0.470297658
24874,-0.284555992,0.667581878
24875,-1.10795433,0.64177003
24876,1.9199253,1.38742011
24877,1.9199253,1.38742011
24878,-0.972785735,0.666180595
24879,-0.422708288,0.423357951
24880,,
24881,-0.864589565,0.173273854
24882,-1.5581114,-0.325104328
24883,-0.852846268,-0.741812684
24884,0.0440563324,0.778982276
24885,-1.29855182,1.91378506
24886,-1.29855182,1.91378506
24887,-0.375413908,-0.490053493
24888,-1.79976574,0.267677102
24889,,
24890,1.35899676,-0.786893033
24891,-0.204766318,0.172101267
24892,-0.583401413,-0.810219951
24893,0.69125456,-1.2997642
24894,-1.2217649,-0.226400283
24895,-1.2217649,-0.226400283
24896,0.649851434,0.934075364
24897,0.289163122,-2.37321166
24898,,
24899,1.30492201,0.380547486
24900,-0.336861933,-0.236046067
24901,-0.142636658,0.626102256
24902,-1.2195191,0.394947795
24903,2.25634891,-0.117659814
24904,2.25634891,-0.117659814
24905,-0.760020572,-1.62564884
24906,-1.55597314,-1.43123394
24907,,
24908,-0.0431059556,-1.22517216
24909,-1.69345128,-1.10141244
24910,-2.05519369,-0.60066067
24911,-1.02875916,0.249311854
24912,-1.34786625,0.994717428
24913,-1.34786625,0.994717428
24914,-1.68611488,1.15863517
24915,-0.119614974,0.137482683
24916,,
24917,0.96202985,0.627578233
24918,0.157882888,-0.491879481
24919,-0.0989740524,-1.15850322
24920,-1.5159575,-1.3122666
24921,-0.550641077,-1.67017577
24922,-0.550641077,-1.67017577
24923,-0.398552655,0.76936721
24924,0.371494737,0.352225817
24925,,
24926,-0.694122776,0.696013724
24927,-0.185733144,1.49989759
24928,-0.661512764,0.896946798
24929,0.585077962,1.71009657
24930,0.890434245,0.425233596
24931,0.890434245,0.425233596
24932,-0.366439422,0.256301638
24933,-0.508907434,-0.579785272
24934,,
24935,-0.140998922,-0.100824075
24936,0.510938732,1.29718103
24937,0.61767025,0.475679747
24938,1.0270924,0.838672933
24939,0.241563416,0.575117131
24940,0.241563416,0.575117131
24941,-0.703188318,-0.0811820211
24942,1.77691818,-0.444736532
24943,,
24944,-0.406146069,-0.691954194
24945,-1.67680848,0.756372794
24946,-1.9399893,0.234899817
24947,0.48206925,1.3203521
24948,2.08452755,-0.842381458
24949,2.08452755,-0.842381458
24950,-0.103722454,-1.12519603
24951,-0.298553833,-1.10981025
24952,,
24953,-1.58206295,0.0282407898
24954,-1.03497011,2.22356152
24955,-0.0794050394,1.50293554
24956,-0.57624846,-0.382456189
24957,1.78999147,0.991491595
24958,1.78999147,0.991491595
24959,-0.847120202,-1.27661751
24960,-1.20599784,-0.647819068
24961,,
24962,1.67437523,0.738475894
24963,1.81257807,0.311944427
24964,-0.259912595,0.615416559
24965,-0.239939606,0.514081115
24966,-0.510399115,-0.0406150849
24967,-0.510399115,-0.0406150849
24968,0.18212159,0.415147129
24969,0.596359022,-0.807441711
24970,,
24971,-1.63411683,1.18745385
24972,-0.100821873,1.26565513
24973,0.846521865,1.08129616
24974,1.46457546,0.878262899
24975,0.0831216611,-1.34488721
24976,0.0831216611,-1.34488721
24977,0.221581829,-0.599117932
24978,-1.36439227,-0.307968725
24979,,
24980,-0.0565468066,-0.0152388695
24981,1.7380909,1.32167747
24982,0.539304354,0.211574958
24983,1.03137577,0.629591658
24984,-0.160033695,-0.682639012
24985,-0.160033695,-0.682639012
24986,0.29413522,-1.14248082
24987,-1.4766963,-0.881501821
24988,,
24989,-1.95344564,-0.296010507
24990,-0.394604794,-0.885337155
24991,-0.34620738,-0.702549787
24992,1.36542137,-0.691961712
24993,-0.517025467,-1.59298154
24994,-0.517025467,-1.59298154
24995,0.871248085,0.371512585
24996,1.56700436,0.649549585
24997,,
24998,-0.477776152,-0.88068106
24999,-1.15100979,1.36839823
25000,-0.474520538,0.434671069
25001,-1.57092646,0.223890847
25002,1.22296137,-0.799082597
25003,1.22296137,-0.799082597
25004,-0.752621931,0.732905488
25005,-0.574789432,-1.79620839
25006,,
25007,0.697279282,-0.0411035076
25008,0.572565394,0.260253854
25009,0.344843679,0.141717044
25010,-0.529350283,0.219516987
25011,-0.336805619,-0.567904328
25012,-0.336805619,-0.567904328
25013,-0.885934094,-0.372215846
25014,0.821175183,0.626002858
25015,,
25016,0.493047909,0.410229807
25017,-0.0284430402,-0.561029775
25018,1.03399588,-0.348958234
25019,1.46618386,0.684134767
25020,-0.393624981,-0.412733158
25021,-0.393624981,-0.412733158
25022,1.0112134,-2.54859345
25023,0.120028883,2.00126418
25024,,
25025,-1.96593079,0.268962319
25026,-0.656148294,-0.263977897
25027,1.09527011,-0.975833038
25028,1.28732798,-1.7154692
25029,-0.502737439,1.09672906
25030,-0.502737439,1.09672906
25031,-0.05896312,-1.92677047
25032,-0.669568178,-1.13075651
25033,,
25034,-0.661469308,-1.27458239
25035,-1.22707862,-0.36772465
25036,-0.389894404,-1.50579392
25037,-1.05711258,-1.26595394
25038,1.23684466,-0.449776798
25039,1.23684466,-0.449776798
25040,-2.66447187,-0.40836302
25041,-2.70602948,-0.281291121
25042,,
25043,0.0297199574,-0.676936305
25044,-2.09002499,-0.62279896
25045,-0.654329033,-1.4395044
25046,0.323729153,-2.16335079
25047,-0.64099681,-1.53503621
25048,-0.64099681,-1.53503621
25049,-0.451629495,0.88449732
25050,0.65112331,-1.53385739
25051,,
25052,1.28131447,-0.332842578
25053,0.908346589,-0.62132705
25054,0.0407534793,0.07799694
25055,-0.283108612,-0.632820355
25056,-0.383453173,0.232839972
25057,-0.383453173,0.232839972
25058,1.01078244,-0.992170165
25059,-0.49823421,-0.277151435
25060,,
25061,1.89477215,1.14887267
25062,-1.33588561,0.21420865
25063,-0.912092894,-1.63989299
25064,0.664233415,-1.03678663
25065,0.594174619,0.7806004
25066,0.594174619,0.7806004
25067,-0.0835200616,0.658192549
25068,-0.224019334,0.137510072
25069,,
25070,0.182145154,-0.44822002
25071,0.247329615,-0.638836796
25072,0.878095646,-0.27893051
25073,0.22929223,-1.37951408
25074,-1.38911027,-0.0403572922
25075,-1.38911027,-0.0403572922
25076,-0.387165507,1.43644018
25077,1.36544526,-0.280520183
25078,,
25079,-0.20792926,-0.0289295265
25080,-0.0857784977,1.19211213
25081,0.371733946,0.0201118588
25082,0.369495342,-0.134836104
25083,-0.506557093,-0.186600622
25084,-0.506557093,-0.186600622
25085,-0.748834305,0.330283838
25086,0,-1.45192107
25087,,
25088,0.425663914,-1.6506735
25089,-0.228295902,0.128594616
25090,-0.167266176,0.581864076
25091,-0.656359737,0.56489783
25092,-0.941477793,-1.42210084
25093,-0.941477793,-1.42210084
25094,-1.61345835,0.875710123
25095,-0.575405012,0.409373734
25096,,
25097,-0.84307839,0.101790751
25098,-1.30699964,0.513648744
25099,-2.04110945,0.632852593
25100,1.01786653,0.607939733
25101,1.54514054,0.630786184
25102,1.54514054,0.630786184
25103,0.0398945538,2.53380458
25104,2.71554315,1.57926522
25105,,
25106,-0.344592851,-1.26172413
25107,0.77722844,0.920034447
25108,1.86904746,0.499791819
25109,0.827088306,-0.318154895
25110,0.685337911,-1.97539554
25111,0.685337911,-1.97539554
25112,0.297956358,-1.08452907
25113,0.440428937,-0.0422541671
25114,,
25115,0.876624349,0.513307644
25116,1.01395168,0.0301722122
25117,0.0605459795,0.209446525
25118,0.302607689,1.07371396
25119,0.268620684,-2.37130945
25120,0.268620684,-2.37130945
25121,2.15907279,-0.920516927
25122,-0.60848398,0.0779491182
25123,,
25124,-0.526850242,1.72239747
25125,-0.388246166,-0.276213073
25126,-0.139134341,-0.229121933
25127,0.26608606,0.503966845
25128,0.621091693,-0.503014105
25129,0.621091693,-0.503014105
25130,0.66648235,-1.63779076
25131,0.691917541,0.73009647
25132,,
25133,-1.21348337,-1.3339189
25134,0.910181797,2.14130692
25135,0.709508207,1.5282022
25136,1.65122486,-0.639161372
25137,-0.801382221,0.845008655
25138,-0.801382221,0.845008655
25139,-0.515553627,-0.806062189
25140,-1.17903496,-0.221349407
25141,,
25142,-1.70393527,0.64077557
25143,0.0151391035,0.738917367
25144,0.478917972,0.0782959541
25145,-0.090174926,1.01035533
25146,-1.40449591,1.05857732
25147,-1.40449591,1.05857732
25148,-0.602588078,0.93371374
25149,0.427375734,-0.469218318
25150,,
25151,-0.81811625,1.94335719
25152,1.93245798,1.60906414
25153,1.39611052,0.836578493
25154,0.247198512,-0.626150082
25155,-0.272958808,0.486627676
25156,-0.272958808,0.486627676
25157,-0.142671701,-1.75522384
25158,0.271603993,-1.30854594
25159,,
25160,1.07538085,1.21712448
25161,0.337820363,-1.3684306
25162,-0.0201837652,-0.396624663
25163,0.834311646,0.0288977216
25164,-0.613800272,0.283495689
25165,-0.613800272,0.283495689
25166,0.0397283072,-0.51962315
25167,-0.214611154,0.512584191
25168,,
25169,1.01508335,1.583276
25170,-0.48167886,0.0283440771
25171,-0.811726362,1.06616782
25172,-0.186787835,-0.457417234
25173,-0.374667274,0.689149212
25174,-0.374667274,0.689149212
25175,1.24447195,-0.143206467
25176,0.850102262,-0.511404463
25177,,
25178,-1.65011578,-0.293305441
25179,0.0986677124,-0.0146617997
25180,-0.262181302,-0.778012724
25181,0.810887432,-0.489633496
25182,-0.694179078,-1.3175157
25183,-0.694179078,-1.3175157
25184,-0.688411119,-1.00453961
25185,-0.286647108,0.331362473
25186,,
25187,0.678948512,-1.53876953
25188,-1.20702976,-1.29462459
25189,-1.25507414,-1.64892225
25190,-0.221097472,-0.455289864
25191,0.679638866,0.823475008
25192,0.679638866,0.823475008
25193,0.788328356,0.880780023
25194,0.398782523,-1.45909901
25195,,
25196,0.539068003,-1.87241767
25197,-1.63069871,-0.967300374
25198,-0.632014771,-0.611376215
25199,-2.73134204,0.0869780212
25200,1.13818831,0.89851589
25201,1.13818831,0.89851589
25202,1.19201898,-1.35396388
25203,-1.08238086,0.410658592
25204,,
25205,0.235774005,-1.18543692
25206,-0.299454079,0.225919319
25207,0.209105631,0.242801254
25208,0.588860335,1.65798189
25209,-0.996531694,1.18334121
25210,-0.996531694,1.18334121
25211,-0.88873425,2.98421385
25212,0.0201328918,-0.506936978
25213,,
25214,-1.06113635,0.0445506917
25215,0.0147187361,2.7857378
25216,-0.38993062,1.3283455
25217,0.340821509,1.4418469
25218,0.606635387,-0.519941624
25219,0.606635387,-0.519941624
25220,1.74691694,-0.911305917
25221,1.52168896,0.435349861
25222,,
25223,-0.229873036,-0.699595206
25224,2.24139571,-1.01364655
25225,1.86705319,-1.18104156
25226,0.207332363,-1.47145622
25227,0.16019138,0.999998997
25228,0.16019138,0.999998997
25229,-0.727723016,1.4976917
25230,-0.349455309,-0.0598432928
25231,,
25232,1.76988514,0.308598938
25233,0.68476673,-0.791713557
25234,-1.22161018,0.260720427
25235,-1.72033331,2.34375737
25236,1.37596767,2.86258482
25237,1.37596767,2.86258482
25238,-1.28471199,-0.610373359
25239,1.10386727,0.321889446
25240,,
25241,0.128908166,-0.520115769
25242,0.0720996423,0.164814147
25243,0.615506357,0.384944575
25244,-0.460913346,-0.119108853
25245,1.02139432,1.13476107
25246,1.02139432,1.13476107
25247,0.941623076,0.281130459
25248,0.680034527,1.065421
25249,,
25250,0.806371925,0.722372455
25251,0.391113793,-0.129196789
25252,1.23600047,0.574477862
25253,0.600989395,0.361306128
25254,-0.184484442,-0.792510234
25255,-0.184484442,-0.792510234
25256,-1.88808674,1.0704952
25257,0.765193408,-0.209947785
25258,,
25259,2.53535917,-0.330669663
25260,2.11119335,-3.46852114
25261,1.59472262,-3.51600588
25262,1.4516308,-0.909515403
25263,0.84291787,-0.385286397
25264,0.84291787,-0.385286397
25265,-1.64470164,1.52013934
25266,-0.556272307,-1.55161574
25267,,
25268,0.741398835,0.0144263805
25269,0.5148076,-1.26002216
25270,0.138135397,-0.814804233
25271,0.216671871,0.17096069
25272,-1.64927191,-2.12147864
25273,-1.64927191,-2.12147864
25274,-1.84411375,0.699780104
25275,-1.32369558,-0.138447883
25276,,
25277,0.947628057,2.63810831
25278,-0.529189597,-0.395014725
25279,-0.519116412,0.145978941
25280,-0.399557241,-0.194885231
25281,-1.35627155,-0.684582654
25282,-1.35627155,-0.684582654
25283,-0.500785053,0.579954157
25284,-2.59735725,-0.72249228
25285,,
25286,1.50504293,-1.55568105
25287,1.18429686,-1.53468429
25288,0.282079931,-1.17007852
25289,2.34983466,0.549399018
25290,-0.990683219,0
25291,-0.990683219,0
25292,1.67137272,-0.18102398
25293,0.397531438,1.04530617
25294,,
25295,0.818018765,-1.28584063
25296,0.58773346,2.26690779
25297,0.225023628,1.49865131
25298,0.379900836,1.67474694
25299,0.897271853,0.0196920819
25300,0.897271853,0.0196920819
25301,-1.32989605,-1.28066308
25302,-0.221873312,-0.240518972
25303,,
25304,-1.35414608,-1.63756728
25305,0.600445128,-1.58990588
25306,0.0602295513,-1.83960722
25307,-0.0148313395,0.29862094
25308,2.28298628,-2.16301889
25309,2.28298628,-2.16301889
25310,-0.893341795,-0.468752366
25311,-0.102254086,0.314326549
25312,,
25313,-0.442637701,-0.474848078
25314,0.9369879,0.879373056
25315,1.21554386,0.660679367
25316,1.0309095,0.504220533
25317,0.161306579,0.603706164
25318,0.161306579,0.603706164
25319,-1.16926553,-0.115374564
25320,-2.4080938,-0.686624069
25321,,
25322,1.15827051,-0.145954991
25323,-0.449590546,0.414103706
25324,-0.771151187,-0.607522604
25325,2.0929194,-0.987409684
25326,0.337823281,2.67707665
25327,0.337823281,2.67707665
25328,-0.416378701,-0.28821758
25329,-1.74268479,0.755997458
25330,,
25331,1.40164014,0.531117117
25332,-0.669705767,-0.973217663
25333,-0.801976555,-1.75921288
25334,0.477606119,-1.30926957
25335,0.336287944,-0.208645185
25336,0.336287944,-0.208645185
25337,-0.574117583,0.568868777
25338,-0.927607882,0.692350354
25339,,
25340,-0.498436074,0.699465882
25341,-1.3022396,1.27926098
25342,-0.249303473,1.2314879
25343,0.0906814786,0.665842951
25344,-1.14834036,-0.556566477
25345,-1.14834036,-0.556566477
25346,3.04120716,-0.410624316
25347,-1.8177972,-0.0421466638
25348,,
25349,-0.680025121,1.06678704
25350,0.334384448,-0.83560653
25351,0.203531798,1.25108231
25352,0.500979032,1.22845041
25353,1.6871945,-0.867222148
25354,1.6871945,-0.867222148
25355,-0.425578029,0.256304634
25356,0.0815424359,-0.405081273
25357,,
25358,0.58356275,0.888751434
25359,-1.02516212,0.0727830892
25360,-0.71133776,-0.306302191
25361,0.478764725,-1.61005009
25362,0.440561715,0.30990654
25363,0.440561715,0.30990654
25364,0.239213507,1.60008021
25365,1.14892663,-0.774286294
25366,,
25367,0.237135786,-0.530024888
25368,-0.207148412,-2.01799917
25369,-0.0794364277,-1.94475897
25370,-0.37479487,-1.00068504
25371,1.19238837,-0.222618188
25372,1.19238837,-0.222618188
25373,0.0213506553,0.417504974
25374,0.226824999,-1.08892261
25375,,
25376,-0.28876999,0.0724168178
25377,-0.706002764,1.11003337
25378,0.230534553,2.22488225
25379,-0.609691687,-1.20593124
25380,0.777944186,1.09063567
25381,0.777944186,1.09063567
25382,0.0616273497,-0.326825674
25383,0.0782752867,1.20629459
25384,,
25385,0.101076864,0.814935415
25386,-0.173616402,-1.61533919
25387,-0.943882653,-1.99750333
25388,0.119253107,0.837569353
25389,-0.837767237,-0.101118075
25390,-0.837767237,-0.101118075
25391,0.286094555,1.5943843
25392,0.134917912,-0.466774697
25393,,
25394,0.984639235,-1.45319148
25395,0.185611071,-2.35675952
25396,0.742044462,-1.59890965
25397,-0.0142327178,-0.863544732
25398,-1.59812444,1.78514017
25399,-1.59812444,1.78514017
25400,0.0979079796,-1.5860755
25401,-0.326648097,-1.83154716
25402,,
25403,0.0991289261,1.46202098
25404,-3.11991993,1.97571554
25405,-2.2016495,0.0410893544
25406,-0.380135471,0.128956313
25407,-1.57834341,0.461367869
25408,-1.57834341,0.461367869
25409,-0.707278638,-1.01578876
25410,-0.730928759,3.21435652
25411,,
25412,-0.071523696,-1.15935953
25413,-0.284619606,0.0707907933
25414,0.473570488,-0.687232722
25415,-0.644012773,0.344515784
25416,-0.489088765,-1.32255786
25417,-0.489088765,-1.32255786
25418,-0.986712195,-0.716476916
25419,0.2018662,-0.265623508
25420,,
25421,-0.191033894,-1.49855418
25422,0.0143533456,-1.39813717
25423,0,-0.733878245
25424,-1.14674188,-1.14887754
25425,0.784849721,-0.104020858
25426,0.784849721,-0.104020858
25427,-0.141693758,-0.585658164
25428,-0.102955795,2.1004303
25429,,
25430,0.966338684,-2.33641312
25431,-0.570344203,0.246583809
25432,-1.07602042,0.940837696
25433,-0.438381785,0.0615022627
25434,-1.02823614,0.593787415
25435,-1.02823614,0.593787415
25436,0.761696339,0.900960181
25437,0.168946187,2.00163804
25438,,
25439,1.78228071,0.386192511
25440,0.974619006,0.499931363
25441,1.08999399,0.0609079297
25442,-1.03570879,0.169993622
25443,-0.457084552,-0.331273821
25444,-0.457084552,-0.331273821
25445,0.814296647,-0.696521885
25446,-0.248941811,-0.085772215
25447,,
25448,0.801800227,-0.706000456
25449,1.35516778,-0.916017222
25450,0.574756863,0.239832236
25451,-0.227307845,1.43304632
25452,0,-1.17713097
25453,0,-1.17713097
25454,0.0603699807,-2.17972758
25455,0.967303531,-0.181052621
25456,,
25457,1.1542774,2.1574658
25458,0.722027643,-1.0109443
25459,0.280569875,-0.680547526
25460,0.260910979,-0.304186459
25461,-0.344439685,-0.661880937
25462,-0.344439685,-0.661880937
25463,-0.590986789,-0.642978458
25464,-0.263892382,-1.27316675
25465,,
25466,-0.0689617154,-0.692445073
25467,1.25765084,1.60782004
25468,1.39385089,0.881812059
25469,-0.590131552,1.13551038
25470,-0.352910403,0.0844040632
25471,-0.352910403,0.0844040632
25472,1.19610427,0.38687252
25473,-1.43607648,-0.684168376
25474,,
25475,,
25476,-1.67555072,-0.386130099
25477,0.474058875,0.396164532
25478,0.716548942,0.513509641
25479,-0.487810333,1.30425823
25480,-0.487810333,1.30425823
25481,-0.487810333,1.30425823
25482,,
25483,-0.219716589,2.14679313
25484,-0.219716589,2.14679313
25485,-1.63828946,0.294451712
25486,-1.63936717,-0.856977698
25487,-1.63936717,-0.856977698
25488,-1.63936717,-0.856977698
25489,,
25490,-0.373721214,-1.97750732
25491,-0.373721214,-1.97750732
25492,-0.0284828008,-0.103670427
25493,0.810534889,-0.478453223
25494,0.810534889,-0.478453223
25495,0.810534889,-0.478453223
25496,,
25497,-1.54536113,-0.401702981
25498,-1.54536113,-0.401702981
25499,0.785970207,-0.735258501
25500,-0.761595103,0.685075657
25501,-0.761595103,0.685075657
25502,-0.761595103,0.685075657
25503,,
25504,0.743372875,-0.649370366
25505,0.743372875,-0.649370366
25506,0.100903748,0.154273643
25507,0.167777058,1.26627464
25508,0.167777058,1.26627464
25509,0.167777058,1.26627464
25510,,
25511,1.82782414,1.29932682
25512,1.82782414,1.29932682
25513,-1.11823692,-0.161588629
25514,0.478750878,1.69147377
25515,0.478750878,1.69147377
25516,0.478750878,1.69147377
25517,,
25518,-1.04704385,-0.659004812
25519,-1.04704385,-0.659004812
25520,0.402476913,1.15990922
25521,0.102443253,-0.319948363
25522,0.102443253,-0.319948363
25523,0.102443253,-0.319948363
25524,,
25525,1.05547442,-0.502611038
25526,1.05547442,-0.502611038
25527,0.882528978,1.31405492
25528,-1.36791763,-0.103521899
25529,-1.36791763,-0.103521899
25530,-1.36791763,-0.103521899
25531,,
25532,-1.43909859,0.118675839
25533,-1.43909859,0.118675839
25534,-0.362962037,0.78659287
25535,1.08730595,-0.684494333
25536,1.08730595,-0.684494333
25537,1.08730595,-0.684494333
25538,,
25539,0.160777968,-1.47178935
25540,0.160777968,-1.47178935
25541,0.2923684,1.34410079
25542,1.00608926,0.99215997
25543,1.00608926,0.99215997
25544,1.00608926,0.99215997
25545,,
25546,0.467233109,1.02132116
25547,0.467233109,1.02132116
25548,-0.0294300348,0.637166339
25549,-1.62354154,0.563341272
25550,-1.62354154,0.563341272
25551,-1.62354154,0.563341272
25552,,
25553,-0.0943950569,-2.350864
25554,-0.0943950569,-2.350864
25555,0.0417843322,-0.673983053
25556,-0.838322124,0.0625719521
25557,-0.838322124,0.0625719521
25558,-0.838322124,0.0625719521
25559,,
25560,0.583065425,0.722593677
25561,0.583065425,0.722593677
25562,1.10430941,0.774538755
25563,0.204910114,-0.997745049
25564,0.204910114,-0.997745049
25565,0.204910114,-0.997745049
25566,,
25567,2.85780393,-1.43326978
25568,2.85780393,-1.43326978
25569,0.475017208,0.128733542
25570,0.341536864,0.766032427
25571,0.341536864,0.766032427
25572,0.341536864,0.766032427
25573,,
25574,-0.747028929,-0.551431545
25575,-0.747028929,-0.551431545
25576,-0.455846015,-1.45099822
25577,-0.317659377,-0.304128341
25578,-0.317659377,-0.304128341
25579,-0.317659377,-0.304128341
25580,,
25581,0.449666845,0.945840918
25582,0.449666845,0.945840918
25583,0.554009889,0.451132026
25584,0.0602520759,1.1442429
25585,0.0602520759,1.1442429
25586,0.0602520759,1.1442429
25587,,
25588,0.285300483,0.146401459
25589,0.285300483,0.146401459
25590,0.718043627,0.653204404
25591,0.427338474,0.590428288
25592,0.427338474,0.590428288
25593,0.427338474,0.590428288
25594,,
25595,-1.7810861,0.60833103
25596,-1.7810861,0.60833103
25597,-1.71297286,-0.356481325
25598,1.27187852,-0.454329509
25599,1.27187852,-0.454329509
25600,1.27187852,-0.454329509
25601,,
25602,0.676985181,0.677151433
25603,0.676985181,0.677151433
25604,-0.287580472,-0.0563090463
25605,1.43315232,-1.76978395
25606,1.43315232,-1.76978395
25607,1.43315232,-1.76978395
25608,,
25609,0.93507669,-0.866207082
25610,0.93507669,-0.866207082
25611,0.533117997,-0.487340383
25612,0.932844978,0.89026235
25613,0.932844978,0.89026235
25614,0.932844978,0.89026235
25615,,
25616,1.27553464,1.58028171
25617,1.27553464,1.58028171
25618,0.292553437,-0.270592041
25619,1.77578396,-1.54111893
25620,1.77578396,-1.54111893
25621,1.77578396,-1.54111893
25622,,
25623,0.62658466,0.373231516
25624,0.62658466,0.373231516
25625,1.49177182,0.483610679
25626,0.205087812,-0.729161409
25627,0.205087812,-0.729161409
25628,0.205087812,-0.729161409
25629,,
25630,-0.442037403,-0.621369769
25631,-0.442037403,-0.621369769
25632,0.186061829,0.13554838
25633,1.38288389,0.479507526
25634,1.38288389,0.479507526
25635,1.38288389,0.479507526
25636,,
25637,-0.0602106987,-0.118416043
25638,-0.0602106987,-0.118416043
25639,0.284738141,-1.32860785
25640,0.513418865,-0.700195022
25641,0.513418865,-0.700195022
25642,0.513418865,-0.700195022
25643,,
25644,-0.256392072,0.31687701
25645,-0.256392072,0.31687701
25646,-0.475379743,-0.338796295
25647,-0.963023182,1.4000059
25648,-0.963023182,1.4000059
25649,-0.963023182,1.4000059
25650,,
25651,0.161925497,-0.586705765
25652,0.161925497,-0.586705765
25653,-0.882870257,0.273823193
25654,-1.18838535,0.160882231
25655,-1.18838535,0.160882231
25656,-1.18838535,0.160882231
25657,,
25658,-0.70872894,0.530570432
25659,-0.70872894,0.530570432
25660,-0.324362254,0.318442114
25661,-0.25580372,-1.23426211
25662,-0.25580372,-1.23426211
25663,-0.25580372,-1.23426211
25664,,
25665,-0.0201705891,0.251460824
25666,-0.0201705891,0.251460824
25667,-1.61556359,0.626457461
25668,-0.187694166,2.10266912
25669,-0.187694166,2.10266912
25670,-0.187694166,2.10266912
25671,,
25672,-0.490284903,-0.0203257963
25673,-0.490284903,-0.0203257963
25674,0.292542103,-0.152906497
25675,-1.13280526,1.02351491
25676,-1.13280526,1.02351491
25677,-1.13280526,1.02351491
25678,,
25679,-1.85630284,-1.94631943
25680,-1.85630284,-1.94631943
25681,0.762045603,-0.296186665
25682,-0.159838241,-0.245076972
25683,-0.159838241,-0.245076972
25684,-0.159838241,-0.245076972
25685,,
25686,-0.159626933,-1.15739459
25687,-0.159626933,-1.15739459
25688,-0.824780021,-1.19401609
25689,0.57410927,0.872251681
25690,0.57410927,0.872251681
25691,0.57410927,0.872251681
25692,,
25693,0.1811894,0.615768008
25694,0.1811894,0.615768008
25695,0.611416745,-1.4774731
25696,-0.581612969,-1.47327002
25697,-0.581612969,-1.47327002
25698,-0.581612969,-1.47327002
25699,,
25700,-1.20403573,-0.276177683
25701,-1.20403573,-0.276177683
25702,0.187435628,0.402067373
25703,-0.943216352,0.76377118
25704,-0.943216352,0.76377118
25705,-0.943216352,0.76377118
25706,,
25707,1.03684696,0.0203568048
25708,1.03684696,0.0203568048
25709,0.525960259,-2.76124494
25710,2.02647127,0.73417072
25711,2.02647127,0.73417072
25712,2.02647127,0.73417072
25713,,
25714,0.159182805,1.54796001
25715,0.159182805,1.54796001
25716,1.00160622,1.05226661
25717,1.36338591,-0.193651527
25718,1.36338591,-0.193651527
25719,1.36338591,-0.193651527
25720,,
25721,0.527264177,0.245290405
25722,0.527264177,0.245290405
25723,2.31657961,-0.188907062
25724,0.440130183,-0.196104982
25725,0.440130183,-0.196104982
25726,0.440130183,-0.196104982
25727,,
25728,-1.08712378,3.42957071
25729,-1.08712378,3.42957071
25730,0.0710410662,1.34637068
25731,-0.0800863552,-1.98291029
25732,-0.0800863552,-1.98291029
25733,-0.0800863552,-1.98291029
25734,,
25735,-1.89433218,1.66099023
25736,-1.89433218,1.66099023
25737,0.977356126,0.610437716
25738,-1.36532183,-0.831219047
25739,-1.36532183,-0.831219047
25740,-1.36532183,-0.831219047
25741,,
25742,-0.470013221,1.39608665
25743,-0.470013221,1.39608665
25744,0.261972588,-1.76001637
25745,-0.258645496,-1.1686791
25746,-0.258645496,-1.1686791
25747,-0.258645496,-1.1686791
25748,,
25749,-0.0205928221,0.865257058
25750,-0.0205928221,0.865257058
25751,1.19677049,0.282988145
25752,1.03458062,-0.373547393
25753,1.03458062,-0.373547393
25754,1.03458062,-0.373547393
25755,,
25756,0.923258739,-0.203729027
25757,0.923258739,-0.203729027
25758,0.603163034,0.307897131
25759,-0.0801591907,0.0391930524
25760,-0.0801591907,0.0391930524
25761,-0.0801591907,0.0391930524
25762,,
25763,-0.664014529,-0.40509835
25764,-0.664014529,-0.40509835
25765,1.42047962,0.953174139
25766,-0.207261577,0.796015135
25767,-0.207261577,0.796015135
25768,-0.207261577,0.796015135
25769,,
25770,-0.232669162,0.0395056582
25771,-0.232669162,0.0395056582
25772,-2.8510133,-0.526676876
25773,0.380753665,1.04459812
25774,0.380753665,1.04459812
25775,0.380753665,1.04459812
25776,,
25777,-0.142859231,-0.597327537
25778,-0.142859231,-0.597327537
25779,0.405146511,-0.962813821
25780,-0.535792477,0.104524813
25781,-0.535792477,0.104524813
25782,-0.535792477,0.104524813
25783,,
25784,-0.760104411,-1.71684849
25785,-0.760104411,-1.71684849
25786,-0.435097755,1.13860542
25787,-1.2524944,1.75439765
25788,-1.2524944,1.75439765
25789,-1.2524944,1.75439765
25790,,
25791,0.268017929,-0.157120256
25792,0.268017929,-0.157120256
25793,-0.0428357314,-0.056806202
25794,0.656829611,-0.040174976
25795,0.656829611,-0.040174976
25796,0.656829611,-0.040174976
25797,,
25798,-0.494230009,-0.528647263
25799,-0.494230009,-0.528647263
25800,1.30612927,-0.80138788
25801,0.737629063,1.80089167
25802,0.737629063,1.80089167
25803,0.737629063,1.80089167
25804,,
25805,0.792449118,-0.389282724
25806,0.792449118,-0.389282724
25807,-0.285063426,2.09978192
25808,0.6807592,-0.436534496
25809,0.6807592,-0.436534496
25810,0.6807592,-0.436534496
25811,,
25812,-2.01650517,-0.413714695
25813,-2.01650517,-0.413714695
25814,-1.0071252,1.27173539
25815,0.124096422,0.95750982
25816,0.124096422,0.95750982
25817,0.124096422,0.95750982
25818,,
25819,0.560311839,-0.495326535
25820,0.560311839,-0.495326535
25821,1.80162026,-0.525476966
25822,0.0204608141,0.665887092
25823,0.0204608141,0.665887092
25824,0.0204608141,0.665887092
25825,,
25826,0.513492823,-0.549910227
25827,0.513492823,-0.549910227
25828,0.974051498,-1.29847124
25829,-2.63940216,0.0818664948
25830,-2.63940216,0.0818664948
25831,-2.63940216,0.0818664948
25832,,
25833,0.386111703,-0.512362169
25834,0.386111703,-0.512362169
25835,-0.395032203,-0.439586332
25836,1.32797748,-1.74754568
25837,1.32797748,-1.74754568
25838,1.32797748,-1.74754568
25839,,
25840,0.156596119,-1.11010482
25841,0.156596119,-1.11010482
25842,-0.259710682,-0.0289102038
25843,0.361646475,0.201005222
25844,0.361646475,0.201005222
25845,0.361646475,0.201005222
25846,,
25847,-1.15634916,-2.04662619
25848,-1.15634916,-2.04662619
25849,0.187425863,-1.44826593
25850,-0.324325215,-1.330981
25851,-0.324325215,-1.330981
25852,-0.324325215,-1.330981
25853,,
25854,-1.59491914,0.575833845
25855,-1.59491914,0.575833845
25856,1.10214517,1.60072442
25857,-0.464581545,-0.733225451
25858,-0.464581545,-0.733225451
25859,-0.464581545,-0.733225451
25860,,
25861,0.395292835,2.46863035
25862,0.395292835,2.46863035
25863,-1.08312075,-0.0295462396
25864,1.37694574,0.950652185
25865,1.37694574,0.950652185
25866,1.37694574,0.950652185
25867,,
25868,1.38087007,1.11768746
25869,1.38087007,1.11768746
25870,0.506722757,-0.145647378
25871,-0.621790087,0.512249681
25872,-0.621790087,0.512249681
25873,-0.621790087,0.512249681
25874,,
25875,-1.4967066,0.518512739
25876,-1.4967066,0.518512739
25877,1.51886061,0.240655089
25878,0.840000995,0.431564014
25879,0.840000995,0.431564014
25880,0.840000995,0.431564014
25881,,
25882,1.78352993,2.02371699
25883,1.78352993,2.02371699
25884,0.888351954,-0.684739582
25885,1.03233689,1.73500634
25886,1.03233689,1.73500634
25887,1.03233689,1.73500634
25888,,
25889,-1.87632132,0.280902308
25890,-1.87632132,0.280902308
25891,1.32749212,-1.99182383
25892,-0.693050139,0.449799416
25893,-0.693050139,0.449799416
25894,-0.693050139,0.449799416
25895,,
25896,-0.138210957,-0.642472236
25897,-0.138210957,-0.642472236
25898,-1.03171658,0.652829618
25899,1.12317153,-0.343083377
25900,1.12317153,-0.343083377
25901,1.12317153,-0.343083377
25902,,
25903,0.468793087,-0.040860773
25904,0.468793087,-0.040860773
25905,-1.36826822,-0.497094856
25906,0.322576347,-1.17914169
25907,0.322576347,-1.17914169
25908,0.322576347,-1.17914169
25909,,
25910,-1.43119272,0.277878395
25911,-1.43119272,0.277878395
25912,-0.610872236,0.327971844
25913,-0.678599347,0.616457709
25914,-0.678599347,0.616457709
25915,-0.678599347,0.616457709
25916,,
25917,0.296668799,0.991170952
25918,0.296668799,0.991170952
25919,-0.172282807,-0.777669881
25920,-0.456234172,-0.677106414
25921,-0.456234172,-0.677106414
25922,-0.456234172,-0.677106414
25923,,
25924,-0.341335274,-0.910586768
25925,-0.341335274,-0.910586768
25926,-1.2299679,0.271503641
25927,2.30158745,0.82550727
25928,2.30158745,0.82550727
25929,2.30158745,0.82550727
25930,,
25931,-0.304249989,-0.904764028
25932,-0.304249989,-0.904764028
25933,-1.13451611,1.29603294
25934,1.3426724,-0.203174567
25935,1.3426724,-0.203174567
25936,1.3426724,-0.203174567
25937,,
25938,0.323143051,0.431100341
25939,0.323143051,0.431100341
25940,0.0274730482,1.26561677
25941,-0.639427176,0.246330873
25942,-0.639427176,0.246330873
25943,-0.639427176,0.246330873
25944,,
25945,0.405630475,1.24701047
25946,0.405630475,1.24701047
25947,0.645359623,0.673059545
25948,0.176220477,1.89228488
25949,0.176220477,1.89228488
25950,0.176220477,1.89228488
25951,,
25952,0.121888474,1.33813065
25953,0.121888474,1.33813065
25954,1.07975234,0.702864788
25955,-0.0808187351,-0.0816530689
25956,-0.0808187351,-0.0816530689
25957,-0.0808187351,-0.0816530689
25958,,
25959,-0.459983999,0.821891083
25960,-0.459983999,0.821891083
25961,-1.20438535,0.665193839
25962,3.26134896,-0.563154026
25963,3.26134896,-0.563154026
25964,3.26134896,-0.563154026
25965,,
25966,-1.41574295,1.66719631
25967,-1.41574295,1.66719631
25968,-1.14715538,-0.131720374
25969,0.685413556,-0.122208435
25970,0.685413556,-0.122208435
25971,0.685413556,-0.122208435
25972,,
25973,2.793578,-0.162372088
25974,2.793578,-0.162372088
25975,0.866058795,-0.167822779
25976,0.249588745,-0.850513929
25977,0.249588745,-0.850513929
25978,0.249588745,-0.850513929
25979,,
25980,-0.985880682,0.756329904
25981,-0.985880682,0.756329904
25982,0.910485634,-0.441011329
25983,-1.06765299,-0.831176238
25984,-1.06765299,-0.831176238
25985,-1.06765299,-0.831176238
25986,,
25987,1.82230769,1.64709582
25988,1.82230769,1.64709582
25989,-0.787058434,-0.0730479844
25990,1.02315504,-2.12401094
25991,1.02315504,-2.12401094
25992,1.02315504,-2.12401094
25993,,
25994,-0.207906108,-0.567216431
25995,-0.207906108,-0.567216431
25996,-1.46912341,0.709011015
25997,-1.19003129,-1.39857164
25998,-1.19003129,-1.39857164
25999,-1.19003129,-1.39857164
26000,,
26001,-1.14261803,1.4608953
26002,-1.14261803,1.4608953
26003,0.433754534,-0.523813383
26004,-0.248920391,0.227169996
26005,-0.248920391,0.227169996
26006,-0.248920391,0.227169996
26007,,
26008,0.453117168,0.226648266
26009,0.453117168,0.226648266
26010,0.129673842,0.715906247
26011,-1.46141519,1.72146395
26012,-1.46141519,1.72146395
26013,-1.46141519,1.72146395
26014,,
26015,-1.08945986,-0.448974908
26016,-1.08945986,-0.448974908
26017,2.88464496,1.95814697
26018,-0.789645888,-0.286627835
26019,-0.789645888,-0.286627835
26020,-0.789645888,-0.286627835
26021,,
26022,-1.97295508,0.56731038
26023,-1.97295508,0.56731038
26024,0.976352463,-0.403251748
26025,-0.904428026,-0.44564347
26026,-0.904428026,-0.44564347
26027,-0.904428026,-0.44564347
26028,,
26029,-1.32223994,0.921527782
26030,-1.32223994,0.921527782
26031,-0.327388414,0.410505353
26032,0.970297482,0.598634023
26033,0.970297482,0.598634023
26034,0.970297482,0.598634023
26035,,
26036,-2.25900891,0.618553323
26037,-2.25900891,0.618553323
26038,-0.21543215,-0.160531164
26039,1.12866217,-0.623259154
26040,1.12866217,-0.623259154
26041,1.12866217,-0.623259154
26042,,
26043,1.25090118,-0.970533003
26044,1.25090118,-0.970533003
26045,0.48298411,-2.0046035
26046,0.0997372298,-0.908628994
26047,0.0997372298,-0.908628994
26048,0.0997372298,-0.908628994
26049,,
26050,-1.02338146,2.06355191
26051,-1.02338146,2.06355191
26052,2.3774409,0.250673793
26053,-1.37823013,-0.280344213
26054,-1.37823013,-0.280344213
26055,-1.37823013,-0.280344213
26056,,
26057,-0.532054581,-0.601726537
26058,-0.532054581,-0.601726537
26059,2.6576547,-0.141679027
26060,-0.959889322,-0.524735283
26061,-0.959889322,-0.524735283
26062,-0.959889322,-0.524735283
26063,,
26064,-0.510842234,1.69158497
26065,-0.510842234,1.69158497
26066,-0.674439412,0.172012616
26067,1.07624451,-0.441372045
26068,1.07624451,-0.441372045
26069,1.07624451,-0.441372045
26070,,
26071,-0.153955213,-0.406622671
26072,-0.153955213,-0.406622671
26073,-1.34276728,-0.590734183
26074,-0.27146882,0.72376273
26075,-0.27146882,0.72376273
26076,-0.27146882,0.72376273
26077,,
26078,0.144366568,0.102497402
26079,0.144366568,0.102497402
26080,-0.119692524,2.10704333
26081,1.34039579,-1.27486364
26082,1.34039579,-1.27486364
26083,1.34039579,-1.27486364
26084,,
26085,-0.764932172,0.76865453
26086,-0.764932172,0.76865453
26087,0.415375457,0.119185754
26088,0.596346506,-0.0844629926
26089,0.596346506,-0.0844629926
26090,0.596346506,-0.0844629926
26091,,
26092,1.43710064,-0.165854802
26093,1.43710064,-0.165854802
26094,-0.643015696,-0.471175983
26095,0.428422088,-1.2235495
26096,0.428422088,-1.2235495
26097,0.428422088,-1.2235495
26098,,
26099,-0.414138703,-0.162162774
26100,-0.414138703,-0.162162774
26101,2.64544568,-0.131084348
26102,-0.473150387,-1.05728507
26103,-0.473150387,-1.05728507
26104,-0.473150387,-1.05728507
26105,,
26106,0.584096007,1.38844192
26107,0.584096007,1.38844192
26108,-0.549685504,0
26109,-0.123397754,-0.368805335
26110,-0.123397754,-0.368805335
26111,-0.123397754,-0.368805335
26112,,
26113,-0.450840208,0.978266156
26114,-0.450840208,0.978266156
26115,-0.014017664,0.341231065
26116,-1.48591403,0.743942716
26117,-1.48591403,0.743942716
26118,-1.48591403,0.743942716
26119,,
26120,1.31578568,1.54903883
26121,1.31578568,1.54903883
26122,0.907562504,-0.806797008
26123,-0.252086386,0.697339109
26124,-0.252086386,0.697339109
26125,-0.252086386,0.697339109
26126,,
26127,0.494943919,-1.5847731
26128,0.494943919,-1.5847731
26129,0.311589396,-0.449290973
26130,0.601522769,-0.806822329
26131,0.601522769,-0.806822329
26132,0.601522769,-0.806822329
26133,,
26134,0.147579122,-1.01318769
26135,0.147579122,-1.01318769
26136,0.287409698,-0.186565366
26137,-0.302062735,1.38801941
26138,-0.302062735,1.38801941
26139,-0.302062735,1.38801941
26140,,
26141,0.410499002,0.744306303
26142,0.410499002,0.744306303
26143,1.15112147,-0.512641404
26144,-0.635649772,1.17603645
26145,-0.635649772,1.17603645
26146,-0.635649772,1.17603645
26147,,
26148,-0.415244326,-0.159637924
26149,-0.415244326,-0.159637924
26150,-1.29938961,-0.102494969
26151,1.2059947,1.29969212
26152,1.2059947,1.29969212
26153,1.2059947,1.29969212
26154,,
26155,-1.69908063,-0.733168284
26156,-1.69908063,-0.733168284
26157,-0.484524679,-1.2549357
26158,-0.330094934,-0.715890846
26159,-0.330094934,-0.715890846
26160,-0.330094934,-0.715890846
26161,,
26162,-0.617158333,0.0807870016
26163,-0.617158333,0.0807870016
26164,-1.35340934,-0.232096686
26165,0.67956617,-0.775507551
26166,0.67956617,-0.775507551
26167,0.67956617,-0.775507551
26168,,
26169,0.406427772,2.70720568
26170,0.406427772,2.70720568
26171,0.384496495,-0.102982518
26172,-1.64058975,0.480381835
26173,-1.64058975,0.480381835
26174,-1.64058975,0.480381835
26175,,
26176,1.340788,-0.274659243
26177,1.340788,-0.274659243
26178,-1.72646251,-0.2237387
26179,-0.590164709,1.15019028
26180,-0.590164709,1.15019028
26181,-0.590164709,1.15019028
26182,,
26183,2.13635079,-1.36739444
26184,2.13635079,-1.36739444
26185,1.36823234,2.84054497
26186,0.0201200191,0.0417438416
26187,0.0201200191,0.0417438416
26188,0.0201200191,0.0417438416
26189,,
26190,-0.483136645,-0.160751934
26191,-0.483136645,-0.160751934
26192,1.07453222,-1.77733103
26193,0.285846946,0.286526716
26194,0.285846946,0.286526716
26195,0.285846946,0.286526716
26196,,
26197,-0.679923662,-0.748224668
26198,-0.679923662,-0.748224668
26199,0.0283183163,-1.02075268
26200,0.997268376,-0.777645992
26201,0.997268376,-0.777645992
26202,0.997268376,-0.777645992
26203,,
26204,1.32885768,-1.37797149
26205,1.32885768,-1.37797149
26206,0.885149448,0.748994444
26207,2.07216039,0.746554924
26208,2.07216039,0.746554924
26209,2.07216039,0.746554924
26210,,
26211,0.573257477,-0.943062956
26212,0.573257477,-0.943062956
26213,-1.00333924,0.939847687
26214,1.25030403,0.350255215
26215,1.25030403,0.350255215
26216,1.25030403,0.350255215
26217,,
26218,-0.241159873,-0.693711384
26219,-0.241159873,-0.693711384
26220,0.766027347,0.215184219
26221,-0.834469419,-0.156280226
26222,-0.834469419,-0.156280226
26223,-0.834469419,-0.156280226
26224,,
26225,1.3979404,-0.964593729
26226,1.3979404,-0.964593729
26227,-0.302240989,0.508623795
26228,-1.21938954,0.96807873
26229,-1.21938954,0.96807873
26230,-1.21938954,0.96807873
26231,,
26232,0.586383862,1.65012645
26233,0.586383862,1.65012645
26234,0.138227143,0.968414736
26235,0.528266991,-1.69561654
26236,0.528266991,-1.69561654
26237,0.528266991,-1.69561654
26238,,
26239,0.780031289,-0.441169155
26240,0.780031289,-0.441169155
26241,0.114098592,1.30646366
26242,-0.488463312,1.92823356
26243,-0.488463312,1.92823356
26244,-0.488463312,1.92823356
26245,,
26246,0.0997700686,0.592735802
26247,0.0997700686,0.592735802
26248,0.23640535,-0.319904889
26249,0.126249456,1.26873489
26250,0.126249456,1.26873489
26251,0.126249456,1.26873489
26252,,
26253,0.116107686,1.17909077
26254,0.116107686,1.17909077
26255,-1.3555202,1.42568551
26256,0.509437841,-1.35837554
26257,0.509437841,-1.35837554
26258,0.509437841,-1.35837554
26259,,
26260,-0.159436138,0.44340668
26261,-0.159436138,0.44340668
26262,0.938110701,0.281955601
26263,-1.25917786,0.723256975
26264,-1.25917786,0.723256975
26265,-1.25917786,0.723256975
26266,,
26267,-1.55709067,0.576787553
26268,-1.55709067,0.576787553
26269,-0.0598347491,-0.934168802
26270,0.576634129,-1.00505054
26271,0.576634129,-1.00505054
26272,0.576634129,-1.00505054
26273,,
26274,0.265701363,-2.36790356
26275,0.265701363,-2.36790356
26276,1.12320929,-1.21095616
26277,-0.435685045,-3.36497325
26278,-0.435685045,-3.36497325
26279,-0.435685045,-3.36497325
26280,,
26281,-0.768622256,0.394699337
26282,-0.768622256,0.394699337
26283,-0.737791392,0.501031263
26284,-0.227583928,0.784368854
26285,-0.227583928,0.784368854
26286,-0.227583928,0.784368854
26287,,
26288,-0.220821166,-0.864138854
26289,-0.220821166,-0.864138854
26290,-0.633893037,0.145026856
26291,-0.564568808,-0.306348937
26292,-0.564568808,-0.306348937
26293,-0.564568808,-0.306348937
26294,,
26295,-1.2112306,-0.66224682
26296,-1.2112306,-0.66224682
26297,-1.75093189,-2.20059438
26298,0.555117206,0.966142848
26299,0.555117206,0.966142848
26300,0.555117206,0.966142848
26301,,
26302,0.687106895,-0.323106058
26303,0.687106895,-0.323106058
26304,0.733674157,0.0699472992
26305,-0.737984853,0.224827055
26306,-0.737984853,0.224827055
26307,-0.737984853,0.224827055
26308,,
26309,-0.472862563,-1.81199252
26310,-0.472862563,-1.81199252
26311,2.8775895,-0.474039116
26312,-1.65820506,-0.403402938
26313,-1.65820506,-0.403402938
26314,-1.65820506,-0.403402938
26315,,
26316,-2.01715585,2.85572853
26317,-2.01715585,2.85572853
26318,0.261656071,1.37016973
26319,0.951255316,1.27055592
26320,0.951255316,1.27055592
26321,0.951255316,1.27055592
26322,,
26323,-0.854088925,0.805878706
26324,-0.854088925,0.805878706
26325,-1.31068972,-1.2184136
26326,-0.192670793,0.800896391
26327,-0.192670793,0.800896391
26328,-0.192670793,0.800896391
26329,,
26330,0.0203094003,-1.27784246
26331,0.0203094003,-1.27784246
26332,-0.673489468,0.494404491
26333,1.64061353,-0.141111268
26334,1.64061353,-0.141111268
26335,1.64061353,-0.141111268
26336,,
26337,0.268344012,-0.600158843
26338,0.268344012,-0.600158843
26339,1.22720099,0.83011171
26340,-0.103821039,-0.382208243
26341,-0.103821039,-0.382208243
26342,-0.103821039,-0.382208243
26343,,
26344,0.366622255,0.63986215
26345,0.366622255,0.63986215
26346,0.130389626,0.188638507
26347,0.332650853,1.33568925
26348,0.332650853,1.33568925
26349,0.332650853,1.33568925
26350,,
26351,1.30413216,-1.56735674
26352,1.30413216,-1.56735674
26353,0.684092673,0.678479258
26354,1.64016859,0.641178021
26355,1.64016859,0.641178021
26356,1.64016859,0.641178021
26357,,
26358,0.745826751,-0.76073229
26359,0.745826751,-0.76073229
26360,-2.29378963,-0.249289011
26361,0.319043945,-0.796197668
26362,0.319043945,-0.796197668
26363,0.319043945,-0.796197668
26364,,
26365,0.386282134,1.42331806
26366,0.386282134,1.42331806
26367,-0.726149669,-0.968934999
26368,-0.965066555,-0.0584815737
26369,-0.965066555,-0.0584815737
26370,-0.965066555,-0.0584815737
26371,,
26372,0.0798939456,0.53848855
26373,0.0798939456,0.53848855
26374,-0.302991922,0.539803006
26375,0.327339197,0
26376,0.327339197,0
26377,0.327339197,0
26378,,
26379,-0.220655864,0.709346367
26380,-0.220655864,0.709346367
26381,0.963461465,0.362086754
26382,0.863161376,0.504042744
26383,0.863161376,0.504042744
26384,0.863161376,0.504042744
26385,,
26386,-0.915400143,-0.875875841
26387,-0.915400143,-0.875875841
26388,-2.06770076,0.46305474
26389,0.448400275,-2.16424486
26390,0.448400275,-2.16424486
26391,0.448400275,-2.16424486
26392,,
26393,1.28972742,1.63900012
26394,1.28972742,1.63900012
26395,2.3591054,1.50699011
26396,-0.244326449,1.2931927
26397,-0.244326449,1.2931927
26398,-0.244326449,1.2931927
26399,,
26400,0.118603295,-0.983885425
26401,0.118603295,-0.983885425
26402,-0.634895704,-0.20676578
26403,-1.62505244,-0.227022986
26404,-1.62505244,-0.227022986
26405,-1.62505244,-0.227022986
26406,,
26407,2.78602051,0.185006144
26408,2.78602051,0.185006144
26409,0.616586564,1.20794261
26410,1.509895,-1.8725405
26411,1.509895,-1.8725405
26412,1.509895,-1.8725405
26413,,
26414,0.212374828,1.53415805
26415,0.212374828,1.53415805
26416,0.176635815,-0.788507991
26417,0.674376931,0.731154942
26418,0.674376931,0.731154942
26419,0.674376931,0.731154942
26420,,
26421,-0.244489838,-0.442453044
26422,-0.244489838,-0.442453044
26423,-0.481845673,-0.79349038
26424,0.701775821,0.511600877
26425,0.701775821,0.511600877
26426,0.701775821,0.511600877
26427,,
26428,-0.768431808,0.800986332
26429,-0.768431808,0.800986332
26430,0,-0.218173225
26431,-0.080369705,-0.0419680502
26432,-0.080369705,-0.0419680502
26433,-0.080369705,-0.0419680502
26434,,
26435,0.69687197,0.762162528
26436,0.69687197,0.762162528
26437,1.02034786,-0.0427767998
26438,-0.139209345,0.880590792
26439,-0.139209345,0.880590792
26440,-0.139209345,0.880590792
26441,,
26442,-1.20172565,0.0206565435
26443,-1.20172565,0.0206565435
26444,1.1238081,-0.370939204
26445,0.200984668,0.390038506
26446,0.200984668,0.390038506
26447,0.200984668,0.390038506
26448,,
26449,0.493288712,-1.70125658
26450,0.493288712,-1.70125658
26451,0.676338997,-1.30186942
26452,-0.771168034,0.636953388
26453,-0.771168034,0.636953388
26454,-0.771168034,0.636953388
26455,,
26456,-0.472324511,0.844970524
26457,-0.472324511,0.844970524
26458,-1.45511873,0.926560989
26459,-1.20167563,-0.676499695
26460,-1.20167563,-0.676499695
26461,-1.20167563,-0.676499695
26462,,
26463,0.469798887,0.338067775
26464,0.469798887,0.338067775
26465,0.0138879523,-0.780695165
26466,0.294108577,1.02899597
26467,0.294108577,1.02899597
26468,0.294108577,1.02899597
26469,,
26470,0.426422473,0.145730725
26471,0.426422473,0.145730725
26472,-0.413245508,1.79285967
26473,0.302177618,0.237852919
26474,0.302177618,0.237852919
26475,0.302177618,0.237852919
26476,,
26477,-0.259323004,-0.538898667
26478,-0.259323004,-0.538898667
26479,0.794147703,0.981606121
26480,0.158539112,-1.66111675
26481,0.158539112,-1.66111675
26482,0.158539112,-1.66111675
26483,,
26484,-1.143781,-0.820562232
26485,-1.143781,-0.820562232
26486,0.889783159,-1.37045684
26487,0.772358734,-0.471098968
26488,0.772358734,-0.471098968
26489,0.772358734,-0.471098968
26490,,
26491,0.0608240388,-1.92528943
26492,0.0608240388,-1.92528943
26493,0.257233288,-1.00571135
26494,-0.698037739,-0.894110561
26495,-0.698037739,-0.894110561
26496,-0.698037739,-0.894110561
26497,,
26498,0.678664396,0.8503193
26499,0.678664396,0.8503193
26500,-0.666195372,-0.353473423
26501,0.323635733,-0.398148276
26502,0.323635733,-0.398148276
26503,0.323635733,-0.398148276
26504,,
26505,1.2628183,-0.197957728
26506,1.2628183,-0.197957728
26507,-0.425721437,-0.364285558
26508,0.349528064,-0.158789379
26509,0.349528064,-0.158789379
26510,0.349528064,-0.158789379
26511,,
26512,0.815657986,0.141988013
26513,0.815657986,0.141988013
26514,0.498872553,-0.0581102902
26515,0.93180722,-0.24703498
26516,0.93180722,-0.24703498
26517,0.93180722,-0.24703498
26518,,
26519,-1.58837968,-0.173411646
26520,-1.58837968,-0.173411646
26521,-0.816991218,-0.157401541
26522,-1.30232153,-1.10642962
26523,-1.30232153,-1.10642962
26524,-1.30232153,-1.10642962
26525,,
26526,-0.462674462,-0.917901623
26527,-0.462674462,-0.917901623
26528,-0.335042145,-0.860632749
26529,-1.45927237,-0.531169337
26530,-1.45927237,-0.531169337
26531,-1.45927237,-0.531169337
26532,,
26533,0.182669825,0.752168451
26534,0.182669825,0.752168451
26535,-0.668843838,0.588344407
26536,-1.87189211,-0.483156274
26537,-1.87189211,-0.483156274
26538,-1.87189211,-0.483156274
26539,,
26540,0.917387213,1.90519998
26541,0.917387213,1.90519998
26542,0.014415752,0.626642517
26543,-0.396553723,-0.0794792544
26544,-0.396553723,-0.0794792544
26545,-0.396553723,-0.0794792544
26546,,
26547,-1.04094449,1.70931723
26548,-1.04094449,1.70931723
26549,1.12940474,0.18480666
26550,-0.435561971,-0.671966241
26551,-0.435561971,-0.671966241
26552,-0.435561971,-0.671966241
26553,,
26554,0.160538769,-1.29339759
26555,0.160538769,-1.29339759
26556,2.10183797,1.08884995
26557,0.0822346638,-0.226013327
26558,0.0822346638,-0.226013327
26559,0.0822346638,-0.226013327
26560,,
26561,0.750590118,0.311537186
26562,0.750590118,0.311537186
26563,0.895115623,-1.16055162
26564,-1.23038837,1.28329513
26565,-1.23038837,1.28329513
26566,-1.23038837,1.28329513
26567,,
26568,-0.940939765,1.57809607
26569,-0.940939765,1.57809607
26570,-0.357186115,-0.501893421
26571,0.370945888,0.568747377
26572,0.370945888,0.568747377
26573,0.370945888,0.568747377
26574,,
26575,0.373370924,1.46315664
26576,0.373370924,1.46315664
26577,-0.57391402,2.02938293
26578,-1.02924027,-0.585790495
26579,-1.02924027,-0.585790495
26580,-1.02924027,-0.585790495
26581,,
26582,0.698354243,-0.321697625
26583,0.698354243,-0.321697625
26584,0.526595053,-0.170800895
26585,-0.201129089,0.879464424
26586,-0.201129089,0.879464424
26587,-0.201129089,0.879464424
26588,,
26589,0.518203042,1.04895809
26590,0.518203042,1.04895809
26591,1.29094569,-1.07116116
26592,0.667625704,0.489951674
26593,0.667625704,0.489951674
26594,0.667625704,0.489951674
26595,,
26596,-0.304281366,0.463489894
26597,-0.304281366,0.463489894
26598,-0.43786889,0.155832153
26599,0.529143671,-0.127810547
26600,0.529143671,-0.127810547
26601,0.529143671,-0.127810547
26602,,
26603,-0.533780032,0.488894742
26604,-0.533780032,0.488894742
26605,0.333113254,0.594288649
26606,-0.647728534,-1.95012269
26607,-0.647728534,-1.95012269
26608,-0.647728534,-1.95012269
26609,,
26610,1.03216657,1.129205
26611,1.03216657,1.129205
26612,-0.867788411,1.28759367
26613,0.611358359,-1.98016745
26614,0.611358359,-1.98016745
26615,0.611358359,-1.98016745
26616,,
26617,0.864179393,-0.0985257359
26618,0.864179393,-0.0985257359
26619,1.25691386,0.666982753
26620,-0.803021341,-1.32782757
26621,-0.803021341,-1.32782757
26622,-0.803021341,-1.32782757
26623,,
26624,-1.20317137,0.400334856
26625,-1.20317137,0.400334856
26626,1.23052727,-0.518491599
26627,-1.48523137,0.0384718808
26628,-1.48523137,0.0384718808
26629,-1.48523137,0.0384718808
26630,,
26631,-0.791077633,-1.234549
26632,-0.791077633,-1.234549
26633,-0.330031874,0.78788394
26634,-0.307624422,-0.0818557537
26635,-0.307624422,-0.0818557537
26636,-0.307624422,-0.0818557537
26637,,
26638,-1.77893619,0.470013221
26639,-1.77893619,0.470013221
26640,0.864407586,-0.661784255
26641,-1.07274926,-0.512120814
26642,-1.07274926,-0.512120814
26643,-1.07274926,-0.512120814
26644,,
26645,0.985519182,0.227206428
26646,0.985519182,0.227206428
26647,0.085017682,1.29917041
26648,0.878534651,-0.558015573
26649,0.878534651,-0.558015573
26650,0.878534651,-0.558015573
26651,,
26652,0.988862799,0.752227395
26653,0.988862799,0.752227395
26654,0.216423027,-0.316189292
26655,1.55099538,1.75962654
26656,1.55099538,1.75962654
26657,1.55099538,1.75962654
26658,,
26659,-1.29955244,-1.4481484
26660,-1.29955244,-1.4481484
26661,-0.235518001,0.268223242
26662,-0.530161135,-0.0208872629
26663,-0.530161135,-0.0208872629
26664,-0.530161135,-0.0208872629
26665,,
26666,1.23157483,-1.38368872
26667,1.23157483,-1.38368872
26668,-1.1873315,-0.144279195
26669,0.854142974,-0.602953514
26670,0.854142974,-0.602953514
26671,0.854142974,-0.602953514
26672,,
26673,-1.78212725,-0.399770023
26674,-1.78212725,-0.399770023
26675,0.11033714,0.0575081384
26676,-0.984429799,0.764626315
26677,-0.984429799,0.764626315
26678,-0.984429799,0.764626315
26679,,
26680,-0.184433951,-1.6347439
26681,-0.184433951,-1.6347439
26682,1.42261312,0.529506222
26683,1.60598591,-0.999071236
26684,1.60598591,-0.999071236
26685,1.60598591,-0.999071236
26686,,
26687,-0.857773885,-1.30038988
26688,-0.857773885,-1.30038988
26689,0.191071124,0.814163182
26690,-0.180551183,-0.698256709
26691,-0.180551183,-0.698256709
26692,-0.180551183,-0.698256709
26693,,
26694,1.36076002,2.37738572
26695,1.36076002,2.37738572
26696,-1.30110019,0.371427622
26697,0.218136577,2.52815521
26698,0.218136577,2.52815521
26699,0.218136577,2.52815521
26700,,
26701,0.459767064,-0.553915507
26702,0.459767064,-0.553915507
26703,1.06371601,0.176944758
26704,-1.37160775,-0.878830753
26705,-1.37160775,-0.878830753
26706,-1.37160775,-0.878830753
26707,,
26708,0.308358391,0.745187441
26709,0.308358391,0.745187441
26710,1.56119924,0.761502756
26711,-0.58975472,1.59720957
26712,-0.58975472,1.59720957
26713,-0.58975472,1.59720957
26714,,
26715,-2.178531,-0.0764190778
26716,-2.178531,-0.0764190778
26717,0.822686226,-0.744468438
26718,-2.35835943,0.984013788
26719,-2.35835943,0.984013788
26720,-2.35835943,0.984013788
26721,,
26722,-0.379043812,0
26723,-0.379043812,0
26724,0.232775319,-0.109243939
26725,-0.542136067,0.306824015
26726,-0.542136067,0.306824015
26727,-0.542136067,0.306824015
26728,,
26729,0.719727539,-2.01580439
26730,0.719727539,-2.01580439
26731,2.34251208,1.57590933
26732,-0.0808836407,-1.33796877
26733,-0.0808836407,-1.33796877
26734,-0.0808836407,-1.33796877
26735,,
26736,0.68880886,-0.37763839
26737,0.68880886,-0.37763839
26738,-0.648850672,-0.864964415
26739,0.891751095,-0.774105884
26740,0.891751095,-0.774105884
26741,0.891751095,-0.774105884
26742,,
26743,-0.309785877,-0.720996712
26744,-0.309785877,-0.720996712
26745,0.373714048,0.664414021
26746,-0.0208396476,-0.760305485
26747,-0.0208396476,-0.760305485
26748,-0.0208396476,-0.760305485
26749,,
26750,-0.799245754,-0.45628752
26751,-0.799245754,-0.45628752
26752,0.632149541,0.388114294
26753,0.122381612,0.0823982219
26754,0.122381612,0.0823982219
26755,0.122381612,0.0823982219
26756,,
26757,-0.219641929,-0.200227153
26758,-0.219641929,-0.200227153
26759,-0.886677034,-1.5972468
26760,-0.195353272,0.728580817
26761,-0.195353272,0.728580817
26762,-0.195353272,0.728580817
26763,,
26764,0.120284921,1.91914671
26765,0.120284921,1.91914671
26766,-0.620922149,-0.442890331
26767,1.19325689,-1.07578609
26768,1.19325689,-1.07578609
26769,1.19325689,-1.07578609
26770,,
26771,3.40709483,1.57422267
26772,3.40709483,1.57422267
26773,-0.0299077822,2.73070434
26774,0.0404582836,1.43388222
26775,0.0404582836,1.43388222
26776,0.0404582836,1.43388222
26777,,
26778,-0.544142448,0.596503583
26779,-0.544142448,0.596503583
26780,-0.274661259,0.712815873
26781,1.90990253,-1.34175316
26782,1.90990253,-1.34175316
26783,1.90990253,-1.34175316
26784,,
26785,0.537780407,0
26786,0.537780407,0
26787,-0.549334061,-0.496309112
26788,-0.865002879,1.29753033
26789,-0.865002879,1.29753033
26790,-0.865002879,1.29753033
26791,,
26792,0.345833728,-0.223488902
26793,0.345833728,-0.223488902
26794,0.92702967,1.42783692
26795,-0.364154432,-1.14594539
26796,-0.364154432,-1.14594539
26797,-0.364154432,-1.14594539
26798,,
26799,1.9199253,1.38742011
26800,1.9199253,1.38742011
26801,-0.517420593,-0.174024522
26802,3.20625479,0.121418319
26803,3.20625479,0.121418319
26804,3.20625479,0.121418319
26805,,
26806,-1.29855182,1.91378506
26807,-1.29855182,1.91378506
26808,-0.261819045,0.989028171
26809,-0.559768284,1.06729853
26810,-0.559768284,1.06729853
26811,-0.559768284,1.06729853
26812,,
26813,-1.2217649,-0.226400283
26814,-1.2217649,-0.226400283
26815,-0.014395343,0.814085247
26816,0.442956245,0.100473365
26817,0.442956245,0.100473365
26818,0.442956245,0.100473365
26819,,
26820,2.25634891,-0.117659814
26821,2.25634891,-0.117659814
26822,-0.329661225,-0.672672158
26823,0.436943538,0.203959145
26824,0.436943538,0.203959145
26825,0.436943538,0.203959145
26826,,
26827,-1.34786625,0.994717428
26828,-1.34786625,0.994717428
26829,0.171949138,0.255670597
26830,-1.12968181,0.805603389
26831,-1.12968181,0.805603389
26832,-1.12968181,0.805603389
26833,,
26834,-0.550641077,-1.67017577
26835,-0.550641077,-1.67017577
26836,-1.21270259,-1.71865052
26837,-1.37593201,-0.939286176
26838,-1.37593201,-0.939286176
26839,-1.37593201,-0.939286176
26840,,
26841,0.890434245,0.425233596
26842,0.890434245,0.425233596
26843,1.01687214,1.32370055
26844,-0.32023605,0.178578198
26845,-0.32023605,0.178578198
26846,-0.32023605,0.178578198
26847,,
26848,0.241563416,0.575117131
26849,0.241563416,0.575117131
26850,-0.652502501,1.02127298
26851,-0.951552819,-0.136328265
26852,-0.951552819,-0.136328265
26853,-0.951552819,-0.136328265
26854,,
26855,2.08452755,-0.842381458
26856,2.08452755,-0.842381458
26857,1.76999148,1.04925113
26858,2.13417434,-0.0810116738
26859,2.13417434,-0.0810116738
26860,2.13417434,-0.0810116738
26861,,
26862,1.78999147,0.991491595
26863,1.78999147,0.991491595
26864,0.238666812,0.80389756
26865,-0.527139769,1.43290996
26866,-0.527139769,1.43290996
26867,-0.527139769,1.43290996
26868,,
26869,-0.510399115,-0.0406150849
26870,-0.510399115,-0.0406150849
26871,-1.22421821,0.116284074
26872,1.92247456,0.30691672
26873,1.92247456,0.30691672
26874,1.92247456,0.30691672
26875,,
26876,0.0831216611,-1.34488721
26877,0.0831216611,-1.34488721
26878,-0.0144104691,-0.0715457145
26879,0.162309929,0.144410911
26880,0.162309929,0.144410911
26881,0.162309929,0.144410911
26882,,
26883,-0.160033695,-0.682639012
26884,-0.160033695,-0.682639012
26885,0.286588041,-0.879113533
26886,0.202700337,0.67735804
26887,0.202700337,0.67735804
26888,0.202700337,0.67735804
26889,,
26890,-0.517025467,-1.59298154
26891,-0.517025467,-1.59298154
26892,0.800837508,-1.93631287
26893,-0.34221397,-0.596564472
26894,-0.34221397,-0.596564472
26895,-0.34221397,-0.596564472
26896,,
26897,1.22296137,-0.799082597
26898,1.22296137,-0.799082597
26899,0.514682031,0.594908274
26900,-2.17708328,-0.974743716
26901,-2.17708328,-0.974743716
26902,-2.17708328,-0.974743716
26903,,
26904,-0.336805619,-0.567904328
26905,-0.336805619,-0.567904328
26906,0.16081141,-0.924278407
26907,1.30263864,0.697187592
26908,1.30263864,0.697187592
26909,1.30263864,0.697187592
26910,,
26911,-0.393624981,-0.412733158
26912,-0.393624981,-0.412733158
26913,0.0716110824,0.90386976
26914,-0.0833461178,2.20058512
26915,-0.0833461178,2.20058512
26916,-0.0833461178,2.20058512
26917,,
26918,-0.502737439,1.09672906
26919,-0.502737439,1.09672906
26920,-0.311142326,0.142861454
26921,0.239954299,1.77631916
26922,0.239954299,1.77631916
26923,0.239954299,1.77631916
26924,,
26925,1.23684466,-0.449776798
26926,1.23684466,-0.449776798
26927,0.386284055,-0.483936115
26928,-1.39665902,-0.302010559
26929,-1.39665902,-0.302010559
26930,-1.39665902,-0.302010559
26931,,
26932,-0.64099681,-1.53503621
26933,-0.64099681,-1.53503621
26934,-0.404615757,0.685753342
26935,-1.09406754,0.307364039
26936,-1.09406754,0.307364039
26937,-1.09406754,0.307364039
26938,,
26939,-0.383453173,0.232839972
26940,-0.383453173,0.232839972
26941,0.216143088,0.994383441
26942,-1.52704604,1.2278899
26943,-1.52704604,1.2278899
26944,-1.52704604,1.2278899
26945,,
26946,0.594174619,0.7806004
26947,0.594174619,0.7806004
26948,0.18249423,0.282333697
26949,0.0196514816,-0.858277376
26950,0.0196514816,-0.858277376
26951,0.0196514816,-0.858277376
26952,,
26953,-1.38911027,-0.0403572922
26954,-1.38911027,-0.0403572922
26955,-1.92380977,1.27328464
26956,-0.27636643,-1.4838957
26957,-0.27636643,-1.4838957
26958,-0.27636643,-1.4838957
26959,,
26960,-0.506557093,-0.186600622
26961,-0.506557093,-0.186600622
26962,-0.832282343,-0.626613974
26963,1.20756079,0.596078483
26964,1.20756079,0.596078483
26965,1.20756079,0.596078483
26966,,
26967,-0.941477793,-1.42210084
26968,-0.941477793,-1.42210084
26969,1.59989362,-0.637343328
26970,-2.87724083,0.202121712
26971,-2.87724083,0.202121712
26972,-2.87724083,0.202121712
26973,,
26974,1.54514054,0.630786184
26975,1.54514054,0.630786184
26976,-0.954571412,-0.176003766
26977,0.998610531,-2.08473945
26978,0.998610531,-2.08473945
26979,0.998610531,-2.08473945
26980,,
26981,0.685337911,-1.97539554
26982,0.685337911,-1.97539554
26983,-1.15827444,-0.750358763
26984,0.852060197,0.283093323
26985,0.852060197,0.283093323
26986,0.852060197,0.283093323
26987,,
26988,0.268620684,-2.37130945
26989,0.268620684,-2.37130945
26990,-0.0574101958,1.09654649
26991,0.201703937,-0.252183845
26992,0.201703937,-0.252183845
26993,0.201703937,-0.252183845
26994,,
26995,0.621091693,-0.503014105
26996,0.621091693,-0.503014105
26997,-0.923271105,0.812867151
26998,1.38366039,0.903510003
26999,1.38366039,0.903510003
27000,1.38366039,0.903510003
27001,,
27002,-0.801382221,0.845008655
27003,-0.801382221,0.845008655
27004,-0.596696492,1.88094248
27005,-0.0610230258,-0.0398831009
27006,-0.0610230258,-0.0398831009
27007,-0.0610230258,-0.0398831009
27008,,
27009,-1.40449591,1.05857732
27010,-1.40449591,1.05857732
27011,-1.27556306,1.05582788
27012,0.361311797,0.350936885
27013,0.361311797,0.350936885
27014,0.361311797,0.350936885
27015,,
27016,-0.272958808,0.486627676
27017,-0.272958808,0.486627676
27018,0.403772621,1.55922836
27019,1.01559443,0.0814122965
27020,1.01559443,0.0814122965
27021,1.01559443,0.0814122965
27022,,
27023,-0.613800272,0.283495689
27024,-0.613800272,0.283495689
27025,-0.953082399,0.646170195
27026,-0.978036686,-0.0818378898
27027,-0.978036686,-0.0818378898
27028,-0.978036686,-0.0818378898
27029,,
27030,-0.374667274,0.689149212
27031,-0.374667274,0.689149212
27032,-0.283962121,1.00162792
27033,0.876444618,0.0408344674
27034,0.876444618,0.0408344674
27035,0.876444618,0.0408344674
27036,,
27037,-0.694179078,-1.3175157
27038,-0.694179078,-1.3175157
27039,-0.0578685214,-1.42869015
27040,-1.30266402,-0.796170827
27041,-1.30266402,-0.796170827
27042,-1.30266402,-0.796170827
27043,,
27044,0.679638866,0.823475008
27045,0.679638866,0.823475008
27046,0.384791252,1.72779956
27047,1.37863586,0.799239024
27048,1.37863586,0.799239024
27049,1.37863586,0.799239024
27050,,
27051,1.13818831,0.89851589
27052,1.13818831,0.89851589
27053,0.680242923,1.86793922
27054,-0.802280188,-1.78424575
27055,-0.802280188,-1.78424575
27056,-0.802280188,-1.78424575
27057,,
27058,-0.996531694,1.18334121
27059,-0.996531694,1.18334121
27060,0.810611647,0.813033321
27061,1.84017675,1.62370938
27062,1.84017675,1.62370938
27063,1.84017675,1.62370938
27064,,
27065,0.606635387,-0.519941624
27066,0.606635387,-0.519941624
27067,0.916234861,-2.39007696
27068,-0.672417028,1.05676614
27069,-0.672417028,1.05676614
27070,-0.672417028,1.05676614
27071,,
27072,0.16019138,0.999998997
27073,0.16019138,0.999998997
27074,-0.1141437,1.19079605
27075,-0.717622654,0.704895815
27076,-0.717622654,0.704895815
27077,-0.717622654,0.704895815
27078,,
27079,1.37596767,2.86258482
27080,1.37596767,2.86258482
27081,0.541057135,0.220575137
27082,2.50977411,1.0213261
27083,2.50977411,1.0213261
27084,2.50977411,1.0213261
27085,,
27086,1.02139432,1.13476107
27087,1.02139432,1.13476107
27088,0.0586144758,0.874039595
27089,1.07952392,2.21312048
27090,1.07952392,2.21312048
27091,1.07952392,2.21312048
27092,,
27093,-0.184484442,-0.792510234
27094,-0.184484442,-0.792510234
27095,-1.48185711,1.14534105
27096,0.506949636,-0.966996999
27097,0.506949636,-0.966996999
27098,0.506949636,-0.966996999
27099,,
27100,0.84291787,-0.385286397
27101,0.84291787,-0.385286397
27102,1.41400516,0.316529673
27103,-0.104053145,1.5568227
27104,-0.104053145,1.5568227
27105,-0.104053145,1.5568227
27106,,
27107,-1.64927191,-2.12147864
27108,-1.64927191,-2.12147864
27109,0.923369027,-1.01252771
27110,0.443785316,0.121878894
27111,0.443785316,0.121878894
27112,0.443785316,0.121878894
27113,,
27114,-1.35627155,-0.684582654
27115,-1.35627155,-0.684582654
27116,1.26949268,0.0414698606
27117,0.691148284,2.26960974
27118,0.691148284,2.26960974
27119,0.691148284,2.26960974
27120,,
27121,-0.990683219,0
27122,-0.990683219,0
27123,-0.26313817,2.01062385
27124,2.40340238,-0.204034889
27125,2.40340238,-0.204034889
27126,2.40340238,-0.204034889
27127,,
27128,0.897271853,0.0196920819
27129,0.897271853,0.0196920819
27130,0.346349585,0.753502839
27131,-0.630748576,-1.68891885
27132,-0.630748576,-1.68891885
27133,-0.630748576,-1.68891885
27134,,
27135,2.28298628,-2.16301889
27136,2.28298628,-2.16301889
27137,-0.15150774,-0.121077808
27138,0.574031894,-0.437459316
27139,0.574031894,-0.437459316
27140,0.574031894,-0.437459316
27141,,
27142,0.161306579,0.603706164
27143,0.161306579,0.603706164
27144,0.144076387,0.563709566
27145,1.25932611,0.443322142
27146,1.25932611,0.443322142
27147,1.25932611,0.443322142
27148,,
27149,0.337823281,2.67707665
27150,0.337823281,2.67707665
27151,1.43673808,1.34320332
27152,1.25962409,0.883898638
27153,1.25962409,0.883898638
27154,1.25962409,0.883898638
27155,,
27156,0.336287944,-0.208645185
27157,0.336287944,-0.208645185
27158,1.49146051,0.764359531
27159,0.801105042,0.696860874
27160,0.801105042,0.696860874
27161,0.801105042,0.696860874
27162,,
27163,-1.14834036,-0.556566477
27164,-1.14834036,-0.556566477
27165,0.14269455,-0.0444499798
27166,-0.387424436,-0.328367654
27167,-0.387424436,-0.328367654
27168,-0.387424436,-0.328367654
27169,,
27170,1.6871945,-0.867222148
27171,1.6871945,-0.867222148
27172,-0.644755687,-0.22082229
27173,-2.36086101,-1.61190842
27174,-2.36086101,-1.61190842
27175,-2.36086101,-1.61190842
27176,,
27177,0.440561715,0.30990654
27178,0.440561715,0.30990654
27179,-0.703245068,3.00621764
27180,0.685354661,0.949003886
27181,0.685354661,0.949003886
27182,0.685354661,0.949003886
27183,,
27184,1.19238837,-0.222618188
27185,1.19238837,-0.222618188
27186,1.07276874,-1.14302182
27187,0.704110059,-0.924263951
27188,0.704110059,-0.924263951
27189,0.704110059,-0.924263951
27190,,
27191,0.777944186,1.09063567
27192,0.777944186,1.09063567
27193,1.7112324,-1.57158935
27194,1.40484872,-0.806719511
27195,1.40484872,-0.806719511
27196,1.40484872,-0.806719511
27197,,
27198,-0.837767237,-0.101118075
27199,-0.837767237,-0.101118075
27200,-1.10608476,0.92812851
27201,-0.138754026,-0.306989912
27202,-0.138754026,-0.306989912
27203,-0.138754026,-0.306989912
27204,,
27205,-1.59812444,1.78514017
27206,-1.59812444,1.78514017
27207,-0.555931731,-0.0140692106
27208,0.0817802555,-0.237964243
27209,0.0817802555,-0.237964243
27210,0.0817802555,-0.237964243
27211,,
27212,-1.57834341,0.461367869
27213,-1.57834341,0.461367869
27214,-1.46243707,0.647345712
27215,-0.0593540129,0.548218943
27216,-0.0593540129,0.548218943
27217,-0.0593540129,0.548218943
27218,,
27219,-0.489088765,-1.32255786
27220,-0.489088765,-1.32255786
27221,0.811889192,-1.91864354
27222,0.0812773951,-0.122043204
27223,0.0812773951,-0.122043204
27224,0.0812773951,-0.122043204
27225,,
27226,0.784849721,-0.104020858
27227,0.784849721,-0.104020858
27228,-0.720133212,-1.05768832
27229,0.181201181,0.381493136
27230,0.181201181,0.381493136
27231,0.181201181,0.381493136
27232,,
27233,-1.02823614,0.593787415
27234,-1.02823614,0.593787415
27235,-0.337805752,0.910518016
27236,-0.256512132,0.279887787
27237,-0.256512132,0.279887787
27238,-0.256512132,0.279887787
27239,,
27240,-0.457084552,-0.331273821
27241,-0.457084552,-0.331273821
27242,-0.798660423,1.92513252
27243,-1.78214998,-0.80093364
27244,-1.78214998,-0.80093364
27245,-1.78214998,-0.80093364
27246,,
27247,0,-1.17713097
27248,0,-1.17713097
27249,1.19237819,-2.40462083
27250,0.887105059,-0.863834933
27251,0.887105059,-0.863834933
27252,0.887105059,-0.863834933
27253,,
27254,-0.344439685,-0.661880937
27255,-0.344439685,-0.661880937
27256,1.95743886,-0.517817306
27257,-0.436726564,-0.76459634
27258,-0.436726564,-0.76459634
27259,-0.436726564,-0.76459634
27260,,
27261,-0.352910403,0.0844040632
27262,-0.352910403,0.0844040632
27263,-0.76845744,-0.596171377
27264,-1.30492281,0.893907687
27265,-1.30492281,0.893907687
27266,-1.30492281,0.893907687
27267,,
